sku_a,sku_b,score,sources,embedding_cosine
B0027001_S_EM202401JL-3RAcneSoap,B0027002_S_EM202401JL-3RAcneSoap,1.00000000,brand_unit;legacy_block;packfree_exact,
B0059001_S_SAV26NJ_6,H5292003_S_SAV57NJ5,,brand_unit;legacy_block,
B0059001_S_SAV26NJ_6,H6141001_S_A076-12B,0.98691280,brand_unit;legacy_block,
B0059001_S_SAV26NJ_6,H6141001_S_A401,0.66093162,brand_unit;legacy_block,
B0059001_S_SAV26NJ_6,H6141001_S_A404,0.72314130,brand_unit;legacy_block,
B0059001_S_SAV26NJ_6,H6141001_S_A405,0.81384963,brand_unit;legacy_block,
B0059001_S_SAV26NJ_6,H6141001_S_A406,0.56503458,brand_unit;legacy_block,
B0059001_S_SAV26NJ_6,H6141001_S_A407,0.72314130,brand_unit,
B0059001_S_SAV26NJ_6,H6141001_S_A408,0.73066531,brand_unit;legacy_block,
B0059001_S_SAV26NJ_6,H6141001_S_A409,,brand_unit;legacy_block,
B0059001_S_SAV26NJ_6,H6141001_S_A410,,brand_unit;legacy_block,
B0059001_S_SAV26NJ_6,H6141001_S_A463,0.98048927,brand_unit;legacy_block,
B0059001_S_SAV26NJ_6,H6173001_S_NAJEL-ARGAN,0.81915261,brand_unit;legacy_block,
B0059001_S_SAV26NJ_6,H6173001_S_NAJEL-BK-CUMIN,0.73019247,brand_unit;legacy_block,
B0059001_S_SAV26NJ_6,H6173001_S_NAJEL-CHARCOAL,0.89667665,brand_unit;legacy_block,
B0059001_S_SAV26NJ_6,H6173001_S_NAJEL-DEAD-SEA-MUD,0.88273363,brand_unit;legacy_block,
B0059001_S_SAV26NJ_6,H6173001_S_NAJEL-HONEY,0.87978482,brand_unit;legacy_block,
B0059001_S_SAV26NJ_6,H6173001_S_NAJEL-JASMINE,,brand_unit;legacy_block,
B0059001_S_SAV26NJ_6,H6173001_S_NAJEL-LEMON,,brand_unit;legacy_block,
B0059001_S_SAV26NJ_6,H6173001_S_NAJEL-ORG,,brand_unit;legacy_block,
B0059001_S_SAV26NJ_6,H6173001_S_NAJEL-RD-CLAY,0.81808877,brand_unit;legacy_block,
B0059001_S_SAV26NJ_6,H6173001_S_NAJEL-ROSE,,brand_unit;legacy_block,
B0059001_S_SAV26NJ_6,H6300002_S_BWNJL-10,0.40479863,brand_unit;legacy_block,
B0059001_S_SAV26NJ_6,H6300002_S_BWNJL-7,,brand_unit,
B0059001_S_SAV26NJ_6,H6300002_S_BWNJL-8,,brand_unit,
B0059001_S_SAV26NJ_6,H6300002_S_BWNJL-9,0.90748797,brand_unit,
B0059001_S_SAV26NJ_6,H7517001_S_NAJ0058,,brand_unit;legacy_block,
B0059001_S_SAV26NJ_6,H7517001_S_NAJ0959,0.74890288,brand_unit;legacy_block,
B0059001_S_SAV26NJ_6,H7517001_S_NAJ5114,,brand_unit;legacy_block,
B0059001_S_SAV26NJ_6,S2188001_S_NAJLalepSOAPsea100g3820N,0.46053969,brand_unit;legacy_block,
B0107004_S_LPTD-No-01069,B0107004_S_LPTD-No-01071,0.90670702,legacy_block,
B0107004_S_LPTD-No-01069,B0107004_S_LPTD-No-01072,0.89631705,legacy_block,
B0107004_S_LPTD-No-01069,B0122001_S_CP0002,0.02366912,legacy_block,
B0107004_S_LPTD-No-01069,S1061001_S_MON-030-158-0000,0.90897149,legacy_block,
B0107004_S_LPTD-No-01071,B0107004_S_LPTD-No-01072,0.94784475,legacy_block,
B0107004_S_LPTD-No-01071,B0122001_S_CP0002,0.01581515,legacy_block,
B0107004_S_LPTD-No-01071,S1061001_S_MON-030-158-0000,0.81810100,legacy_block,
B0107004_S_LPTD-No-01072,B0122001_S_CP0002,0.01389792,legacy_block,
B0107004_S_LPTD-No-01072,S1061001_S_MON-030-158-0000,0.86011373,legacy_block,
B0107004_S_LPTD-No-01073,H6974002_S_SA1782,0.33085878,legacy_block,
B0107004_S_LPTD-No-01073,H7343015_S_3PLHK230223JJQT05858RMN01,0.96096563,legacy_block,
B0107004_S_LPTD-No-01073,H8782002_S_8858891600715,0.07081970,legacy_block,
B0107004_S_LPTD-No-01388,B0446001_S_Ehome-0008,0.56682514,legacy_block,
B0107004_S_LPTD-No-01388,B0446001_S_Ehome-0009,0.56682514,legacy_block,
B0107004_S_LPTD-No-01388,B0446001_S_Ehome-0010,0.56682514,legacy_block,
B0107004_S_LPTD-No-01388,B0446001_S_Ehome-0011,0.56682514,legacy_block,
B0107004_S_LPTD-No-01388,B0446001_S_Ehome-0012,0.56682514,legacy_block,
B0107004_S_LPTD-No-01388,B0446001_S_Ehome-0158,0.56682514,legacy_block,
B0107004_S_LPTD-No-01388,B0939001_S_A1_0949,0.44814367,legacy_block,
B0107004_S_LPTD-No-01388,B1193001_S_H4147_TBD0605821001,0.98709008,legacy_block,
B0107004_S_LPTD-No-01388,B1260001_S_H4158_TBD0605821001,0.85233117,legacy_block,
B0107004_S_LPTD-No-01388,H7343002_S_HK231214JJQT10097RMN01,0.81321118,legacy_block,
B0107004_S_LPTD-No-01388,H7343002_S_HK260107JJQT15884RMN01,0.56682514,legacy_block,
B0107004_S_LPTD-No-01388,H7343003_S_HK230329JJQT06511RMN02,0.74075386,legacy_block,
B0107004_S_LPTD-No-01388,H7343003_S_HK231214JJQT10097RMN01,0.81321118,legacy_block,
B0107004_S_LPTD-No-01388,H7343003_S_HK260107JJQT15884RMN01,0.56682514,legacy_block,
B0107004_S_LPTD-No-01388,H7343013_S_HK230329JJQT06511RMN02,0.66043281,legacy_block,
B0107004_S_LPTD-No-01388,H7343013_S_HK231214JJQT10097RMN01,0.30939640,legacy_block,
B0107004_S_LPTD-No-01388,H7343013_S_HK260107JJQT15884RMN01,0.06717546,legacy_block,
B0107004_S_LPTD-No-01388,H7343015_S_HK230329JJQT06511RMN02,0.74075386,legacy_block,
B0107004_S_LPTD-No-01388,H7343015_S_HK231214JJQT10097RMN01,0.81321118,legacy_block,
B0107004_S_LPTD-No-01388,H7343015_S_HK260107JJQT15884RMN01,0.56682514,legacy_block,
B0107004_S_LPTD-No-01388,H8513001_S_Ehome-0008,0.56682514,legacy_block,
B0107004_S_LPTD-No-01388,H8513001_S_Ehome-0009,0.56682514,legacy_block,
B0107004_S_LPTD-No-01388,H8513001_S_Ehome-0010,0.56682514,legacy_block,
B0107004_S_LPTD-No-01388,H8513001_S_Ehome-0011,0.56682514,legacy_block,
B0107004_S_LPTD-No-01388,H8513001_S_Ehome-0012,0.56682514,legacy_block,
B0107004_S_LPTD-No-01388,H8513001_S_Ehome-0158,0.56682514,legacy_block,
B0107004_S_LPTD-No-01388,H8513003_S_Ehome-0008,0.56682514,legacy_block,
B0107004_S_LPTD-No-01388,H8513003_S_Ehome-0009,0.56682514,legacy_block,
B0107004_S_LPTD-No-01388,H8513003_S_Ehome-0010,0.56682514,legacy_block,
B0107004_S_LPTD-No-01388,H8513003_S_Ehome-0011,0.56682514,legacy_block,
B0107004_S_LPTD-No-01388,H8513003_S_Ehome-0012,0.56682514,legacy_block,
B0107004_S_LPTD-No-01388,H8513003_S_Ehome-0158,0.56682514,legacy_block,
B0107004_S_LPTD-No-01626,H9357001_S_4897025527393,0.36944785,legacy_block,
B0107004_S_LPTD-No-01749,B1193001_S_H4147_TBD0604665503,0.00152179,legacy_block,
B0107004_S_LPTD-No-01749,B1260001_S_H4158_TBD0604665503,0.00149464,legacy_block,
B0107004_S_LPTD-No-01749,C0178001_S_XZZ01,0.03233300,legacy_block,
B0107004_S_LPTD-No-01749,C0185001_S_5819649424364_H,0.00166207,legacy_block,
B0107004_S_LPTD-No-01749,C0185001_S_5876183696240_H,0.08769241,legacy_block,
B0107004_S_LPTD-No-01749,C0185001_S_5876585208844_H,0.00283194,legacy_block,
B0107004_S_LPTD-No-01749,C0185001_S_5877738757083_H,0.00244718,legacy_block,
B0107004_S_LPTD-No-01749,C0185001_S_944295097981_H,0.00703603,legacy_block,
B0107004_S_LPTD-No-01749,C0631001_S_12414451169,0.00283194,legacy_block,
B0107004_S_LPTD-No-01749,C0631001_S_12414451577,,legacy_block,
B0107004_S_LPTD-No-01749,C0631001_S_12414452074,0.00283194,legacy_block,
B0107004_S_LPTD-No-01749,C0631001_S_12414453935,,legacy_block,
B0107004_S_LPTD-No-01749,C0748001_S_6102613952149_H,0.00431970,legacy_block,
B0107004_S_LPTD-No-01749,C0748001_S_6103392109070_H,0.02926876,legacy_block,
B0107004_S_LPTD-No-01749,C0748001_S_6103392277824_H,0.01512216,legacy_block,
B0107004_S_LPTD-No-01749,C0748001_S_6267514542397_H,0.00954812,legacy_block,
B0107004_S_LPTD-No-01749,C0748001_S_6267845435401_H,0.02263976,legacy_block,
B0107004_S_LPTD-No-01749,H6706001_S_cs169985,0.01336442,legacy_block,
B0107004_S_LPTD-No-01749,H7343002_S_HK230502JJQT07214RMN05,0.00118655,legacy_block,
B0107004_S_LPTD-No-01749,H7343003_S_HK230502JJQT07214RMN05,0.00118655,legacy_block,
B0107004_S_LPTD-No-01749,H7343013_S_HK230502JJQT07214RMN05,0.00118655,legacy_block,
B0107004_S_LPTD-No-01749,H7343015_S_HK230502JJQT07214RMN05,0.00118655,legacy_block,
B0107004_S_LPTD-No-01749,H7420001_S_MASKHOME-485,0.00242601,legacy_block,
B0107004_S_LPTD-No-01749,S1061001_S_MON-748-027-0000,0.00940956,legacy_block,
B0122001_S_CP0002,S1061001_S_MON-030-158-0000,0.07162869,legacy_block,
B0148001_S_GA3614273737081,H9250001_S_A3614273737081,0.95330853,brand_unit;legacy_block,
B0148001_S_GA3614273737081,S2723001_S_A23910,0.76484984,brand_unit;legacy_block,
B0148001_S_jo111570,B0148002_S_jo111570,1.00000000,brand_unit;legacy_block;packfree_exact,
B0153002_S_4103040000422,H7915001_S_4103040000422,1.00000000,brand_unit;exact_ean;legacy_block,
B0153002_S_4103040000422,H8765001_S_25309,1.00000000,brand_unit;exact_ean;legacy_block,
B0172001_S_OnTBDSoap-Coconut-01,B0172001_S_OnTBDSoap-Lavender-01,,brand_unit;legacy_block,
B0172001_S_OnTBDSoap-Coconut-01,B0172001_S_OnTBDSoap-Lemon-01,,brand_unit;legacy_block,
B0172001_S_OnTBDSoap-Coconut-01,B0172001_S_OnTBDSoap-OliveO-01,0.02097693,brand_unit;legacy_block,
B0172001_S_OnTBDSoap-Lavender-01,B0172001_S_OnTBDSoap-Lemon-01,,brand_unit;legacy_block,
B0172001_S_OnTBDSoap-Lavender-01,B0172001_S_OnTBDSoap-OliveO-01,,brand_unit;legacy_block,
B0172001_S_OnTBDSoap-Lemon-01,B0172001_S_OnTBDSoap-OliveO-01,,brand_unit;legacy_block,
B0197001_S_A0065,B0197001_S_A0066,0.55491521,brand_unit;legacy_block,
B0197001_S_A0065,B0197001_S_A0067,,brand_unit;legacy_block,
B0197001_S_A0065,H7138001_S_Y350100067,0.00076622,brand_unit,
B0197001_S_A0065,H7138001_S_Y350100227,,brand_unit;legacy_block,
B0197001_S_A0065,H7138001_S_Y35010074,0.90538046,brand_unit;legacy_block,
B0197001_S_A0065,H7138001_S_Y35016021-2,0.09524179,brand_unit;legacy_block,
B0197001_S_A0065,H8867001_S_lzn0003,0.54181835,brand_unit;legacy_block,
B0197001_S_A0065,H8999001_S_LZ_soap_4710942103153,0.01297040,brand_unit,
B0197001_S_A0065,H8999001_S_LZ_soap_4710942103160,0.16394218,brand_unit,
B0197001_S_A0065,H8999001_S_LZ_soap_4710942103184,0.00086061,brand_unit,
B0197001_S_A0065,H8999001_S_LZ_soap_4710942103191,0.00086061,brand_unit,
B0197001_S_A0066,B0197001_S_A0067,0.97641325,brand_unit;legacy_block,
B0197001_S_A0066,H7138001_S_Y350100067,0.00767953,brand_unit,
B0197001_S_A0066,H7138001_S_Y350100227,0.01911843,brand_unit;legacy_block,
B0197001_S_A0066,H7138001_S_Y35010074,0.01787864,brand_unit;legacy_block,
B0197001_S_A0066,H7138001_S_Y35016021-2,0.09116909,brand_unit;legacy_block,
B0197001_S_A0066,H8867001_S_lzn0003,0.02299150,brand_unit;legacy_block,
B0197001_S_A0066,H8999001_S_LZ_soap_4710942103153,0.04219564,brand_unit,
B0197001_S_A0066,H8999001_S_LZ_soap_4710942103160,0.00086061,brand_unit,
B0197001_S_A0066,H8999001_S_LZ_soap_4710942103184,0.00086061,brand_unit,
B0197001_S_A0066,H8999001_S_LZ_soap_4710942103191,0.00086061,brand_unit,
B0197001_S_A0067,H7138001_S_Y350100067,0.00078247,brand_unit,
B0197001_S_A0067,H7138001_S_Y350100227,0.91267777,brand_unit;legacy_block,
B0197001_S_A0067,H7138001_S_Y35010074,,brand_unit;legacy_block,
B0197001_S_A0067,H7138001_S_Y35016021-2,,brand_unit;legacy_block,
B0197001_S_A0067,H8867001_S_lzn0003,,brand_unit;legacy_block,
B0197001_S_A0067,H8999001_S_LZ_soap_4710942103153,0.01324202,brand_unit,
B0197001_S_A0067,H8999001_S_LZ_soap_4710942103160,,brand_unit,
B0197001_S_A0067,H8999001_S_LZ_soap_4710942103184,0.00086061,brand_unit,
B0197001_S_A0067,H8999001_S_LZ_soap_4710942103191,,brand_unit,
B0216001_S_4891080100034,H9357001_S_4891080100034,,exact_ean,
B0216001_S_4892659051573,B0631001_S_4982659051573,0.99921548,brand_unit,
B0216001_S_4892659051573,H9357001_S_4892659051573,1.00000000,brand_unit;exact_ean;legacy_block;packfree_exact,
B0216001_S_4892659051573,H9564001_S_EP06PS100,1.00000000,exact_ean;legacy_block;packfree_exact,
B0216001_S_4895097007027,H9357001_S_4895097007027,1.00000000,brand_unit;exact_ean;legacy_block;packfree_exact,
B0216001_S_6297000323060,H8424001_S_6297000323060,,exact_ean,
B0216001_S_6297000323060,H9357001_S_6297000323060,1.00000000,brand_unit;exact_ean;legacy_block;packfree_exact,
B0216001_S_6297000323060,S2802001_S_CussonsBathSoap,0.01250524,brand_unit,
B0216001_S_6901404601258,H6706001_S_cs169963,0.13184175,brand_unit,
B0216001_S_6901404601258,H6706001_S_cs169964,0.13184175,brand_unit,
B0216001_S_6901404601258,H6706001_S_cs169965,0.70841564,brand_unit,
B0216001_S_6901404601258,H9299001_S_6901404341253_3pcs,0.01061686,legacy_block,
B0216001_S_6901404601258,H9299001_S_6901404712534,0.00692081,brand_unit;legacy_block,
B0216001_S_6901404601258,H9299001_S_6901404812548,0.01322484,brand_unit;legacy_block,
B0216001_S_6901404601258,H9299001_S_6901404912514,1.00000000,brand_unit;exact_ean;legacy_block,
B0216001_S_6901404601258,H9357001_S_6901404601258,1.00000000,brand_unit;exact_ean;legacy_block;packfree_exact,
B0216001_S_8720182256362-1,B1149001_S_8720182256362,1.00000000,brand_unit;exact_ean;legacy_block,
B0216001_S_8720182256362-1,C0082001_S_1044638142101_H,0.12286440,brand_unit,
B0216001_S_8720182256362-1,H5528001_S_DOV256362,0.99196276,brand_unit,
B0216001_S_8720182256362-1,H5528001_S_DOV256362A,0.99196276,brand_unit,
B0216001_S_8720182256362-1,H5528001_S_DOV256362B,0.99196276,brand_unit,
B0216001_S_8720182256362-1,H6401001_S_dovesoap,0.99922278,brand_unit,
B0216001_S_8720182256362-1,H6729001_S_D0522,0.01528606,brand_unit,
B0216001_S_8720182256362-1,H8728001_S_8720182256362,1.00000000,brand_unit;exact_ean;legacy_block,
B0216001_S_8720182256362-1,H9357001_S_8718114047249,1.00000000,brand_unit;exact_ean,
B0216001_S_8720182256362-1,H9357001_S_8720182256362-1,1.00000000,brand_unit;exact_ean;legacy_block;packfree_exact,
B0216001_S_8720182256362-1,H9564001_S_DO06CB06,1.00000000,brand_unit;exact_ean;legacy_block,
B0216001_S_8720182256362-1,S2090001_S_4NO5C,,brand_unit,
B0216001_S_8720182256362-1,S2552001_S_10091DOV_BAR_SOA_MD,0.99358235,brand_unit,
B0216001_S_8720182256362-1,S2552002_S_10091_HHL,0.99358235,brand_unit,
B0216001_S_8720182256362-1,S6136001_S_4NO5C,,brand_unit,
B0216001_S_9556155017017,H8424001_S_9556155017017,1.00000000,exact_ean;legacy_block,
B0216001_S_9556155017017,H9340001_S_65610,0.97704489,brand_unit,
B0216001_S_9556155017017,H9357001_S_9556155017017,1.00000000,brand_unit;exact_ean;legacy_block;packfree_exact,
B0216001_S_9556155017017,H9564001_S_KA05KS03,1.00000000,brand_unit;exact_ean;legacy_block,
B0216001_S_9556155017017,S6136001_S_4NO5D,0.43982248,brand_unit,
B0264001_S_8997206264256,B0264001_S_8997206264683,0.05050689,brand_unit;legacy_block,
B0264001_S_8997206264256,B0264001_S_8997206264706,0.04250928,brand_unit;legacy_block,
B0264001_S_8997206264256,B0264001_S_8997206265147,,brand_unit;legacy_block,
B0264001_S_8997206264256,B0264001_S_8997206265154-50x2,0.00787745,brand_unit,
B0264001_S_8997206264256,B0264001_S_8997206265178x2,,brand_unit,
B0264001_S_8997206264256,B0264001_S_8997206265192x2,0.13508529,brand_unit,
B0264001_S_8997206264256,B0264001_S_8997206265208-50x2,0.06365872,brand_unit,
B0264001_S_8997206264256,B0264001_S_8997206265215-50x2,0.00787745,brand_unit,
B0264001_S_8997206264256,B0264001_S_8997206265260-50x2,,brand_unit,
B0264001_S_8997206264256,B0264001_S_8997206265307,,brand_unit;legacy_block,
B0264001_S_8997206264256,B0264001_S_8997206265321,0.00787745,brand_unit;legacy_block,
B0264001_S_8997206264294,B0264001_S_8997206264300,1.00000000,brand_unit;packfree_exact,
B0264001_S_8997206264683,B0264001_S_8997206264706,0.18297228,brand_unit;legacy_block,
B0264001_S_8997206264683,B0264001_S_8997206265147,0.03858926,brand_unit;legacy_block,
B0264001_S_8997206264683,B0264001_S_8997206265154-50x2,0.03709564,brand_unit,
B0264001_S_8997206264683,B0264001_S_8997206265178x2,0.05246928,brand_unit,
B0264001_S_8997206264683,B0264001_S_8997206265192x2,0.23841552,brand_unit,
B0264001_S_8997206264683,B0264001_S_8997206265208-50x2,0.09990388,brand_unit,
B0264001_S_8997206264683,B0264001_S_8997206265215-50x2,0.07168323,brand_unit,
B0264001_S_8997206264683,B0264001_S_8997206265260-50x2,0.06365872,brand_unit,
B0264001_S_8997206264683,B0264001_S_8997206265307,0.05246928,brand_unit;legacy_block,
B0264001_S_8997206264683,B0264001_S_8997206265321,0.00890078,brand_unit;legacy_block,
B0264001_S_8997206264706,B0264001_S_8997206265147,0.06035676,brand_unit;legacy_block,
B0264001_S_8997206264706,B0264001_S_8997206265154-50x2,0.00890078,brand_unit,
B0264001_S_8997206264706,B0264001_S_8997206265178x2,0.06365872,brand_unit,
B0264001_S_8997206264706,B0264001_S_8997206265192x2,0.84742259,brand_unit,
B0264001_S_8997206264706,B0264001_S_8997206265208-50x2,0.09990388,brand_unit,
B0264001_S_8997206264706,B0264001_S_8997206265215-50x2,0.01768254,brand_unit,
B0264001_S_8997206264706,B0264001_S_8997206265260-50x2,0.06035676,brand_unit,
B0264001_S_8997206264706,B0264001_S_8997206265307,0.03600965,brand_unit;legacy_block,
B0264001_S_8997206264706,B0264001_S_8997206265321,0.00787745,brand_unit;legacy_block,
B0264001_S_8997206265147,B0264001_S_8997206265154-50x2,,brand_unit,
B0264001_S_8997206265147,B0264001_S_8997206265178x2,0.01218865,brand_unit,
B0264001_S_8997206265147,B0264001_S_8997206265192x2,0.01382991,brand_unit,
B0264001_S_8997206265147,B0264001_S_8997206265208-50x2,0.00821611,brand_unit,
B0264001_S_8997206265147,B0264001_S_8997206265215-50x2,0.01824191,brand_unit,
B0264001_S_8997206265147,B0264001_S_8997206265260-50x2,,brand_unit,
B0264001_S_8997206265147,B0264001_S_8997206265307,,brand_unit;legacy_block,
B0264001_S_8997206265147,B0264001_S_8997206265321,,brand_unit;legacy_block,
B0264001_S_8997206265154-50x2,B0264001_S_8997206265178x2,0.01824191,brand_unit;legacy_block,
B0264001_S_8997206265154-50x2,B0264001_S_8997206265192x2,0.01240704,brand_unit;legacy_block,
B0264001_S_8997206265154-50x2,B0264001_S_8997206265208-50x2,0.01404904,brand_unit;legacy_block,
B0264001_S_8997206265154-50x2,B0264001_S_8997206265215-50x2,0.03075253,brand_unit;legacy_block,
B0264001_S_8997206265154-50x2,B0264001_S_8997206265260-50x2,0.01824191,brand_unit;legacy_block,
B0264001_S_8997206265154-50x2,B0264001_S_8997206265307,,brand_unit,
B0264001_S_8997206265154-50x2,B0264001_S_8997206265321,,brand_unit,
B0264001_S_8997206265178x2,B0264001_S_8997206265192x2,0.00466670,brand_unit;legacy_block,
B0264001_S_8997206265178x2,B0264001_S_8997206265208-50x2,0.00821611,brand_unit;legacy_block,
B0264001_S_8997206265178x2,B0264001_S_8997206265215-50x2,0.01824191,brand_unit;legacy_block,
B0264001_S_8997206265178x2,B0264001_S_8997206265260-50x2,,brand_unit;legacy_block,
B0264001_S_8997206265178x2,B0264001_S_8997206265307,0.01218865,brand_unit,
B0264001_S_8997206265178x2,B0264001_S_8997206265321,0.01824191,brand_unit,
B0264001_S_8997206265192x2,B0264001_S_8997206265208-50x2,0.03686656,brand_unit;legacy_block,
B0264001_S_8997206265192x2,B0264001_S_8997206265215-50x2,0.00956816,brand_unit;legacy_block,
B0264001_S_8997206265192x2,B0264001_S_8997206265260-50x2,0.00466670,brand_unit;legacy_block,
B0264001_S_8997206265192x2,B0264001_S_8997206265307,0.01382991,brand_unit,
B0264001_S_8997206265192x2,B0264001_S_8997206265321,0.01240704,brand_unit,
B0264001_S_8997206265208-50x2,B0264001_S_8997206265215-50x2,0.03093161,brand_unit;legacy_block,
B0264001_S_8997206265208-50x2,B0264001_S_8997206265260-50x2,0.01218865,brand_unit;legacy_block,
B0264001_S_8997206265208-50x2,B0264001_S_8997206265307,0.00821611,brand_unit,
B0264001_S_8997206265208-50x2,B0264001_S_8997206265321,0.01404904,brand_unit,
B0264001_S_8997206265215-50x2,B0264001_S_8997206265260-50x2,0.01824191,brand_unit;legacy_block,
B0264001_S_8997206265215-50x2,B0264001_S_8997206265307,0.01824191,brand_unit,
B0264001_S_8997206265215-50x2,B0264001_S_8997206265321,0.03075253,brand_unit,
B0264001_S_8997206265260-50x2,B0264001_S_8997206265307,,brand_unit,
B0264001_S_8997206265260-50x2,B0264001_S_8997206265321,,brand_unit,
B0264001_S_8997206265307,B0264001_S_8997206265321,,brand_unit;legacy_block,
B0264001_S_8997206265345,B0264001_S_8997206265352-100x2,,brand_unit,
B0264001_S_8997206265345,B0264001_S_8997206265369x2,,brand_unit,
B0264001_S_8997206265345,B0264001_S_8997206265437,0.00723587,brand_unit;legacy_block,
B0264001_S_8997206265345,B0264001_S_8997206265444,0.00718058,brand_unit;legacy_block,
B0264001_S_8997206265345,B0264001_S_8997206265451,0.00723587,brand_unit;legacy_block,
B0264001_S_8997206265345,B0264001_S_8997206265475,,brand_unit;legacy_block,
B0264001_S_8997206265345,B0264001_S_8997206265482,0.00723587,brand_unit;legacy_block,
B0264001_S_8997206265345,B0264001_S_8997206265499,0.00575158,brand_unit;legacy_block,
B0264001_S_8997206265345,B0264001_S_8997206265505,,brand_unit;legacy_block,
B0264001_S_8997206265345,B0264001_S_8997206265512,,brand_unit;legacy_block,
B0264001_S_8997206265345,B0264001_S_8997206265529,,brand_unit;legacy_block,
B0264001_S_8997206265345,B0264001_S_8997206265536,0.00858336,brand_unit;legacy_block,
B0264001_S_8997206265345,B0264001_S_8997206266427,0.02555708,brand_unit;legacy_block,
B0264001_S_8997206265352-100x2,B0264001_S_8997206265369x2,0.29626844,brand_unit;legacy_block,
B0264001_S_8997206265352-100x2,B0264001_S_8997206265437,0.01517678,brand_unit,
B0264001_S_8997206265352-100x2,B0264001_S_8997206265444,0.01637351,brand_unit,
B0264001_S_8997206265352-100x2,B0264001_S_8997206265451,0.01517678,brand_unit,
B0264001_S_8997206265352-100x2,B0264001_S_8997206265475,0.03996286,brand_unit,
B0264001_S_8997206265352-100x2,B0264001_S_8997206265482,0.01517678,brand_unit,
B0264001_S_8997206265352-100x2,B0264001_S_8997206265499,0.01517678,brand_unit,
B0264001_S_8997206265352-100x2,B0264001_S_8997206265505,,brand_unit,
B0264001_S_8997206265352-100x2,B0264001_S_8997206265512,0.03996286,brand_unit,
B0264001_S_8997206265352-100x2,B0264001_S_8997206265529,,brand_unit,
B0264001_S_8997206265352-100x2,B0264001_S_8997206265536,0.01517678,brand_unit,
B0264001_S_8997206265352-100x2,B0264001_S_8997206266427,0.32121172,brand_unit,
B0264001_S_8997206265369x2,B0264001_S_8997206265437,0.02525376,brand_unit,
B0264001_S_8997206265369x2,B0264001_S_8997206265444,0.01824298,brand_unit,
B0264001_S_8997206265369x2,B0264001_S_8997206265451,0.02525376,brand_unit,
B0264001_S_8997206265369x2,B0264001_S_8997206265475,0.02525376,brand_unit,
B0264001_S_8997206265369x2,B0264001_S_8997206265482,0.02525376,brand_unit,
B0264001_S_8997206265369x2,B0264001_S_8997206265499,0.02525376,brand_unit,
B0264001_S_8997206265369x2,B0264001_S_8997206265505,,brand_unit,
B0264001_S_8997206265369x2,B0264001_S_8997206265512,,brand_unit,
B0264001_S_8997206265369x2,B0264001_S_8997206265529,0.02525376,brand_unit,
B0264001_S_8997206265369x2,B0264001_S_8997206265536,0.02525376,brand_unit,
B0264001_S_8997206265369x2,B0264001_S_8997206266427,,brand_unit,
B0264001_S_8997206265437,B0264001_S_8997206265444,0.06392040,brand_unit;legacy_block,
B0264001_S_8997206265437,B0264001_S_8997206265451,,brand_unit;legacy_block,
B0264001_S_8997206265437,B0264001_S_8997206265475,0.04001047,brand_unit;legacy_block,
B0264001_S_8997206265437,B0264001_S_8997206265482,,brand_unit;legacy_block,
B0264001_S_8997206265437,B0264001_S_8997206265499,0.01246112,brand_unit;legacy_block,
B0264001_S_8997206265437,B0264001_S_8997206265505,0.00723587,brand_unit;legacy_block,
B0264001_S_8997206265437,B0264001_S_8997206265512,,brand_unit;legacy_block,
B0264001_S_8997206265437,B0264001_S_8997206265529,,brand_unit;legacy_block,
B0264001_S_8997206265437,B0264001_S_8997206265536,0.01246112,brand_unit;legacy_block,
B0264001_S_8997206265437,B0264001_S_8997206266427,0.02074801,brand_unit;legacy_block,
B0264001_S_8997206265444,B0264001_S_8997206265451,0.00610761,brand_unit;legacy_block,
B0264001_S_8997206265444,B0264001_S_8997206265475,0.06392040,brand_unit;legacy_block,
B0264001_S_8997206265444,B0264001_S_8997206265482,0.00952897,brand_unit;legacy_block,
B0264001_S_8997206265444,B0264001_S_8997206265499,0.02564932,brand_unit;legacy_block,
B0264001_S_8997206265444,B0264001_S_8997206265505,0.00718058,brand_unit;legacy_block,
B0264001_S_8997206265444,B0264001_S_8997206265512,0.00610761,brand_unit;legacy_block,
B0264001_S_8997206265444,B0264001_S_8997206265529,0.06392040,brand_unit;legacy_block,
B0264001_S_8997206265444,B0264001_S_8997206265536,0.02564932,brand_unit;legacy_block,
B0264001_S_8997206265444,B0264001_S_8997206266427,0.02432857,brand_unit;legacy_block,
B0264001_S_8997206265451,B0264001_S_8997206265475,0.01246112,brand_unit;legacy_block,
B0264001_S_8997206265451,B0264001_S_8997206265482,,brand_unit;legacy_block,
B0264001_S_8997206265451,B0264001_S_8997206265499,0.01246112,brand_unit;legacy_block,
B0264001_S_8997206265451,B0264001_S_8997206265505,0.00723587,brand_unit;legacy_block,
B0264001_S_8997206265451,B0264001_S_8997206265512,,brand_unit;legacy_block,
B0264001_S_8997206265451,B0264001_S_8997206265529,0.01246112,brand_unit;legacy_block,
B0264001_S_8997206265451,B0264001_S_8997206265536,0.01246112,brand_unit;legacy_block,
B0264001_S_8997206265451,B0264001_S_8997206266427,0.02034848,brand_unit;legacy_block,
B0264001_S_8997206265475,B0264001_S_8997206265482,0.01246112,brand_unit;legacy_block,
B0264001_S_8997206265475,B0264001_S_8997206265499,0.01246112,brand_unit;legacy_block,
B0264001_S_8997206265475,B0264001_S_8997206265505,,brand_unit;legacy_block,
B0264001_S_8997206265475,B0264001_S_8997206265512,,brand_unit;legacy_block,
B0264001_S_8997206265475,B0264001_S_8997206265529,,brand_unit;legacy_block,
B0264001_S_8997206265475,B0264001_S_8997206265536,0.01246112,brand_unit;legacy_block,
B0264001_S_8997206265475,B0264001_S_8997206266427,0.02074801,brand_unit;legacy_block,
B0264001_S_8997206265482,B0264001_S_8997206265499,0.00965897,brand_unit;legacy_block,
B0264001_S_8997206265482,B0264001_S_8997206265505,0.00646509,brand_unit;legacy_block,
B0264001_S_8997206265482,B0264001_S_8997206265512,0.00906143,brand_unit;legacy_block,
B0264001_S_8997206265482,B0264001_S_8997206265529,0.01246112,brand_unit;legacy_block,
B0264001_S_8997206265482,B0264001_S_8997206265536,0.01246112,brand_unit;legacy_block,
B0264001_S_8997206265482,B0264001_S_8997206266427,0.02074801,brand_unit;legacy_block,
B0264001_S_8997206265499,B0264001_S_8997206265505,0.00650196,brand_unit;legacy_block,
B0264001_S_8997206265499,B0264001_S_8997206265512,0.00962152,brand_unit;legacy_block,
B0264001_S_8997206265499,B0264001_S_8997206265529,0.01246112,brand_unit;legacy_block,
B0264001_S_8997206265499,B0264001_S_8997206265536,0.03129229,brand_unit;legacy_block,
B0264001_S_8997206265499,B0264001_S_8997206266427,0.02074801,brand_unit;legacy_block,
B0264001_S_8997206265505,B0264001_S_8997206265512,,brand_unit;legacy_block,
B0264001_S_8997206265505,B0264001_S_8997206265529,,brand_unit;legacy_block,
B0264001_S_8997206265505,B0264001_S_8997206265536,0.00575158,brand_unit;legacy_block,
B0264001_S_8997206265505,B0264001_S_8997206266427,0.02555708,brand_unit;legacy_block,
B0264001_S_8997206265512,B0264001_S_8997206265529,,brand_unit;legacy_block,
B0264001_S_8997206265512,B0264001_S_8997206265536,0.01246112,brand_unit;legacy_block,
B0264001_S_8997206265512,B0264001_S_8997206266427,0.02074801,brand_unit;legacy_block,
B0264001_S_8997206265529,B0264001_S_8997206265536,0.01246112,brand_unit;legacy_block,
B0264001_S_8997206265529,B0264001_S_8997206266427,0.02074801,brand_unit;legacy_block,
B0264001_S_8997206265536,B0264001_S_8997206266427,0.02074801,brand_unit;legacy_block,
B0271001_S_MN3255,B0271001_S_MN3260,,brand_unit;legacy_block,
B0271001_S_MN3255,B0271001_S_MN3264,0.04012989,brand_unit;legacy_block,
B0271001_S_MN3255,B0271001_S_MN3271,0.04558405,brand_unit;legacy_block,
B0271001_S_MN3260,B0271001_S_MN3264,0.04717544,brand_unit;legacy_block,
B0271001_S_MN3260,B0271001_S_MN3271,0.06049903,brand_unit;legacy_block,
B0271001_S_MN3264,B0271001_S_MN3271,0.18224716,brand_unit;legacy_block,
B0364001_S_4796034991785,B0364001_S_4796034991792,,brand_unit;legacy_block,
B0364001_S_4796034991785,B0364001_S_4796034991808,0.06635842,brand_unit;legacy_block,
B0364001_S_4796034991792,B0364001_S_4796034991808,0.22392390,brand_unit;legacy_block,
B0364001_S_PSN3631,H6401001_S_dettolsoap,0.73412772,brand_unit,
B0364001_S_PSN3631,H6729001_S_D0457,0.09570406,brand_unit,
B0364001_S_PSN3631,H6729001_S_D0460A,0.00139653,brand_unit,
B0364001_S_PSN3631,H6729001_S_D0462,,brand_unit,
B0364001_S_PSN3631,H6729001_S_D0463,0.00139653,brand_unit,
B0364001_S_PSN3631,H8728001_S_8993560024987,0.44464565,brand_unit,
B0364001_S_PSN3631,H9564001_S_DE05BS04G,0.74440277,brand_unit,
B0364001_S_PSN3631,S2090001_S_4NO5B1,,brand_unit,
B0364001_S_PSN3631,S6136001_S_4NO5B1,,brand_unit,
B0412001_S_0803629016076,H9357001_S_4897025527393,0.35641512,legacy_block,
B0412001_S_0803629016076,H9564001_S_YH05SS100,0.92444107,legacy_block,
B0412001_S_0803629016076,S1061001_S_MON-624-581-0000,0.29968253,legacy_block,
B0412001_S_8901399022012,C0748001_S_6102613952149_H,0.01061240,legacy_block,
B0412001_S_8901399022012,C0748001_S_6103392109070_H,0.00591921,legacy_block,
B0412001_S_8901399022012,C0748001_S_6103392277824_H,0.00458595,legacy_block,
B0412001_S_8901399022012,C0748001_S_6267514542397_H,0.00816399,legacy_block,
B0412001_S_8901399022012,C0748001_S_6267845435401_H,0.00816399,legacy_block,
B0412001_S_8901399022012,H6706001_S_cs169985,,legacy_block,
B0412001_S_8901399022012,S1061001_S_MON-748-027-0000,0.01880790,legacy_block,
B0412001_S_8904018300249,B0412001_S_8904018308399,0.09224406,brand_unit;legacy_block,
B0412001_S_8904018300249,H7285001_S_AS-113,0.01232440,brand_unit,
B0412001_S_8904018300249,H7285001_S_M002,0.09018932,brand_unit,
B0412001_S_8904018300249,H7285001_S_M035,0.01820553,brand_unit,
B0412001_S_8904018300249,H8116001_S_TW22-MED-001,0.97860563,brand_unit,
B0412001_S_8904018300249,H8116001_S_TW22-MED-002,0.89422180,brand_unit,
B0412001_S_8904018300249,H8116001_S_TW22-MED-003,0.92136827,brand_unit,
B0412001_S_8904018300249,H8116001_S_TW22-MED-004,0.89006949,brand_unit,
B0412001_S_8904018308399,H7285001_S_AS-113,0.00520589,brand_unit,
B0412001_S_8904018308399,H7285001_S_M002,0.02198835,brand_unit,
B0412001_S_8904018308399,H7285001_S_M035,0.86690805,brand_unit,
B0412001_S_8904018308399,H8116001_S_TW22-MED-001,0.14263513,brand_unit,
B0412001_S_8904018308399,H8116001_S_TW22-MED-002,0.14263513,brand_unit,
B0412001_S_8904018308399,H8116001_S_TW22-MED-003,0.08759060,brand_unit,
B0412001_S_8904018308399,H8116001_S_TW22-MED-004,0.10674736,brand_unit,
B0423001_S_beroia_40baylaureloil,B0423001_S_beroia_olivesoap,0.37912235,brand_unit,
B0446001_S_Ehome-0008,B0446001_S_Ehome-0009,,legacy_block,
B0446001_S_Ehome-0008,B0446001_S_Ehome-0010,,legacy_block,
B0446001_S_Ehome-0008,B0446001_S_Ehome-0011,,legacy_block,
B0446001_S_Ehome-0008,B0446001_S_Ehome-0012,,legacy_block,
B0446001_S_Ehome-0008,B0446001_S_Ehome-0158,,legacy_block,
B0446001_S_Ehome-0008,B0939001_S_A1_0949,,legacy_block,
B0446001_S_Ehome-0008,B1193001_S_H4147_TBD0605821001,0.93813821,legacy_block,
B0446001_S_Ehome-0008,B1260001_S_H4158_TBD0605821001,0.82181844,legacy_block,
B0446001_S_Ehome-0008,H7343002_S_HK231214JJQT10097RMN01,,legacy_block,
B0446001_S_Ehome-0008,H7343002_S_HK260107JJQT15884RMN01,1.00000000,legacy_block;packfree_exact,
B0446001_S_Ehome-0008,H7343003_S_HK230329JJQT06511RMN02,,legacy_block,
B0446001_S_Ehome-0008,H7343003_S_HK231214JJQT10097RMN01,,legacy_block,
B0446001_S_Ehome-0008,H7343003_S_HK260107JJQT15884RMN01,1.00000000,legacy_block;packfree_exact,
B0446001_S_Ehome-0008,H7343013_S_HK230329JJQT06511RMN02,,legacy_block,
B0446001_S_Ehome-0008,H7343013_S_HK231214JJQT10097RMN01,,legacy_block,
B0446001_S_Ehome-0008,H7343013_S_HK260107JJQT15884RMN01,0.83934906,legacy_block,
B0446001_S_Ehome-0008,H7343015_S_HK230329JJQT06511RMN02,,legacy_block,
B0446001_S_Ehome-0008,H7343015_S_HK231214JJQT10097RMN01,,legacy_block,
B0446001_S_Ehome-0008,H7343015_S_HK260107JJQT15884RMN01,1.00000000,legacy_block;packfree_exact,
B0446001_S_Ehome-0008,H8513001_S_Ehome-0008,1.00000000,legacy_block;packfree_exact,
B0446001_S_Ehome-0008,H8513001_S_Ehome-0009,,legacy_block,
B0446001_S_Ehome-0008,H8513001_S_Ehome-0010,,legacy_block,
B0446001_S_Ehome-0008,H8513001_S_Ehome-0011,,legacy_block,
B0446001_S_Ehome-0008,H8513001_S_Ehome-0012,,legacy_block,
B0446001_S_Ehome-0008,H8513001_S_Ehome-0158,,legacy_block,
B0446001_S_Ehome-0008,H8513003_S_Ehome-0008,1.00000000,legacy_block;packfree_exact,
B0446001_S_Ehome-0008,H8513003_S_Ehome-0009,,legacy_block,
B0446001_S_Ehome-0008,H8513003_S_Ehome-0010,,legacy_block,
B0446001_S_Ehome-0008,H8513003_S_Ehome-0011,,legacy_block,
B0446001_S_Ehome-0008,H8513003_S_Ehome-0012,,legacy_block,
B0446001_S_Ehome-0008,H8513003_S_Ehome-0158,,legacy_block,
B0446001_S_Ehome-0009,B0446001_S_Ehome-0010,,legacy_block,
B0446001_S_Ehome-0009,B0446001_S_Ehome-0011,,legacy_block,
B0446001_S_Ehome-0009,B0446001_S_Ehome-0012,,legacy_block,
B0446001_S_Ehome-0009,B0446001_S_Ehome-0158,,legacy_block,
B0446001_S_Ehome-0009,B0939001_S_A1_0949,0.34773902,legacy_block,
B0446001_S_Ehome-0009,B1193001_S_H4147_TBD0605821001,,legacy_block,
B0446001_S_Ehome-0009,B1260001_S_H4158_TBD0605821001,,legacy_block,
B0446001_S_Ehome-0009,H7343002_S_HK231214JJQT10097RMN01,,legacy_block,
B0446001_S_Ehome-0009,H7343002_S_HK260107JJQT15884RMN01,,legacy_block,
B0446001_S_Ehome-0009,H7343003_S_HK230329JJQT06511RMN02,,legacy_block,
B0446001_S_Ehome-0009,H7343003_S_HK231214JJQT10097RMN01,,legacy_block,
B0446001_S_Ehome-0009,H7343003_S_HK260107JJQT15884RMN01,,legacy_block,
B0446001_S_Ehome-0009,H7343013_S_HK230329JJQT06511RMN02,,legacy_block,
B0446001_S_Ehome-0009,H7343013_S_HK231214JJQT10097RMN01,,legacy_block,
B0446001_S_Ehome-0009,H7343013_S_HK260107JJQT15884RMN01,,legacy_block,
B0446001_S_Ehome-0009,H7343015_S_HK230329JJQT06511RMN02,,legacy_block,
B0446001_S_Ehome-0009,H7343015_S_HK231214JJQT10097RMN01,,legacy_block,
B0446001_S_Ehome-0009,H7343015_S_HK260107JJQT15884RMN01,,legacy_block,
B0446001_S_Ehome-0009,H8513001_S_Ehome-0008,,legacy_block,
B0446001_S_Ehome-0009,H8513001_S_Ehome-0009,1.00000000,legacy_block;packfree_exact,
B0446001_S_Ehome-0009,H8513001_S_Ehome-0010,,legacy_block,
B0446001_S_Ehome-0009,H8513001_S_Ehome-0011,,legacy_block,
B0446001_S_Ehome-0009,H8513001_S_Ehome-0012,,legacy_block,
B0446001_S_Ehome-0009,H8513001_S_Ehome-0158,,legacy_block,
B0446001_S_Ehome-0009,H8513003_S_Ehome-0008,,legacy_block,
B0446001_S_Ehome-0009,H8513003_S_Ehome-0009,1.00000000,legacy_block;packfree_exact,
B0446001_S_Ehome-0009,H8513003_S_Ehome-0010,,legacy_block,
B0446001_S_Ehome-0009,H8513003_S_Ehome-0011,,legacy_block,
B0446001_S_Ehome-0009,H8513003_S_Ehome-0012,,legacy_block,
B0446001_S_Ehome-0009,H8513003_S_Ehome-0158,,legacy_block,
B0446001_S_Ehome-0010,B0446001_S_Ehome-0011,,legacy_block,
B0446001_S_Ehome-0010,B0446001_S_Ehome-0012,,legacy_block,
B0446001_S_Ehome-0010,B0446001_S_Ehome-0158,,legacy_block,
B0446001_S_Ehome-0010,B0939001_S_A1_0949,0.34773902,legacy_block,
B0446001_S_Ehome-0010,B1193001_S_H4147_TBD0605821001,0.93813821,legacy_block,
B0446001_S_Ehome-0010,B1260001_S_H4158_TBD0605821001,0.82181844,legacy_block,
B0446001_S_Ehome-0010,H7343002_S_HK231214JJQT10097RMN01,,legacy_block,
B0446001_S_Ehome-0010,H7343002_S_HK260107JJQT15884RMN01,,legacy_block,
B0446001_S_Ehome-0010,H7343003_S_HK230329JJQT06511RMN02,,legacy_block,
B0446001_S_Ehome-0010,H7343003_S_HK231214JJQT10097RMN01,,legacy_block,
B0446001_S_Ehome-0010,H7343003_S_HK260107JJQT15884RMN01,,legacy_block,
B0446001_S_Ehome-0010,H7343013_S_HK230329JJQT06511RMN02,,legacy_block,
B0446001_S_Ehome-0010,H7343013_S_HK231214JJQT10097RMN01,,legacy_block,
B0446001_S_Ehome-0010,H7343013_S_HK260107JJQT15884RMN01,,legacy_block,
B0446001_S_Ehome-0010,H7343015_S_HK230329JJQT06511RMN02,,legacy_block,
B0446001_S_Ehome-0010,H7343015_S_HK231214JJQT10097RMN01,,legacy_block,
B0446001_S_Ehome-0010,H7343015_S_HK260107JJQT15884RMN01,,legacy_block,
B0446001_S_Ehome-0010,H8513001_S_Ehome-0008,,legacy_block,
B0446001_S_Ehome-0010,H8513001_S_Ehome-0009,,legacy_block,
B0446001_S_Ehome-0010,H8513001_S_Ehome-0010,1.00000000,legacy_block;packfree_exact,
B0446001_S_Ehome-0010,H8513001_S_Ehome-0011,,legacy_block,
B0446001_S_Ehome-0010,H8513001_S_Ehome-0012,,legacy_block,
B0446001_S_Ehome-0010,H8513001_S_Ehome-0158,,legacy_block,
B0446001_S_Ehome-0010,H8513003_S_Ehome-0008,,legacy_block,
B0446001_S_Ehome-0010,H8513003_S_Ehome-0009,,legacy_block,
B0446001_S_Ehome-0010,H8513003_S_Ehome-0010,1.00000000,legacy_block;packfree_exact,
B0446001_S_Ehome-0010,H8513003_S_Ehome-0011,,legacy_block,
B0446001_S_Ehome-0010,H8513003_S_Ehome-0012,,legacy_block,
B0446001_S_Ehome-0010,H8513003_S_Ehome-0158,,legacy_block,
B0446001_S_Ehome-0011,B0446001_S_Ehome-0012,,legacy_block,
B0446001_S_Ehome-0011,B0446001_S_Ehome-0158,,legacy_block,
B0446001_S_Ehome-0011,B0939001_S_A1_0949,0.34773902,legacy_block,
B0446001_S_Ehome-0011,B1193001_S_H4147_TBD0605821001,0.93849900,legacy_block,
B0446001_S_Ehome-0011,B1260001_S_H4158_TBD0605821001,0.79694837,legacy_block,
B0446001_S_Ehome-0011,H7343002_S_HK231214JJQT10097RMN01,,legacy_block,
B0446001_S_Ehome-0011,H7343002_S_HK260107JJQT15884RMN01,,legacy_block,
B0446001_S_Ehome-0011,H7343003_S_HK230329JJQT06511RMN02,,legacy_block,
B0446001_S_Ehome-0011,H7343003_S_HK231214JJQT10097RMN01,,legacy_block,
B0446001_S_Ehome-0011,H7343003_S_HK260107JJQT15884RMN01,,legacy_block,
B0446001_S_Ehome-0011,H7343013_S_HK230329JJQT06511RMN02,,legacy_block,
B0446001_S_Ehome-0011,H7343013_S_HK231214JJQT10097RMN01,,legacy_block,
B0446001_S_Ehome-0011,H7343013_S_HK260107JJQT15884RMN01,,legacy_block,
B0446001_S_Ehome-0011,H7343015_S_HK230329JJQT06511RMN02,,legacy_block,
B0446001_S_Ehome-0011,H7343015_S_HK231214JJQT10097RMN01,,legacy_block,
B0446001_S_Ehome-0011,H7343015_S_HK260107JJQT15884RMN01,,legacy_block,
B0446001_S_Ehome-0011,H8513001_S_Ehome-0008,,legacy_block,
B0446001_S_Ehome-0011,H8513001_S_Ehome-0009,,legacy_block,
B0446001_S_Ehome-0011,H8513001_S_Ehome-0010,,legacy_block,
B0446001_S_Ehome-0011,H8513001_S_Ehome-0011,1.00000000,legacy_block;packfree_exact,
B0446001_S_Ehome-0011,H8513001_S_Ehome-0012,,legacy_block,
B0446001_S_Ehome-0011,H8513001_S_Ehome-0158,,legacy_block,
B0446001_S_Ehome-0011,H8513003_S_Ehome-0008,,legacy_block,
B0446001_S_Ehome-0011,H8513003_S_Ehome-0009,,legacy_block,
B0446001_S_Ehome-0011,H8513003_S_Ehome-0010,,legacy_block,
B0446001_S_Ehome-0011,H8513003_S_Ehome-0011,1.00000000,legacy_block;packfree_exact,
B0446001_S_Ehome-0011,H8513003_S_Ehome-0012,,legacy_block,
B0446001_S_Ehome-0011,H8513003_S_Ehome-0158,,legacy_block,
B0446001_S_Ehome-0012,B0446001_S_Ehome-0158,,legacy_block,
B0446001_S_Ehome-0012,B0939001_S_A1_0949,0.34773902,legacy_block,
B0446001_S_Ehome-0012,B1193001_S_H4147_TBD0605821001,0.93813821,legacy_block,
B0446001_S_Ehome-0012,B1260001_S_H4158_TBD0605821001,0.82181844,legacy_block,
B0446001_S_Ehome-0012,H7343002_S_HK231214JJQT10097RMN01,,legacy_block,
B0446001_S_Ehome-0012,H7343002_S_HK260107JJQT15884RMN01,,legacy_block,
B0446001_S_Ehome-0012,H7343003_S_HK230329JJQT06511RMN02,,legacy_block,
B0446001_S_Ehome-0012,H7343003_S_HK231214JJQT10097RMN01,,legacy_block,
B0446001_S_Ehome-0012,H7343003_S_HK260107JJQT15884RMN01,,legacy_block,
B0446001_S_Ehome-0012,H7343013_S_HK230329JJQT06511RMN02,,legacy_block,
B0446001_S_Ehome-0012,H7343013_S_HK231214JJQT10097RMN01,,legacy_block,
B0446001_S_Ehome-0012,H7343013_S_HK260107JJQT15884RMN01,,legacy_block,
B0446001_S_Ehome-0012,H7343015_S_HK230329JJQT06511RMN02,,legacy_block,
B0446001_S_Ehome-0012,H7343015_S_HK231214JJQT10097RMN01,,legacy_block,
B0446001_S_Ehome-0012,H7343015_S_HK260107JJQT15884RMN01,,legacy_block,
B0446001_S_Ehome-0012,H8513001_S_Ehome-0008,,legacy_block,
B0446001_S_Ehome-0012,H8513001_S_Ehome-0009,,legacy_block,
B0446001_S_Ehome-0012,H8513001_S_Ehome-0010,,legacy_block,
B0446001_S_Ehome-0012,H8513001_S_Ehome-0011,,legacy_block,
B0446001_S_Ehome-0012,H8513001_S_Ehome-0012,1.00000000,legacy_block;packfree_exact,
B0446001_S_Ehome-0012,H8513001_S_Ehome-0158,,legacy_block,
B0446001_S_Ehome-0012,H8513003_S_Ehome-0008,,legacy_block,
B0446001_S_Ehome-0012,H8513003_S_Ehome-0009,,legacy_block,
B0446001_S_Ehome-0012,H8513003_S_Ehome-0010,,legacy_block,
B0446001_S_Ehome-0012,H8513003_S_Ehome-0011,,legacy_block,
B0446001_S_Ehome-0012,H8513003_S_Ehome-0012,1.00000000,legacy_block;packfree_exact,
B0446001_S_Ehome-0012,H8513003_S_Ehome-0158,,legacy_block,
B0446001_S_Ehome-0158,B0939001_S_A1_0949,,legacy_block,
B0446001_S_Ehome-0158,B1193001_S_H4147_TBD0605821001,0.93813821,legacy_block,
B0446001_S_Ehome-0158,B1260001_S_H4158_TBD0605821001,0.82181844,legacy_block,
B0446001_S_Ehome-0158,H7343002_S_HK231214JJQT10097RMN01,,legacy_block,
B0446001_S_Ehome-0158,H7343002_S_HK260107JJQT15884RMN01,,legacy_block,
B0446001_S_Ehome-0158,H7343003_S_HK230329JJQT06511RMN02,,legacy_block,
B0446001_S_Ehome-0158,H7343003_S_HK231214JJQT10097RMN01,,legacy_block,
B0446001_S_Ehome-0158,H7343003_S_HK260107JJQT15884RMN01,,legacy_block,
B0446001_S_Ehome-0158,H7343013_S_HK230329JJQT06511RMN02,,legacy_block,
B0446001_S_Ehome-0158,H7343013_S_HK231214JJQT10097RMN01,,legacy_block,
B0446001_S_Ehome-0158,H7343013_S_HK260107JJQT15884RMN01,,legacy_block,
B0446001_S_Ehome-0158,H7343015_S_HK230329JJQT06511RMN02,,legacy_block,
B0446001_S_Ehome-0158,H7343015_S_HK231214JJQT10097RMN01,,legacy_block,
B0446001_S_Ehome-0158,H7343015_S_HK260107JJQT15884RMN01,,legacy_block,
B0446001_S_Ehome-0158,H8513001_S_Ehome-0008,,legacy_block,
B0446001_S_Ehome-0158,H8513001_S_Ehome-0009,,legacy_block,
B0446001_S_Ehome-0158,H8513001_S_Ehome-0010,,legacy_block,
B0446001_S_Ehome-0158,H8513001_S_Ehome-0011,,legacy_block,
B0446001_S_Ehome-0158,H8513001_S_Ehome-0012,,legacy_block,
B0446001_S_Ehome-0158,H8513001_S_Ehome-0158,1.00000000,legacy_block;packfree_exact,
B0446001_S_Ehome-0158,H8513003_S_Ehome-0008,,legacy_block,
B0446001_S_Ehome-0158,H8513003_S_Ehome-0009,,legacy_block,
B0446001_S_Ehome-0158,H8513003_S_Ehome-0010,,legacy_block,
B0446001_S_Ehome-0158,H8513003_S_Ehome-0011,,legacy_block,
B0446001_S_Ehome-0158,H8513003_S_Ehome-0012,,legacy_block,
B0446001_S_Ehome-0158,H8513003_S_Ehome-0158,1.00000000,legacy_block;packfree_exact,
B0448001_S_JAPAN479439,B0846001_S_4976631481166,,brand_unit;legacy_block,
B0448001_S_JAPAN479439,B0991001_S_A06854,0.00458808,brand_unit;legacy_block,
B0448001_S_JAPAN479439,B1025001_S_4976631478272,0.00458808,brand_unit;legacy_block,
B0448001_S_JAPAN479439,B1025002_S_4976631478272,0.00458808,brand_unit;legacy_block,
B0448001_S_JAPAN479439,B1025003_S_4976631478272,0.00458808,brand_unit;legacy_block,
B0448001_S_JAPAN479439,B1064001_S_4976631478272,0.00458808,brand_unit;legacy_block,
B0448001_S_JAPAN479439,B1390001_S_ke4976631477589,0.02492256,brand_unit,
B0448001_S_JAPAN479439,B1604001_S_4976631481166,,brand_unit;legacy_block,
B0448001_S_JAPAN479439,B1604002_S_4976631481166,,brand_unit;legacy_block,
B0448001_S_JAPAN479439,B1694001_S_479361,0.01600323,brand_unit,
B0448001_S_JAPAN479439,B1694001_S_479385,0.01600323,brand_unit,
B0448001_S_JAPAN479439,B1694001_S_479408,0.01600323,brand_unit,
B0448001_S_JAPAN479439,B1694001_S_479439,0.16024615,brand_unit,
B0448001_S_JAPAN479439,B1694001_S_479453,0.01600323,brand_unit,
B0448001_S_JAPAN479439,B1694001_S_482415,0.00128711,brand_unit,
B0448001_S_JAPAN479439,B1838001_S_4976631481166,,brand_unit;legacy_block,
B0448001_S_JAPAN479439,H5985004_S_481166_4976631481166,0.01600323,brand_unit;legacy_block,
B0448001_S_JAPAN479439,H6167001_S_4976631478272,0.00458808,brand_unit;legacy_block,
B0448001_S_JAPAN479439,H6706001_S_cs168539,0.01250109,brand_unit,
B0448001_S_JAPAN479439,H7096001_S_4976631478272,0.00458808,brand_unit;legacy_block,
B0448001_S_JAPAN479439,H8424001_S_4976631478272,0.01259186,brand_unit;legacy_block,
B0448001_S_JAPAN479439,H8424001_S_4976631481166,0.01600323,brand_unit;legacy_block,
B0448001_S_JAPAN479439,H9125001_S_48200101,0.01250109,brand_unit,
B0448001_S_JAPAN479439,H9125001_S_48200102,0.02492256,brand_unit,
B0448001_S_JAPAN479439,H9125001_S_48200103,0.02492256,brand_unit,
B0448001_S_JAPAN479439,H9990001_S_544,0.01600323,brand_unit,
B0448001_S_JAPAN479439,S6478006_S_478272_4976631478272,0.01221420,brand_unit;legacy_block,
B0448001_S_JAPAN479439,S6478006_S_481166_4976631481166,0.10121950,brand_unit;legacy_block,
B0605001_S_DNATURE3380380079757,H6522001_S_7973_New,0.00403463,brand_unit;legacy_block,
B0605001_S_DNATURE3380380079757,H6522001_S_7977_New,0.00222522,brand_unit;legacy_block,
B0605001_S_DNATURE3380380079757,H6522001_S_DN_7975,0.00133044,brand_unit;legacy_block,
B0621001_S_TT0917_A,B0621001_S_TT0918_A,0.48257955,brand_unit;legacy_block,
B0631001_S_4982659051573,H9357001_S_4892659051573,0.99921548,brand_unit,
B0638001_S_11661,C0748001_S_6102613952149_H,0.02536759,legacy_block,
B0638001_S_11661,C0748001_S_6103392109070_H,0.06715343,legacy_block,
B0638001_S_11661,C0748001_S_6103392277824_H,0.10088830,legacy_block,
B0638001_S_11661,C0748001_S_6267514542397_H,0.00869067,legacy_block,
B0638001_S_11661,C0748001_S_6267845435401_H,0.00869067,legacy_block,
B0638001_S_11661,H6706001_S_cs169985,0.00896066,legacy_block,
B0638001_S_11661,S1061001_S_MON-748-027-0000,0.00648134,legacy_block,
B0638001_S_11894,H7616001_S_HS_00919,,legacy_block,
B0698001_S_TRL-0335-S,S1061001_S_MON-030-158-0000,,legacy_block,
B0713001_S_GoatSoap-001,B0713001_S_GoatSoap-002,,brand_unit;legacy_block,
B0713001_S_GoatSoap-001,B0713001_S_GoatSoap-003,,brand_unit;legacy_block,
B0713001_S_GoatSoap-001,B0713001_S_GoatSoap-004,0.22692751,brand_unit;legacy_block,
B0713001_S_GoatSoap-001,B0713001_S_GoatSoap-005,,brand_unit;legacy_block,
B0713001_S_GoatSoap-001,B1023001_S_9349254002042,0.77253104,brand_unit;legacy_block,
B0713001_S_GoatSoap-001,H5859001_S_ST2804,,brand_unit,
B0713001_S_GoatSoap-001,H5859001_S_ST2805,,brand_unit,
B0713001_S_GoatSoap-001,H5859001_S_ST2806,0.95537937,brand_unit,
B0713001_S_GoatSoap-001,H5859001_S_ST2808,,brand_unit,
B0713001_S_GoatSoap-001,H5859001_S_ST2809,,brand_unit,
B0713001_S_GoatSoap-001,H5859001_S_ST2810,0.86490737,brand_unit,
B0713001_S_GoatSoap-001,H5859001_S_ST2811,,brand_unit,
B0713001_S_GoatSoap-001,H5859001_S_ST2812,,brand_unit,
B0713001_S_GoatSoap-001,H5859001_S_ST2813,0.99007602,brand_unit,
B0713001_S_GoatSoap-001,H5859001_S_ST2815,,brand_unit,
B0713001_S_GoatSoap-001,H5859001_S_ST2816,,brand_unit,
B0713001_S_GoatSoap-001,H5859001_S_ST2817,0.95637712,brand_unit,
B0713001_S_GoatSoap-001,H6167001_S_9349254002011,,brand_unit;legacy_block,
B0713001_S_GoatSoap-001,H6167001_S_9349254002028,1.00000000,brand_unit;exact_ean;legacy_block,
B0713001_S_GoatSoap-001,H6167001_S_9349254002035,,brand_unit;legacy_block,
B0713001_S_GoatSoap-001,H6167001_S_9349254002042,,brand_unit;legacy_block,
B0713001_S_GoatSoap-001,H6167001_S_9349254002059,0.42847595,brand_unit;legacy_block,
B0713001_S_GoatSoap-001,H6167001_S_9349254004053,,brand_unit;legacy_block,
B0713001_S_GoatSoap-001,H6167002_S_9349254002011,,brand_unit;legacy_block,
B0713001_S_GoatSoap-001,H6167002_S_9349254002028,1.00000000,brand_unit;exact_ean;legacy_block,
B0713001_S_GoatSoap-001,H6167002_S_9349254002035,,brand_unit;legacy_block,
B0713001_S_GoatSoap-001,H6167002_S_9349254002042,,brand_unit;legacy_block,
B0713001_S_GoatSoap-001,H6167002_S_9349254002059,0.42847595,brand_unit;legacy_block,
B0713001_S_GoatSoap-001,H6167002_S_9349254004053,,brand_unit;legacy_block,
B0713001_S_GoatSoap-001,H6173001_S_GOAT-SOAP-COCONUT,,brand_unit,
B0713001_S_GoatSoap-001,H7096001_S_9349254002011,,brand_unit;legacy_block,
B0713001_S_GoatSoap-001,H7096001_S_9349254002028,1.00000000,brand_unit;exact_ean;legacy_block,
B0713001_S_GoatSoap-001,H7096001_S_9349254002035,,brand_unit;legacy_block,
B0713001_S_GoatSoap-001,H8347001_S_GOAT-BP02,,brand_unit,
B0713001_S_GoatSoap-001,H8347001_S_GOAT-BP04,,brand_unit;legacy_block,
B0713001_S_GoatSoap-001,H8347001_S_GOAT-BP05,0.97758904,brand_unit,
B0713001_S_GoatSoap-001,H8347001_S_GOAT-BP06,0.82159646,brand_unit;legacy_block,
B0713001_S_GoatSoap-001,H8347001_S_GOAT-BP08,,brand_unit;legacy_block,
B0713001_S_GoatSoap-001,H8427001_S_9349254002011,,brand_unit;legacy_block,
B0713001_S_GoatSoap-001,H8427001_S_9349254002028,1.00000000,brand_unit;exact_ean;legacy_block,
B0713001_S_GoatSoap-001,H8427001_S_9349254002035,,brand_unit;legacy_block,
B0713001_S_GoatSoap-001,H8427001_S_9349254002042,0.49158563,brand_unit;legacy_block,
B0713001_S_GoatSoap-001,H8427001_S_9349254002059,,brand_unit;legacy_block,
B0713001_S_GoatSoap-001,H8427001_S_9349254002066,,brand_unit;legacy_block,
B0713001_S_GoatSoap-001,H8427001_S_9349254004053,0.99093823,brand_unit;legacy_block,
B0713001_S_GoatSoap-001,H8427001_S_9349254006286,,brand_unit;legacy_block,
B0713001_S_GoatSoap-001,H9250001_S_A9349254005005,0.97575426,brand_unit,
B0713001_S_GoatSoap-001,S2232001_S_GOS2011X2,,brand_unit,
B0713001_S_GoatSoap-001,S2232001_S_GOS2028X2,0.99076134,brand_unit,
B0713001_S_GoatSoap-001,S2232001_S_GOS2042X2,0.89257200,brand_unit,
B0713001_S_GoatSoap-001,S2232001_S_GOS2053X2,,brand_unit,
B0713001_S_GoatSoap-001,S2232001_S_GOS2059X2,,brand_unit,
B0713001_S_GoatSoap-001,S2232001_S_GOS2066X2,,brand_unit,
B0713001_S_GoatSoap-001,S2232001_S_GOS4053X2,,brand_unit,
B0713001_S_GoatSoap-001,S6258001_S_GOS2011X2,,brand_unit,
B0713001_S_GoatSoap-001,S6258001_S_GOS2028X2,0.99076134,brand_unit,
B0713001_S_GoatSoap-001,S6258001_S_GOS2042X2,0.89257200,brand_unit,
B0713001_S_GoatSoap-001,S6258001_S_GOS2059X2,,brand_unit,
B0713001_S_GoatSoap-001,S6375001_S_9349254004053,0.98756440,brand_unit;legacy_block,
B0713001_S_GoatSoap-001,S6375001_S_9349254006286,,brand_unit;legacy_block,
B0713001_S_GoatSoap-002,B0713001_S_GoatSoap-003,0.22454252,brand_unit;legacy_block,
B0713001_S_GoatSoap-002,B0713001_S_GoatSoap-004,0.20462374,brand_unit;legacy_block,
B0713001_S_GoatSoap-002,B0713001_S_GoatSoap-005,,brand_unit;legacy_block,
B0713001_S_GoatSoap-002,B1023001_S_9349254002042,0.83606462,brand_unit;legacy_block,
B0713001_S_GoatSoap-002,H5859001_S_ST2804,,brand_unit,
B0713001_S_GoatSoap-002,H5859001_S_ST2805,0.19884262,brand_unit,
B0713001_S_GoatSoap-002,H5859001_S_ST2806,,brand_unit,
B0713001_S_GoatSoap-002,H5859001_S_ST2808,0.27330134,brand_unit,
B0713001_S_GoatSoap-002,H5859001_S_ST2809,0.72377593,brand_unit,
B0713001_S_GoatSoap-002,H5859001_S_ST2810,0.64457064,brand_unit,
B0713001_S_GoatSoap-002,H5859001_S_ST2811,,brand_unit,
B0713001_S_GoatSoap-002,H5859001_S_ST2812,0.26860544,brand_unit,
B0713001_S_GoatSoap-002,H5859001_S_ST2813,,brand_unit,
B0713001_S_GoatSoap-002,H5859001_S_ST2815,0.68190559,brand_unit,
B0713001_S_GoatSoap-002,H5859001_S_ST2816,0.82393656,brand_unit,
B0713001_S_GoatSoap-002,H5859001_S_ST2817,0.94373225,brand_unit,
B0713001_S_GoatSoap-002,H6167001_S_9349254002011,0.06532601,brand_unit;legacy_block,
B0713001_S_GoatSoap-002,H6167001_S_9349254002028,,brand_unit;legacy_block,
B0713001_S_GoatSoap-002,H6167001_S_9349254002035,0.32385988,brand_unit;legacy_block,
B0713001_S_GoatSoap-002,H6167001_S_9349254002042,,brand_unit;legacy_block,
B0713001_S_GoatSoap-002,H6167001_S_9349254002059,1.00000000,brand_unit;exact_ean;legacy_block,
B0713001_S_GoatSoap-002,H6167001_S_9349254004053,0.96044979,brand_unit;legacy_block,
B0713001_S_GoatSoap-002,H6167002_S_9349254002011,0.06532601,brand_unit;legacy_block,
B0713001_S_GoatSoap-002,H6167002_S_9349254002028,,brand_unit;legacy_block,
B0713001_S_GoatSoap-002,H6167002_S_9349254002035,0.32385988,brand_unit;legacy_block,
B0713001_S_GoatSoap-002,H6167002_S_9349254002042,,brand_unit;legacy_block,
B0713001_S_GoatSoap-002,H6167002_S_9349254002059,1.00000000,brand_unit;exact_ean;legacy_block,
B0713001_S_GoatSoap-002,H6167002_S_9349254004053,0.96044979,brand_unit;legacy_block,
B0713001_S_GoatSoap-002,H6173001_S_GOAT-SOAP-COCONUT,0.03948051,brand_unit,
B0713001_S_GoatSoap-002,H7096001_S_9349254002011,0.06532601,brand_unit;legacy_block,
B0713001_S_GoatSoap-002,H7096001_S_9349254002028,,brand_unit;legacy_block,
B0713001_S_GoatSoap-002,H7096001_S_9349254002035,0.32385988,brand_unit;legacy_block,
B0713001_S_GoatSoap-002,H8347001_S_GOAT-BP02,0.68691411,brand_unit,
B0713001_S_GoatSoap-002,H8347001_S_GOAT-BP04,0.75680346,brand_unit;legacy_block,
B0713001_S_GoatSoap-002,H8347001_S_GOAT-BP05,,brand_unit,
B0713001_S_GoatSoap-002,H8347001_S_GOAT-BP06,0.52355766,brand_unit;legacy_block,
B0713001_S_GoatSoap-002,H8347001_S_GOAT-BP08,1.00000000,brand_unit;exact_ean;legacy_block,
B0713001_S_GoatSoap-002,H8427001_S_9349254002011,0.13683667,brand_unit;legacy_block,
B0713001_S_GoatSoap-002,H8427001_S_9349254002028,,brand_unit;legacy_block,
B0713001_S_GoatSoap-002,H8427001_S_9349254002035,0.13683667,brand_unit;legacy_block,
B0713001_S_GoatSoap-002,H8427001_S_9349254002042,0.34095745,brand_unit;legacy_block,
B0713001_S_GoatSoap-002,H8427001_S_9349254002059,1.00000000,brand_unit;exact_ean;legacy_block,
B0713001_S_GoatSoap-002,H8427001_S_9349254002066,0.09269269,brand_unit;legacy_block,
B0713001_S_GoatSoap-002,H8427001_S_9349254004053,0.92580138,brand_unit;legacy_block,
B0713001_S_GoatSoap-002,H8427001_S_9349254006286,0.02338294,brand_unit;legacy_block,
B0713001_S_GoatSoap-002,H9250001_S_A9349254005005,0.99238378,brand_unit,
B0713001_S_GoatSoap-002,S2232001_S_GOS2011X2,,brand_unit,
B0713001_S_GoatSoap-002,S2232001_S_GOS2028X2,,brand_unit,
B0713001_S_GoatSoap-002,S2232001_S_GOS2042X2,0.92922854,brand_unit,
B0713001_S_GoatSoap-002,S2232001_S_GOS2053X2,0.97380484,brand_unit,
B0713001_S_GoatSoap-002,S2232001_S_GOS2059X2,1.00000000,brand_unit,
B0713001_S_GoatSoap-002,S2232001_S_GOS2066X2,0.83642310,brand_unit,
B0713001_S_GoatSoap-002,S2232001_S_GOS4053X2,,brand_unit,
B0713001_S_GoatSoap-002,S6258001_S_GOS2011X2,,brand_unit,
B0713001_S_GoatSoap-002,S6258001_S_GOS2028X2,,brand_unit,
B0713001_S_GoatSoap-002,S6258001_S_GOS2042X2,0.92922854,brand_unit,
B0713001_S_GoatSoap-002,S6258001_S_GOS2059X2,1.00000000,brand_unit,
B0713001_S_GoatSoap-002,S6375001_S_9349254004053,0.92992117,brand_unit;legacy_block,
B0713001_S_GoatSoap-002,S6375001_S_9349254006286,0.02338294,brand_unit;legacy_block,
B0713001_S_GoatSoap-003,B0713001_S_GoatSoap-004,0.42789895,brand_unit;legacy_block,
B0713001_S_GoatSoap-003,B0713001_S_GoatSoap-005,,brand_unit;legacy_block,
B0713001_S_GoatSoap-003,B1023001_S_9349254002042,,brand_unit;legacy_block,
B0713001_S_GoatSoap-003,H5859001_S_ST2804,,brand_unit,
B0713001_S_GoatSoap-003,H5859001_S_ST2805,,brand_unit,
B0713001_S_GoatSoap-003,H5859001_S_ST2806,,brand_unit,
B0713001_S_GoatSoap-003,H5859001_S_ST2808,0.99832530,brand_unit,
B0713001_S_GoatSoap-003,H5859001_S_ST2809,0.60395497,brand_unit,
B0713001_S_GoatSoap-003,H5859001_S_ST2810,0.96070015,brand_unit,
B0713001_S_GoatSoap-003,H5859001_S_ST2811,,brand_unit,
B0713001_S_GoatSoap-003,H5859001_S_ST2812,,brand_unit,
B0713001_S_GoatSoap-003,H5859001_S_ST2813,,brand_unit,
B0713001_S_GoatSoap-003,H5859001_S_ST2815,1.00000000,brand_unit,
B0713001_S_GoatSoap-003,H5859001_S_ST2816,0.95221815,brand_unit,
B0713001_S_GoatSoap-003,H5859001_S_ST2817,0.99515383,brand_unit,
B0713001_S_GoatSoap-003,H6167001_S_9349254002011,,brand_unit;legacy_block,
B0713001_S_GoatSoap-003,H6167001_S_9349254002028,,brand_unit;legacy_block,
B0713001_S_GoatSoap-003,H6167001_S_9349254002035,,brand_unit;legacy_block,
B0713001_S_GoatSoap-003,H6167001_S_9349254002042,,brand_unit;legacy_block,
B0713001_S_GoatSoap-003,H6167001_S_9349254002059,0.32507228,brand_unit;legacy_block,
B0713001_S_GoatSoap-003,H6167001_S_9349254004053,0.99414626,brand_unit;legacy_block,
B0713001_S_GoatSoap-003,H6167002_S_9349254002011,,brand_unit;legacy_block,
B0713001_S_GoatSoap-003,H6167002_S_9349254002028,,brand_unit;legacy_block,
B0713001_S_GoatSoap-003,H6167002_S_9349254002035,,brand_unit;legacy_block,
B0713001_S_GoatSoap-003,H6167002_S_9349254002042,,brand_unit;legacy_block,
B0713001_S_GoatSoap-003,H6167002_S_9349254002059,0.32507228,brand_unit;legacy_block,
B0713001_S_GoatSoap-003,H6167002_S_9349254004053,0.99414626,brand_unit;legacy_block,
B0713001_S_GoatSoap-003,H6173001_S_GOAT-SOAP-COCONUT,0.97588397,brand_unit,
B0713001_S_GoatSoap-003,H7096001_S_9349254002011,,brand_unit;legacy_block,
B0713001_S_GoatSoap-003,H7096001_S_9349254002028,,brand_unit;legacy_block,
B0713001_S_GoatSoap-003,H7096001_S_9349254002035,,brand_unit;legacy_block,
B0713001_S_GoatSoap-003,H8347001_S_GOAT-BP02,,brand_unit,
B0713001_S_GoatSoap-003,H8347001_S_GOAT-BP04,,brand_unit;legacy_block,
B0713001_S_GoatSoap-003,H8347001_S_GOAT-BP05,,brand_unit,
B0713001_S_GoatSoap-003,H8347001_S_GOAT-BP06,,brand_unit;legacy_block,
B0713001_S_GoatSoap-003,H8347001_S_GOAT-BP08,0.91657416,brand_unit;legacy_block,
B0713001_S_GoatSoap-003,H8427001_S_9349254002011,,brand_unit;legacy_block,
B0713001_S_GoatSoap-003,H8427001_S_9349254002028,,brand_unit;legacy_block,
B0713001_S_GoatSoap-003,H8427001_S_9349254002035,,brand_unit;legacy_block,
B0713001_S_GoatSoap-003,H8427001_S_9349254002042,,brand_unit;legacy_block,
B0713001_S_GoatSoap-003,H8427001_S_9349254002059,0.95879900,brand_unit;legacy_block,
B0713001_S_GoatSoap-003,H8427001_S_9349254002066,1.00000000,brand_unit;exact_ean;legacy_block,
B0713001_S_GoatSoap-003,H8427001_S_9349254004053,0.99615656,brand_unit;legacy_block,
B0713001_S_GoatSoap-003,H8427001_S_9349254006286,,brand_unit;legacy_block,
B0713001_S_GoatSoap-003,H9250001_S_A9349254005005,0.97575426,brand_unit,
B0713001_S_GoatSoap-003,S2232001_S_GOS2011X2,,brand_unit,
B0713001_S_GoatSoap-003,S2232001_S_GOS2028X2,,brand_unit,
B0713001_S_GoatSoap-003,S2232001_S_GOS2042X2,,brand_unit,
B0713001_S_GoatSoap-003,S2232001_S_GOS2053X2,,brand_unit,
B0713001_S_GoatSoap-003,S2232001_S_GOS2059X2,0.78839531,brand_unit,
B0713001_S_GoatSoap-003,S2232001_S_GOS2066X2,1.00000000,brand_unit,
B0713001_S_GoatSoap-003,S2232001_S_GOS4053X2,,brand_unit,
B0713001_S_GoatSoap-003,S6258001_S_GOS2011X2,,brand_unit,
B0713001_S_GoatSoap-003,S6258001_S_GOS2028X2,,brand_unit,
B0713001_S_GoatSoap-003,S6258001_S_GOS2042X2,,brand_unit,
B0713001_S_GoatSoap-003,S6258001_S_GOS2059X2,0.72160056,brand_unit,
B0713001_S_GoatSoap-003,S6375001_S_9349254004053,0.99501407,brand_unit;legacy_block,
B0713001_S_GoatSoap-003,S6375001_S_9349254006286,,brand_unit;legacy_block,
B0713001_S_GoatSoap-004,B0713001_S_GoatSoap-005,0.27213230,brand_unit;legacy_block,
B0713001_S_GoatSoap-004,B1023001_S_9349254002042,0.99552927,brand_unit;legacy_block,
B0713001_S_GoatSoap-004,H5859001_S_ST2804,0.27072210,brand_unit,
B0713001_S_GoatSoap-004,H5859001_S_ST2805,0.35160422,brand_unit,
B0713001_S_GoatSoap-004,H5859001_S_ST2806,0.17597841,brand_unit,
B0713001_S_GoatSoap-004,H5859001_S_ST2808,0.62654892,brand_unit,
B0713001_S_GoatSoap-004,H5859001_S_ST2809,0.30372518,brand_unit,
B0713001_S_GoatSoap-004,H5859001_S_ST2810,0.99543306,brand_unit,
B0713001_S_GoatSoap-004,H5859001_S_ST2811,0.28392205,brand_unit,
B0713001_S_GoatSoap-004,H5859001_S_ST2812,0.36676451,brand_unit,
B0713001_S_GoatSoap-004,H5859001_S_ST2813,0.29254234,brand_unit,
B0713001_S_GoatSoap-004,H5859001_S_ST2815,0.76593424,brand_unit,
B0713001_S_GoatSoap-004,H5859001_S_ST2816,0.30372518,brand_unit,
B0713001_S_GoatSoap-004,H5859001_S_ST2817,0.99380159,brand_unit,
B0713001_S_GoatSoap-004,H6167001_S_9349254002011,0.01352088,brand_unit;legacy_block,
B0713001_S_GoatSoap-004,H6167001_S_9349254002028,,brand_unit;legacy_block,
B0713001_S_GoatSoap-004,H6167001_S_9349254002035,0.06311687,brand_unit;legacy_block,
B0713001_S_GoatSoap-004,H6167001_S_9349254002042,,brand_unit;legacy_block,
B0713001_S_GoatSoap-004,H6167001_S_9349254002059,0.07829011,brand_unit;legacy_block,
B0713001_S_GoatSoap-004,H6167001_S_9349254004053,1.00000000,brand_unit;exact_ean;legacy_block,
B0713001_S_GoatSoap-004,H6167002_S_9349254002011,0.01352088,brand_unit;legacy_block,
B0713001_S_GoatSoap-004,H6167002_S_9349254002028,,brand_unit;legacy_block,
B0713001_S_GoatSoap-004,H6167002_S_9349254002035,0.06311687,brand_unit;legacy_block,
B0713001_S_GoatSoap-004,H6167002_S_9349254002042,,brand_unit;legacy_block,
B0713001_S_GoatSoap-004,H6167002_S_9349254002059,0.07829011,brand_unit;legacy_block,
B0713001_S_GoatSoap-004,H6167002_S_9349254004053,1.00000000,brand_unit;exact_ean;legacy_block,
B0713001_S_GoatSoap-004,H6173001_S_GOAT-SOAP-COCONUT,0.19285985,brand_unit,
B0713001_S_GoatSoap-004,H7096001_S_9349254002011,0.01352088,brand_unit;legacy_block,
B0713001_S_GoatSoap-004,H7096001_S_9349254002028,,brand_unit;legacy_block,
B0713001_S_GoatSoap-004,H7096001_S_9349254002035,0.06311687,brand_unit;legacy_block,
B0713001_S_GoatSoap-004,H8347001_S_GOAT-BP02,0.99384108,brand_unit,
B0713001_S_GoatSoap-004,H8347001_S_GOAT-BP04,0.99610257,brand_unit;legacy_block,
B0713001_S_GoatSoap-004,H8347001_S_GOAT-BP05,0.84820128,brand_unit,
B0713001_S_GoatSoap-004,H8347001_S_GOAT-BP06,0.91989260,brand_unit;legacy_block,
B0713001_S_GoatSoap-004,H8347001_S_GOAT-BP08,0.82819150,brand_unit;legacy_block,
B0713001_S_GoatSoap-004,H8427001_S_9349254002011,0.42681221,brand_unit;legacy_block,
B0713001_S_GoatSoap-004,H8427001_S_9349254002028,0.54466484,brand_unit;legacy_block,
B0713001_S_GoatSoap-004,H8427001_S_9349254002035,0.42681221,brand_unit;legacy_block,
B0713001_S_GoatSoap-004,H8427001_S_9349254002042,0.57627162,brand_unit;legacy_block,
B0713001_S_GoatSoap-004,H8427001_S_9349254002059,0.34259708,brand_unit;legacy_block,
B0713001_S_GoatSoap-004,H8427001_S_9349254002066,0.54466484,brand_unit;legacy_block,
B0713001_S_GoatSoap-004,H8427001_S_9349254004053,1.00000000,brand_unit;exact_ean;legacy_block,
B0713001_S_GoatSoap-004,H8427001_S_9349254006286,0.45480403,brand_unit;legacy_block,
B0713001_S_GoatSoap-004,H9250001_S_A9349254005005,0.45214562,brand_unit,
B0713001_S_GoatSoap-004,S2232001_S_GOS2011X2,0.98253206,brand_unit,
B0713001_S_GoatSoap-004,S2232001_S_GOS2028X2,0.97638158,brand_unit,
B0713001_S_GoatSoap-004,S2232001_S_GOS2042X2,0.95738497,brand_unit,
B0713001_S_GoatSoap-004,S2232001_S_GOS2053X2,0.98713452,brand_unit,
B0713001_S_GoatSoap-004,S2232001_S_GOS2059X2,0.89865645,brand_unit,
B0713001_S_GoatSoap-004,S2232001_S_GOS2066X2,0.99027080,brand_unit,
B0713001_S_GoatSoap-004,S2232001_S_GOS4053X2,,brand_unit,
B0713001_S_GoatSoap-004,S6258001_S_GOS2011X2,0.98253206,brand_unit,
B0713001_S_GoatSoap-004,S6258001_S_GOS2028X2,0.97638158,brand_unit,
B0713001_S_GoatSoap-004,S6258001_S_GOS2042X2,0.95738497,brand_unit,
B0713001_S_GoatSoap-004,S6258001_S_GOS2059X2,0.87838962,brand_unit,
B0713001_S_GoatSoap-004,S6375001_S_9349254004053,1.00000000,brand_unit;exact_ean;legacy_block,
B0713001_S_GoatSoap-004,S6375001_S_9349254006286,0.45480403,brand_unit;legacy_block,
B0713001_S_GoatSoap-005,B1023001_S_9349254002042,,brand_unit;legacy_block,
B0713001_S_GoatSoap-005,H5859001_S_ST2804,0.99596058,brand_unit,
B0713001_S_GoatSoap-005,H5859001_S_ST2805,,brand_unit,
B0713001_S_GoatSoap-005,H5859001_S_ST2806,,brand_unit,
B0713001_S_GoatSoap-005,H5859001_S_ST2808,,brand_unit,
B0713001_S_GoatSoap-005,H5859001_S_ST2809,,brand_unit,
B0713001_S_GoatSoap-005,H5859001_S_ST2810,0.87326888,brand_unit,
B0713001_S_GoatSoap-005,H5859001_S_ST2811,1.00000000,brand_unit,
B0713001_S_GoatSoap-005,H5859001_S_ST2812,,brand_unit,
B0713001_S_GoatSoap-005,H5859001_S_ST2813,,brand_unit,
B0713001_S_GoatSoap-005,H5859001_S_ST2815,,brand_unit,
B0713001_S_GoatSoap-005,H5859001_S_ST2816,,brand_unit,
B0713001_S_GoatSoap-005,H5859001_S_ST2817,0.98386951,brand_unit,
B0713001_S_GoatSoap-005,H6167001_S_9349254002011,1.00000000,brand_unit;exact_ean;legacy_block,
B0713001_S_GoatSoap-005,H6167001_S_9349254002028,,brand_unit;legacy_block,
B0713001_S_GoatSoap-005,H6167001_S_9349254002035,,brand_unit;legacy_block,
B0713001_S_GoatSoap-005,H6167001_S_9349254002042,,brand_unit;legacy_block,
B0713001_S_GoatSoap-005,H6167001_S_9349254002059,,brand_unit;legacy_block,
B0713001_S_GoatSoap-005,H6167001_S_9349254004053,0.98962526,brand_unit;legacy_block,
B0713001_S_GoatSoap-005,H6167002_S_9349254002011,1.00000000,brand_unit;exact_ean;legacy_block,
B0713001_S_GoatSoap-005,H6167002_S_9349254002028,,brand_unit;legacy_block,
B0713001_S_GoatSoap-005,H6167002_S_9349254002035,,brand_unit;legacy_block,
B0713001_S_GoatSoap-005,H6167002_S_9349254002042,,brand_unit;legacy_block,
B0713001_S_GoatSoap-005,H6167002_S_9349254002059,,brand_unit;legacy_block,
B0713001_S_GoatSoap-005,H6167002_S_9349254004053,0.98962526,brand_unit;legacy_block,
B0713001_S_GoatSoap-005,H6173001_S_GOAT-SOAP-COCONUT,,brand_unit,
B0713001_S_GoatSoap-005,H7096001_S_9349254002011,1.00000000,brand_unit;exact_ean;legacy_block,
B0713001_S_GoatSoap-005,H7096001_S_9349254002028,,brand_unit;legacy_block,
B0713001_S_GoatSoap-005,H7096001_S_9349254002035,,brand_unit;legacy_block,
B0713001_S_GoatSoap-005,H8347001_S_GOAT-BP02,,brand_unit,
B0713001_S_GoatSoap-005,H8347001_S_GOAT-BP04,1.00000000,brand_unit;exact_ean;legacy_block,
B0713001_S_GoatSoap-005,H8347001_S_GOAT-BP05,,brand_unit,
B0713001_S_GoatSoap-005,H8347001_S_GOAT-BP06,,brand_unit;legacy_block,
B0713001_S_GoatSoap-005,H8347001_S_GOAT-BP08,0.83095139,brand_unit;legacy_block,
B0713001_S_GoatSoap-005,H8427001_S_9349254002011,1.00000000,brand_unit;exact_ean;legacy_block,
B0713001_S_GoatSoap-005,H8427001_S_9349254002028,,brand_unit;legacy_block,
B0713001_S_GoatSoap-005,H8427001_S_9349254002035,,brand_unit;legacy_block,
B0713001_S_GoatSoap-005,H8427001_S_9349254002042,,brand_unit;legacy_block,
B0713001_S_GoatSoap-005,H8427001_S_9349254002059,0.91183614,brand_unit;legacy_block,
B0713001_S_GoatSoap-005,H8427001_S_9349254002066,,brand_unit;legacy_block,
B0713001_S_GoatSoap-005,H8427001_S_9349254004053,0.99238747,brand_unit;legacy_block,
B0713001_S_GoatSoap-005,H8427001_S_9349254006286,,brand_unit;legacy_block,
B0713001_S_GoatSoap-005,H9250001_S_A9349254005005,,brand_unit,
B0713001_S_GoatSoap-005,S2232001_S_GOS2011X2,1.00000000,brand_unit,
B0713001_S_GoatSoap-005,S2232001_S_GOS2028X2,,brand_unit,
B0713001_S_GoatSoap-005,S2232001_S_GOS2042X2,,brand_unit,
B0713001_S_GoatSoap-005,S2232001_S_GOS2053X2,,brand_unit,
B0713001_S_GoatSoap-005,S2232001_S_GOS2059X2,,brand_unit,
B0713001_S_GoatSoap-005,S2232001_S_GOS2066X2,,brand_unit,
B0713001_S_GoatSoap-005,S2232001_S_GOS4053X2,,brand_unit,
B0713001_S_GoatSoap-005,S6258001_S_GOS2011X2,1.00000000,brand_unit,
B0713001_S_GoatSoap-005,S6258001_S_GOS2028X2,,brand_unit,
B0713001_S_GoatSoap-005,S6258001_S_GOS2042X2,,brand_unit,
B0713001_S_GoatSoap-005,S6258001_S_GOS2059X2,,brand_unit,
B0713001_S_GoatSoap-005,S6375001_S_9349254004053,0.98862304,brand_unit;legacy_block,
B0713001_S_GoatSoap-005,S6375001_S_9349254006286,,brand_unit;legacy_block,
B0760001_S_CAL_CLNS_SP03,B0760001_S_CTR_CAL_SP04,,brand_unit;legacy_block,
B0760001_S_CAL_CLNS_SP03,B0760001_S_LUX_TUR_SP01,,brand_unit;legacy_block,
B0760001_S_CTR_CAL_SP04,B0760001_S_LUX_TUR_SP01,,brand_unit;legacy_block,
B0846001_S_4976631481166,B0991001_S_A06854,0.92254950,brand_unit;legacy_block,
B0846001_S_4976631481166,B1025001_S_4976631478272,0.54425822,brand_unit;legacy_block,
B0846001_S_4976631481166,B1025002_S_4976631478272,0.54425822,brand_unit;legacy_block,
B0846001_S_4976631481166,B1025003_S_4976631478272,0.54425822,brand_unit;legacy_block,
B0846001_S_4976631481166,B1064001_S_4976631478272,0.94330662,brand_unit;legacy_block,
B0846001_S_4976631481166,B1390001_S_ke4976631477589,,brand_unit,
B0846001_S_4976631481166,B1604001_S_4976631481166,1.00000000,brand_unit;exact_ean;legacy_block;packfree_exact,
B0846001_S_4976631481166,B1604002_S_4976631481166,1.00000000,brand_unit;exact_ean;legacy_block;packfree_exact,
B0846001_S_4976631481166,B1694001_S_479361,0.04991552,brand_unit,
B0846001_S_4976631481166,B1694001_S_479385,0.03186630,brand_unit,
B0846001_S_4976631481166,B1694001_S_479408,0.36317297,brand_unit,
B0846001_S_4976631481166,B1694001_S_479439,,brand_unit,
B0846001_S_4976631481166,B1694001_S_479453,0.05457964,brand_unit,
B0846001_S_4976631481166,B1694001_S_482415,0.00101532,brand_unit,
B0846001_S_4976631481166,B1838001_S_4976631481166,1.00000000,brand_unit;exact_ean;legacy_block,
B0846001_S_4976631481166,H5985004_S_481166_4976631481166,1.00000000,brand_unit;exact_ean;legacy_block,
B0846001_S_4976631481166,H6167001_S_4976631478272,0.94330662,brand_unit;legacy_block,
B0846001_S_4976631481166,H6706001_S_cs168539,0.19494149,brand_unit,
B0846001_S_4976631481166,H7096001_S_4976631478272,0.94330662,brand_unit;legacy_block,
B0846001_S_4976631481166,H8424001_S_4976631478272,0.02178653,brand_unit;legacy_block,
B0846001_S_4976631481166,H8424001_S_4976631481166,1.00000000,brand_unit;exact_ean;legacy_block,
B0846001_S_4976631481166,H9125001_S_48200101,0.40903768,brand_unit,
B0846001_S_4976631481166,H9125001_S_48200102,0.54941340,brand_unit,
B0846001_S_4976631481166,H9125001_S_48200103,,brand_unit,
B0846001_S_4976631481166,H9990001_S_544,0.19210954,brand_unit,
B0846001_S_4976631481166,S6478006_S_478272_4976631478272,0.64662724,brand_unit;legacy_block,
B0846001_S_4976631481166,S6478006_S_481166_4976631481166,1.00000000,brand_unit;exact_ean;legacy_block,
B0875001_S_KB-LHZ,H0956010_S_T03-000050,0.97387089,legacy_block,
B0875001_S_KB-LHZ,H0956012_S_T03-000050,0.97387089,legacy_block,
B0875001_S_KB-LHZ,H7343002_S_HK250827JJQT15362RMN01,0.99395018,legacy_block,
B0875001_S_KB-LHZ,H7343003_S_HK250827JJQT15362RMN01,0.99395018,legacy_block,
B0875001_S_KB-LHZ,H7343013_S_HK250827JJQT15362RMN01,0.92797978,legacy_block,
B0875001_S_KB-LHZ,H7343015_S_HK250827JJQT15362RMN01,0.99395018,legacy_block,
B0875001_S_KB-LHZ,H8708001_S_HK0748,0.84221508,legacy_block,
B0875001_S_KB-LHZ,H9822001_S_WW084-MiteSulfurSoap,0.98674450,legacy_block,
B0875001_S_KB-LHZ,S1061001_S_MON-624-153-0000,0.88923599,legacy_block,
B0925001_S_LZW-FZD040002,B1355001_S_LZW-FZD040002,0.99958668,packfree_exact,
B0925001_S_WQL-XZLW0500055,B1615001_S_WQL-XZLW0500055,0.99958668,packfree_exact,
B0939001_S_A1_0949,B1193001_S_H4147_TBD0605821001,0.35419815,legacy_block,
B0939001_S_A1_0949,B1260001_S_H4158_TBD0605821001,0.58905655,legacy_block,
B0939001_S_A1_0949,H7343002_S_HK231214JJQT10097RMN01,0.32339248,legacy_block,
B0939001_S_A1_0949,H7343002_S_HK260107JJQT15884RMN01,,legacy_block,
B0939001_S_A1_0949,H7343003_S_HK230329JJQT06511RMN02,0.47505021,legacy_block,
B0939001_S_A1_0949,H7343003_S_HK231214JJQT10097RMN01,0.32339248,legacy_block,
B0939001_S_A1_0949,H7343003_S_HK260107JJQT15884RMN01,,legacy_block,
B0939001_S_A1_0949,H7343013_S_HK230329JJQT06511RMN02,0.10339528,legacy_block,
B0939001_S_A1_0949,H7343013_S_HK231214JJQT10097RMN01,0.33216140,legacy_block,
B0939001_S_A1_0949,H7343013_S_HK260107JJQT15884RMN01,,legacy_block,
B0939001_S_A1_0949,H7343015_S_HK230329JJQT06511RMN02,0.47505021,legacy_block,
B0939001_S_A1_0949,H7343015_S_HK231214JJQT10097RMN01,0.32339248,legacy_block,
B0939001_S_A1_0949,H7343015_S_HK260107JJQT15884RMN01,,legacy_block,
B0939001_S_A1_0949,H8513001_S_Ehome-0008,,legacy_block,
B0939001_S_A1_0949,H8513001_S_Ehome-0009,0.34773902,legacy_block,
B0939001_S_A1_0949,H8513001_S_Ehome-0010,0.34773902,legacy_block,
B0939001_S_A1_0949,H8513001_S_Ehome-0011,0.34773902,legacy_block,
B0939001_S_A1_0949,H8513001_S_Ehome-0012,0.34773902,legacy_block,
B0939001_S_A1_0949,H8513001_S_Ehome-0158,,legacy_block,
B0939001_S_A1_0949,H8513003_S_Ehome-0008,,legacy_block,
B0939001_S_A1_0949,H8513003_S_Ehome-0009,0.34773902,legacy_block,
B0939001_S_A1_0949,H8513003_S_Ehome-0010,0.34773902,legacy_block,
B0939001_S_A1_0949,H8513003_S_Ehome-0011,0.34773902,legacy_block,
B0939001_S_A1_0949,H8513003_S_Ehome-0012,0.34773902,legacy_block,
B0939001_S_A1_0949,H8513003_S_Ehome-0158,,legacy_block,
B0969001_S_3549620005080,B0969001_S_3549620005097,,brand_unit;legacy_block,
B0969001_S_3549620005080,B0969001_S_3549620005332,0.91121958,brand_unit;legacy_block,
B0969001_S_3549620005080,B0969001_S_3549620005844,0.98075040,brand_unit;legacy_block,
B0969001_S_3549620005080,B0969001_S_3549620005851,0.98687864,brand_unit;legacy_block,
B0969001_S_3549620005080,H0178001_S_LEO-SP-001,,brand_unit,
B0969001_S_3549620005080,H0178001_S_LEO-SP-001A,,brand_unit,
B0969001_S_3549620005080,H0178001_S_LEO-SP-003,,brand_unit,
B0969001_S_3549620005080,H0178001_S_LEO-SP-003A,,brand_unit,
B0969001_S_3549620005080,H0178001_S_LEO-SP-005,0.89603866,brand_unit,
B0969001_S_3549620005080,H0178001_S_LEO-SP-006A,,brand_unit,
B0969001_S_3549620005080,H0178001_S_LEO-SP-012,0.07679702,brand_unit,
B0969001_S_3549620005080,H0178001_S_LEO-SP-026,,brand_unit,
B0969001_S_3549620005097,B0969001_S_3549620005332,,brand_unit;legacy_block,
B0969001_S_3549620005097,B0969001_S_3549620005844,,brand_unit;legacy_block,
B0969001_S_3549620005097,B0969001_S_3549620005851,,brand_unit;legacy_block,
B0969001_S_3549620005097,H0178001_S_LEO-SP-001,,brand_unit,
B0969001_S_3549620005097,H0178001_S_LEO-SP-001A,,brand_unit,
B0969001_S_3549620005097,H0178001_S_LEO-SP-003,,brand_unit,
B0969001_S_3549620005097,H0178001_S_LEO-SP-003A,,brand_unit,
B0969001_S_3549620005097,H0178001_S_LEO-SP-005,,brand_unit,
B0969001_S_3549620005097,H0178001_S_LEO-SP-006A,,brand_unit,
B0969001_S_3549620005097,H0178001_S_LEO-SP-012,0.27612140,brand_unit,
B0969001_S_3549620005097,H0178001_S_LEO-SP-026,0.52889731,brand_unit,
B0969001_S_3549620005332,B0969001_S_3549620005844,0.98875869,brand_unit;legacy_block,
B0969001_S_3549620005332,B0969001_S_3549620005851,0.98772690,brand_unit;legacy_block,
B0969001_S_3549620005332,H0178001_S_LEO-SP-001,,brand_unit,
B0969001_S_3549620005332,H0178001_S_LEO-SP-001A,,brand_unit,
B0969001_S_3549620005332,H0178001_S_LEO-SP-003,,brand_unit,
B0969001_S_3549620005332,H0178001_S_LEO-SP-003A,,brand_unit,
B0969001_S_3549620005332,H0178001_S_LEO-SP-005,0.42828382,brand_unit,
B0969001_S_3549620005332,H0178001_S_LEO-SP-006A,,brand_unit,
B0969001_S_3549620005332,H0178001_S_LEO-SP-012,0.74951020,brand_unit,
B0969001_S_3549620005332,H0178001_S_LEO-SP-026,,brand_unit,
B0969001_S_3549620005844,B0969001_S_3549620005851,0.99513904,brand_unit;legacy_block,
B0969001_S_3549620005844,H0178001_S_LEO-SP-001,,brand_unit,
B0969001_S_3549620005844,H0178001_S_LEO-SP-001A,,brand_unit,
B0969001_S_3549620005844,H0178001_S_LEO-SP-003,,brand_unit,
B0969001_S_3549620005844,H0178001_S_LEO-SP-003A,,brand_unit,
B0969001_S_3549620005844,H0178001_S_LEO-SP-005,0.27133361,brand_unit,
B0969001_S_3549620005844,H0178001_S_LEO-SP-006A,,brand_unit,
B0969001_S_3549620005844,H0178001_S_LEO-SP-012,0.94794366,brand_unit,
B0969001_S_3549620005844,H0178001_S_LEO-SP-026,,brand_unit,
B0969001_S_3549620005851,H0178001_S_LEO-SP-001,,brand_unit,
B0969001_S_3549620005851,H0178001_S_LEO-SP-001A,,brand_unit,
B0969001_S_3549620005851,H0178001_S_LEO-SP-003,,brand_unit,
B0969001_S_3549620005851,H0178001_S_LEO-SP-003A,,brand_unit,
B0969001_S_3549620005851,H0178001_S_LEO-SP-005,0.24608795,brand_unit,
B0969001_S_3549620005851,H0178001_S_LEO-SP-006A,,brand_unit,
B0969001_S_3549620005851,H0178001_S_LEO-SP-012,0.45046661,brand_unit,
B0969001_S_3549620005851,H0178001_S_LEO-SP-026,,brand_unit,
B0969001_S_3549620006001,B0969001_S_3549620006056,,brand_unit;legacy_block,
B0969001_S_3549620006001,H0178001_S_LEO-SP-001A,,brand_unit,
B0969001_S_3549620006001,H0178001_S_LEO-SP-003A,,brand_unit,
B0969001_S_3549620006001,H0178001_S_LEO-SP-006A,0.24753832,brand_unit,
B0969001_S_3549620006056,H0178001_S_LEO-SP-001A,0.18301236,brand_unit,
B0969001_S_3549620006056,H0178001_S_LEO-SP-003A,,brand_unit,
B0969001_S_3549620006056,H0178001_S_LEO-SP-006A,,brand_unit,
B0970001_S_Footcare-blue,B0970001_S_Footcare-green,0.28854843,legacy_block,
B0970001_S_Footcare-blue,B0970001_S_Footcare-orange,0.41082903,legacy_block,
B0970001_S_Footcare-blue,C0088001_S_5936515416955_H,0.23962921,legacy_block,
B0970001_S_Footcare-blue,C0830001_S_5936515416955_H,0.04925505,legacy_block,
B0970001_S_Footcare-green,B0970001_S_Footcare-orange,0.33946583,legacy_block,
B0970001_S_Footcare-green,C0088001_S_5936515416955_H,0.41206936,legacy_block,
B0970001_S_Footcare-green,C0830001_S_5936515416955_H,0.15286882,legacy_block,
B0970001_S_Footcare-orange,C0088001_S_5936515416955_H,0.23962921,legacy_block,
B0970001_S_Footcare-orange,C0830001_S_5936515416955_H,0.04925505,legacy_block,
B0991001_S_10737540101,B0991001_S_10737540201,0.09218364,brand_unit;legacy_block,
B0991001_S_10737540101,B0991001_S_10737540301,0.46173678,brand_unit;legacy_block,
B0991001_S_10737540101,B0991001_S_10737540401,0.11506510,brand_unit;legacy_block,
B0991001_S_10737540101,B0991001_S_10737540601,0.91028277,brand_unit;legacy_block,
B0991001_S_10737540201,B0991001_S_10737540301,0.18670272,brand_unit;legacy_block,
B0991001_S_10737540201,B0991001_S_10737540401,0.42836069,brand_unit;legacy_block,
B0991001_S_10737540201,B0991001_S_10737540601,0.03790707,brand_unit;legacy_block,
B0991001_S_10737540301,B0991001_S_10737540401,0.74085592,brand_unit;legacy_block,
B0991001_S_10737540301,B0991001_S_10737540601,0.26057227,brand_unit;legacy_block,
B0991001_S_10737540401,B0991001_S_10737540601,0.03790707,brand_unit;legacy_block,
B0991001_S_A06760,H9357001_S_4892368001111,0.68489245,brand_unit,
B0991001_S_A06760,H9357001_S_4892368001135,0.94951266,brand_unit,
B0991001_S_A06854,B1025001_S_4976631478272,1.00000000,brand_unit;exact_ean;legacy_block,
B0991001_S_A06854,B1025002_S_4976631478272,1.00000000,brand_unit;exact_ean;legacy_block,
B0991001_S_A06854,B1025003_S_4976631478272,1.00000000,brand_unit;exact_ean;legacy_block,
B0991001_S_A06854,B1064001_S_4976631478272,1.00000000,brand_unit;exact_ean;legacy_block,
B0991001_S_A06854,B1390001_S_ke4976631477589,0.62267084,brand_unit,
B0991001_S_A06854,B1604001_S_4976631481166,0.92254950,brand_unit;legacy_block,
B0991001_S_A06854,B1604002_S_4976631481166,0.92254950,brand_unit;legacy_block,
B0991001_S_A06854,B1694001_S_479361,0.25409532,brand_unit,
B0991001_S_A06854,B1694001_S_479385,0.49094774,brand_unit,
B0991001_S_A06854,B1694001_S_479408,0.42240242,brand_unit,
B0991001_S_A06854,B1694001_S_479439,0.41925124,brand_unit,
B0991001_S_A06854,B1694001_S_479453,0.18952261,brand_unit,
B0991001_S_A06854,B1694001_S_482415,0.01247968,brand_unit,
B0991001_S_A06854,B1838001_S_4976631481166,0.87384087,brand_unit;legacy_block,
B0991001_S_A06854,H5985004_S_481166_4976631481166,0.91815588,brand_unit;legacy_block,
B0991001_S_A06854,H6167001_S_4976631478272,1.00000000,brand_unit;exact_ean;legacy_block,
B0991001_S_A06854,H6706001_S_cs168539,0.82870719,brand_unit,
B0991001_S_A06854,H7096001_S_4976631478272,1.00000000,brand_unit;exact_ean;legacy_block,
B0991001_S_A06854,H8424001_S_4976631478272,1.00000000,brand_unit;exact_ean;legacy_block,
B0991001_S_A06854,H8424001_S_4976631481166,0.91263384,brand_unit;legacy_block,
B0991001_S_A06854,H9125001_S_48200101,0.13741955,brand_unit,
B0991001_S_A06854,H9125001_S_48200102,0.48268186,brand_unit,
B0991001_S_A06854,H9125001_S_48200103,0.56793437,brand_unit,
B0991001_S_A06854,H9990001_S_544,0.87238277,brand_unit,
B0991001_S_A06854,S6478006_S_478272_4976631478272,1.00000000,brand_unit;exact_ean;legacy_block,
B0991001_S_A06854,S6478006_S_481166_4976631481166,0.93450007,brand_unit;legacy_block,
B1023001_S_9349254002042,H5859001_S_ST2804,,brand_unit,
B1023001_S_9349254002042,H5859001_S_ST2805,0.79004065,brand_unit,
B1023001_S_9349254002042,H5859001_S_ST2806,0.55119915,brand_unit,
B1023001_S_9349254002042,H5859001_S_ST2808,,brand_unit,
B1023001_S_9349254002042,H5859001_S_ST2809,0.84185703,brand_unit,
B1023001_S_9349254002042,H5859001_S_ST2810,0.64464993,brand_unit,
B1023001_S_9349254002042,H5859001_S_ST2811,,brand_unit,
B1023001_S_9349254002042,H5859001_S_ST2812,0.84554761,brand_unit,
B1023001_S_9349254002042,H5859001_S_ST2813,0.45062762,brand_unit,
B1023001_S_9349254002042,H5859001_S_ST2815,,brand_unit,
B1023001_S_9349254002042,H5859001_S_ST2816,0.88791331,brand_unit,
B1023001_S_9349254002042,H5859001_S_ST2817,0.70862763,brand_unit,
B1023001_S_9349254002042,H6167001_S_9349254002011,,brand_unit;legacy_block,
B1023001_S_9349254002042,H6167001_S_9349254002028,,brand_unit;legacy_block,
B1023001_S_9349254002042,H6167001_S_9349254002035,,brand_unit;legacy_block,
B1023001_S_9349254002042,H6167001_S_9349254002042,1.00000000,brand_unit;exact_ean;legacy_block,
B1023001_S_9349254002042,H6167001_S_9349254002059,,brand_unit;legacy_block,
B1023001_S_9349254002042,H6167001_S_9349254004053,0.90912049,brand_unit;legacy_block,
B1023001_S_9349254002042,H6167002_S_9349254002011,,brand_unit;legacy_block,
B1023001_S_9349254002042,H6167002_S_9349254002028,,brand_unit;legacy_block,
B1023001_S_9349254002042,H6167002_S_9349254002035,,brand_unit;legacy_block,
B1023001_S_9349254002042,H6167002_S_9349254002042,1.00000000,brand_unit;exact_ean;legacy_block,
B1023001_S_9349254002042,H6167002_S_9349254002059,,brand_unit;legacy_block,
B1023001_S_9349254002042,H6167002_S_9349254004053,0.90912049,brand_unit;legacy_block,
B1023001_S_9349254002042,H6173001_S_GOAT-SOAP-COCONUT,,brand_unit,
B1023001_S_9349254002042,H7096001_S_9349254002011,,brand_unit;legacy_block,
B1023001_S_9349254002042,H7096001_S_9349254002028,,brand_unit;legacy_block,
B1023001_S_9349254002042,H7096001_S_9349254002035,,brand_unit;legacy_block,
B1023001_S_9349254002042,H8347001_S_GOAT-BP02,,brand_unit,
B1023001_S_9349254002042,H8347001_S_GOAT-BP04,,brand_unit;legacy_block,
B1023001_S_9349254002042,H8347001_S_GOAT-BP05,0.33214560,brand_unit,
B1023001_S_9349254002042,H8347001_S_GOAT-BP06,1.00000000,brand_unit;exact_ean;legacy_block,
B1023001_S_9349254002042,H8347001_S_GOAT-BP08,0.37765731,brand_unit;legacy_block,
B1023001_S_9349254002042,H8427001_S_9349254002011,,brand_unit;legacy_block,
B1023001_S_9349254002042,H8427001_S_9349254002028,0.63581007,brand_unit;legacy_block,
B1023001_S_9349254002042,H8427001_S_9349254002035,0.55749702,brand_unit;legacy_block,
B1023001_S_9349254002042,H8427001_S_9349254002042,1.00000000,brand_unit;exact_ean;legacy_block,
B1023001_S_9349254002042,H8427001_S_9349254002059,0.34039647,brand_unit;legacy_block,
B1023001_S_9349254002042,H8427001_S_9349254002066,,brand_unit;legacy_block,
B1023001_S_9349254002042,H8427001_S_9349254004053,0.85266453,brand_unit;legacy_block,
B1023001_S_9349254002042,H8427001_S_9349254006286,0.26654731,brand_unit;legacy_block,
B1023001_S_9349254002042,H9250001_S_A9349254005005,,brand_unit,
B1023001_S_9349254002042,S2232001_S_GOS2011X2,,brand_unit,
B1023001_S_9349254002042,S2232001_S_GOS2028X2,0.52943737,brand_unit,
B1023001_S_9349254002042,S2232001_S_GOS2042X2,1.00000000,brand_unit,
B1023001_S_9349254002042,S2232001_S_GOS2053X2,,brand_unit,
B1023001_S_9349254002042,S2232001_S_GOS2059X2,0.39344136,brand_unit,
B1023001_S_9349254002042,S2232001_S_GOS2066X2,,brand_unit,
B1023001_S_9349254002042,S2232001_S_GOS4053X2,,brand_unit,
B1023001_S_9349254002042,S6258001_S_GOS2011X2,,brand_unit,
B1023001_S_9349254002042,S6258001_S_GOS2028X2,0.52943737,brand_unit,
B1023001_S_9349254002042,S6258001_S_GOS2042X2,1.00000000,brand_unit,
B1023001_S_9349254002042,S6258001_S_GOS2059X2,0.39344136,brand_unit,
B1023001_S_9349254002042,S6375001_S_9349254004053,0.80761154,brand_unit;legacy_block,
B1023001_S_9349254002042,S6375001_S_9349254006286,0.26654731,brand_unit;legacy_block,
B1024001_S_PS_240041,H7880001_S_BT-003,0.08307202,legacy_block,
B1024001_S_PS_240041,H7880001_S_BT-004,0.01389792,legacy_block,
B1024001_S_PS_240041,H7880001_S_BT-005,0.01389792,legacy_block,
B1024001_S_PS_240041,H9357001_S_4897025527393,0.38652890,legacy_block,
B1024001_S_PS_240041,H9564001_S_YH05SS100,0.31390308,legacy_block,
B1024001_S_PS_240041,S1061001_S_MON-624-581-0000,0.52148306,legacy_block,
B1025001_S_4976631478272,B1025002_S_4976631478272,1.00000000,brand_unit;exact_ean;legacy_block;packfree_exact,
B1025001_S_4976631478272,B1025003_S_4976631478272,1.00000000,brand_unit;exact_ean;legacy_block;packfree_exact,
B1025001_S_4976631478272,B1064001_S_4976631478272,1.00000000,brand_unit;exact_ean;legacy_block,
B1025001_S_4976631478272,B1390001_S_ke4976631477589,0.30312939,brand_unit,
B1025001_S_4976631478272,B1604001_S_4976631481166,0.54425822,brand_unit;legacy_block,
B1025001_S_4976631478272,B1604002_S_4976631481166,0.54425822,brand_unit;legacy_block,
B1025001_S_4976631478272,B1694001_S_479361,0.00738194,brand_unit,
B1025001_S_4976631478272,B1694001_S_479385,0.01735136,brand_unit,
B1025001_S_4976631478272,B1694001_S_479408,0.03111340,brand_unit,
B1025001_S_4976631478272,B1694001_S_479439,0.02927681,brand_unit,
B1025001_S_4976631478272,B1694001_S_479453,0.00401546,brand_unit,
B1025001_S_4976631478272,B1694001_S_482415,0.00057915,brand_unit,
B1025001_S_4976631478272,B1838001_S_4976631481166,0.98004513,brand_unit;legacy_block,
B1025001_S_4976631478272,H5985004_S_481166_4976631481166,0.99695554,brand_unit;legacy_block,
B1025001_S_4976631478272,H6167001_S_4976631478272,1.00000000,brand_unit;exact_ean;legacy_block,
B1025001_S_4976631478272,H6706001_S_cs168539,0.34090129,brand_unit,
B1025001_S_4976631478272,H7096001_S_4976631478272,1.00000000,brand_unit;exact_ean;legacy_block,
B1025001_S_4976631478272,H8424001_S_4976631478272,1.00000000,brand_unit;exact_ean;legacy_block,
B1025001_S_4976631478272,H8424001_S_4976631481166,0.98277065,brand_unit;legacy_block,
B1025001_S_4976631478272,H9125001_S_48200101,0.99104260,brand_unit,
B1025001_S_4976631478272,H9125001_S_48200102,0.04268998,brand_unit,
B1025001_S_4976631478272,H9125001_S_48200103,0.01619813,brand_unit,
B1025001_S_4976631478272,H9990001_S_544,0.21765059,brand_unit,
B1025001_S_4976631478272,S6478006_S_478272_4976631478272,1.00000000,brand_unit;exact_ean;legacy_block,
B1025001_S_4976631478272,S6478006_S_481166_4976631481166,0.99930019,brand_unit;legacy_block,
B1025001_S_4976631894225,B1025002_S_4976631894225,1.00000000,brand_unit;exact_ean;legacy_block;packfree_exact,
B1025001_S_4976631894225,B1025003_S_4976631894225,1.00000000,brand_unit;exact_ean;legacy_block;packfree_exact,
B1025001_S_4976631894225,H0967003_S_10215002,1.00000000,exact_ean;legacy_block,
B1025001_S_4976631894225,H9990001_S_352,0.38225377,brand_unit,
B1025002_S_4976631478272,B1025003_S_4976631478272,1.00000000,brand_unit;exact_ean;legacy_block;packfree_exact,
B1025002_S_4976631478272,B1064001_S_4976631478272,1.00000000,brand_unit;exact_ean;legacy_block,
B1025002_S_4976631478272,B1390001_S_ke4976631477589,0.30312939,brand_unit,
B1025002_S_4976631478272,B1604001_S_4976631481166,0.54425822,brand_unit;legacy_block,
B1025002_S_4976631478272,B1604002_S_4976631481166,0.54425822,brand_unit;legacy_block,
B1025002_S_4976631478272,B1694001_S_479361,0.00738194,brand_unit,
B1025002_S_4976631478272,B1694001_S_479385,0.01735136,brand_unit,
B1025002_S_4976631478272,B1694001_S_479408,0.03111340,brand_unit,
B1025002_S_4976631478272,B1694001_S_479439,0.02927681,brand_unit,
B1025002_S_4976631478272,B1694001_S_479453,0.00401546,brand_unit,
B1025002_S_4976631478272,B1694001_S_482415,0.00057915,brand_unit,
B1025002_S_4976631478272,B1838001_S_4976631481166,0.98004513,brand_unit;legacy_block,
B1025002_S_4976631478272,H5985004_S_481166_4976631481166,0.99695554,brand_unit;legacy_block,
B1025002_S_4976631478272,H6167001_S_4976631478272,1.00000000,brand_unit;exact_ean;legacy_block,
B1025002_S_4976631478272,H6706001_S_cs168539,0.34090129,brand_unit,
B1025002_S_4976631478272,H7096001_S_4976631478272,1.00000000,brand_unit;exact_ean;legacy_block,
B1025002_S_4976631478272,H8424001_S_4976631478272,1.00000000,brand_unit;exact_ean;legacy_block,
B1025002_S_4976631478272,H8424001_S_4976631481166,0.98277065,brand_unit;legacy_block,
B1025002_S_4976631478272,H9125001_S_48200101,0.99104260,brand_unit,
B1025002_S_4976631478272,H9125001_S_48200102,0.04268998,brand_unit,
B1025002_S_4976631478272,H9125001_S_48200103,0.01619813,brand_unit,
B1025002_S_4976631478272,H9990001_S_544,0.21765059,brand_unit,
B1025002_S_4976631478272,S6478006_S_478272_4976631478272,1.00000000,brand_unit;exact_ean;legacy_block,
B1025002_S_4976631478272,S6478006_S_481166_4976631481166,0.99930019,brand_unit;legacy_block,
B1025002_S_4976631894225,B1025003_S_4976631894225,1.00000000,brand_unit;exact_ean;legacy_block;packfree_exact,
B1025002_S_4976631894225,H0967003_S_10215002,1.00000000,exact_ean;legacy_block,
B1025002_S_4976631894225,H9990001_S_352,0.38225377,brand_unit,
B1025003_S_4976631478272,B1064001_S_4976631478272,1.00000000,brand_unit;exact_ean;legacy_block,
B1025003_S_4976631478272,B1390001_S_ke4976631477589,0.30312939,brand_unit,
B1025003_S_4976631478272,B1604001_S_4976631481166,0.54425822,brand_unit;legacy_block,
B1025003_S_4976631478272,B1604002_S_4976631481166,0.54425822,brand_unit;legacy_block,
B1025003_S_4976631478272,B1694001_S_479361,0.00738194,brand_unit,
B1025003_S_4976631478272,B1694001_S_479385,0.01735136,brand_unit,
B1025003_S_4976631478272,B1694001_S_479408,0.03111340,brand_unit,
B1025003_S_4976631478272,B1694001_S_479439,0.02927681,brand_unit,
B1025003_S_4976631478272,B1694001_S_479453,0.00401546,brand_unit,
B1025003_S_4976631478272,B1694001_S_482415,0.00057915,brand_unit,
B1025003_S_4976631478272,B1838001_S_4976631481166,0.98004513,brand_unit;legacy_block,
B1025003_S_4976631478272,H5985004_S_481166_4976631481166,0.99695554,brand_unit;legacy_block,
B1025003_S_4976631478272,H6167001_S_4976631478272,1.00000000,brand_unit;exact_ean;legacy_block,
B1025003_S_4976631478272,H6706001_S_cs168539,0.34090129,brand_unit,
B1025003_S_4976631478272,H7096001_S_4976631478272,1.00000000,brand_unit;exact_ean;legacy_block,
B1025003_S_4976631478272,H8424001_S_4976631478272,1.00000000,brand_unit;exact_ean;legacy_block,
B1025003_S_4976631478272,H8424001_S_4976631481166,0.98277065,brand_unit;legacy_block,
B1025003_S_4976631478272,H9125001_S_48200101,0.99104260,brand_unit,
B1025003_S_4976631478272,H9125001_S_48200102,0.04268998,brand_unit,
B1025003_S_4976631478272,H9125001_S_48200103,0.01619813,brand_unit,
B1025003_S_4976631478272,H9990001_S_544,0.21765059,brand_unit,
B1025003_S_4976631478272,S6478006_S_478272_4976631478272,1.00000000,brand_unit;exact_ean;legacy_block,
B1025003_S_4976631478272,S6478006_S_481166_4976631481166,0.99930019,brand_unit;legacy_block,
B1025003_S_4976631894225,H0967003_S_10215002,1.00000000,exact_ean;legacy_block,
B1025003_S_4976631894225,H9990001_S_352,0.38225377,brand_unit,
B1064001_S_4976631478272,B1390001_S_ke4976631477589,0.19488860,brand_unit,
B1064001_S_4976631478272,B1604001_S_4976631481166,0.94634227,brand_unit;legacy_block,
B1064001_S_4976631478272,B1604002_S_4976631481166,0.94634227,brand_unit;legacy_block,
B1064001_S_4976631478272,B1694001_S_479361,0.08470262,brand_unit,
B1064001_S_4976631478272,B1694001_S_479385,0.09733537,brand_unit,
B1064001_S_4976631478272,B1694001_S_479408,0.12231553,brand_unit,
B1064001_S_4976631478272,B1694001_S_479439,0.11573846,brand_unit,
B1064001_S_4976631478272,B1694001_S_479453,0.17893864,brand_unit,
B1064001_S_4976631478272,B1694001_S_482415,0.00243349,brand_unit,
B1064001_S_4976631478272,B1838001_S_4976631481166,0.79202285,brand_unit;legacy_block,
B1064001_S_4976631478272,H5985004_S_481166_4976631481166,0.99564086,brand_unit;legacy_block,
B1064001_S_4976631478272,H6167001_S_4976631478272,1.00000000,brand_unit;exact_ean;legacy_block;packfree_exact,
B1064001_S_4976631478272,H6706001_S_cs168539,0.20067331,brand_unit,
B1064001_S_4976631478272,H7096001_S_4976631478272,1.00000000,brand_unit;exact_ean;legacy_block;packfree_exact,
B1064001_S_4976631478272,H8424001_S_4976631478272,1.00000000,brand_unit;exact_ean;legacy_block,
B1064001_S_4976631478272,H8424001_S_4976631481166,0.73941970,brand_unit;legacy_block,
B1064001_S_4976631478272,H9125001_S_48200101,0.99704292,brand_unit,
B1064001_S_4976631478272,H9125001_S_48200102,0.58999349,brand_unit,
B1064001_S_4976631478272,H9125001_S_48200103,0.53683070,brand_unit,
B1064001_S_4976631478272,H9990001_S_544,0.21301884,brand_unit,
B1064001_S_4976631478272,S6478006_S_478272_4976631478272,1.00000000,brand_unit;exact_ean;legacy_block,
B1064001_S_4976631478272,S6478006_S_481166_4976631481166,0.99945585,brand_unit;legacy_block,
B1064001_S_9312146006602,B1151001_S_THP2249,1.00000000,brand_unit,
B1064001_S_9312146006602,B1151001_S_THP3020,0.96894739,brand_unit,
B1064001_S_9312146006602,H6167001_S_9312146006602,1.00000000,brand_unit;exact_ean;legacy_block;packfree_exact,
B1064001_S_9312146006602,H7096001_S_9312146006602,1.00000000,brand_unit;exact_ean;legacy_block;packfree_exact,
B1064001_S_9312146006602,H7915001_S_9312146006602,1.00000000,brand_unit;exact_ean;legacy_block,
B1064001_S_9312146006602,H8427001_S_9312146006602,1.00000000,brand_unit;exact_ean;legacy_block,
B1064001_S_9312146006602,S2232001_S_TDP06602,0.38310626,brand_unit,
B1064001_S_9312146006602,S6375001_S_9312146006602,1.00000000,brand_unit;exact_ean;legacy_block,
B1064001_S_H195001,H6167001_S_H195001,0.99752197,brand_unit;legacy_block,
B1064001_S_H195001,H7096001_S_H195001,0.99752197,brand_unit;legacy_block,
B1103001_S_YANZSOAP-001-01,B1103001_S_YANZSOAP-002-01,0.79577287,brand_unit;legacy_block,
B1103001_S_YANZSOAP-001-01,B1103001_S_YANZSOAP-003,0.50487500,brand_unit;legacy_block,
B1103001_S_YANZSOAP-001-01,B1103001_S_YANZSOAP-004,0.55962365,brand_unit;legacy_block,
B1103001_S_YANZSOAP-001-01,B1103001_S_YANZSOAP-005,,brand_unit;legacy_block,
B1103001_S_YANZSOAP-002-01,B1103001_S_YANZSOAP-003,0.86249886,brand_unit;legacy_block,
B1103001_S_YANZSOAP-002-01,B1103001_S_YANZSOAP-004,0.86249886,brand_unit;legacy_block,
B1103001_S_YANZSOAP-002-01,B1103001_S_YANZSOAP-005,0.54093649,brand_unit;legacy_block,
B1103001_S_YANZSOAP-003,B1103001_S_YANZSOAP-004,0.91249446,brand_unit;legacy_block,
B1103001_S_YANZSOAP-003,B1103001_S_YANZSOAP-005,0.62253555,brand_unit;legacy_block,
B1103001_S_YANZSOAP-004,B1103001_S_YANZSOAP-005,0.62253555,brand_unit;legacy_block,
B1112001_S_OM02363,C0748001_S_6102613952149_H,0.00369495,legacy_block,
B1112001_S_OM02363,C0748001_S_6103392109070_H,0.00369495,legacy_block,
B1112001_S_OM02363,C0748001_S_6103392277824_H,0.00517930,legacy_block,
B1112001_S_OM02363,C0748001_S_6267514542397_H,0.01133077,legacy_block,
B1112001_S_OM02363,C0748001_S_6267845435401_H,0.00458595,legacy_block,
B1112001_S_OM02363,H6706001_S_cs169985,0.00369495,legacy_block,
B1112001_S_OM02363,S1061001_S_MON-748-027-0000,0.00641500,legacy_block,
B1112001_S_OM02363,S6429001_S_CC8809338505032,0.00915326,legacy_block,
B1125001_S_HERMESDDXZ100g,S2723001_S_A23903,1.00000000,brand_unit,
B1144001_S_Y5464,B1149001_S_50173060038321,0.96939930,brand_unit,
B1144001_S_Y5464,H6167001_S_8901030025464,1.00000000,brand_unit;packfree_exact,
B1144001_S_Y5464,H6729001_S_P0141A,0.89384649,brand_unit;legacy_block,
B1149001_S_50173060038321,H6167001_S_8901030025464,0.96354017,brand_unit,
B1149001_S_50173060038321,H6729001_S_P0141A,0.91666727,brand_unit,
B1149001_S_50173060038321,H9357001_S_5017306008321,,exact_ean,
B1149001_S_8720182256362,C0082001_S_1044638142101_H,0.01600323,brand_unit,
B1149001_S_8720182256362,H5528001_S_DOV256362,0.45435765,brand_unit,
B1149001_S_8720182256362,H5528001_S_DOV256362A,0.45435765,brand_unit,
B1149001_S_8720182256362,H5528001_S_DOV256362B,0.45435765,brand_unit,
B1149001_S_8720182256362,H6401001_S_dovesoap,0.99520732,brand_unit,
B1149001_S_8720182256362,H6729001_S_D0522,0.03164242,brand_unit,
B1149001_S_8720182256362,H8728001_S_8720182256362,1.00000000,brand_unit;exact_ean;legacy_block,
B1149001_S_8720182256362,H9357001_S_8718114047249,1.00000000,brand_unit;exact_ean,
B1149001_S_8720182256362,H9357001_S_8720182256362-1,1.00000000,brand_unit;exact_ean;legacy_block,
B1149001_S_8720182256362,H9564001_S_DO06CB06,1.00000000,brand_unit;exact_ean;legacy_block,
B1149001_S_8720182256362,S2090001_S_4NO5C,,brand_unit,
B1149001_S_8720182256362,S2552001_S_10091DOV_BAR_SOA_MD,0.99900594,brand_unit,
B1149001_S_8720182256362,S2552002_S_10091_HHL,0.99900594,brand_unit,
B1149001_S_8720182256362,S6136001_S_4NO5C,,brand_unit,
B1149001_S_LUX_SOAP,H5528001_S_LUX527716,,brand_unit,
B1149001_S_LUX_SOAP,H5528001_S_LUX527716X2,,brand_unit,
B1149001_S_LUX_SOAP,H6401001_S_luxsoap,0.15459641,brand_unit,
B1149001_S_LUX_SOAP,H6706001_S_cs169865,0.91440258,brand_unit;legacy_block,
B1149001_S_LUX_SOAP,H6706001_S_cs169867,0.99079536,brand_unit;legacy_block,
B1149001_S_LUX_SOAP,H9564001_S_KU05SB06,0.02151936,brand_unit,
B1149001_S_LUX_SOAP,S2090001_S_4NO5A,0.00692192,brand_unit,
B1149001_S_LUX_SOAP,S6136001_S_4NO5A,0.00692192,brand_unit,
B1151001_S_NAJ2345,H5292003_S_SAV01NJ-8,0.50873596,brand_unit,
B1151001_S_NAJ2345,H6141001_S_A076-30,,brand_unit,
B1151001_S_NAJ2345,H6141001_S_A076-40,0.87071099,brand_unit,
B1151001_S_NAJ2345,H6300002_S_BWNJL-4,,brand_unit,
B1151001_S_NAJ2345,H6300002_S_BWNJL-5A,,brand_unit,
B1151001_S_NAJ2345,S6324001_S_nj-aleppo12,,brand_unit,
B1151001_S_NAJ2345,S6324001_S_nj-aleppo40,,brand_unit,
B1151001_S_THP2249,B1151001_S_THP3020,1.00000000,brand_unit;legacy_block,
B1151001_S_THP2249,H6167001_S_9312146006602,1.00000000,brand_unit,
B1151001_S_THP2249,H7096001_S_9312146006602,1.00000000,brand_unit,
B1151001_S_THP2249,H7915001_S_9312146006602,0.86874304,brand_unit,
B1151001_S_THP2249,H8427001_S_9312146006602,1.00000000,brand_unit,
B1151001_S_THP2249,S2232001_S_TDP06602,0.88647872,brand_unit;legacy_block,
B1151001_S_THP2249,S6375001_S_9312146006602,1.00000000,brand_unit,
B1151001_S_THP3020,H6167001_S_9312146006602,0.96894739,brand_unit,
B1151001_S_THP3020,H7096001_S_9312146006602,0.96894739,brand_unit,
B1151001_S_THP3020,H7915001_S_9312146006602,0.96409679,brand_unit,
B1151001_S_THP3020,H8427001_S_9312146006602,0.62733484,brand_unit,
B1151001_S_THP3020,S2232001_S_TDP06602,0.92824872,brand_unit;legacy_block,
B1151001_S_THP3020,S6375001_S_9312146006602,0.62733484,brand_unit,
B1193001_S_H4147_TBD0604585101A,H8513003_S_Ehome-2011,,legacy_block,
B1193001_S_H4147_TBD0604585101A,H8513003_S_Ehome-2012,,legacy_block,
B1193001_S_H4147_TBD0604585101A,S1061001_S_MON-748-027-0000,,legacy_block,
B1193001_S_H4147_TBD0604665503,B1260001_S_H4158_TBD0604665503,0.19541495,legacy_block,
B1193001_S_H4147_TBD0604665503,C0178001_S_XZZ01,0.00282397,legacy_block,
B1193001_S_H4147_TBD0604665503,C0185001_S_5819649424364_H,0.00381524,legacy_block,
B1193001_S_H4147_TBD0604665503,C0185001_S_5876183696240_H,0.00645195,legacy_block,
B1193001_S_H4147_TBD0604665503,C0185001_S_5876585208844_H,0.04442774,legacy_block,
B1193001_S_H4147_TBD0604665503,C0185001_S_5877738757083_H,0.00283194,legacy_block,
B1193001_S_H4147_TBD0604665503,C0185001_S_944295097981_H,0.01782786,legacy_block,
B1193001_S_H4147_TBD0604665503,C0631001_S_12414451169,0.39977099,legacy_block,
B1193001_S_H4147_TBD0604665503,C0631001_S_12414451577,0.18255442,legacy_block,
B1193001_S_H4147_TBD0604665503,C0631001_S_12414452074,0.44627435,legacy_block,
B1193001_S_H4147_TBD0604665503,C0631001_S_12414453935,0.01557326,legacy_block,
B1193001_S_H4147_TBD0604665503,C0748001_S_6102613952149_H,0.02536759,legacy_block,
B1193001_S_H4147_TBD0604665503,C0748001_S_6103392109070_H,0.01521552,legacy_block,
B1193001_S_H4147_TBD0604665503,C0748001_S_6103392277824_H,0.02085201,legacy_block,
B1193001_S_H4147_TBD0604665503,C0748001_S_6267514542397_H,0.02375217,legacy_block,
B1193001_S_H4147_TBD0604665503,C0748001_S_6267845435401_H,0.01618969,legacy_block,
B1193001_S_H4147_TBD0604665503,H6706001_S_cs169985,0.00896066,legacy_block,
B1193001_S_H4147_TBD0604665503,H7343002_S_HK230502JJQT07214RMN05,0.03192673,legacy_block,
B1193001_S_H4147_TBD0604665503,H7343003_S_HK230502JJQT07214RMN05,0.03192673,legacy_block,
B1193001_S_H4147_TBD0604665503,H7343013_S_HK230502JJQT07214RMN05,0.03192673,legacy_block,
B1193001_S_H4147_TBD0604665503,H7343015_S_HK230502JJQT07214RMN05,0.03192673,legacy_block,
B1193001_S_H4147_TBD0604665503,H7420001_S_MASKHOME-485,0.00428041,legacy_block,
B1193001_S_H4147_TBD0604665503,S1061001_S_MON-748-027-0000,0.00569248,legacy_block,
B1193001_S_H4147_TBD0605821001,B1260001_S_H4158_TBD0605821001,0.99648612,legacy_block,
B1193001_S_H4147_TBD0605821001,H7343002_S_HK231214JJQT10097RMN01,0.94368348,legacy_block,
B1193001_S_H4147_TBD0605821001,H7343002_S_HK260107JJQT15884RMN01,0.93813821,legacy_block,
B1193001_S_H4147_TBD0605821001,H7343003_S_HK230329JJQT06511RMN02,0.55497297,legacy_block,
B1193001_S_H4147_TBD0605821001,H7343003_S_HK231214JJQT10097RMN01,0.94368348,legacy_block,
B1193001_S_H4147_TBD0605821001,H7343003_S_HK260107JJQT15884RMN01,0.93813821,legacy_block,
B1193001_S_H4147_TBD0605821001,H7343013_S_HK230329JJQT06511RMN02,0.54507994,legacy_block,
B1193001_S_H4147_TBD0605821001,H7343013_S_HK231214JJQT10097RMN01,0.65159600,legacy_block,
B1193001_S_H4147_TBD0605821001,H7343013_S_HK260107JJQT15884RMN01,0.08232120,legacy_block,
B1193001_S_H4147_TBD0605821001,H7343015_S_HK230329JJQT06511RMN02,0.55497297,legacy_block,
B1193001_S_H4147_TBD0605821001,H7343015_S_HK231214JJQT10097RMN01,0.94368348,legacy_block,
B1193001_S_H4147_TBD0605821001,H7343015_S_HK260107JJQT15884RMN01,0.93813821,legacy_block,
B1193001_S_H4147_TBD0605821001,H8513001_S_Ehome-0008,0.93813821,legacy_block,
B1193001_S_H4147_TBD0605821001,H8513001_S_Ehome-0009,,legacy_block,
B1193001_S_H4147_TBD0605821001,H8513001_S_Ehome-0010,0.93813821,legacy_block,
B1193001_S_H4147_TBD0605821001,H8513001_S_Ehome-0011,0.93849900,legacy_block,
B1193001_S_H4147_TBD0605821001,H8513001_S_Ehome-0012,0.93813821,legacy_block,
B1193001_S_H4147_TBD0605821001,H8513001_S_Ehome-0158,0.93813821,legacy_block,
B1193001_S_H4147_TBD0605821001,H8513003_S_Ehome-0008,0.93813821,legacy_block,
B1193001_S_H4147_TBD0605821001,H8513003_S_Ehome-0009,,legacy_block,
B1193001_S_H4147_TBD0605821001,H8513003_S_Ehome-0010,0.93813821,legacy_block,
B1193001_S_H4147_TBD0605821001,H8513003_S_Ehome-0011,0.93849900,legacy_block,
B1193001_S_H4147_TBD0605821001,H8513003_S_Ehome-0012,0.93813821,legacy_block,
B1193001_S_H4147_TBD0605821001,H8513003_S_Ehome-0158,0.93813821,legacy_block,
B1260001_S_H4158_TBD0604665503,C0178001_S_XZZ01,0.00257148,legacy_block,
B1260001_S_H4158_TBD0604665503,C0185001_S_5819649424364_H,0.00205202,legacy_block,
B1260001_S_H4158_TBD0604665503,C0185001_S_5876183696240_H,0.00297585,legacy_block,
B1260001_S_H4158_TBD0604665503,C0185001_S_5876585208844_H,0.00937966,legacy_block,
B1260001_S_H4158_TBD0604665503,C0185001_S_5877738757083_H,0.00225742,legacy_block,
B1260001_S_H4158_TBD0604665503,C0185001_S_944295097981_H,0.01213212,legacy_block,
B1260001_S_H4158_TBD0604665503,C0631001_S_12414451169,0.17545630,legacy_block,
B1260001_S_H4158_TBD0604665503,C0631001_S_12414451577,0.11203835,legacy_block,
B1260001_S_H4158_TBD0604665503,C0631001_S_12414452074,0.10606026,legacy_block,
B1260001_S_H4158_TBD0604665503,C0631001_S_12414453935,0.05443552,legacy_block,
B1260001_S_H4158_TBD0604665503,C0748001_S_6102613952149_H,0.00547997,legacy_block,
B1260001_S_H4158_TBD0604665503,C0748001_S_6103392109070_H,0.00952142,legacy_block,
B1260001_S_H4158_TBD0604665503,C0748001_S_6103392277824_H,0.01367311,legacy_block,
B1260001_S_H4158_TBD0604665503,C0748001_S_6267514542397_H,0.16211660,legacy_block,
B1260001_S_H4158_TBD0604665503,C0748001_S_6267845435401_H,0.01436865,legacy_block,
B1260001_S_H4158_TBD0604665503,H6706001_S_cs169985,0.01061240,legacy_block,
B1260001_S_H4158_TBD0604665503,H7343002_S_HK230502JJQT07214RMN05,0.00155274,legacy_block,
B1260001_S_H4158_TBD0604665503,H7343003_S_HK230502JJQT07214RMN05,0.00155274,legacy_block,
B1260001_S_H4158_TBD0604665503,H7343013_S_HK230502JJQT07214RMN05,0.00155274,legacy_block,
B1260001_S_H4158_TBD0604665503,H7343015_S_HK230502JJQT07214RMN05,0.00155274,legacy_block,
B1260001_S_H4158_TBD0604665503,H7420001_S_MASKHOME-485,0.00934232,legacy_block,
B1260001_S_H4158_TBD0604665503,S1061001_S_MON-748-027-0000,0.00602540,legacy_block,
B1260001_S_H4158_TBD0605821001,H7343002_S_HK231214JJQT10097RMN01,0.32269470,legacy_block,
B1260001_S_H4158_TBD0605821001,H7343002_S_HK260107JJQT15884RMN01,0.82181844,legacy_block,
B1260001_S_H4158_TBD0605821001,H7343003_S_HK230329JJQT06511RMN02,0.80912205,legacy_block,
B1260001_S_H4158_TBD0605821001,H7343003_S_HK231214JJQT10097RMN01,0.32269470,legacy_block,
B1260001_S_H4158_TBD0605821001,H7343003_S_HK260107JJQT15884RMN01,0.82181844,legacy_block,
B1260001_S_H4158_TBD0605821001,H7343013_S_HK230329JJQT06511RMN02,0.75963561,legacy_block,
B1260001_S_H4158_TBD0605821001,H7343013_S_HK231214JJQT10097RMN01,0.48146623,legacy_block,
B1260001_S_H4158_TBD0605821001,H7343013_S_HK260107JJQT15884RMN01,0.24370460,legacy_block,
B1260001_S_H4158_TBD0605821001,H7343015_S_HK230329JJQT06511RMN02,0.80912205,legacy_block,
B1260001_S_H4158_TBD0605821001,H7343015_S_HK231214JJQT10097RMN01,0.32269470,legacy_block,
B1260001_S_H4158_TBD0605821001,H7343015_S_HK260107JJQT15884RMN01,0.82181844,legacy_block,
B1260001_S_H4158_TBD0605821001,H8513001_S_Ehome-0008,0.82181844,legacy_block,
B1260001_S_H4158_TBD0605821001,H8513001_S_Ehome-0009,,legacy_block,
B1260001_S_H4158_TBD0605821001,H8513001_S_Ehome-0010,0.82181844,legacy_block,
B1260001_S_H4158_TBD0605821001,H8513001_S_Ehome-0011,0.79694837,legacy_block,
B1260001_S_H4158_TBD0605821001,H8513001_S_Ehome-0012,0.82181844,legacy_block,
B1260001_S_H4158_TBD0605821001,H8513001_S_Ehome-0158,0.82181844,legacy_block,
B1260001_S_H4158_TBD0605821001,H8513003_S_Ehome-0008,0.82181844,legacy_block,
B1260001_S_H4158_TBD0605821001,H8513003_S_Ehome-0009,,legacy_block,
B1260001_S_H4158_TBD0605821001,H8513003_S_Ehome-0010,0.82181844,legacy_block,
B1260001_S_H4158_TBD0605821001,H8513003_S_Ehome-0011,0.79694837,legacy_block,
B1260001_S_H4158_TBD0605821001,H8513003_S_Ehome-0012,0.82181844,legacy_block,
B1260001_S_H4158_TBD0605821001,H8513003_S_Ehome-0158,0.82181844,legacy_block,
B1307001_S_MADAMEHENG_011591_2,B1307002_S_MADAMEHENG_011591_2,1.00000000,brand_unit;legacy_block;packfree_exact,
B1390001_S_ke4976631477589,B1604001_S_4976631481166,,brand_unit,
B1390001_S_ke4976631477589,B1604002_S_4976631481166,,brand_unit,
B1390001_S_ke4976631477589,B1694001_S_479361,0.01600323,brand_unit;legacy_block,
B1390001_S_ke4976631477589,B1694001_S_479385,0.14996672,brand_unit;legacy_block,
B1390001_S_ke4976631477589,B1694001_S_479408,0.22699573,brand_unit;legacy_block,
B1390001_S_ke4976631477589,B1694001_S_479439,0.19380356,brand_unit;legacy_block,
B1390001_S_ke4976631477589,B1694001_S_479453,0.23057912,brand_unit;legacy_block,
B1390001_S_ke4976631477589,B1694001_S_482415,0.00128711,brand_unit,
B1390001_S_ke4976631477589,B1838001_S_4976631481166,,brand_unit,
B1390001_S_ke4976631477589,H5985004_S_481166_4976631481166,0.28863508,brand_unit,
B1390001_S_ke4976631477589,H6167001_S_4976631478272,0.19488860,brand_unit,
B1390001_S_ke4976631477589,H6706001_S_cs168539,0.18483404,brand_unit;legacy_block,
B1390001_S_ke4976631477589,H7096001_S_4976631478272,0.19488860,brand_unit,
B1390001_S_ke4976631477589,H8424001_S_4976631478272,0.54197127,brand_unit,
B1390001_S_ke4976631477589,H8424001_S_4976631481166,0.18518570,brand_unit,
B1390001_S_ke4976631477589,H9125001_S_48200101,0.01820553,brand_unit;legacy_block,
B1390001_S_ke4976631477589,H9125001_S_48200102,0.11987989,brand_unit;legacy_block,
B1390001_S_ke4976631477589,H9125001_S_48200103,0.84550498,brand_unit;legacy_block,
B1390001_S_ke4976631477589,H9990001_S_544,0.42644540,brand_unit;legacy_block,
B1390001_S_ke4976631477589,S6478006_S_478272_4976631478272,0.87375231,brand_unit,
B1390001_S_ke4976631477589,S6478006_S_481166_4976631481166,0.80482128,brand_unit,
B1395001_S_NL_soap01_100,H8461001_S_NL0004,0.96941979,brand_unit;legacy_block,
B1401001_S_007-02-513315,B1401001_S_007-02-523315,0.01789289,brand_unit;legacy_block,
B1401001_S_007-02-513315,B1401001_S_007-02-533315,0.00599248,brand_unit;legacy_block,
B1401001_S_007-02-513315,B1401001_S_007-02-543315,0.00416425,brand_unit;legacy_block,
B1401001_S_007-02-523315,B1401001_S_007-02-533315,0.00683092,brand_unit;legacy_block,
B1401001_S_007-02-523315,B1401001_S_007-02-543315,0.00540058,brand_unit;legacy_block,
B1401001_S_007-02-533315,B1401001_S_007-02-543315,0.00973724,brand_unit;legacy_block,
B1419001_S_SKIN-3616305446435,B1908001_S_Chloe123,0.12818205,brand_unit;legacy_block,
B1465002_S_CBSS001,B1465002_S_CBSS002,0.93060458,brand_unit;legacy_block,
B1465002_S_CBSS001,B1465002_S_CBSS003,0.93060458,brand_unit;legacy_block,
B1465002_S_CBSS001,B1465002_S_CBSS004,0.93060458,brand_unit;legacy_block,
B1465002_S_CBSS002,B1465002_S_CBSS003,0.89035993,brand_unit;legacy_block,
B1465002_S_CBSS002,B1465002_S_CBSS004,0.89035993,brand_unit;legacy_block,
B1465002_S_CBSS003,B1465002_S_CBSS004,0.89035993,brand_unit;legacy_block,
B1506001_S_8852086002780,B1506001_S_8852086002797,0.48659691,brand_unit;legacy_block,
B1506001_S_8852086002780,H7142001_S_196491,0.27145127,brand_unit,
B1506001_S_8852086002780,H7142002_S_196491,0.27145127,brand_unit,
B1506001_S_8852086002780,H7142003_S_196491,0.27145127,brand_unit,
B1506001_S_8852086002780,H7273001_S_8852086002780,1.00000000,brand_unit;exact_ean;legacy_block;packfree_exact,
B1506001_S_8852086002780,H7273001_S_8852086002797,0.48659691,brand_unit;legacy_block,
B1506001_S_8852086002780,H8196001_S_8852086922385,1.00000000,brand_unit;exact_ean;legacy_block,
B1506001_S_8852086002780,H8196001_S_885208692239,0.97458961,brand_unit;legacy_block,
B1506001_S_8852086002780,H8424001_S_8852086922385,0.29626514,brand_unit;legacy_block,
B1506001_S_8852086002780,H8424001_S_8852086922392,0.32768247,brand_unit;legacy_block,
B1506001_S_8852086002780,H8765001_S_25392,0.83428985,brand_unit;legacy_block,
B1506001_S_8852086002797,H7142001_S_196491,0.98728941,brand_unit,
B1506001_S_8852086002797,H7142002_S_196491,0.98728941,brand_unit,
B1506001_S_8852086002797,H7142003_S_196491,0.98728941,brand_unit,
B1506001_S_8852086002797,H7273001_S_8852086002780,0.48659691,brand_unit;legacy_block,
B1506001_S_8852086002797,H7273001_S_8852086002797,1.00000000,brand_unit;exact_ean;legacy_block;packfree_exact,
B1506001_S_8852086002797,H8196001_S_8852086922385,,brand_unit;legacy_block,
B1506001_S_8852086002797,H8196001_S_885208692239,1.00000000,brand_unit;exact_ean;legacy_block,
B1506001_S_8852086002797,H8424001_S_8852086922385,,brand_unit;legacy_block,
B1506001_S_8852086002797,H8424001_S_8852086922392,1.00000000,brand_unit;legacy_block,
B1506001_S_8852086002797,H8765001_S_25392,1.00000000,brand_unit;exact_ean;legacy_block,
B1545001_S_8850299017621_2,B1545001_S_8850299017638_2,0.01932368,brand_unit;legacy_block,
B1545001_S_8853502015483,B1545001_S_8853502015636,0.92853082,brand_unit;legacy_block,
B1583001_S_809280018565,B1583001_S_809280018572,,brand_unit;legacy_block,
B1583001_S_809280018565,B1583001_S_809280018619,,brand_unit;legacy_block,
B1583001_S_809280018565,H5621001_S_71465,0.36838494,brand_unit;legacy_block,
B1583001_S_809280018565,H5621001_S_79678,0.13127046,brand_unit;legacy_block,
B1583001_S_809280018565,H5627001_S_809280018619,,brand_unit;legacy_block,
B1583001_S_809280018565,H5859001_S_ST3136,,brand_unit;legacy_block,
B1583001_S_809280018565,H5859001_S_ST3717,,brand_unit;legacy_block,
B1583001_S_809280018565,H5985001_S_018565_809280018565,0.99891688,brand_unit;legacy_block,
B1583001_S_809280018565,H8976001_S_809280018565,0.98357338,brand_unit;legacy_block,
B1583001_S_809280018565,H8976001_S_809280018572,,brand_unit;legacy_block,
B1583001_S_809280018565,H8976001_S_809280018602,0.78641386,brand_unit;legacy_block,
B1583001_S_809280018565,H8976001_S_809280018619,,brand_unit;legacy_block,
B1583001_S_809280018572,B1583001_S_809280018619,,brand_unit;legacy_block,
B1583001_S_809280018572,H5621001_S_71465,0.11591855,brand_unit;legacy_block,
B1583001_S_809280018572,H5621001_S_79678,0.13127046,brand_unit;legacy_block,
B1583001_S_809280018572,H5627001_S_809280018619,,brand_unit;legacy_block,
B1583001_S_809280018572,H5859001_S_ST3136,0.82799925,brand_unit;legacy_block,
B1583001_S_809280018572,H5859001_S_ST3717,,brand_unit;legacy_block,
B1583001_S_809280018572,H5985001_S_018565_809280018565,,brand_unit;legacy_block,
B1583001_S_809280018572,H8976001_S_809280018565,,brand_unit;legacy_block,
B1583001_S_809280018572,H8976001_S_809280018572,0.96814294,brand_unit;legacy_block,
B1583001_S_809280018572,H8976001_S_809280018602,0.74007755,brand_unit;legacy_block,
B1583001_S_809280018572,H8976001_S_809280018619,,brand_unit;legacy_block,
B1583001_S_809280018619,H5621001_S_71465,0.11591855,brand_unit;legacy_block,
B1583001_S_809280018619,H5621001_S_79678,0.13127046,brand_unit;legacy_block,
B1583001_S_809280018619,H5627001_S_809280018619,0.99432398,brand_unit;legacy_block,
B1583001_S_809280018619,H5859001_S_ST3136,,brand_unit;legacy_block,
B1583001_S_809280018619,H5859001_S_ST3717,0.99016257,brand_unit;legacy_block,
B1583001_S_809280018619,H5985001_S_018565_809280018565,,brand_unit;legacy_block,
B1583001_S_809280018619,H8976001_S_809280018565,,brand_unit;legacy_block,
B1583001_S_809280018619,H8976001_S_809280018572,,brand_unit;legacy_block,
B1583001_S_809280018619,H8976001_S_809280018602,0.74007755,brand_unit;legacy_block,
B1583001_S_809280018619,H8976001_S_809280018619,0.98259953,brand_unit;legacy_block,
B1589001_S_liuhuangzao,B1589001_S_meiguixiangzao,0.00681461,brand_unit;legacy_block,
B1589001_S_liuhuangzao,B1589001_S_nanshixiangzao,0.00446600,brand_unit;legacy_block,
B1589001_S_meiguixiangzao,B1589001_S_nanshixiangzao,0.01695904,brand_unit;legacy_block,
B1604001_S_4976631481166,B1604002_S_4976631481166,1.00000000,brand_unit;exact_ean;legacy_block;packfree_exact,
B1604001_S_4976631481166,B1694001_S_479361,0.04991552,brand_unit,
B1604001_S_4976631481166,B1694001_S_479385,0.03186630,brand_unit,
B1604001_S_4976631481166,B1694001_S_479408,0.36317297,brand_unit,
B1604001_S_4976631481166,B1694001_S_479439,,brand_unit,
B1604001_S_4976631481166,B1694001_S_479453,0.06030022,brand_unit,
B1604001_S_4976631481166,B1694001_S_482415,0.00104745,brand_unit,
B1604001_S_4976631481166,B1838001_S_4976631481166,1.00000000,brand_unit;exact_ean;legacy_block,
B1604001_S_4976631481166,H5985004_S_481166_4976631481166,1.00000000,brand_unit;exact_ean;legacy_block,
B1604001_S_4976631481166,H6167001_S_4976631478272,0.94634227,brand_unit;legacy_block,
B1604001_S_4976631481166,H6706001_S_cs168539,0.19494149,brand_unit,
B1604001_S_4976631481166,H7096001_S_4976631478272,0.94634227,brand_unit;legacy_block,
B1604001_S_4976631481166,H8424001_S_4976631478272,0.01585545,brand_unit;legacy_block,
B1604001_S_4976631481166,H8424001_S_4976631481166,1.00000000,brand_unit;exact_ean;legacy_block,
B1604001_S_4976631481166,H9125001_S_48200101,0.40903768,brand_unit,
B1604001_S_4976631481166,H9125001_S_48200102,0.54941340,brand_unit,
B1604001_S_4976631481166,H9125001_S_48200103,,brand_unit,
B1604001_S_4976631481166,H9990001_S_544,0.15457021,brand_unit,
B1604001_S_4976631481166,S6478006_S_478272_4976631478272,0.64662724,brand_unit;legacy_block,
B1604001_S_4976631481166,S6478006_S_481166_4976631481166,1.00000000,brand_unit;exact_ean;legacy_block,
B1604001_S_4987072029022,B1604002_S_4987072029022,1.00000000,brand_unit;exact_ean;legacy_block;packfree_exact,
B1604002_S_4976631481166,B1694001_S_479361,0.04991552,brand_unit,
B1604002_S_4976631481166,B1694001_S_479385,0.03186630,brand_unit,
B1604002_S_4976631481166,B1694001_S_479408,0.36317297,brand_unit,
B1604002_S_4976631481166,B1694001_S_479439,,brand_unit,
B1604002_S_4976631481166,B1694001_S_479453,0.06030022,brand_unit,
B1604002_S_4976631481166,B1694001_S_482415,0.00104745,brand_unit,
B1604002_S_4976631481166,B1838001_S_4976631481166,1.00000000,brand_unit;exact_ean;legacy_block,
B1604002_S_4976631481166,H5985004_S_481166_4976631481166,1.00000000,brand_unit;exact_ean;legacy_block,
B1604002_S_4976631481166,H6167001_S_4976631478272,0.94634227,brand_unit;legacy_block,
B1604002_S_4976631481166,H6706001_S_cs168539,0.19494149,brand_unit,
B1604002_S_4976631481166,H7096001_S_4976631478272,0.94634227,brand_unit;legacy_block,
B1604002_S_4976631481166,H8424001_S_4976631478272,0.01585545,brand_unit;legacy_block,
B1604002_S_4976631481166,H8424001_S_4976631481166,1.00000000,brand_unit;exact_ean;legacy_block,
B1604002_S_4976631481166,H9125001_S_48200101,0.40903768,brand_unit,
B1604002_S_4976631481166,H9125001_S_48200102,0.54941340,brand_unit,
B1604002_S_4976631481166,H9125001_S_48200103,,brand_unit,
B1604002_S_4976631481166,H9990001_S_544,0.15457021,brand_unit,
B1604002_S_4976631481166,S6478006_S_478272_4976631478272,0.64662724,brand_unit;legacy_block,
B1604002_S_4976631481166,S6478006_S_481166_4976631481166,1.00000000,brand_unit;exact_ean;legacy_block,
B1694001_S_383011,H6300002_S_BWCOW-25A,0.00136437,brand_unit,
B1694001_S_383011,H9990001_S_529,0.43130947,brand_unit;legacy_block,
B1694001_S_383011,H9990001_S_557,0.44715003,brand_unit;legacy_block,
B1694001_S_383011,S2214001_S_RW383035,0.46325200,brand_unit;legacy_block,
B1694001_S_479361,B1694001_S_479385,0.19217561,brand_unit;legacy_block,
B1694001_S_479361,B1694001_S_479408,0.07944313,brand_unit;legacy_block,
B1694001_S_479361,B1694001_S_479439,0.08041099,brand_unit;legacy_block,
B1694001_S_479361,B1694001_S_479453,0.20678456,brand_unit;legacy_block,
B1694001_S_479361,B1694001_S_482415,0.00599705,brand_unit,
B1694001_S_479361,B1838001_S_4976631481166,0.03217550,brand_unit,
B1694001_S_479361,H5985004_S_481166_4976631481166,0.04966153,brand_unit,
B1694001_S_479361,H6167001_S_4976631478272,0.08470262,brand_unit,
B1694001_S_479361,H6706001_S_cs168539,0.03448614,brand_unit;legacy_block,
B1694001_S_479361,H7096001_S_4976631478272,0.08470262,brand_unit,
B1694001_S_479361,H8424001_S_4976631478272,0.01600323,brand_unit,
B1694001_S_479361,H8424001_S_4976631481166,0.04991552,brand_unit,
B1694001_S_479361,H9125001_S_48200101,0.08913404,brand_unit;legacy_block,
B1694001_S_479361,H9125001_S_48200102,0.08913404,brand_unit;legacy_block,
B1694001_S_479361,H9125001_S_48200103,0.08913404,brand_unit;legacy_block,
B1694001_S_479361,H9990001_S_544,0.01991068,brand_unit;legacy_block,
B1694001_S_479361,S6478006_S_478272_4976631478272,0.32265524,brand_unit,
B1694001_S_479361,S6478006_S_481166_4976631481166,0.30508668,brand_unit,
B1694001_S_479385,B1694001_S_479408,0.06119676,brand_unit;legacy_block,
B1694001_S_479385,B1694001_S_479439,0.06078115,brand_unit;legacy_block,
B1694001_S_479385,B1694001_S_479453,0.17893864,brand_unit;legacy_block,
B1694001_S_479385,B1694001_S_482415,0.00203708,brand_unit,
B1694001_S_479385,B1838001_S_4976631481166,0.04838780,brand_unit,
B1694001_S_479385,H5985004_S_481166_4976631481166,0.04162521,brand_unit,
B1694001_S_479385,H6167001_S_4976631478272,0.09733537,brand_unit,
B1694001_S_479385,H6706001_S_cs168539,0.04624172,brand_unit;legacy_block,
B1694001_S_479385,H7096001_S_4976631478272,0.09733537,brand_unit,
B1694001_S_479385,H8424001_S_4976631478272,0.01820553,brand_unit,
B1694001_S_479385,H8424001_S_4976631481166,0.13944343,brand_unit,
B1694001_S_479385,H9125001_S_48200101,0.05203992,brand_unit;legacy_block,
B1694001_S_479385,H9125001_S_48200102,0.08883064,brand_unit;legacy_block,
B1694001_S_479385,H9125001_S_48200103,0.13260143,brand_unit;legacy_block,
B1694001_S_479385,H9990001_S_544,0.28405306,brand_unit;legacy_block,
B1694001_S_479385,S6478006_S_478272_4976631478272,0.27422408,brand_unit,
B1694001_S_479385,S6478006_S_481166_4976631481166,0.46291088,brand_unit,
B1694001_S_479408,B1694001_S_479439,0.55366372,brand_unit;legacy_block,
B1694001_S_479408,B1694001_S_479453,0.12568668,brand_unit;legacy_block,
B1694001_S_479408,B1694001_S_482415,0.00247913,brand_unit,
B1694001_S_479408,B1838001_S_4976631481166,0.46027825,brand_unit,
B1694001_S_479408,H5985004_S_481166_4976631481166,0.06917811,brand_unit,
B1694001_S_479408,H6167001_S_4976631478272,0.12231553,brand_unit,
B1694001_S_479408,H6706001_S_cs168539,0.04110333,brand_unit;legacy_block,
B1694001_S_479408,H7096001_S_4976631478272,0.12231553,brand_unit,
B1694001_S_479408,H8424001_S_4976631478272,0.01820553,brand_unit,
B1694001_S_479408,H8424001_S_4976631481166,0.04162521,brand_unit,
B1694001_S_479408,H9125001_S_48200101,0.05745764,brand_unit;legacy_block,
B1694001_S_479408,H9125001_S_48200102,0.08883064,brand_unit;legacy_block,
B1694001_S_479408,H9125001_S_48200103,0.06012401,brand_unit;legacy_block,
B1694001_S_479408,H9990001_S_544,0.20172915,brand_unit;legacy_block,
B1694001_S_479408,S6478006_S_478272_4976631478272,0.69685577,brand_unit,
B1694001_S_479408,S6478006_S_481166_4976631481166,0.32768247,brand_unit,
B1694001_S_479439,B1694001_S_479453,0.12568668,brand_unit;legacy_block,
B1694001_S_479439,B1694001_S_482415,0.00247913,brand_unit,
B1694001_S_479439,B1838001_S_4976631481166,,brand_unit,
B1694001_S_479439,H5985004_S_481166_4976631481166,0.06254777,brand_unit,
B1694001_S_479439,H6167001_S_4976631478272,0.11573846,brand_unit,
B1694001_S_479439,H6706001_S_cs168539,0.04162521,brand_unit;legacy_block,
B1694001_S_479439,H7096001_S_4976631478272,0.11573846,brand_unit,
B1694001_S_479439,H8424001_S_4976631478272,0.02016172,brand_unit,
B1694001_S_479439,H8424001_S_4976631481166,0.04162521,brand_unit,
B1694001_S_479439,H9125001_S_48200101,0.05745764,brand_unit;legacy_block,
B1694001_S_479439,H9125001_S_48200102,0.08883064,brand_unit;legacy_block,
B1694001_S_479439,H9125001_S_48200103,0.05745764,brand_unit;legacy_block,
B1694001_S_479439,H9990001_S_544,0.17893864,brand_unit;legacy_block,
B1694001_S_479439,S6478006_S_478272_4976631478272,0.68583794,brand_unit,
B1694001_S_479439,S6478006_S_481166_4976631481166,0.31640923,brand_unit,
B1694001_S_479453,B1694001_S_482415,0.00231080,brand_unit,
B1694001_S_479453,B1838001_S_4976631481166,0.05125965,brand_unit,
B1694001_S_479453,H5985004_S_481166_4976631481166,0.54317544,brand_unit,
B1694001_S_479453,H6167001_S_4976631478272,0.17893864,brand_unit,
B1694001_S_479453,H6706001_S_cs168539,0.55389794,brand_unit;legacy_block,
B1694001_S_479453,H7096001_S_4976631478272,0.17893864,brand_unit,
B1694001_S_479453,H8424001_S_4976631478272,0.01600323,brand_unit,
B1694001_S_479453,H8424001_S_4976631481166,0.51105823,brand_unit,
B1694001_S_479453,H9125001_S_48200101,0.14996672,brand_unit;legacy_block,
B1694001_S_479453,H9125001_S_48200102,0.19628869,brand_unit;legacy_block,
B1694001_S_479453,H9125001_S_48200103,0.14996672,brand_unit;legacy_block,
B1694001_S_479453,H9990001_S_544,0.31904711,brand_unit;legacy_block,
B1694001_S_479453,S6478006_S_478272_4976631478272,0.31138787,brand_unit,
B1694001_S_479453,S6478006_S_481166_4976631481166,0.31138787,brand_unit,
B1694001_S_482415,B1838001_S_4976631481166,0.00058791,brand_unit,
B1694001_S_482415,H5985004_S_481166_4976631481166,0.00103882,brand_unit,
B1694001_S_482415,H6167001_S_4976631478272,0.00243349,brand_unit,
B1694001_S_482415,H6706001_S_cs168539,0.00244692,brand_unit,
B1694001_S_482415,H7096001_S_4976631478272,0.00243349,brand_unit,
B1694001_S_482415,H8424001_S_4976631478272,0.00128711,brand_unit,
B1694001_S_482415,H8424001_S_4976631481166,0.00055068,brand_unit,
B1694001_S_482415,H9125001_S_48200101,0.00844428,brand_unit,
B1694001_S_482415,H9125001_S_48200102,0.00468340,brand_unit,
B1694001_S_482415,H9125001_S_48200103,0.00799262,brand_unit,
B1694001_S_482415,H9990001_S_544,0.00116731,brand_unit,
B1694001_S_482415,S6478006_S_478272_4976631478272,0.01818604,brand_unit,
B1694001_S_482415,S6478006_S_481166_4976631481166,0.00668048,brand_unit,
B1795001_S_OFSC001c,B1795001_S_OFSC002c,0.01416340,brand_unit,
B1802001_S_5011451401068,B1802001_S_5011451401068-6,0.24992569,brand_unit,
B1823001_S_6979526730002,B1823001_S_6979526730019,0.00302655,brand_unit;legacy_block,
B1823001_S_6979526730002,B1823001_S_6979526730026,0.00161081,brand_unit;legacy_block,
B1823001_S_6979526730002,B1823001_S_6979526730033,0.00118803,brand_unit;legacy_block,
B1823001_S_6979526730002,B1823001_S_6979526730071,0.00106276,brand_unit;legacy_block,
B1823001_S_6979526730002,B1823001_S_6979526730101,0.00128434,brand_unit;legacy_block,
B1823001_S_6979526730002,B1823001_S_6979526730118,0.00216569,brand_unit;legacy_block,
B1823001_S_6979526730002,B1823001_S_6979526730125,0.00104510,brand_unit;legacy_block,
B1823001_S_6979526730002,B1823001_S_6979526730149,0.00223992,brand_unit;legacy_block,
B1823001_S_6979526730002,B1823001_S_6979526730156,0.02717623,brand_unit;legacy_block,
B1823001_S_6979526730019,B1823001_S_6979526730026,0.01246930,brand_unit;legacy_block,
B1823001_S_6979526730019,B1823001_S_6979526730033,0.06919128,brand_unit;legacy_block,
B1823001_S_6979526730019,B1823001_S_6979526730071,0.05408055,brand_unit;legacy_block,
B1823001_S_6979526730019,B1823001_S_6979526730101,0.07693729,brand_unit;legacy_block,
B1823001_S_6979526730019,B1823001_S_6979526730118,0.05408055,brand_unit;legacy_block,
B1823001_S_6979526730019,B1823001_S_6979526730125,0.03128937,brand_unit;legacy_block,
B1823001_S_6979526730019,B1823001_S_6979526730149,0.00258809,brand_unit;legacy_block,
B1823001_S_6979526730019,B1823001_S_6979526730156,0.00189431,brand_unit;legacy_block,
B1823001_S_6979526730026,B1823001_S_6979526730033,0.00269246,brand_unit;legacy_block,
B1823001_S_6979526730026,B1823001_S_6979526730071,0.00240895,brand_unit;legacy_block,
B1823001_S_6979526730026,B1823001_S_6979526730101,0.26040770,brand_unit;legacy_block,
B1823001_S_6979526730026,B1823001_S_6979526730118,0.00240895,brand_unit;legacy_block,
B1823001_S_6979526730026,B1823001_S_6979526730125,0.00293146,brand_unit;legacy_block,
B1823001_S_6979526730026,B1823001_S_6979526730149,0.00514431,brand_unit;legacy_block,
B1823001_S_6979526730026,B1823001_S_6979526730156,0.00233418,brand_unit;legacy_block,
B1823001_S_6979526730033,B1823001_S_6979526730071,0.10317734,brand_unit;legacy_block,
B1823001_S_6979526730033,B1823001_S_6979526730101,0.02590780,brand_unit;legacy_block,
B1823001_S_6979526730033,B1823001_S_6979526730118,0.10317734,brand_unit;legacy_block,
B1823001_S_6979526730033,B1823001_S_6979526730125,0.01260585,brand_unit;legacy_block,
B1823001_S_6979526730033,B1823001_S_6979526730149,0.01062467,brand_unit;legacy_block,
B1823001_S_6979526730033,B1823001_S_6979526730156,0.00172300,brand_unit;legacy_block,
B1823001_S_6979526730071,B1823001_S_6979526730101,0.01916055,brand_unit;legacy_block,
B1823001_S_6979526730071,B1823001_S_6979526730118,,brand_unit;legacy_block,
B1823001_S_6979526730071,B1823001_S_6979526730125,,brand_unit;legacy_block,
B1823001_S_6979526730071,B1823001_S_6979526730149,0.00896743,brand_unit;legacy_block,
B1823001_S_6979526730071,B1823001_S_6979526730156,,brand_unit;legacy_block,
B1823001_S_6979526730101,B1823001_S_6979526730118,0.00669028,brand_unit;legacy_block,
B1823001_S_6979526730101,B1823001_S_6979526730125,0.05549090,brand_unit;legacy_block,
B1823001_S_6979526730101,B1823001_S_6979526730149,0.00122086,brand_unit;legacy_block,
B1823001_S_6979526730101,B1823001_S_6979526730156,0.00172836,brand_unit;legacy_block,
B1823001_S_6979526730118,B1823001_S_6979526730125,,brand_unit;legacy_block,
B1823001_S_6979526730118,B1823001_S_6979526730149,0.01829531,brand_unit;legacy_block,
B1823001_S_6979526730118,B1823001_S_6979526730156,0.00217232,brand_unit;legacy_block,
B1823001_S_6979526730125,B1823001_S_6979526730149,0.00101543,brand_unit;legacy_block,
B1823001_S_6979526730125,B1823001_S_6979526730156,,brand_unit;legacy_block,
B1823001_S_6979526730149,B1823001_S_6979526730156,0.00596920,brand_unit;legacy_block,
B1838001_S_4976631481166,H5985004_S_481166_4976631481166,1.00000000,brand_unit;exact_ean;legacy_block,
B1838001_S_4976631481166,H6167001_S_4976631478272,0.79202285,brand_unit;legacy_block,
B1838001_S_4976631481166,H6706001_S_cs168539,0.76851320,brand_unit,
B1838001_S_4976631481166,H7096001_S_4976631478272,0.79202285,brand_unit;legacy_block,
B1838001_S_4976631481166,H8424001_S_4976631478272,0.42483392,brand_unit;legacy_block,
B1838001_S_4976631481166,H8424001_S_4976631481166,1.00000000,brand_unit;exact_ean;legacy_block,
B1838001_S_4976631481166,H9125001_S_48200101,0.58810220,brand_unit,
B1838001_S_4976631481166,H9125001_S_48200102,0.16895310,brand_unit,
B1838001_S_4976631481166,H9125001_S_48200103,,brand_unit,
B1838001_S_4976631481166,H9990001_S_544,0.27922005,brand_unit,
B1838001_S_4976631481166,S6478006_S_478272_4976631478272,0.94140880,brand_unit;legacy_block,
B1838001_S_4976631481166,S6478006_S_481166_4976631481166,1.00000000,brand_unit;exact_ean;legacy_block,
C0065001_S_6094250909320_H,C0065001_S_6258748387002_H,,legacy_block,
C0065001_S_6094250909320_H,C0702001_S_6078124561572_H,1.00000000,legacy_block;packfree_exact,
C0065001_S_6094250909320_H,C0702001_S_6078159865995_H,,legacy_block,
C0065001_S_6094250909320_H,C0830001_S_6094250909320_H,1.00000000,legacy_block;packfree_exact,
C0065001_S_6094250909320_H,C0830001_S_6258748387002_H,,legacy_block,
C0065001_S_6258748387002_H,C0702001_S_6078124561572_H,,legacy_block,
C0065001_S_6258748387002_H,C0702001_S_6078159865995_H,1.00000000,legacy_block;packfree_exact,
C0065001_S_6258748387002_H,C0830001_S_6094250909320_H,,legacy_block,
C0065001_S_6258748387002_H,C0830001_S_6258748387002_H,1.00000000,legacy_block;packfree_exact,
C0065001_S_6258816715603_H,C0830001_S_6258816715603_H,1.00000000,legacy_block;packfree_exact,
C0082001_S_1044638142101_H,H5528001_S_DOV256362,0.49522186,brand_unit;legacy_block,
C0082001_S_1044638142101_H,H5528001_S_DOV256362A,0.49522186,brand_unit;legacy_block,
C0082001_S_1044638142101_H,H5528001_S_DOV256362B,0.49522186,brand_unit;legacy_block,
C0082001_S_1044638142101_H,H6401001_S_dovesoap,0.11744330,brand_unit;legacy_block,
C0082001_S_1044638142101_H,H6729001_S_D0522,0.01600323,brand_unit;legacy_block,
C0082001_S_1044638142101_H,H8728001_S_8720182256362,0.01600323,brand_unit,
C0082001_S_1044638142101_H,H9357001_S_8718114047249,0.01029007,brand_unit,
C0082001_S_1044638142101_H,H9357001_S_8720182256362-1,0.12286440,brand_unit,
C0082001_S_1044638142101_H,H9564001_S_DO06CB06,0.52400734,brand_unit,
C0082001_S_1044638142101_H,S2090001_S_4NO5C,0.01600323,brand_unit;legacy_block,
C0082001_S_1044638142101_H,S2552001_S_10091DOV_BAR_SOA_MD,0.02085820,brand_unit;legacy_block,
C0082001_S_1044638142101_H,S2552002_S_10091_HHL,0.02085820,brand_unit;legacy_block,
C0082001_S_1044638142101_H,S6136001_S_4NO5C,0.01600323,brand_unit;legacy_block,
C0082001_S_6060364285542_H,C0082001_S_6060509613705_H,0.07390310,brand_unit;legacy_block,
C0082001_S_6060364285542_H,C0082001_S_6225261179894_H,0.55664705,brand_unit;legacy_block,
C0082001_S_6060509613705_H,C0082001_S_6225261179894_H,0.05887862,brand_unit;legacy_block,
C0088001_S_5832052148526_H,C0547002_S_47062691846091_H,0.70834628,legacy_block,
C0088001_S_5832052148526_H,C0776001_S_47062691846091_H,0.70834628,legacy_block,
C0088001_S_5832052148526_H,C0830001_S_5832052148526_H,1.00000000,legacy_block;packfree_exact,
C0088001_S_5936515416955_H,C0702001_S_6078418429330_H,0.98843864,legacy_block,
C0088001_S_5936515416955_H,C0830001_S_5936515416955_H,1.00000000,legacy_block;packfree_exact,
C0088001_S_5936515416955_H,S1061001_S_MON-624-855-0000,0.55726765,legacy_block,
C0178001_S_XZZ01,C0185001_S_5819649424364_H,0.00399493,legacy_block,
C0178001_S_XZZ01,C0185001_S_5876183696240_H,0.08687983,legacy_block,
C0178001_S_XZZ01,C0185001_S_5876585208844_H,0.00703603,legacy_block,
C0178001_S_XZZ01,C0185001_S_5877738757083_H,0.00902777,legacy_block,
C0178001_S_XZZ01,C0185001_S_944295097981_H,0.14100631,legacy_block,
C0178001_S_XZZ01,C0631001_S_12414451169,0.00282397,legacy_block,
C0178001_S_XZZ01,C0631001_S_12414451577,,legacy_block,
C0178001_S_XZZ01,C0631001_S_12414452074,,legacy_block,
C0178001_S_XZZ01,C0631001_S_12414453935,,legacy_block,
C0178001_S_XZZ01,C0748001_S_6102613952149_H,,legacy_block,
C0178001_S_XZZ01,C0748001_S_6103392109070_H,0.02544190,legacy_block,
C0178001_S_XZZ01,C0748001_S_6103392277824_H,,legacy_block,
C0178001_S_XZZ01,C0748001_S_6267514542397_H,,legacy_block,
C0178001_S_XZZ01,C0748001_S_6267845435401_H,,legacy_block,
C0178001_S_XZZ01,H6706001_S_cs169985,,legacy_block,
C0178001_S_XZZ01,H7343002_S_HK230502JJQT07214RMN05,0.00253217,legacy_block,
C0178001_S_XZZ01,H7343003_S_HK230502JJQT07214RMN05,0.00253217,legacy_block,
C0178001_S_XZZ01,H7343013_S_HK230502JJQT07214RMN05,0.00253217,legacy_block,
C0178001_S_XZZ01,H7343015_S_HK230502JJQT07214RMN05,0.00253217,legacy_block,
C0178001_S_XZZ01,H7420001_S_MASKHOME-485,0.00241903,legacy_block,
C0178001_S_XZZ01,S1061001_S_MON-748-027-0000,,legacy_block,
C0185001_S_5819649424364_H,C0185001_S_5876183696240_H,0.00197340,legacy_block,
C0185001_S_5819649424364_H,C0185001_S_5876585208844_H,0.00257606,legacy_block,
C0185001_S_5819649424364_H,C0185001_S_5877738757083_H,0.01143537,legacy_block,
C0185001_S_5819649424364_H,C0185001_S_944295097981_H,0.00428041,legacy_block,
C0185001_S_5819649424364_H,C0631001_S_12414451169,0.00413199,legacy_block,
C0185001_S_5819649424364_H,C0631001_S_12414451577,0.00154961,legacy_block,
C0185001_S_5819649424364_H,C0631001_S_12414452074,0.00359988,legacy_block,
C0185001_S_5819649424364_H,C0631001_S_12414453935,0.00212187,legacy_block,
C0185001_S_5819649424364_H,C0748001_S_6102613952149_H,0.04854651,legacy_block,
C0185001_S_5819649424364_H,C0748001_S_6103392109070_H,0.01203951,legacy_block,
C0185001_S_5819649424364_H,C0748001_S_6103392277824_H,0.00896066,legacy_block,
C0185001_S_5819649424364_H,C0748001_S_6267514542397_H,0.00809781,legacy_block,
C0185001_S_5819649424364_H,C0748001_S_6267845435401_H,0.01061240,legacy_block,
C0185001_S_5819649424364_H,H6706001_S_cs169985,0.01509521,legacy_block,
C0185001_S_5819649424364_H,H7343002_S_HK230502JJQT07214RMN05,0.00880087,legacy_block,
C0185001_S_5819649424364_H,H7343003_S_HK230502JJQT07214RMN05,0.00880087,legacy_block,
C0185001_S_5819649424364_H,H7343013_S_HK230502JJQT07214RMN05,0.00880087,legacy_block,
C0185001_S_5819649424364_H,H7343015_S_HK230502JJQT07214RMN05,0.00880087,legacy_block,
C0185001_S_5819649424364_H,H7420001_S_MASKHOME-485,0.00297976,legacy_block,
C0185001_S_5819649424364_H,S1061001_S_MON-748-027-0000,0.00296388,legacy_block,
C0185001_S_5876183696240_H,C0185001_S_5876585208844_H,0.01175581,legacy_block,
C0185001_S_5876183696240_H,C0185001_S_5877738757083_H,0.00538533,legacy_block,
C0185001_S_5876183696240_H,C0185001_S_944295097981_H,0.67447327,legacy_block,
C0185001_S_5876183696240_H,C0631001_S_12414451169,0.02961786,legacy_block,
C0185001_S_5876183696240_H,C0631001_S_12414451577,,legacy_block,
C0185001_S_5876183696240_H,C0631001_S_12414452074,,legacy_block,
C0185001_S_5876183696240_H,C0631001_S_12414453935,,legacy_block,
C0185001_S_5876183696240_H,C0748001_S_6102613952149_H,,legacy_block,
C0185001_S_5876183696240_H,C0748001_S_6103392109070_H,0.02544190,legacy_block,
C0185001_S_5876183696240_H,C0748001_S_6103392277824_H,,legacy_block,
C0185001_S_5876183696240_H,C0748001_S_6267514542397_H,,legacy_block,
C0185001_S_5876183696240_H,C0748001_S_6267845435401_H,,legacy_block,
C0185001_S_5876183696240_H,H6706001_S_cs169985,,legacy_block,
C0185001_S_5876183696240_H,H7343002_S_HK230502JJQT07214RMN05,0.00133114,legacy_block,
C0185001_S_5876183696240_H,H7343003_S_HK230502JJQT07214RMN05,0.00133114,legacy_block,
C0185001_S_5876183696240_H,H7343013_S_HK230502JJQT07214RMN05,0.00133114,legacy_block,
C0185001_S_5876183696240_H,H7343015_S_HK230502JJQT07214RMN05,0.00133114,legacy_block,
C0185001_S_5876183696240_H,H7420001_S_MASKHOME-485,0.00241903,legacy_block,
C0185001_S_5876183696240_H,S1061001_S_MON-748-027-0000,,legacy_block,
C0185001_S_5876585208844_H,C0185001_S_5877738757083_H,0.00902777,legacy_block,
C0185001_S_5876585208844_H,C0185001_S_944295097981_H,0.01903573,legacy_block,
C0185001_S_5876585208844_H,C0631001_S_12414451169,0.00628991,legacy_block,
C0185001_S_5876585208844_H,C0631001_S_12414451577,0.00628991,legacy_block,
C0185001_S_5876585208844_H,C0631001_S_12414452074,0.00628991,legacy_block,
C0185001_S_5876585208844_H,C0631001_S_12414453935,0.00241903,legacy_block,
C0185001_S_5876585208844_H,C0748001_S_6102613952149_H,0.01520084,legacy_block,
C0185001_S_5876585208844_H,C0748001_S_6103392109070_H,0.02240123,legacy_block,
C0185001_S_5876585208844_H,C0748001_S_6103392277824_H,0.00854304,legacy_block,
C0185001_S_5876585208844_H,C0748001_S_6267514542397_H,0.01347042,legacy_block,
C0185001_S_5876585208844_H,C0748001_S_6267845435401_H,0.01668873,legacy_block,
C0185001_S_5876585208844_H,H6706001_S_cs169985,0.00816399,legacy_block,
C0185001_S_5876585208844_H,H7343002_S_HK230502JJQT07214RMN05,0.00501779,legacy_block,
C0185001_S_5876585208844_H,H7343003_S_HK230502JJQT07214RMN05,0.00501779,legacy_block,
C0185001_S_5876585208844_H,H7343013_S_HK230502JJQT07214RMN05,0.00501779,legacy_block,
C0185001_S_5876585208844_H,H7343015_S_HK230502JJQT07214RMN05,0.00501779,legacy_block,
C0185001_S_5876585208844_H,H7420001_S_MASKHOME-485,0.00257606,legacy_block,
C0185001_S_5876585208844_H,S1061001_S_MON-748-027-0000,0.00767610,legacy_block,
C0185001_S_5877738757083_H,C0185001_S_944295097981_H,0.00902777,legacy_block,
C0185001_S_5877738757083_H,C0631001_S_12414451169,0.00241903,legacy_block,
C0185001_S_5877738757083_H,C0631001_S_12414451577,0.00241903,legacy_block,
C0185001_S_5877738757083_H,C0631001_S_12414452074,,legacy_block,
C0185001_S_5877738757083_H,C0631001_S_12414453935,0.00241903,legacy_block,
C0185001_S_5877738757083_H,C0748001_S_6102613952149_H,0.00891446,legacy_block,
C0185001_S_5877738757083_H,C0748001_S_6103392109070_H,0.02263976,legacy_block,
C0185001_S_5877738757083_H,C0748001_S_6103392277824_H,0.00816399,legacy_block,
C0185001_S_5877738757083_H,C0748001_S_6267514542397_H,0.00816399,legacy_block,
C0185001_S_5877738757083_H,C0748001_S_6267845435401_H,0.00896066,legacy_block,
C0185001_S_5877738757083_H,H6706001_S_cs169985,0.00869067,legacy_block,
C0185001_S_5877738757083_H,H7343002_S_HK230502JJQT07214RMN05,0.00138938,legacy_block,
C0185001_S_5877738757083_H,H7343003_S_HK230502JJQT07214RMN05,0.00138938,legacy_block,
C0185001_S_5877738757083_H,H7343013_S_HK230502JJQT07214RMN05,0.00138938,legacy_block,
C0185001_S_5877738757083_H,H7343015_S_HK230502JJQT07214RMN05,0.00138938,legacy_block,
C0185001_S_5877738757083_H,H7420001_S_MASKHOME-485,0.00241903,legacy_block,
C0185001_S_5877738757083_H,S1061001_S_MON-748-027-0000,0.00793440,legacy_block,
C0185001_S_944295097981_H,C0631001_S_12414451169,0.00328928,legacy_block,
C0185001_S_944295097981_H,C0631001_S_12414451577,,legacy_block,
C0185001_S_944295097981_H,C0631001_S_12414452074,0.00299531,legacy_block,
C0185001_S_944295097981_H,C0631001_S_12414453935,,legacy_block,
C0185001_S_944295097981_H,C0748001_S_6102613952149_H,0.08088576,legacy_block,
C0185001_S_944295097981_H,C0748001_S_6103392109070_H,0.02544190,legacy_block,
C0185001_S_944295097981_H,C0748001_S_6103392277824_H,0.01347042,legacy_block,
C0185001_S_944295097981_H,C0748001_S_6267514542397_H,0.04384142,legacy_block,
C0185001_S_944295097981_H,C0748001_S_6267845435401_H,0.00535266,legacy_block,
C0185001_S_944295097981_H,H6706001_S_cs169985,0.00869067,legacy_block,
C0185001_S_944295097981_H,H7343002_S_HK230502JJQT07214RMN05,0.00271340,legacy_block,
C0185001_S_944295097981_H,H7343003_S_HK230502JJQT07214RMN05,0.00271340,legacy_block,
C0185001_S_944295097981_H,H7343013_S_HK230502JJQT07214RMN05,0.00271340,legacy_block,
C0185001_S_944295097981_H,H7343015_S_HK230502JJQT07214RMN05,0.00271340,legacy_block,
C0185001_S_944295097981_H,H7420001_S_MASKHOME-485,0.00241903,legacy_block,
C0185001_S_944295097981_H,S1061001_S_MON-748-027-0000,0.00962780,legacy_block,
C0185001_S_954745757679_H,C0185001_S_chengxiangzao01,1.00000000,legacy_block;packfree_exact,
C0185001_S_954745757679_H,C0748001_S_1059563949388_H,0.74216887,legacy_block,
C0185001_S_chengxiangzao01,C0748001_S_1059563949388_H,0.74216887,legacy_block,
C0185001_S_jianghuangningmeng,C0631001_S_12414454245,0.07287024,legacy_block,
C0185001_S_jianghuangningmeng,H8257001_S_hm0641_0160,0.10063037,legacy_block,
C0185001_S_jianghuangningmeng,H9357001_S_4897025527393,0.05145058,legacy_block,
C0185001_S_jianghuangningmeng,H9564001_S_YH05SS100,0.02512424,legacy_block,
C0185001_S_jianghuangningmeng,H9990001_S_344,,legacy_block,
C0185001_S_jianghuangningmeng,H9990001_S_355,0.99142065,legacy_block,
C0185001_S_jianghuangningmeng,H9990001_S_406,0.00615730,legacy_block,
C0185001_S_jianghuangningmeng,H9990001_S_438,,legacy_block,
C0185001_S_jianghuangningmeng,H9990001_S_471,,legacy_block,
C0185001_S_jianghuangningmeng,H9990001_S_486,,legacy_block,
C0185001_S_jianghuangningmeng,H9990001_S_545,,legacy_block,
C0185001_S_jianghuangningmeng,H9990001_S_546,0.02078727,legacy_block,
C0185001_S_jianghuangningmeng,H9990001_S_551,,legacy_block,
C0185001_S_jianghuangningmeng,H9990001_S_552,,legacy_block,
C0185001_S_jianghuangningmeng,H9990001_S_553,,legacy_block,
C0185001_S_jianghuangningmeng,H9990001_S_554,0.00990760,legacy_block,
C0185001_S_jianghuangningmeng,S1061001_S_MON-624-581-0000,0.63521462,legacy_block,
C0195001_S_5139453421560_H,C0195002_S_7350064921166-HK,0.09220394,brand_unit,
C0195001_S_5139453421560_H,C0195002_S_7350064921180-HK,0.09857534,brand_unit,
C0195001_S_5141437909740_H,C0195002_S_3519590214331-HK,0.75865447,brand_unit;legacy_block,
C0195001_S_5141437909740_H,C0195002_S_3519590214393-HK,1.00000000,brand_unit;legacy_block;packfree_exact,
C0195001_S_9420015001204-HK,C0195001_S_9420015001228-HK,0.31191861,brand_unit;legacy_block,
C0195001_S_9420015001204-HK,C0195001_S_9420015003130-HK1,,brand_unit;legacy_block,
C0195001_S_9420015001204-HK,C0195001_S_9420015017571-HK1,,brand_unit;legacy_block,
C0195001_S_9420015001204-HK,C0195002_S_9420015001204-HK,1.00000000,brand_unit;legacy_block;packfree_exact,
C0195001_S_9420015001204-HK,C0195002_S_9420015001228-HK,0.31191861,brand_unit;legacy_block,
C0195001_S_9420015001204-HK,C0195002_S_9420015003130-HK,,brand_unit;legacy_block,
C0195001_S_9420015001204-HK,C0195002_S_9420015017571-HK,,brand_unit;legacy_block,
C0195001_S_9420015001228-HK,C0195001_S_9420015003130-HK1,0.99587855,brand_unit;legacy_block,
C0195001_S_9420015001228-HK,C0195001_S_9420015017571-HK1,0.70007912,brand_unit;legacy_block,
C0195001_S_9420015001228-HK,C0195002_S_9420015001204-HK,0.31191861,brand_unit;legacy_block,
C0195001_S_9420015001228-HK,C0195002_S_9420015001228-HK,1.00000000,brand_unit;legacy_block;packfree_exact,
C0195001_S_9420015001228-HK,C0195002_S_9420015003130-HK,0.99587855,brand_unit;legacy_block,
C0195001_S_9420015001228-HK,C0195002_S_9420015017571-HK,0.70007912,brand_unit;legacy_block,
C0195001_S_9420015003130-HK1,C0195001_S_9420015017571-HK1,,brand_unit;legacy_block,
C0195001_S_9420015003130-HK1,C0195002_S_9420015001204-HK,,brand_unit;legacy_block,
C0195001_S_9420015003130-HK1,C0195002_S_9420015001228-HK,0.99587855,brand_unit;legacy_block,
C0195001_S_9420015003130-HK1,C0195002_S_9420015003130-HK,1.00000000,brand_unit;legacy_block;packfree_exact,
C0195001_S_9420015003130-HK1,C0195002_S_9420015017571-HK,,brand_unit;legacy_block,
C0195001_S_9420015017571-HK1,C0195002_S_9420015001204-HK,,brand_unit;legacy_block,
C0195001_S_9420015017571-HK1,C0195002_S_9420015001228-HK,0.70007912,brand_unit;legacy_block,
C0195001_S_9420015017571-HK1,C0195002_S_9420015003130-HK,,brand_unit;legacy_block,
C0195001_S_9420015017571-HK1,C0195002_S_9420015017571-HK,1.00000000,brand_unit;legacy_block;packfree_exact,
C0195001_S_9420015017731-HK,C0195002_S_9420015017731-HK,1.00000000,brand_unit;legacy_block;packfree_exact,
C0195001_S_9420015017731-HK,H7616001_S_HS_00981,,brand_unit;legacy_block,
C0195001_S_9420015017731-HK,H7616001_S_HS_00982,0.96709840,brand_unit;legacy_block,
C0195001_S_hongwei001,C0195002_S_hongwei-002,1.00000000,brand_unit;legacy_block;packfree_exact,
C0195001_S_hongwei001,C0195002_S_hongwei-003,,brand_unit;legacy_block,
C0195001_S_hongwei001,C0195002_S_hongwei-004,,brand_unit;legacy_block,
C0195001_S_hongwei001,C0195002_S_hongwei001,1.00000000,brand_unit;legacy_block;packfree_exact,
C0195002_S_3519590214072-HK,C0195002_S_3519590214171-HK,,brand_unit;legacy_block,
C0195002_S_3519590214072-HK,C0195002_S_3519590224026-HK,,brand_unit;legacy_block,
C0195002_S_3519590214072-HK,C0195002_S_3519590234001-HK,,brand_unit;legacy_block,
C0195002_S_3519590214171-HK,C0195002_S_3519590224026-HK,,brand_unit;legacy_block,
C0195002_S_3519590214171-HK,C0195002_S_3519590234001-HK,,brand_unit;legacy_block,
C0195002_S_3519590214270-HK,C0195002_S_3519590224224-HK,,brand_unit;legacy_block,
C0195002_S_3519590214331-HK,C0195002_S_3519590214393-HK,0.75865447,brand_unit;legacy_block,
C0195002_S_3519590223081-HK,C0195002_S_3519590223098-HK,0.58909557,brand_unit;legacy_block,
C0195002_S_3519590223081-HK,C0195002_S_3519590223104-HK,,brand_unit;legacy_block,
C0195002_S_3519590223081-HK,C0195002_S_3519590223111-HK,0.58909557,brand_unit;legacy_block,
C0195002_S_3519590223081-HK,C0195002_S_3519590223128-HK,0.52392332,brand_unit;legacy_block,
C0195002_S_3519590223081-HK,C0195002_S_3519590223135-HK,0.55759193,brand_unit;legacy_block,
C0195002_S_3519590223081-HK,C0195002_S_3519590223142-HK,0.53933061,brand_unit;legacy_block,
C0195002_S_3519590223081-HK,C0195002_S_3519590223159-HK,0.52392332,brand_unit;legacy_block,
C0195002_S_3519590223081-HK,C0195002_S_3519590223166-HK,0.55893932,brand_unit;legacy_block,
C0195002_S_3519590223081-HK,C0195002_S_3519590223173-HK,,brand_unit;legacy_block,
C0195002_S_3519590223098-HK,C0195002_S_3519590223104-HK,,brand_unit;legacy_block,
C0195002_S_3519590223098-HK,C0195002_S_3519590223111-HK,,brand_unit;legacy_block,
C0195002_S_3519590223098-HK,C0195002_S_3519590223128-HK,0.55893932,brand_unit;legacy_block,
C0195002_S_3519590223098-HK,C0195002_S_3519590223135-HK,0.57765204,brand_unit;legacy_block,
C0195002_S_3519590223098-HK,C0195002_S_3519590223142-HK,0.55893932,brand_unit;legacy_block,
C0195002_S_3519590223098-HK,C0195002_S_3519590223159-HK,0.55893932,brand_unit;legacy_block,
C0195002_S_3519590223098-HK,C0195002_S_3519590223166-HK,0.54052656,brand_unit;legacy_block,
C0195002_S_3519590223098-HK,C0195002_S_3519590223173-HK,0.57765204,brand_unit;legacy_block,
C0195002_S_3519590223104-HK,C0195002_S_3519590223111-HK,,brand_unit;legacy_block,
C0195002_S_3519590223104-HK,C0195002_S_3519590223128-HK,0.47352535,brand_unit;legacy_block,
C0195002_S_3519590223104-HK,C0195002_S_3519590223135-HK,,brand_unit;legacy_block,
C0195002_S_3519590223104-HK,C0195002_S_3519590223142-HK,0.47352535,brand_unit;legacy_block,
C0195002_S_3519590223104-HK,C0195002_S_3519590223159-HK,0.47352535,brand_unit;legacy_block,
C0195002_S_3519590223104-HK,C0195002_S_3519590223166-HK,0.55893932,brand_unit;legacy_block,
C0195002_S_3519590223104-HK,C0195002_S_3519590223173-HK,,brand_unit;legacy_block,
C0195002_S_3519590223111-HK,C0195002_S_3519590223128-HK,0.55893932,brand_unit;legacy_block,
C0195002_S_3519590223111-HK,C0195002_S_3519590223135-HK,,brand_unit;legacy_block,
C0195002_S_3519590223111-HK,C0195002_S_3519590223142-HK,0.55893932,brand_unit;legacy_block,
C0195002_S_3519590223111-HK,C0195002_S_3519590223159-HK,0.55893932,brand_unit;legacy_block,
C0195002_S_3519590223111-HK,C0195002_S_3519590223166-HK,0.54052656,brand_unit;legacy_block,
C0195002_S_3519590223111-HK,C0195002_S_3519590223173-HK,,brand_unit;legacy_block,
C0195002_S_3519590223128-HK,C0195002_S_3519590223135-HK,0.55456574,brand_unit;legacy_block,
C0195002_S_3519590223128-HK,C0195002_S_3519590223142-HK,0.63727095,brand_unit;legacy_block,
C0195002_S_3519590223128-HK,C0195002_S_3519590223159-HK,0.62284866,brand_unit;legacy_block,
C0195002_S_3519590223128-HK,C0195002_S_3519590223166-HK,0.64176805,brand_unit;legacy_block,
C0195002_S_3519590223128-HK,C0195002_S_3519590223173-HK,0.55456574,brand_unit;legacy_block,
C0195002_S_3519590223135-HK,C0195002_S_3519590223142-HK,0.55456574,brand_unit;legacy_block,
C0195002_S_3519590223135-HK,C0195002_S_3519590223159-HK,0.55456574,brand_unit;legacy_block,
C0195002_S_3519590223135-HK,C0195002_S_3519590223166-HK,0.58909557,brand_unit;legacy_block,
C0195002_S_3519590223135-HK,C0195002_S_3519590223173-HK,,brand_unit;legacy_block,
C0195002_S_3519590223142-HK,C0195002_S_3519590223159-HK,0.63727095,brand_unit;legacy_block,
C0195002_S_3519590223142-HK,C0195002_S_3519590223166-HK,0.64176805,brand_unit;legacy_block,
C0195002_S_3519590223142-HK,C0195002_S_3519590223173-HK,0.55456574,brand_unit;legacy_block,
C0195002_S_3519590223159-HK,C0195002_S_3519590223166-HK,0.64176805,brand_unit;legacy_block,
C0195002_S_3519590223159-HK,C0195002_S_3519590223173-HK,0.55456574,brand_unit;legacy_block,
C0195002_S_3519590223166-HK,C0195002_S_3519590223173-HK,0.58909557,brand_unit;legacy_block,
C0195002_S_3519590224026-HK,C0195002_S_3519590234001-HK,0.73060951,brand_unit;legacy_block,
C0195002_S_7350064921166-HK,C0195002_S_7350064921180-HK,0.24644798,brand_unit;legacy_block,
C0195002_S_9420015001204-HK,C0195002_S_9420015001228-HK,0.31191861,brand_unit;legacy_block,
C0195002_S_9420015001204-HK,C0195002_S_9420015003130-HK,,brand_unit;legacy_block,
C0195002_S_9420015001204-HK,C0195002_S_9420015017571-HK,,brand_unit;legacy_block,
C0195002_S_9420015001228-HK,C0195002_S_9420015003130-HK,0.99587855,brand_unit;legacy_block,
C0195002_S_9420015001228-HK,C0195002_S_9420015017571-HK,0.70007912,brand_unit;legacy_block,
C0195002_S_9420015003130-HK,C0195002_S_9420015017571-HK,,brand_unit;legacy_block,
C0195002_S_9420015017731-HK,H7616001_S_HS_00981,,brand_unit;legacy_block,
C0195002_S_9420015017731-HK,H7616001_S_HS_00982,0.96709840,brand_unit;legacy_block,
C0195002_S_hongwei-002,C0195002_S_hongwei-003,,brand_unit;legacy_block,
C0195002_S_hongwei-002,C0195002_S_hongwei-004,,brand_unit;legacy_block,
C0195002_S_hongwei-002,C0195002_S_hongwei001,1.00000000,brand_unit;legacy_block;packfree_exact,
C0195002_S_hongwei-003,C0195002_S_hongwei-004,1.00000000,brand_unit;legacy_block;packfree_exact,
C0195002_S_hongwei-003,C0195002_S_hongwei001,,brand_unit;legacy_block,
C0195002_S_hongwei-004,C0195002_S_hongwei001,,brand_unit;legacy_block,
C0547002_S_47062691846091_H,C0776001_S_47062691846091_H,1.00000000,legacy_block;packfree_exact,
C0547002_S_47062691846091_H,C0830001_S_5832052148526_H,0.41328666,legacy_block,
C0631001_S_12414451169,C0631001_S_12414451577,0.16586059,legacy_block,
C0631001_S_12414451169,C0631001_S_12414452074,,legacy_block,
C0631001_S_12414451169,C0631001_S_12414453935,0.13923121,legacy_block,
C0631001_S_12414451169,C0748001_S_6102613952149_H,0.00869067,legacy_block,
C0631001_S_12414451169,C0748001_S_6103392109070_H,0.01000290,legacy_block,
C0631001_S_12414451169,C0748001_S_6103392277824_H,0.01336442,legacy_block,
C0631001_S_12414451169,C0748001_S_6267514542397_H,0.07075739,legacy_block,
C0631001_S_12414451169,C0748001_S_6267845435401_H,0.03607172,legacy_block,
C0631001_S_12414451169,H6706001_S_cs169985,0.01091040,legacy_block,
C0631001_S_12414451169,H7343002_S_HK230502JJQT07214RMN05,0.00636505,legacy_block,
C0631001_S_12414451169,H7343003_S_HK230502JJQT07214RMN05,0.00636505,legacy_block,
C0631001_S_12414451169,H7343013_S_HK230502JJQT07214RMN05,0.00636505,legacy_block,
C0631001_S_12414451169,H7343015_S_HK230502JJQT07214RMN05,0.00636505,legacy_block,
C0631001_S_12414451169,H7420001_S_MASKHOME-485,0.00467885,legacy_block,
C0631001_S_12414451169,S1061001_S_MON-748-027-0000,0.00602540,legacy_block,
C0631001_S_12414451577,C0631001_S_12414452074,,legacy_block,
C0631001_S_12414451577,C0631001_S_12414453935,0.18943668,legacy_block,
C0631001_S_12414451577,C0748001_S_6102613952149_H,0.00869067,legacy_block,
C0631001_S_12414451577,C0748001_S_6103392109070_H,0.00895038,legacy_block,
C0631001_S_12414451577,C0748001_S_6103392277824_H,,legacy_block,
C0631001_S_12414451577,C0748001_S_6267514542397_H,,legacy_block,
C0631001_S_12414451577,C0748001_S_6267845435401_H,0.01777375,legacy_block,
C0631001_S_12414451577,H6706001_S_cs169985,,legacy_block,
C0631001_S_12414451577,H7343002_S_HK230502JJQT07214RMN05,0.00257606,legacy_block,
C0631001_S_12414451577,H7343003_S_HK230502JJQT07214RMN05,0.00257606,legacy_block,
C0631001_S_12414451577,H7343013_S_HK230502JJQT07214RMN05,0.00257606,legacy_block,
C0631001_S_12414451577,H7343015_S_HK230502JJQT07214RMN05,0.00257606,legacy_block,
C0631001_S_12414451577,H7420001_S_MASKHOME-485,0.00926902,legacy_block,
C0631001_S_12414451577,S1061001_S_MON-748-027-0000,0.00602540,legacy_block,
C0631001_S_12414452072,C0631001_S_12414452075,,brand_unit,
C0631001_S_12414452072,C0631001_S_12414452561,,brand_unit;legacy_block,
C0631001_S_12414452072,C0631001_S_12414453328,0.06400100,brand_unit;legacy_block,
C0631001_S_12414452072,C0631001_S_12414453592,,brand_unit;legacy_block,
C0631001_S_12414452072,C0631001_S_12414453934,,brand_unit;legacy_block,
C0631001_S_12414452072,C0631001_S_12414453936,,brand_unit,
C0631001_S_12414452072,C0631001_S_12414454610,,brand_unit,
C0631001_S_12414452072,C0631001_S_12433061011,0.03039851,brand_unit,
C0631001_S_12414452072,H9822001_S_WW085-safeguard-100glemon,0.33525696,brand_unit,
C0631001_S_12414452074,C0631001_S_12414453935,,legacy_block,
C0631001_S_12414452074,C0748001_S_6102613952149_H,,legacy_block,
C0631001_S_12414452074,C0748001_S_6103392109070_H,,legacy_block,
C0631001_S_12414452074,C0748001_S_6103392277824_H,0.01367311,legacy_block,
C0631001_S_12414452074,C0748001_S_6267514542397_H,0.03761565,legacy_block,
C0631001_S_12414452074,C0748001_S_6267845435401_H,0.02274958,legacy_block,
C0631001_S_12414452074,H6706001_S_cs169985,,legacy_block,
C0631001_S_12414452074,H7343002_S_HK230502JJQT07214RMN05,0.00550207,legacy_block,
C0631001_S_12414452074,H7343003_S_HK230502JJQT07214RMN05,0.00550207,legacy_block,
C0631001_S_12414452074,H7343013_S_HK230502JJQT07214RMN05,0.00550207,legacy_block,
C0631001_S_12414452074,H7343015_S_HK230502JJQT07214RMN05,0.00550207,legacy_block,
C0631001_S_12414452074,H7420001_S_MASKHOME-485,0.00934232,legacy_block,
C0631001_S_12414452074,S1061001_S_MON-748-027-0000,0.00602540,legacy_block,
C0631001_S_12414452075,C0631001_S_12414452561,0.83726583,brand_unit,
C0631001_S_12414452075,C0631001_S_12414453328,,brand_unit,
C0631001_S_12414452075,C0631001_S_12414453592,0.07213939,brand_unit,
C0631001_S_12414452075,C0631001_S_12414453934,1.00000000,brand_unit,
C0631001_S_12414452075,C0631001_S_12414453936,,brand_unit;legacy_block,
C0631001_S_12414452075,C0631001_S_12414454610,,brand_unit;legacy_block,
C0631001_S_12414452075,C0631001_S_12433061011,0.63431821,brand_unit;legacy_block,
C0631001_S_12414452075,H9822001_S_WW085-safeguard-100glemon,,brand_unit;legacy_block,
C0631001_S_12414452561,C0631001_S_12414453328,0.10080790,brand_unit;legacy_block,
C0631001_S_12414452561,C0631001_S_12414453592,0.06880481,brand_unit;legacy_block,
C0631001_S_12414452561,C0631001_S_12414453934,0.27875830,brand_unit;legacy_block,
C0631001_S_12414452561,C0631001_S_12414453936,,brand_unit,
C0631001_S_12414452561,C0631001_S_12414454610,,brand_unit,
C0631001_S_12414452561,C0631001_S_12433061011,0.09864210,brand_unit,
C0631001_S_12414452561,H9822001_S_WW085-safeguard-100glemon,0.05720506,brand_unit,
C0631001_S_12414453328,C0631001_S_12414453592,,brand_unit;legacy_block,
C0631001_S_12414453328,C0631001_S_12414453934,,brand_unit;legacy_block,
C0631001_S_12414453328,C0631001_S_12414453936,,brand_unit,
C0631001_S_12414453328,C0631001_S_12414454610,,brand_unit,
C0631001_S_12414453328,C0631001_S_12433061011,0.03865103,brand_unit,
C0631001_S_12414453328,H9822001_S_WW085-safeguard-100glemon,0.13875326,brand_unit,
C0631001_S_12414453592,C0631001_S_12414453934,0.07265976,brand_unit;legacy_block,
C0631001_S_12414453592,C0631001_S_12414453936,,brand_unit,
C0631001_S_12414453592,C0631001_S_12414454610,,brand_unit,
C0631001_S_12414453592,C0631001_S_12433061011,0.07149637,brand_unit,
C0631001_S_12414453592,H9822001_S_WW085-safeguard-100glemon,,brand_unit,
C0631001_S_12414453934,C0631001_S_12414453936,,brand_unit,
C0631001_S_12414453934,C0631001_S_12414454610,,brand_unit,
C0631001_S_12414453934,C0631001_S_12433061011,0.02427023,brand_unit,
C0631001_S_12414453934,H9822001_S_WW085-safeguard-100glemon,,brand_unit,
C0631001_S_12414453935,C0748001_S_6102613952149_H,0.00869067,legacy_block,
C0631001_S_12414453935,C0748001_S_6103392109070_H,0.00836566,legacy_block,
C0631001_S_12414453935,C0748001_S_6103392277824_H,,legacy_block,
C0631001_S_12414453935,C0748001_S_6267514542397_H,,legacy_block,
C0631001_S_12414453935,C0748001_S_6267845435401_H,0.01533174,legacy_block,
C0631001_S_12414453935,H6706001_S_cs169985,,legacy_block,
C0631001_S_12414453935,H7343002_S_HK230502JJQT07214RMN05,0.00927816,legacy_block,
C0631001_S_12414453935,H7343003_S_HK230502JJQT07214RMN05,0.00927816,legacy_block,
C0631001_S_12414453935,H7343013_S_HK230502JJQT07214RMN05,0.00927816,legacy_block,
C0631001_S_12414453935,H7343015_S_HK230502JJQT07214RMN05,0.00927816,legacy_block,
C0631001_S_12414453935,H7420001_S_MASKHOME-485,0.00934232,legacy_block,
C0631001_S_12414453935,S1061001_S_MON-748-027-0000,0.00602540,legacy_block,
C0631001_S_12414453936,C0631001_S_12414454610,0.95137884,brand_unit;legacy_block,
C0631001_S_12414453936,C0631001_S_12433061011,0.68943098,brand_unit;legacy_block,
C0631001_S_12414453936,H9822001_S_WW085-safeguard-100glemon,,brand_unit;legacy_block,
C0631001_S_12414454245,H8257001_S_hm0641_0160,0.40193934,legacy_block,
C0631001_S_12414454245,H9357001_S_4897025527393,0.23962921,legacy_block,
C0631001_S_12414454245,H9564001_S_YH05SS100,0.22621098,legacy_block,
C0631001_S_12414454245,H9990001_S_344,0.51896415,legacy_block,
C0631001_S_12414454245,H9990001_S_355,0.10063037,legacy_block,
C0631001_S_12414454245,H9990001_S_406,0.02685336,legacy_block,
C0631001_S_12414454245,H9990001_S_438,,legacy_block,
C0631001_S_12414454245,H9990001_S_471,,legacy_block,
C0631001_S_12414454245,H9990001_S_486,0.46657912,legacy_block,
C0631001_S_12414454245,H9990001_S_545,,legacy_block,
C0631001_S_12414454245,H9990001_S_546,0.46657912,legacy_block,
C0631001_S_12414454245,H9990001_S_551,,legacy_block,
C0631001_S_12414454245,H9990001_S_552,,legacy_block,
C0631001_S_12414454245,H9990001_S_553,,legacy_block,
C0631001_S_12414454245,H9990001_S_554,0.01734425,legacy_block,
C0631001_S_12414454245,S1061001_S_MON-624-581-0000,0.38267299,legacy_block,
C0631001_S_12414454610,C0631001_S_12433061011,0.74397760,brand_unit;legacy_block,
C0631001_S_12414454610,H9822001_S_WW085-safeguard-100glemon,,brand_unit;legacy_block,
C0631001_S_12415171557,H9564001_S_DO06CB06,0.92685910,brand_unit,
C0631001_S_12430583480,C0631001_S_12430583483,0.00849273,brand_unit;legacy_block,
C0631001_S_12430583480,C0631001_S_12430583525,0.76844123,brand_unit;legacy_block,
C0631001_S_12430583480,C0631001_S_12430585315,0.38563461,brand_unit,
C0631001_S_12430583480,C0631001_S_12430590117,,brand_unit,
C0631001_S_12430583480,C0631001_S_12430590134,,brand_unit,
C0631001_S_12430583480,C0631001_S_12430591784,,brand_unit,
C0631001_S_12430583483,C0631001_S_12430583525,0.01489806,brand_unit;legacy_block,
C0631001_S_12430583483,C0631001_S_12430585315,0.02991786,brand_unit,
C0631001_S_12430583483,C0631001_S_12430590117,,brand_unit,
C0631001_S_12430583483,C0631001_S_12430590134,,brand_unit,
C0631001_S_12430583483,C0631001_S_12430591784,,brand_unit,
C0631001_S_12430583525,C0631001_S_12430585315,0.48944700,brand_unit,
C0631001_S_12430583525,C0631001_S_12430590117,,brand_unit,
C0631001_S_12430583525,C0631001_S_12430590134,,brand_unit,
C0631001_S_12430583525,C0631001_S_12430591784,,brand_unit,
C0631001_S_12430585315,C0631001_S_12430590117,,brand_unit;legacy_block,
C0631001_S_12430585315,C0631001_S_12430590134,,brand_unit;legacy_block,
C0631001_S_12430585315,C0631001_S_12430591784,,brand_unit;legacy_block,
C0631001_S_12430590117,C0631001_S_12430590134,0.95011811,brand_unit;legacy_block,
C0631001_S_12430590117,C0631001_S_12430591784,0.86772336,brand_unit;legacy_block,
C0631001_S_12430590134,C0631001_S_12430591784,0.99552347,brand_unit;legacy_block,
C0631001_S_12433061011,H9822001_S_WW085-safeguard-100glemon,0.60042968,brand_unit;legacy_block,
C0673001_S_6206056362569_H,C0673001_S_6215991839191_H,0.23099158,brand_unit,
C0673001_S_6211800455404_H,C0673001_S_6215991839191_H,0.21753837,brand_unit,
C0702001_S_6078124561572_H,C0702001_S_6078159865995_H,,legacy_block,
C0702001_S_6078124561572_H,C0830001_S_6094250909320_H,1.00000000,legacy_block;packfree_exact,
C0702001_S_6078124561572_H,C0830001_S_6258748387002_H,,legacy_block,
C0702001_S_6078159865995_H,C0830001_S_6094250909320_H,,legacy_block,
C0702001_S_6078159865995_H,C0830001_S_6258748387002_H,1.00000000,legacy_block;packfree_exact,
C0702001_S_6078418429330_H,C0830001_S_5936515416955_H,0.98843864,legacy_block,
C0702001_S_6078418429330_H,S1061001_S_MON-624-855-0000,0.63087760,legacy_block,
C0748001_S_6102613952149_H,C0748001_S_6103392109070_H,0.07804785,legacy_block,
C0748001_S_6102613952149_H,C0748001_S_6103392277824_H,0.02514406,legacy_block,
C0748001_S_6102613952149_H,C0748001_S_6267514542397_H,0.02554879,legacy_block,
C0748001_S_6102613952149_H,C0748001_S_6267845435401_H,0.03189864,legacy_block,
C0748001_S_6102613952149_H,H6706001_S_cs169985,0.00816399,legacy_block,
C0748001_S_6102613952149_H,H7343002_S_HK230502JJQT07214RMN05,0.04074808,legacy_block,
C0748001_S_6102613952149_H,H7343003_S_HK230502JJQT07214RMN05,0.04074808,legacy_block,
C0748001_S_6102613952149_H,H7343013_S_HK230502JJQT07214RMN05,0.04074808,legacy_block,
C0748001_S_6102613952149_H,H7343015_S_HK230502JJQT07214RMN05,0.04074808,legacy_block,
C0748001_S_6102613952149_H,H7420001_S_MASKHOME-485,0.01336442,legacy_block,
C0748001_S_6102613952149_H,S1061001_S_MON-748-027-0000,0.00695425,legacy_block,
C0748001_S_6102613952149_H,S6429001_S_CC8809338505032,0.01343519,legacy_block,
C0748001_S_6103392109070_H,C0748001_S_6103392277824_H,0.03803016,legacy_block,
C0748001_S_6103392109070_H,C0748001_S_6267514542397_H,0.01454158,legacy_block,
C0748001_S_6103392109070_H,C0748001_S_6267845435401_H,0.05500730,legacy_block,
C0748001_S_6103392109070_H,H6706001_S_cs169985,0.00869067,legacy_block,
C0748001_S_6103392109070_H,H7343002_S_HK230502JJQT07214RMN05,0.00896066,legacy_block,
C0748001_S_6103392109070_H,H7343003_S_HK230502JJQT07214RMN05,0.00896066,legacy_block,
C0748001_S_6103392109070_H,H7343013_S_HK230502JJQT07214RMN05,0.00896066,legacy_block,
C0748001_S_6103392109070_H,H7343015_S_HK230502JJQT07214RMN05,0.00896066,legacy_block,
C0748001_S_6103392109070_H,H7420001_S_MASKHOME-485,0.00816399,legacy_block,
C0748001_S_6103392109070_H,S1061001_S_MON-748-027-0000,0.00940956,legacy_block,
C0748001_S_6103392109070_H,S6429001_S_CC8809338505032,0.00869067,legacy_block,
C0748001_S_6103392277824_H,C0748001_S_6267514542397_H,0.04139038,legacy_block,
C0748001_S_6103392277824_H,C0748001_S_6267845435401_H,0.03301765,legacy_block,
C0748001_S_6103392277824_H,H6706001_S_cs169985,0.01437694,legacy_block,
C0748001_S_6103392277824_H,H7343002_S_HK230502JJQT07214RMN05,0.01090750,legacy_block,
C0748001_S_6103392277824_H,H7343003_S_HK230502JJQT07214RMN05,0.01090750,legacy_block,
C0748001_S_6103392277824_H,H7343013_S_HK230502JJQT07214RMN05,0.01090750,legacy_block,
C0748001_S_6103392277824_H,H7343015_S_HK230502JJQT07214RMN05,0.01090750,legacy_block,
C0748001_S_6103392277824_H,H7420001_S_MASKHOME-485,0.01091040,legacy_block,
C0748001_S_6103392277824_H,S1061001_S_MON-748-027-0000,0.00356666,legacy_block,
C0748001_S_6103392277824_H,S6429001_S_CC8809338505032,0.06671877,legacy_block,
C0748001_S_6267464734147_H,H7343002_S_S023PLHK230221JJQT05820RMN02,0.00929215,legacy_block,
C0748001_S_6267464734147_H,H7343015_S_3PLHK230221JJQT05820RMN02,0.01666099,legacy_block,
C0748001_S_6267464734147_H,S1061001_S_MON-748-027-0000,,legacy_block,
C0748001_S_6267514542397_H,C0748001_S_6267845435401_H,0.08559922,legacy_block,
C0748001_S_6267514542397_H,H6706001_S_cs169985,0.01091040,legacy_block,
C0748001_S_6267514542397_H,H7343002_S_HK230502JJQT07214RMN05,0.07121246,legacy_block,
C0748001_S_6267514542397_H,H7343003_S_HK230502JJQT07214RMN05,0.07121246,legacy_block,
C0748001_S_6267514542397_H,H7343013_S_HK230502JJQT07214RMN05,0.07121246,legacy_block,
C0748001_S_6267514542397_H,H7343015_S_HK230502JJQT07214RMN05,0.07121246,legacy_block,
C0748001_S_6267514542397_H,H7420001_S_MASKHOME-485,0.01418386,legacy_block,
C0748001_S_6267514542397_H,S1061001_S_MON-748-027-0000,0.00602540,legacy_block,
C0748001_S_6267514542397_H,S6429001_S_CC8809338505032,0.01404163,legacy_block,
C0748001_S_6267845435401_H,H6706001_S_cs169985,0.01367311,legacy_block,
C0748001_S_6267845435401_H,H7343002_S_HK230502JJQT07214RMN05,0.00782400,legacy_block,
C0748001_S_6267845435401_H,H7343003_S_HK230502JJQT07214RMN05,0.00782400,legacy_block,
C0748001_S_6267845435401_H,H7343013_S_HK230502JJQT07214RMN05,0.00782400,legacy_block,
C0748001_S_6267845435401_H,H7343015_S_HK230502JJQT07214RMN05,0.00782400,legacy_block,
C0748001_S_6267845435401_H,H7420001_S_MASKHOME-485,0.00954812,legacy_block,
C0748001_S_6267845435401_H,S1061001_S_MON-748-027-0000,0.00641500,legacy_block,
C0748001_S_6267845435401_H,S6429001_S_CC8809338505032,0.00816399,legacy_block,
C0776001_S_47062691846091_H,C0830001_S_5832052148526_H,0.41328666,legacy_block,
C0830001_S_5936515416955_H,S1061001_S_MON-624-855-0000,0.55726765,legacy_block,
C0830001_S_6094250909320_H,C0830001_S_6258748387002_H,,legacy_block,
H0178001_S_LEO-SP-001,H0178001_S_LEO-SP-001A,1.00000000,brand_unit,
H0178001_S_LEO-SP-001,H0178001_S_LEO-SP-003,,brand_unit;legacy_block,
H0178001_S_LEO-SP-001,H0178001_S_LEO-SP-003A,,brand_unit,
H0178001_S_LEO-SP-001,H0178001_S_LEO-SP-005,0.06790937,brand_unit;legacy_block,
H0178001_S_LEO-SP-001,H0178001_S_LEO-SP-006A,,brand_unit,
H0178001_S_LEO-SP-001,H0178001_S_LEO-SP-012,,brand_unit;legacy_block,
H0178001_S_LEO-SP-001,H0178001_S_LEO-SP-026,,brand_unit;legacy_block,
H0178001_S_LEO-SP-001A,H0178001_S_LEO-SP-003,,brand_unit,
H0178001_S_LEO-SP-001A,H0178001_S_LEO-SP-003A,,brand_unit;legacy_block,
H0178001_S_LEO-SP-001A,H0178001_S_LEO-SP-005,0.00065410,brand_unit,
H0178001_S_LEO-SP-001A,H0178001_S_LEO-SP-006A,,brand_unit;legacy_block,
H0178001_S_LEO-SP-001A,H0178001_S_LEO-SP-012,,brand_unit,
H0178001_S_LEO-SP-001A,H0178001_S_LEO-SP-026,,brand_unit,
H0178001_S_LEO-SP-001A,H0178001_S_LEO-SP-027A,0.00580500,brand_unit,
H0178001_S_LEO-SP-001A,H0178001_S_LEP-SP-030,,brand_unit,
H0178001_S_LEO-SP-001A,H0178001_S_LP-008,,brand_unit,
H0178001_S_LEO-SP-003,H0178001_S_LEO-SP-003A,1.00000000,brand_unit,
H0178001_S_LEO-SP-003,H0178001_S_LEO-SP-005,,brand_unit;legacy_block,
H0178001_S_LEO-SP-003,H0178001_S_LEO-SP-006A,,brand_unit,
H0178001_S_LEO-SP-003,H0178001_S_LEO-SP-012,,brand_unit;legacy_block,
H0178001_S_LEO-SP-003,H0178001_S_LEO-SP-026,,brand_unit;legacy_block,
H0178001_S_LEO-SP-003A,H0178001_S_LEO-SP-005,,brand_unit,
H0178001_S_LEO-SP-003A,H0178001_S_LEO-SP-006A,,brand_unit;legacy_block,
H0178001_S_LEO-SP-003A,H0178001_S_LEO-SP-012,,brand_unit,
H0178001_S_LEO-SP-003A,H0178001_S_LEO-SP-026,,brand_unit,
H0178001_S_LEO-SP-003A,H0178001_S_LEO-SP-027A,,brand_unit,
H0178001_S_LEO-SP-003A,H0178001_S_LEP-SP-030,,brand_unit,
H0178001_S_LEO-SP-003A,H0178001_S_LP-008,,brand_unit,
H0178001_S_LEO-SP-005,H0178001_S_LEO-SP-006A,0.00048113,brand_unit,
H0178001_S_LEO-SP-005,H0178001_S_LEO-SP-012,0.02340431,brand_unit;legacy_block,
H0178001_S_LEO-SP-005,H0178001_S_LEO-SP-026,,brand_unit;legacy_block,
H0178001_S_LEO-SP-006A,H0178001_S_LEO-SP-012,0.00066924,brand_unit,
H0178001_S_LEO-SP-006A,H0178001_S_LEO-SP-026,,brand_unit,
H0178001_S_LEO-SP-006A,H0178001_S_LEO-SP-027A,,brand_unit,
H0178001_S_LEO-SP-006A,H0178001_S_LEP-SP-030,0.96662027,brand_unit,
H0178001_S_LEO-SP-006A,H0178001_S_LP-008,,brand_unit,
H0178001_S_LEO-SP-012,H0178001_S_LEO-SP-026,0.06307288,brand_unit;legacy_block,
H0178001_S_LEO-SP-027A,H0178001_S_LEP-SP-030,,brand_unit;legacy_block,
H0178001_S_LEO-SP-027A,H0178001_S_LP-008,0.00259025,brand_unit;legacy_block,
H0178001_S_LEP-SP-030,H0178001_S_LP-008,,brand_unit;legacy_block,
H0229003_S_5TAD-3593290001514,H0229003_S_5TAD-3593290019298,0.68759891,brand_unit;legacy_block,
H0229003_S_5TAD-3593290001514,H0229003_S_5TAD-3593290032297,,brand_unit;legacy_block,
H0229003_S_5TAD-3593290001514,H0229003_S_5TAD-3593290032358,,brand_unit;legacy_block,
H0229003_S_5TAD-3593290001514,H0229003_S_5TAD-3593290032389,,brand_unit;legacy_block,
H0229003_S_5TAD-3593290001514,H0229003_S_5TAD-3593290032419,,brand_unit;legacy_block,
H0229003_S_5TAD-3593290001514,H0229003_S_5TAD-3593290034901,,brand_unit;legacy_block,
H0229003_S_5TAD-3593290001514,H0229003_S_5TAD-3593290034963,,brand_unit;legacy_block,
H0229003_S_5TAD-3593290002658,H0229003_S_5TAD-3593290002665,0.00432571,brand_unit;legacy_block,
H0229003_S_5TAD-3593290002658,H0229003_S_5TAD-3593290027736,0.02112774,brand_unit;legacy_block,
H0229003_S_5TAD-3593290002658,H0229003_S_5TAD-3593290027910,0.03910314,brand_unit;legacy_block,
H0229003_S_5TAD-3593290002658,H0229003_S_5TAD-3593290034840,0.31555179,brand_unit;legacy_block,
H0229003_S_5TAD-3593290002665,H0229003_S_5TAD-3593290027736,0.00632000,brand_unit;legacy_block,
H0229003_S_5TAD-3593290002665,H0229003_S_5TAD-3593290027910,,brand_unit;legacy_block,
H0229003_S_5TAD-3593290002665,H0229003_S_5TAD-3593290034840,0.33657417,brand_unit;legacy_block,
H0229003_S_5TAD-3593290019298,H0229003_S_5TAD-3593290032297,,brand_unit;legacy_block,
H0229003_S_5TAD-3593290019298,H0229003_S_5TAD-3593290032358,,brand_unit;legacy_block,
H0229003_S_5TAD-3593290019298,H0229003_S_5TAD-3593290032389,,brand_unit;legacy_block,
H0229003_S_5TAD-3593290019298,H0229003_S_5TAD-3593290032419,,brand_unit;legacy_block,
H0229003_S_5TAD-3593290019298,H0229003_S_5TAD-3593290034901,,brand_unit;legacy_block,
H0229003_S_5TAD-3593290019298,H0229003_S_5TAD-3593290034963,,brand_unit;legacy_block,
H0229003_S_5TAD-3593290021956,H0229003_S_5TAD-3593290021987,0.99950485,brand_unit;legacy_block,
H0229003_S_5TAD-3593290021956,H0229003_S_5TAD-3593290022014,0.99950485,brand_unit;legacy_block,
H0229003_S_5TAD-3593290021956,H0229003_S_5TAD-3593290030019,0.22716704,brand_unit,
H0229003_S_5TAD-3593290021956,H0229003_S_5TAD-3593290030040,0.18560696,brand_unit,
H0229003_S_5TAD-3593290021956,H0229003_S_5TAD-3593290033225,0.99788040,brand_unit;legacy_block,
H0229003_S_5TAD-3593290021956,H0229003_S_5TAD-3593290035175,0.98677305,brand_unit,
H0229003_S_5TAD-3593290021987,H0229003_S_5TAD-3593290022014,0.99950485,brand_unit;legacy_block,
H0229003_S_5TAD-3593290021987,H0229003_S_5TAD-3593290030019,0.22716704,brand_unit,
H0229003_S_5TAD-3593290021987,H0229003_S_5TAD-3593290030040,0.40192369,brand_unit,
H0229003_S_5TAD-3593290021987,H0229003_S_5TAD-3593290033225,0.99788040,brand_unit;legacy_block,
H0229003_S_5TAD-3593290021987,H0229003_S_5TAD-3593290035175,0.97692212,brand_unit,
H0229003_S_5TAD-3593290022014,H0229003_S_5TAD-3593290030019,0.22716704,brand_unit,
H0229003_S_5TAD-3593290022014,H0229003_S_5TAD-3593290030040,0.40192369,brand_unit,
H0229003_S_5TAD-3593290022014,H0229003_S_5TAD-3593290033225,0.99788040,brand_unit;legacy_block,
H0229003_S_5TAD-3593290022014,H0229003_S_5TAD-3593290035175,0.98677305,brand_unit,
H0229003_S_5TAD-3593290022779,H0229003_S_5TAD-3593290022809,,brand_unit;legacy_block,
H0229003_S_5TAD-3593290022779,H0229003_S_5TAD-3593290025473,,brand_unit;legacy_block,
H0229003_S_5TAD-3593290022779,H0229003_S_5TAD-3593290027859,,brand_unit;legacy_block,
H0229003_S_5TAD-3593290022809,H0229003_S_5TAD-3593290025473,,brand_unit;legacy_block,
H0229003_S_5TAD-3593290022809,H0229003_S_5TAD-3593290027859,,brand_unit;legacy_block,
H0229003_S_5TAD-3593290025473,H0229003_S_5TAD-3593290027859,,brand_unit;legacy_block,
H0229003_S_5TAD-3593290026432,H0229003_S_5TAD-3593290026463,,brand_unit;legacy_block,
H0229003_S_5TAD-3593290026432,H0229003_S_5TAD-3593290026494,,brand_unit;legacy_block,
H0229003_S_5TAD-3593290026432,H0229003_S_5TAD-3593290026524,,brand_unit;legacy_block,
H0229003_S_5TAD-3593290026463,H0229003_S_5TAD-3593290026494,,brand_unit;legacy_block,
H0229003_S_5TAD-3593290026463,H0229003_S_5TAD-3593290026524,,brand_unit;legacy_block,
H0229003_S_5TAD-3593290026494,H0229003_S_5TAD-3593290026524,,brand_unit;legacy_block,
H0229003_S_5TAD-3593290027644,H0229003_S_5TAD-3593290031009,1.00000000,brand_unit;legacy_block;packfree_exact,
H0229003_S_5TAD-3593290027736,H0229003_S_5TAD-3593290027910,0.01692884,brand_unit;legacy_block,
H0229003_S_5TAD-3593290027736,H0229003_S_5TAD-3593290034840,0.02721375,brand_unit;legacy_block,
H0229003_S_5TAD-3593290027910,H0229003_S_5TAD-3593290034840,,brand_unit;legacy_block,
H0229003_S_5TAD-3593290030019,H0229003_S_5TAD-3593290030040,0.98929629,brand_unit;legacy_block,
H0229003_S_5TAD-3593290030019,H0229003_S_5TAD-3593290033225,0.22716704,brand_unit,
H0229003_S_5TAD-3593290030019,H0229003_S_5TAD-3593290035175,0.87742426,brand_unit;legacy_block,
H0229003_S_5TAD-3593290030040,H0229003_S_5TAD-3593290033225,0.40192369,brand_unit,
H0229003_S_5TAD-3593290030040,H0229003_S_5TAD-3593290035175,0.95983138,brand_unit;legacy_block,
H0229003_S_5TAD-3593290032297,H0229003_S_5TAD-3593290032358,0.95758303,brand_unit;legacy_block,
H0229003_S_5TAD-3593290032297,H0229003_S_5TAD-3593290032389,0.95454813,brand_unit;legacy_block,
H0229003_S_5TAD-3593290032297,H0229003_S_5TAD-3593290032419,0.96158173,brand_unit;legacy_block,
H0229003_S_5TAD-3593290032297,H0229003_S_5TAD-3593290034901,0.16840947,brand_unit;legacy_block,
H0229003_S_5TAD-3593290032297,H0229003_S_5TAD-3593290034963,0.44505363,brand_unit;legacy_block,
H0229003_S_5TAD-3593290032358,H0229003_S_5TAD-3593290032389,0.94083866,brand_unit;legacy_block,
H0229003_S_5TAD-3593290032358,H0229003_S_5TAD-3593290032419,,brand_unit;legacy_block,
H0229003_S_5TAD-3593290032358,H0229003_S_5TAD-3593290034901,0.16021130,brand_unit;legacy_block,
H0229003_S_5TAD-3593290032358,H0229003_S_5TAD-3593290034963,0.16840947,brand_unit;legacy_block,
H0229003_S_5TAD-3593290032389,H0229003_S_5TAD-3593290032419,,brand_unit;legacy_block,
H0229003_S_5TAD-3593290032389,H0229003_S_5TAD-3593290034901,0.17741318,brand_unit;legacy_block,
H0229003_S_5TAD-3593290032389,H0229003_S_5TAD-3593290034963,0.89240056,brand_unit;legacy_block,
H0229003_S_5TAD-3593290032419,H0229003_S_5TAD-3593290034901,0.16021130,brand_unit;legacy_block,
H0229003_S_5TAD-3593290032419,H0229003_S_5TAD-3593290034963,0.16840947,brand_unit;legacy_block,
H0229003_S_5TAD-3593290033225,H0229003_S_5TAD-3593290035175,0.98677305,brand_unit,
H0229003_S_5TAD-3593290034901,H0229003_S_5TAD-3593290034963,0.13073055,brand_unit;legacy_block,
H0606003_S_V-SALT-SOAP,H0606003_S_V-SALT-STONE-001,0.48240362,brand_unit,
H0606003_S_V-SALT-SOAP,H0606003_S_V-SALT-STONE-100X1,0.86362694,brand_unit,
H0606003_S_V-SALT-STONE-001,H0606003_S_V-SALT-STONE-100X1,0.90739345,brand_unit;legacy_block,
H0610011_S_241-72-00203-1,H0610032_S_241-72-00203-1,0.00389629,brand_unit,
H0717001_S_ONENAT0015,H7416001_S_893455000332_OneWithNature_SheaButter_Soap_198g,,brand_unit,
H0717001_S_ONENAT0015,H7445001_S_onewithnatureSandalwood198g,,brand_unit,
H0717001_S_ONENAT0015,H7445001_S_onewithnatureTurmericHoney198g,,brand_unit,
H0717001_S_ONENAT0015,H7517001_S_OOWN-0490,,brand_unit;legacy_block,
H0717001_S_ONENAT0015,H7517001_S_OWN-0004,,brand_unit;legacy_block,
H0717001_S_ONENAT0015,H7517001_S_OWN-0073,,brand_unit;legacy_block,
H0717001_S_ONENAT0015,H7517001_S_OWN-0332,,brand_unit;legacy_block,
H0717001_S_ONENAT0015,H7517001_S_OWN-0773,0.70336649,brand_unit;legacy_block,
H0717001_S_ONENAT0015,H9422001_S_WISHMI-0974,,brand_unit,
H0717001_S_ONENAT0015,H9422001_S_WISHMI-0977,0.27796416,brand_unit;legacy_block,
H0717001_S_ONENAT0015,H9422001_S_WISHMI-0980,,brand_unit,
H0883003_S_WA86017,H8115001_S_KY-C00088,1.00000000,brand_unit;exact_ean;legacy_block,
H0883003_S_WA86017,H9340001_S_5797,1.00000000,brand_unit;exact_ean;legacy_block,
H0883003_S_WA86017,H9564001_S_WA06HS85,1.00000000,brand_unit;exact_ean;legacy_block,
H0888001_S_10161477,H0888001_S_10161477A,1.00000000,brand_unit;legacy_block;packfree_exact,
H0888001_S_10161477,H8424001_S_4891392106755,0.00696655,brand_unit,
H0888001_S_10161477,S2802001_S_DettolOriginalSoap,0.00443102,brand_unit,
H0888001_S_10161477,S2802001_S_DettolSkinCareSoap,0.20422956,brand_unit,
H0888001_S_10161477A,H8424001_S_4891392106755,0.00511530,brand_unit,
H0888001_S_10161477A,S2802001_S_DettolOriginalSoap,0.00843759,brand_unit,
H0888001_S_10161477A,S2802001_S_DettolSkinCareSoap,0.23110935,brand_unit,
H0918004_S_639136917434,H0918004_S_639136917854,0.00837959,brand_unit;legacy_block,
H0918004_S_639136917434,H0918004_S_639136917885,0.00405935,brand_unit;legacy_block,
H0918004_S_639136917434,H0918004_S_639136917908,0.00746088,brand_unit;legacy_block,
H0918004_S_639136917434,H0918004_S_639136920014,0.00859918,brand_unit;legacy_block,
H0918004_S_639136917854,H0918004_S_639136917885,0.00245488,brand_unit;legacy_block,
H0918004_S_639136917854,H0918004_S_639136917908,0.00277576,brand_unit;legacy_block,
H0918004_S_639136917854,H0918004_S_639136920014,0.03272673,brand_unit;legacy_block,
H0918004_S_639136917885,H0918004_S_639136917908,0.10272135,brand_unit;legacy_block,
H0918004_S_639136917885,H0918004_S_639136920014,,brand_unit;legacy_block,
H0918004_S_639136917908,H0918004_S_639136920014,0.00277576,brand_unit;legacy_block,
H0956004_S_CHI-113710,H0956007_S_CHI-113710,1.00000000,brand_unit;legacy_block;packfree_exact,
H0956004_S_CHI-113710,H5337002_S_4982757912057,0.00733649,brand_unit,
H0956004_S_CHI-113710,S1061001_S_MON-030-165-0000,0.01200260,brand_unit,
H0956004_S_CHI-113710,S1061001_S_MON-CHI-PSC-10079a,0.00143962,brand_unit,
H0956004_S_CHI-113710,S1061001_S_MON-CHI-PSC-10239,0.00143962,brand_unit,
H0956004_S_CHI-113710,S1061001_S_MON-CHI-PSC-11135a,0.00143962,brand_unit,
H0956004_S_CHI-113710,S1061001_S_MON-CHI-PSC-11531a,0.00143962,brand_unit,
H0956004_S_CHI-113710,S1061001_S_MON-CHI-PSC-11647,0.00143962,brand_unit,
H0956004_S_CHI-113710,S1061001_S_MON-CHI-PSC-11951,0.00143962,brand_unit,
H0956004_S_CHI-113710,S1061001_S_MON-CHI-PSC-11968,0.00518542,brand_unit,
H0956004_S_CHI-113710,S1061001_S_MON-CHI-PSC-11999,0.00546457,brand_unit,
H0956004_S_CHI-113710,S2214001_S_RW911647_2,0.02413205,brand_unit,
H0956007_S_CHI-113710,H5337002_S_4982757912057,0.00733649,brand_unit,
H0956007_S_CHI-113710,S1061001_S_MON-030-165-0000,0.01200260,brand_unit,
H0956007_S_CHI-113710,S1061001_S_MON-CHI-PSC-10079a,0.00143962,brand_unit,
H0956007_S_CHI-113710,S1061001_S_MON-CHI-PSC-10239,0.00143962,brand_unit,
H0956007_S_CHI-113710,S1061001_S_MON-CHI-PSC-11135a,0.00143962,brand_unit,
H0956007_S_CHI-113710,S1061001_S_MON-CHI-PSC-11531a,0.00143962,brand_unit,
H0956007_S_CHI-113710,S1061001_S_MON-CHI-PSC-11647,0.00143962,brand_unit,
H0956007_S_CHI-113710,S1061001_S_MON-CHI-PSC-11951,0.00143962,brand_unit,
H0956007_S_CHI-113710,S1061001_S_MON-CHI-PSC-11968,0.00518542,brand_unit,
H0956007_S_CHI-113710,S1061001_S_MON-CHI-PSC-11999,0.00546457,brand_unit,
H0956007_S_CHI-113710,S2214001_S_RW911647_2,0.02413205,brand_unit,
H0956010_S_T03-000050,H0956012_S_T03-000050,1.00000000,legacy_block;packfree_exact,
H0956010_S_T03-000050,H7343002_S_HK250827JJQT15362RMN01,0.96659861,legacy_block,
H0956010_S_T03-000050,H7343003_S_HK250827JJQT15362RMN01,0.96659861,legacy_block,
H0956010_S_T03-000050,H7343013_S_HK250827JJQT15362RMN01,0.94343940,legacy_block,
H0956010_S_T03-000050,H7343015_S_HK250827JJQT15362RMN01,0.96659861,legacy_block,
H0956010_S_T03-000050,H8708001_S_HK0748,0.95043776,legacy_block,
H0956010_S_T03-000050,H9822001_S_WW084-MiteSulfurSoap,0.95933343,legacy_block,
H0956010_S_T03-000050,S1061001_S_MON-624-153-0000,0.24366761,legacy_block,
H0956010_S_T11-000015,H0956012_S_T11-000015,1.00000000,brand_unit;legacy_block;packfree_exact,
H0956012_S_T03-000050,H7343002_S_HK250827JJQT15362RMN01,0.96659861,legacy_block,
H0956012_S_T03-000050,H7343003_S_HK250827JJQT15362RMN01,0.96659861,legacy_block,
H0956012_S_T03-000050,H7343013_S_HK250827JJQT15362RMN01,0.94343940,legacy_block,
H0956012_S_T03-000050,H7343015_S_HK250827JJQT15362RMN01,0.96659861,legacy_block,
H0956012_S_T03-000050,H8708001_S_HK0748,0.95043776,legacy_block,
H0956012_S_T03-000050,H9822001_S_WW084-MiteSulfurSoap,0.95933343,legacy_block,
H0956012_S_T03-000050,S1061001_S_MON-624-153-0000,0.24366761,legacy_block,
H0958013_S_DRB-786055,H0958013_S_DRB-788059,,brand_unit;legacy_block,
H5120001_S_CC-ADP_L-10,H5120001_S_CC-ADP_L-80,0.99953624,brand_unit;legacy_block,
H5120001_S_CC-ADP_L-10,H5120001_S_CC-ADP_M-10,,brand_unit;legacy_block,
H5120001_S_CC-ADP_L-10,H5120001_S_CC-ADP_M-80,,brand_unit;legacy_block,
H5120001_S_CC-ADP_L-10,H5120001_S_CC-ADP_XL-10,0.88576499,brand_unit;legacy_block,
H5120001_S_CC-ADP_L-10,H5120001_S_CC-PEGM-100,0.00081540,brand_unit,
H5120001_S_CC-ADP_L-10,H5120001_S_CC-WCK,0.15636791,brand_unit;legacy_block,
H5120001_S_CC-ADP_L-80,H5120001_S_CC-ADP_M-10,,brand_unit;legacy_block,
H5120001_S_CC-ADP_L-80,H5120001_S_CC-ADP_M-80,,brand_unit;legacy_block,
H5120001_S_CC-ADP_L-80,H5120001_S_CC-ADP_XL-10,0.98213794,brand_unit;legacy_block,
H5120001_S_CC-ADP_L-80,H5120001_S_CC-PEGM-100,0.00048952,brand_unit,
H5120001_S_CC-ADP_L-80,H5120001_S_CC-WCK,0.14718795,brand_unit;legacy_block,
H5120001_S_CC-ADP_M-10,H5120001_S_CC-ADP_M-80,0.99953624,brand_unit;legacy_block,
H5120001_S_CC-ADP_M-10,H5120001_S_CC-ADP_XL-10,,brand_unit;legacy_block,
H5120001_S_CC-ADP_M-10,H5120001_S_CC-PEGM-100,0.00081540,brand_unit,
H5120001_S_CC-ADP_M-10,H5120001_S_CC-WCK,0.15636791,brand_unit;legacy_block,
H5120001_S_CC-ADP_M-80,H5120001_S_CC-ADP_XL-10,,brand_unit;legacy_block,
H5120001_S_CC-ADP_M-80,H5120001_S_CC-PEGM-100,0.00048952,brand_unit,
H5120001_S_CC-ADP_M-80,H5120001_S_CC-WCK,0.14718795,brand_unit;legacy_block,
H5120001_S_CC-ADP_XL-10,H5120001_S_CC-PEGM-100,0.00374517,brand_unit,
H5120001_S_CC-ADP_XL-10,H5120001_S_CC-WCK,0.14718795,brand_unit;legacy_block,
H5120001_S_CC-ELGM-100,H5120001_S_CC-ELGPFL-100,,brand_unit;legacy_block,
H5120001_S_CC-ELGM-100,H5120001_S_CC-ELGPFM-100,0.15033358,brand_unit;legacy_block,
H5120001_S_CC-ELGM-100,H5120001_S_CC-ELGPFS-100,0.14117246,brand_unit;legacy_block,
H5120001_S_CC-ELGM-100,H5120001_S_CC-FAB-99,0.01985015,brand_unit,
H5120001_S_CC-ELGM-100,H5120001_S_CC-WCK,0.00821093,brand_unit,
H5120001_S_CC-ELGPFL-100,H5120001_S_CC-ELGPFM-100,,brand_unit;legacy_block,
H5120001_S_CC-ELGPFL-100,H5120001_S_CC-ELGPFS-100,0.03578158,brand_unit;legacy_block,
H5120001_S_CC-ELGPFL-100,H5120001_S_CC-FAB-99,0.01985015,brand_unit,
H5120001_S_CC-ELGPFL-100,H5120001_S_CC-WCK,0.00821093,brand_unit,
H5120001_S_CC-ELGPFM-100,H5120001_S_CC-ELGPFS-100,0.03578158,brand_unit;legacy_block,
H5120001_S_CC-ELGPFM-100,H5120001_S_CC-FAB-99,0.01985015,brand_unit,
H5120001_S_CC-ELGPFM-100,H5120001_S_CC-WCK,0.00821093,brand_unit,
H5120001_S_CC-ELGPFS-100,H5120001_S_CC-FAB-99,0.01985015,brand_unit,
H5120001_S_CC-ELGPFS-100,H5120001_S_CC-WCK,0.01618137,brand_unit,
H5120001_S_CC-FAB-99,H5120001_S_CC-PEGM-100,0.01618137,brand_unit,
H5120001_S_CC-PEGM-100,H5120001_S_CC-WCK,0.02606114,brand_unit,
H5215003_S_FORET-04C,H5215003_S_FORET-05C,0.83596071,brand_unit;legacy_block,
H5215003_S_SOAPMUM-15,H5215003_S_SOAPMUM-16,0.16190945,brand_unit;legacy_block,
H5273001_S_KH4945_01,H5273001_S_KH5472,0.02014101,brand_unit,
H5273001_S_KH4945_01,H5273001_S_KH64945,0.73295124,brand_unit;legacy_block,
H5273001_S_KH4945_01,H5273001_S_KH64952,0.03640134,brand_unit,
H5273001_S_KH4945_01,H5273001_S_KH6745_01,0.10614192,brand_unit,
H5273001_S_KH4945_01,H5273001_S_KH9605,0.04054496,brand_unit,
H5273001_S_KH4945_01,H5273001_S_KH9838,0.34975229,brand_unit;legacy_block,
H5273001_S_KH5472,H5273001_S_KH64945,0.00435721,brand_unit,
H5273001_S_KH5472,H5273001_S_KH6745_01,0.30251230,brand_unit;legacy_block,
H5273001_S_KH5472,H5273001_S_KH9605,0.02817612,brand_unit;legacy_block,
H5273001_S_KH5472,H5273001_S_KH9838,0.00464245,brand_unit,
H5273001_S_KH64945,H5273001_S_KH64952,0.16948611,brand_unit,
H5273001_S_KH64945,H5273001_S_KH6745_01,0.10178639,brand_unit,
H5273001_S_KH64945,H5273001_S_KH9605,0.02317823,brand_unit,
H5273001_S_KH64945,H5273001_S_KH9838,0.07534434,brand_unit;legacy_block,
H5273001_S_KH64952,H5273001_S_KH9838,0.04782912,brand_unit,
H5273001_S_KH6745_01,H5273001_S_KH9605,0.44826754,brand_unit;legacy_block,
H5273001_S_KH6745_01,H5273001_S_KH9838,0.01497020,brand_unit,
H5273001_S_KH9605,H5273001_S_KH9838,0.00308732,brand_unit,
H5292003_S_SAV01NJ-8,H5292003_S_SAV22NJ-8,0.28504512,brand_unit,
H5292003_S_SAV01NJ-8,H5292003_S_SAV82NJ-8,0.99219543,brand_unit,
H5292003_S_SAV01NJ-8,H6141001_S_A076-100,0.61139645,brand_unit,
H5292003_S_SAV01NJ-8,H6141001_S_A076-12,0.66610766,brand_unit,
H5292003_S_SAV01NJ-8,H6141001_S_A076-30,0.81712261,brand_unit,
H5292003_S_SAV01NJ-8,H6141001_S_A076-40,0.76508652,brand_unit,
H5292003_S_SAV01NJ-8,H6141001_S_A076-5,0.67435526,brand_unit,
H5292003_S_SAV01NJ-8,H6173001_S_NAJEL-100,0.28728798,brand_unit,
H5292003_S_SAV01NJ-8,H6300002_S_BWNJL-4,,brand_unit,
H5292003_S_SAV01NJ-8,H6300002_S_BWNJL-5A,,brand_unit,
H5292003_S_SAV01NJ-8,H7517001_S_NAJ1017,,brand_unit,
H5292003_S_SAV01NJ-8,H9653001_S_60888,,brand_unit,
H5292003_S_SAV01NJ-8,S6324001_S_nj-aleppo12,,brand_unit,
H5292003_S_SAV01NJ-8,S6324001_S_nj-aleppo40,,brand_unit,
H5292003_S_SAV22NJ-8,H5292003_S_SAV82NJ-8,0.95144989,brand_unit;legacy_block,
H5292003_S_SAV22NJ-8,H6141001_S_A076-100,0.45610229,brand_unit,
H5292003_S_SAV22NJ-8,H6141001_S_A076-12,0.02201132,brand_unit,
H5292003_S_SAV22NJ-8,H6141001_S_A076-30,0.29506762,brand_unit,
H5292003_S_SAV22NJ-8,H6141001_S_A076-40,0.02756548,brand_unit,
H5292003_S_SAV22NJ-8,H6141001_S_A076-5,0.02201132,brand_unit,
H5292003_S_SAV22NJ-8,H6173001_S_NAJEL-100,0.40227257,brand_unit,
H5292003_S_SAV22NJ-8,H6300002_S_BWNJL-5A,,brand_unit,
H5292003_S_SAV22NJ-8,H7517001_S_NAJ1017,,brand_unit,
H5292003_S_SAV22NJ-8,H9653001_S_60888,,brand_unit,
H5292003_S_SAV22NJ-8,S6324001_S_nj-aleppo12,,brand_unit,
H5292003_S_SAV22NJ-8,S6324001_S_nj-aleppo40,,brand_unit,
H5292003_S_SAV33NJ-5P,H6300002_S_BWNJL-6,,brand_unit,
H5292003_S_SAV33NJ-5P,H9653001_S_60019,,brand_unit;legacy_block,
H5292003_S_SAV57NJ5,H6141001_S_A076-12B,,brand_unit;legacy_block,
H5292003_S_SAV57NJ5,H6141001_S_A401,,brand_unit;legacy_block,
H5292003_S_SAV57NJ5,H6141001_S_A404,,brand_unit;legacy_block,
H5292003_S_SAV57NJ5,H6141001_S_A405,,brand_unit;legacy_block,
H5292003_S_SAV57NJ5,H6141001_S_A406,,brand_unit;legacy_block,
H5292003_S_SAV57NJ5,H6141001_S_A407,,brand_unit,
H5292003_S_SAV57NJ5,H6141001_S_A408,,brand_unit;legacy_block,
H5292003_S_SAV57NJ5,H6141001_S_A409,,brand_unit;legacy_block,
H5292003_S_SAV57NJ5,H6141001_S_A410,,brand_unit;legacy_block,
H5292003_S_SAV57NJ5,H6141001_S_A463,,brand_unit;legacy_block,
H5292003_S_SAV57NJ5,H6173001_S_NAJEL-ARGAN,,brand_unit;legacy_block,
H5292003_S_SAV57NJ5,H6173001_S_NAJEL-BK-CUMIN,,brand_unit;legacy_block,
H5292003_S_SAV57NJ5,H6173001_S_NAJEL-CHARCOAL,,brand_unit;legacy_block,
H5292003_S_SAV57NJ5,H6173001_S_NAJEL-DEAD-SEA-MUD,,brand_unit;legacy_block,
H5292003_S_SAV57NJ5,H6173001_S_NAJEL-HONEY,,brand_unit;legacy_block,
H5292003_S_SAV57NJ5,H6173001_S_NAJEL-JASMINE,,brand_unit;legacy_block,
H5292003_S_SAV57NJ5,H6173001_S_NAJEL-LEMON,,brand_unit;legacy_block,
H5292003_S_SAV57NJ5,H6173001_S_NAJEL-ORG,,brand_unit;legacy_block,
H5292003_S_SAV57NJ5,H6173001_S_NAJEL-RD-CLAY,,brand_unit;legacy_block,
H5292003_S_SAV57NJ5,H6173001_S_NAJEL-ROSE,,brand_unit;legacy_block,
H5292003_S_SAV57NJ5,H6300002_S_BWNJL-10,,brand_unit;legacy_block,
H5292003_S_SAV57NJ5,H6300002_S_BWNJL-7,,brand_unit,
H5292003_S_SAV57NJ5,H6300002_S_BWNJL-8,,brand_unit,
H5292003_S_SAV57NJ5,H6300002_S_BWNJL-9,,brand_unit,
H5292003_S_SAV57NJ5,H7517001_S_NAJ0058,,brand_unit;legacy_block,
H5292003_S_SAV57NJ5,H7517001_S_NAJ0959,,brand_unit;legacy_block,
H5292003_S_SAV57NJ5,H7517001_S_NAJ5114,,brand_unit;legacy_block,
H5292003_S_SAV57NJ5,S2188001_S_NAJLalepSOAPsea100g3820N,,brand_unit;legacy_block,
H5292003_S_SAV82NJ-8,H6141001_S_A076-100,0.66692727,brand_unit,
H5292003_S_SAV82NJ-8,H6141001_S_A076-12,0.56444449,brand_unit,
H5292003_S_SAV82NJ-8,H6141001_S_A076-30,0.81208522,brand_unit,
H5292003_S_SAV82NJ-8,H6141001_S_A076-40,0.64583351,brand_unit,
H5292003_S_SAV82NJ-8,H6141001_S_A076-5,0.63364389,brand_unit,
H5292003_S_SAV82NJ-8,H6173001_S_NAJEL-100,0.24514463,brand_unit,
H5292003_S_SAV82NJ-8,H6300002_S_BWNJL-5A,,brand_unit,
H5292003_S_SAV82NJ-8,H7517001_S_NAJ1017,,brand_unit,
H5292003_S_SAV82NJ-8,H9653001_S_60888,,brand_unit,
H5292003_S_SAV82NJ-8,S6324001_S_nj-aleppo12,,brand_unit,
H5292003_S_SAV82NJ-8,S6324001_S_nj-aleppo40,,brand_unit,
H5337002_S_4982757912057,S1061001_S_MON-030-165-0000,0.99884937,brand_unit,
H5337002_S_4982757912057,S1061001_S_MON-CHI-PSC-10239,0.36127663,brand_unit,
H5337002_S_4982757912057,S1061001_S_MON-CHI-PSC-11135a,0.35787242,brand_unit,
H5337002_S_4982757912057,S1061001_S_MON-CHI-PSC-11531a,0.30562194,brand_unit,
H5528001_S_DEL025007,H5528001_S_DEL025007X2,1.00000000,brand_unit;legacy_block,
H5528001_S_DOV256362,H5528001_S_DOV256362A,1.00000000,brand_unit;legacy_block,
H5528001_S_DOV256362,H5528001_S_DOV256362B,1.00000000,brand_unit;legacy_block,
H5528001_S_DOV256362,H6401001_S_dovesoap,0.49376214,brand_unit;legacy_block,
H5528001_S_DOV256362,H6729001_S_D0522,0.00889745,brand_unit;legacy_block,
H5528001_S_DOV256362,H8728001_S_8720182256362,0.46362395,brand_unit,
H5528001_S_DOV256362,H9357001_S_8718114047249,0.91787935,brand_unit,
H5528001_S_DOV256362,H9357001_S_8720182256362-1,0.99196276,brand_unit,
H5528001_S_DOV256362,H9564001_S_DO06CB06,0.99687585,brand_unit,
H5528001_S_DOV256362,S2090001_S_4NO5C,,brand_unit;legacy_block,
H5528001_S_DOV256362,S2552001_S_10091DOV_BAR_SOA_MD,0.66737726,brand_unit;legacy_block,
H5528001_S_DOV256362,S2552002_S_10091_HHL,0.66737726,brand_unit;legacy_block,
H5528001_S_DOV256362,S6136001_S_4NO5C,,brand_unit;legacy_block,
H5528001_S_DOV256362A,H5528001_S_DOV256362B,1.00000000,brand_unit;legacy_block,
H5528001_S_DOV256362A,H6401001_S_dovesoap,0.49376214,brand_unit;legacy_block,
H5528001_S_DOV256362A,H6729001_S_D0522,0.00889745,brand_unit;legacy_block,
H5528001_S_DOV256362A,H8728001_S_8720182256362,0.46362395,brand_unit,
H5528001_S_DOV256362A,H9357001_S_8718114047249,0.91787935,brand_unit,
H5528001_S_DOV256362A,H9357001_S_8720182256362-1,0.99196276,brand_unit,
H5528001_S_DOV256362A,H9564001_S_DO06CB06,0.99687585,brand_unit,
H5528001_S_DOV256362A,S2090001_S_4NO5C,,brand_unit;legacy_block,
H5528001_S_DOV256362A,S2552001_S_10091DOV_BAR_SOA_MD,0.66737726,brand_unit;legacy_block,
H5528001_S_DOV256362A,S2552002_S_10091_HHL,0.66737726,brand_unit;legacy_block,
H5528001_S_DOV256362A,S6136001_S_4NO5C,,brand_unit;legacy_block,
H5528001_S_DOV256362B,H6401001_S_dovesoap,0.49376214,brand_unit;legacy_block,
H5528001_S_DOV256362B,H6729001_S_D0522,0.00889745,brand_unit;legacy_block,
H5528001_S_DOV256362B,H8728001_S_8720182256362,0.46362395,brand_unit,
H5528001_S_DOV256362B,H9357001_S_8718114047249,0.91787935,brand_unit,
H5528001_S_DOV256362B,H9357001_S_8720182256362-1,0.99196276,brand_unit,
H5528001_S_DOV256362B,H9564001_S_DO06CB06,0.99687585,brand_unit,
H5528001_S_DOV256362B,S2090001_S_4NO5C,,brand_unit;legacy_block,
H5528001_S_DOV256362B,S2552001_S_10091DOV_BAR_SOA_MD,0.66737726,brand_unit;legacy_block,
H5528001_S_DOV256362B,S2552002_S_10091_HHL,0.66737726,brand_unit;legacy_block,
H5528001_S_DOV256362B,S6136001_S_4NO5C,,brand_unit;legacy_block,
H5528001_S_LUX527716,H5528001_S_LUX527716X2,1.00000000,brand_unit;legacy_block,
H5528001_S_LUX527716,H5528001_S_LUX527716Z,0.99673026,brand_unit,
H5528001_S_LUX527716,H6280001_S_N235LUBS52756X6,0.41804175,brand_unit,
H5528001_S_LUX527716,H6280001_S_N235LUBS52767X6,0.41804175,brand_unit,
H5528001_S_LUX527716,H6280001_S_N235LUBS52769X6,0.12107037,brand_unit,
H5528001_S_LUX527716,H6280001_S_N235LUBS52770X6,0.44382328,brand_unit,
H5528001_S_LUX527716,H6280001_S_N235LUBS52771X6,0.00392307,brand_unit,
H5528001_S_LUX527716,H6401001_S_luxsoap,0.01224571,brand_unit;legacy_block,
H5528001_S_LUX527716,H6706001_S_cs169865,0.38541894,brand_unit,
H5528001_S_LUX527716,H6706001_S_cs169867,,brand_unit,
H5528001_S_LUX527716,H6729001_S_L0311,0.00139042,brand_unit,
H5528001_S_LUX527716,H6729001_S_L0312,0.00139042,brand_unit,
H5528001_S_LUX527716,H6729001_S_L0313,0.00122807,brand_unit,
H5528001_S_LUX527716,H6729001_S_L0324,0.00122807,brand_unit,
H5528001_S_LUX527716,H6729001_S_L0325,0.00122807,brand_unit,
H5528001_S_LUX527716,H9564001_S_KU05SB06,0.00474344,brand_unit;legacy_block,
H5528001_S_LUX527716,S2090001_S_4NO5A,0.00760902,brand_unit;legacy_block,
H5528001_S_LUX527716,S6136001_S_4NO5A,0.00760902,brand_unit;legacy_block,
H5528001_S_LUX527716X2,H5528001_S_LUX527716Z,0.98281214,brand_unit,
H5528001_S_LUX527716X2,H6280001_S_N235LUBS52756X6,0.45966535,brand_unit,
H5528001_S_LUX527716X2,H6280001_S_N235LUBS52767X6,0.45966535,brand_unit,
H5528001_S_LUX527716X2,H6280001_S_N235LUBS52769X6,0.12107037,brand_unit,
H5528001_S_LUX527716X2,H6280001_S_N235LUBS52770X6,0.38581682,brand_unit,
H5528001_S_LUX527716X2,H6280001_S_N235LUBS52771X6,0.00438683,brand_unit,
H5528001_S_LUX527716X2,H6401001_S_luxsoap,0.01224571,brand_unit;legacy_block,
H5528001_S_LUX527716X2,H6706001_S_cs169865,0.15172152,brand_unit,
H5528001_S_LUX527716X2,H6706001_S_cs169867,,brand_unit,
H5528001_S_LUX527716X2,H6729001_S_L0311,0.00139042,brand_unit,
H5528001_S_LUX527716X2,H6729001_S_L0312,0.00139042,brand_unit,
H5528001_S_LUX527716X2,H6729001_S_L0313,0.00122807,brand_unit,
H5528001_S_LUX527716X2,H6729001_S_L0324,0.00122807,brand_unit,
H5528001_S_LUX527716X2,H6729001_S_L0325,0.00122807,brand_unit,
H5528001_S_LUX527716X2,H9564001_S_KU05SB06,0.00474344,brand_unit;legacy_block,
H5528001_S_LUX527716X2,S2090001_S_4NO5A,0.00139042,brand_unit;legacy_block,
H5528001_S_LUX527716X2,S6136001_S_4NO5A,0.00139042,brand_unit;legacy_block,
H5528001_S_LUX527716Z,H6280001_S_N235LUBS52756X6,0.97213776,brand_unit;legacy_block,
H5528001_S_LUX527716Z,H6280001_S_N235LUBS52767X6,0.97334949,brand_unit;legacy_block,
H5528001_S_LUX527716Z,H6280001_S_N235LUBS52769X6,0.86399790,brand_unit;legacy_block,
H5528001_S_LUX527716Z,H6280001_S_N235LUBS52770X6,0.98395876,brand_unit;legacy_block,
H5528001_S_LUX527716Z,H6280001_S_N235LUBS52771X6,0.59104219,brand_unit;legacy_block,
H5528001_S_LUX527716Z,H6401001_S_luxsoap,0.01224571,brand_unit,
H5528001_S_LUX527716Z,H6729001_S_L0311,0.08788921,brand_unit;legacy_block,
H5528001_S_LUX527716Z,H6729001_S_L0312,0.08788921,brand_unit;legacy_block,
H5528001_S_LUX527716Z,H6729001_S_L0313,0.05415338,brand_unit;legacy_block,
H5528001_S_LUX527716Z,H6729001_S_L0324,0.01029007,brand_unit;legacy_block,
H5528001_S_LUX527716Z,H6729001_S_L0325,0.01029007,brand_unit;legacy_block,
H5528001_S_LUX527716Z,H9564001_S_KU05SB06,0.00474344,brand_unit,
H5528001_S_LUX527716Z,S2090001_S_4NO5A,0.00165980,brand_unit,
H5528001_S_LUX527716Z,S6136001_S_4NO5A,0.00165980,brand_unit,
H5528001_S_RSM808204,H5528001_S_RSM808204X2,1.00000000,brand_unit;legacy_block,
H5621001_S_110563,H7148001_S_20110815,0.99641220,brand_unit;legacy_block,
H5621001_S_110563,S2188001_S_LRPlipikarSURGRAS150g4533,1.00000000,brand_unit;legacy_block;packfree_exact,
H5621001_S_347787,H5621001_S_347788,0.92480720,brand_unit;legacy_block,
H5621001_S_67818,H5621001_S_95967,0.73927225,brand_unit;legacy_block,
H5621001_S_71465,H5621001_S_79678,0.52121169,brand_unit;legacy_block,
H5621001_S_71465,H5627001_S_809280018619,0.05377090,brand_unit;legacy_block,
H5621001_S_71465,H5859001_S_ST3136,0.03534678,brand_unit;legacy_block,
H5621001_S_71465,H5859001_S_ST3717,0.05031948,brand_unit;legacy_block,
H5621001_S_71465,H5985001_S_018565_809280018565,0.10073799,brand_unit;legacy_block,
H5621001_S_71465,H8976001_S_809280018565,0.77248378,brand_unit;legacy_block,
H5621001_S_71465,H8976001_S_809280018572,0.79472815,brand_unit;legacy_block,
H5621001_S_71465,H8976001_S_809280018602,0.77248378,brand_unit;legacy_block,
H5621001_S_71465,H8976001_S_809280018619,0.84085253,brand_unit;legacy_block,
H5621001_S_79678,H5627001_S_809280018619,0.13626164,brand_unit;legacy_block,
H5621001_S_79678,H5859001_S_ST3136,0.08054709,brand_unit;legacy_block,
H5621001_S_79678,H5859001_S_ST3717,0.01700863,brand_unit;legacy_block,
H5621001_S_79678,H5985001_S_018565_809280018565,0.05671920,brand_unit;legacy_block,
H5621001_S_79678,H8976001_S_809280018565,0.80725648,brand_unit;legacy_block,
H5621001_S_79678,H8976001_S_809280018572,0.66694680,brand_unit;legacy_block,
H5621001_S_79678,H8976001_S_809280018602,0.80725648,brand_unit;legacy_block,
H5621001_S_79678,H8976001_S_809280018619,0.80932785,brand_unit;legacy_block,
H5627001_S_809280018619,H5859001_S_ST3136,,brand_unit;legacy_block,
H5627001_S_809280018619,H5859001_S_ST3717,0.99722994,brand_unit;legacy_block,
H5627001_S_809280018619,H5985001_S_018565_809280018565,,brand_unit;legacy_block,
H5627001_S_809280018619,H8976001_S_809280018565,,brand_unit;legacy_block,
H5627001_S_809280018619,H8976001_S_809280018572,,brand_unit;legacy_block,
H5627001_S_809280018619,H8976001_S_809280018602,0.64327164,brand_unit;legacy_block,
H5627001_S_809280018619,H8976001_S_809280018619,0.99101728,brand_unit;legacy_block,
H5859001_S_ST2804,H5859001_S_ST2805,,brand_unit;legacy_block,
H5859001_S_ST2804,H5859001_S_ST2806,,brand_unit;legacy_block,
H5859001_S_ST2804,H5859001_S_ST2808,,brand_unit;legacy_block,
H5859001_S_ST2804,H5859001_S_ST2809,,brand_unit;legacy_block,
H5859001_S_ST2804,H5859001_S_ST2810,0.84654142,brand_unit;legacy_block,
H5859001_S_ST2804,H5859001_S_ST2811,1.00000000,brand_unit;legacy_block;packfree_exact,
H5859001_S_ST2804,H5859001_S_ST2812,,brand_unit;legacy_block,
H5859001_S_ST2804,H5859001_S_ST2813,,brand_unit;legacy_block,
H5859001_S_ST2804,H5859001_S_ST2815,,brand_unit;legacy_block,
H5859001_S_ST2804,H5859001_S_ST2816,,brand_unit;legacy_block,
H5859001_S_ST2804,H5859001_S_ST2817,0.89347868,brand_unit;legacy_block,
H5859001_S_ST2804,H6167001_S_9349254002011,0.78662459,brand_unit,
H5859001_S_ST2804,H6167001_S_9349254002028,,brand_unit,
H5859001_S_ST2804,H6167001_S_9349254002035,,brand_unit,
H5859001_S_ST2804,H6167001_S_9349254002042,,brand_unit,
H5859001_S_ST2804,H6167001_S_9349254002059,,brand_unit,
H5859001_S_ST2804,H6167001_S_9349254004053,0.76543430,brand_unit,
H5859001_S_ST2804,H6167002_S_9349254002011,0.78662459,brand_unit,
H5859001_S_ST2804,H6167002_S_9349254002028,,brand_unit,
H5859001_S_ST2804,H6167002_S_9349254002035,,brand_unit,
H5859001_S_ST2804,H6167002_S_9349254002042,,brand_unit,
H5859001_S_ST2804,H6167002_S_9349254002059,,brand_unit,
H5859001_S_ST2804,H6167002_S_9349254004053,0.76543430,brand_unit,
H5859001_S_ST2804,H6173001_S_GOAT-SOAP-COCONUT,,brand_unit,
H5859001_S_ST2804,H7096001_S_9349254002011,0.78662459,brand_unit,
H5859001_S_ST2804,H7096001_S_9349254002028,,brand_unit,
H5859001_S_ST2804,H7096001_S_9349254002035,,brand_unit,
H5859001_S_ST2804,H8347001_S_GOAT-BP02,,brand_unit;legacy_block,
H5859001_S_ST2804,H8347001_S_GOAT-BP04,0.99802376,brand_unit,
H5859001_S_ST2804,H8347001_S_GOAT-BP05,,brand_unit;legacy_block,
H5859001_S_ST2804,H8347001_S_GOAT-BP06,,brand_unit,
H5859001_S_ST2804,H8347001_S_GOAT-BP08,0.09931183,brand_unit,
H5859001_S_ST2804,H8427001_S_9349254002011,0.99928279,brand_unit,
H5859001_S_ST2804,H8427001_S_9349254002028,,brand_unit,
H5859001_S_ST2804,H8427001_S_9349254002035,,brand_unit,
H5859001_S_ST2804,H8427001_S_9349254002042,,brand_unit,
H5859001_S_ST2804,H8427001_S_9349254002059,0.77267091,brand_unit,
H5859001_S_ST2804,H8427001_S_9349254002066,,brand_unit,
H5859001_S_ST2804,H8427001_S_9349254004053,0.95077752,brand_unit,
H5859001_S_ST2804,H8427001_S_9349254006286,,brand_unit,
H5859001_S_ST2804,H9250001_S_A9349254005005,,brand_unit;legacy_block,
H5859001_S_ST2804,S2232001_S_GOS2011X2,1.00000000,brand_unit;legacy_block,
H5859001_S_ST2804,S2232001_S_GOS2028X2,,brand_unit;legacy_block,
H5859001_S_ST2804,S2232001_S_GOS2042X2,,brand_unit;legacy_block,
H5859001_S_ST2804,S2232001_S_GOS2053X2,,brand_unit;legacy_block,
H5859001_S_ST2804,S2232001_S_GOS2059X2,,brand_unit;legacy_block,
H5859001_S_ST2804,S2232001_S_GOS2066X2,,brand_unit;legacy_block,
H5859001_S_ST2804,S2232001_S_GOS4053X2,,brand_unit;legacy_block,
H5859001_S_ST2804,S6258001_S_GOS2011X2,1.00000000,brand_unit;legacy_block,
H5859001_S_ST2804,S6258001_S_GOS2028X2,,brand_unit;legacy_block,
H5859001_S_ST2804,S6258001_S_GOS2042X2,,brand_unit;legacy_block,
H5859001_S_ST2804,S6258001_S_GOS2059X2,,brand_unit;legacy_block,
H5859001_S_ST2804,S6375001_S_9349254004053,0.95790166,brand_unit,
H5859001_S_ST2804,S6375001_S_9349254006286,,brand_unit,
H5859001_S_ST2805,H5859001_S_ST2806,,brand_unit;legacy_block,
H5859001_S_ST2805,H5859001_S_ST2808,,brand_unit;legacy_block,
H5859001_S_ST2805,H5859001_S_ST2809,0.17807250,brand_unit;legacy_block,
H5859001_S_ST2805,H5859001_S_ST2810,0.84654142,brand_unit;legacy_block,
H5859001_S_ST2805,H5859001_S_ST2811,,brand_unit;legacy_block,
H5859001_S_ST2805,H5859001_S_ST2812,1.00000000,brand_unit;legacy_block;packfree_exact,
H5859001_S_ST2805,H5859001_S_ST2813,,brand_unit;legacy_block,
H5859001_S_ST2805,H5859001_S_ST2815,,brand_unit;legacy_block,
H5859001_S_ST2805,H5859001_S_ST2816,0.18391535,brand_unit;legacy_block,
H5859001_S_ST2805,H5859001_S_ST2817,0.89347868,brand_unit;legacy_block,
H5859001_S_ST2805,H6167001_S_9349254002011,,brand_unit,
H5859001_S_ST2805,H6167001_S_9349254002028,,brand_unit,
H5859001_S_ST2805,H6167001_S_9349254002035,0.86287666,brand_unit,
H5859001_S_ST2805,H6167001_S_9349254002042,,brand_unit,
H5859001_S_ST2805,H6167001_S_9349254002059,0.00782102,brand_unit,
H5859001_S_ST2805,H6167001_S_9349254004053,0.82614555,brand_unit,
H5859001_S_ST2805,H6167002_S_9349254002011,,brand_unit,
H5859001_S_ST2805,H6167002_S_9349254002028,,brand_unit,
H5859001_S_ST2805,H6167002_S_9349254002035,0.86287666,brand_unit,
H5859001_S_ST2805,H6167002_S_9349254002042,,brand_unit,
H5859001_S_ST2805,H6167002_S_9349254002059,0.00782102,brand_unit,
H5859001_S_ST2805,H6167002_S_9349254004053,0.82614555,brand_unit,
H5859001_S_ST2805,H6173001_S_GOAT-SOAP-COCONUT,,brand_unit,
H5859001_S_ST2805,H7096001_S_9349254002011,,brand_unit,
H5859001_S_ST2805,H7096001_S_9349254002028,,brand_unit,
H5859001_S_ST2805,H7096001_S_9349254002035,0.86287666,brand_unit,
H5859001_S_ST2805,H8347001_S_GOAT-BP02,0.99399343,brand_unit;legacy_block,
H5859001_S_ST2805,H8347001_S_GOAT-BP04,,brand_unit,
H5859001_S_ST2805,H8347001_S_GOAT-BP05,,brand_unit;legacy_block,
H5859001_S_ST2805,H8347001_S_GOAT-BP06,0.99024406,brand_unit,
H5859001_S_ST2805,H8347001_S_GOAT-BP08,0.12770602,brand_unit,
H5859001_S_ST2805,H8427001_S_9349254002011,,brand_unit,
H5859001_S_ST2805,H8427001_S_9349254002028,,brand_unit,
H5859001_S_ST2805,H8427001_S_9349254002035,0.99961605,brand_unit,
H5859001_S_ST2805,H8427001_S_9349254002042,0.84106026,brand_unit,
H5859001_S_ST2805,H8427001_S_9349254002059,0.82540973,brand_unit,
H5859001_S_ST2805,H8427001_S_9349254002066,,brand_unit,
H5859001_S_ST2805,H8427001_S_9349254004053,0.96661967,brand_unit,
H5859001_S_ST2805,H8427001_S_9349254006286,,brand_unit,
H5859001_S_ST2805,H9250001_S_A9349254005005,0.28235008,brand_unit;legacy_block,
H5859001_S_ST2805,S2232001_S_GOS2011X2,,brand_unit;legacy_block,
H5859001_S_ST2805,S2232001_S_GOS2028X2,,brand_unit;legacy_block,
H5859001_S_ST2805,S2232001_S_GOS2042X2,0.86567430,brand_unit;legacy_block,
H5859001_S_ST2805,S2232001_S_GOS2053X2,1.00000000,brand_unit;legacy_block,
H5859001_S_ST2805,S2232001_S_GOS2059X2,0.63385280,brand_unit;legacy_block,
H5859001_S_ST2805,S2232001_S_GOS2066X2,,brand_unit;legacy_block,
H5859001_S_ST2805,S2232001_S_GOS4053X2,,brand_unit;legacy_block,
H5859001_S_ST2805,S6258001_S_GOS2011X2,,brand_unit;legacy_block,
H5859001_S_ST2805,S6258001_S_GOS2028X2,,brand_unit;legacy_block,
H5859001_S_ST2805,S6258001_S_GOS2042X2,0.86567430,brand_unit;legacy_block,
H5859001_S_ST2805,S6258001_S_GOS2059X2,0.63385280,brand_unit;legacy_block,
H5859001_S_ST2805,S6375001_S_9349254004053,0.97151961,brand_unit,
H5859001_S_ST2805,S6375001_S_9349254006286,,brand_unit,
H5859001_S_ST2806,H5859001_S_ST2808,,brand_unit;legacy_block,
H5859001_S_ST2806,H5859001_S_ST2809,,brand_unit;legacy_block,
H5859001_S_ST2806,H5859001_S_ST2810,0.80162570,brand_unit;legacy_block,
H5859001_S_ST2806,H5859001_S_ST2811,,brand_unit;legacy_block,
H5859001_S_ST2806,H5859001_S_ST2812,,brand_unit;legacy_block,
H5859001_S_ST2806,H5859001_S_ST2813,1.00000000,brand_unit;legacy_block;packfree_exact,
H5859001_S_ST2806,H5859001_S_ST2815,,brand_unit;legacy_block,
H5859001_S_ST2806,H5859001_S_ST2816,,brand_unit;legacy_block,
H5859001_S_ST2806,H5859001_S_ST2817,0.68517976,brand_unit;legacy_block,
H5859001_S_ST2806,H6167001_S_9349254002011,,brand_unit,
H5859001_S_ST2806,H6167001_S_9349254002028,0.01805835,brand_unit,
H5859001_S_ST2806,H6167001_S_9349254002035,,brand_unit,
H5859001_S_ST2806,H6167001_S_9349254002042,,brand_unit,
H5859001_S_ST2806,H6167001_S_9349254002059,0.08324795,brand_unit,
H5859001_S_ST2806,H6167001_S_9349254004053,,brand_unit,
H5859001_S_ST2806,H6167002_S_9349254002011,,brand_unit,
H5859001_S_ST2806,H6167002_S_9349254002028,0.01805835,brand_unit,
H5859001_S_ST2806,H6167002_S_9349254002035,,brand_unit,
H5859001_S_ST2806,H6167002_S_9349254002042,,brand_unit,
H5859001_S_ST2806,H6167002_S_9349254002059,0.08324795,brand_unit,
H5859001_S_ST2806,H6167002_S_9349254004053,,brand_unit,
H5859001_S_ST2806,H6173001_S_GOAT-SOAP-COCONUT,,brand_unit,
H5859001_S_ST2806,H7096001_S_9349254002011,,brand_unit,
H5859001_S_ST2806,H7096001_S_9349254002028,0.01805835,brand_unit,
H5859001_S_ST2806,H7096001_S_9349254002035,,brand_unit,
H5859001_S_ST2806,H8347001_S_GOAT-BP02,,brand_unit;legacy_block,
H5859001_S_ST2806,H8347001_S_GOAT-BP04,,brand_unit,
H5859001_S_ST2806,H8347001_S_GOAT-BP05,0.99775941,brand_unit;legacy_block,
H5859001_S_ST2806,H8347001_S_GOAT-BP06,0.95586961,brand_unit,
H5859001_S_ST2806,H8347001_S_GOAT-BP08,,brand_unit,
H5859001_S_ST2806,H8427001_S_9349254002011,,brand_unit,
H5859001_S_ST2806,H8427001_S_9349254002028,0.99271657,brand_unit,
H5859001_S_ST2806,H8427001_S_9349254002035,,brand_unit,
H5859001_S_ST2806,H8427001_S_9349254002042,0.88241208,brand_unit,
H5859001_S_ST2806,H8427001_S_9349254002059,,brand_unit,
H5859001_S_ST2806,H8427001_S_9349254002066,,brand_unit,
H5859001_S_ST2806,H8427001_S_9349254004053,0.78174940,brand_unit,
H5859001_S_ST2806,H8427001_S_9349254006286,,brand_unit,
H5859001_S_ST2806,H9250001_S_A9349254005005,,brand_unit;legacy_block,
H5859001_S_ST2806,S2232001_S_GOS2011X2,,brand_unit;legacy_block,
H5859001_S_ST2806,S2232001_S_GOS2028X2,0.99241331,brand_unit;legacy_block,
H5859001_S_ST2806,S2232001_S_GOS2042X2,0.58224156,brand_unit;legacy_block,
H5859001_S_ST2806,S2232001_S_GOS2053X2,,brand_unit;legacy_block,
H5859001_S_ST2806,S2232001_S_GOS2059X2,,brand_unit;legacy_block,
H5859001_S_ST2806,S2232001_S_GOS2066X2,,brand_unit;legacy_block,
H5859001_S_ST2806,S2232001_S_GOS4053X2,,brand_unit;legacy_block,
H5859001_S_ST2806,S6258001_S_GOS2011X2,,brand_unit;legacy_block,
H5859001_S_ST2806,S6258001_S_GOS2028X2,0.99241331,brand_unit;legacy_block,
H5859001_S_ST2806,S6258001_S_GOS2042X2,0.58224156,brand_unit;legacy_block,
H5859001_S_ST2806,S6258001_S_GOS2059X2,,brand_unit;legacy_block,
H5859001_S_ST2806,S6375001_S_9349254004053,0.75898821,brand_unit,
H5859001_S_ST2806,S6375001_S_9349254006286,,brand_unit,
H5859001_S_ST2808,H5859001_S_ST2809,0.14376939,brand_unit;legacy_block,
H5859001_S_ST2808,H5859001_S_ST2810,0.95850735,brand_unit;legacy_block,
H5859001_S_ST2808,H5859001_S_ST2811,,brand_unit;legacy_block,
H5859001_S_ST2808,H5859001_S_ST2812,,brand_unit;legacy_block,
H5859001_S_ST2808,H5859001_S_ST2813,,brand_unit;legacy_block,
H5859001_S_ST2808,H5859001_S_ST2815,1.00000000,brand_unit;legacy_block;packfree_exact,
H5859001_S_ST2808,H5859001_S_ST2816,0.14526637,brand_unit;legacy_block,
H5859001_S_ST2808,H5859001_S_ST2817,0.95140233,brand_unit;legacy_block,
H5859001_S_ST2808,H6167001_S_9349254002011,,brand_unit,
H5859001_S_ST2808,H6167001_S_9349254002028,,brand_unit,
H5859001_S_ST2808,H6167001_S_9349254002035,,brand_unit,
H5859001_S_ST2808,H6167001_S_9349254002042,,brand_unit,
H5859001_S_ST2808,H6167001_S_9349254002059,0.01614511,brand_unit,
H5859001_S_ST2808,H6167001_S_9349254004053,0.90529261,brand_unit,
H5859001_S_ST2808,H6167002_S_9349254002011,,brand_unit,
H5859001_S_ST2808,H6167002_S_9349254002028,,brand_unit,
H5859001_S_ST2808,H6167002_S_9349254002035,,brand_unit,
H5859001_S_ST2808,H6167002_S_9349254002042,,brand_unit,
H5859001_S_ST2808,H6167002_S_9349254002059,0.01614511,brand_unit,
H5859001_S_ST2808,H6167002_S_9349254004053,0.90529261,brand_unit,
H5859001_S_ST2808,H6173001_S_GOAT-SOAP-COCONUT,0.97480090,brand_unit,
H5859001_S_ST2808,H7096001_S_9349254002011,,brand_unit,
H5859001_S_ST2808,H7096001_S_9349254002028,,brand_unit,
H5859001_S_ST2808,H7096001_S_9349254002035,,brand_unit,
H5859001_S_ST2808,H8347001_S_GOAT-BP02,,brand_unit;legacy_block,
H5859001_S_ST2808,H8347001_S_GOAT-BP04,,brand_unit,
H5859001_S_ST2808,H8347001_S_GOAT-BP05,,brand_unit;legacy_block,
H5859001_S_ST2808,H8347001_S_GOAT-BP06,,brand_unit,
H5859001_S_ST2808,H8347001_S_GOAT-BP08,0.18417919,brand_unit,
H5859001_S_ST2808,H8427001_S_9349254002011,,brand_unit,
H5859001_S_ST2808,H8427001_S_9349254002028,,brand_unit,
H5859001_S_ST2808,H8427001_S_9349254002035,,brand_unit,
H5859001_S_ST2808,H8427001_S_9349254002042,,brand_unit,
H5859001_S_ST2808,H8427001_S_9349254002059,0.92065956,brand_unit,
H5859001_S_ST2808,H8427001_S_9349254002066,0.99889839,brand_unit,
H5859001_S_ST2808,H8427001_S_9349254004053,0.98890284,brand_unit,
H5859001_S_ST2808,H8427001_S_9349254006286,,brand_unit,
H5859001_S_ST2808,H9250001_S_A9349254005005,0.50387223,brand_unit;legacy_block,
H5859001_S_ST2808,S2232001_S_GOS2011X2,,brand_unit;legacy_block,
H5859001_S_ST2808,S2232001_S_GOS2028X2,,brand_unit;legacy_block,
H5859001_S_ST2808,S2232001_S_GOS2042X2,,brand_unit;legacy_block,
H5859001_S_ST2808,S2232001_S_GOS2053X2,,brand_unit;legacy_block,
H5859001_S_ST2808,S2232001_S_GOS2059X2,0.56593440,brand_unit;legacy_block,
H5859001_S_ST2808,S2232001_S_GOS2066X2,1.00000000,brand_unit;legacy_block,
H5859001_S_ST2808,S2232001_S_GOS4053X2,,brand_unit;legacy_block,
H5859001_S_ST2808,S6258001_S_GOS2011X2,,brand_unit;legacy_block,
H5859001_S_ST2808,S6258001_S_GOS2028X2,,brand_unit;legacy_block,
H5859001_S_ST2808,S6258001_S_GOS2042X2,,brand_unit;legacy_block,
H5859001_S_ST2808,S6258001_S_GOS2059X2,0.56593440,brand_unit;legacy_block,
H5859001_S_ST2808,S6375001_S_9349254004053,0.98193412,brand_unit,
H5859001_S_ST2808,S6375001_S_9349254006286,,brand_unit,
H5859001_S_ST2809,H5859001_S_ST2810,0.90615834,brand_unit;legacy_block,
H5859001_S_ST2809,H5859001_S_ST2811,,brand_unit;legacy_block,
H5859001_S_ST2809,H5859001_S_ST2812,0.17571156,brand_unit;legacy_block,
H5859001_S_ST2809,H5859001_S_ST2813,,brand_unit;legacy_block,
H5859001_S_ST2809,H5859001_S_ST2815,0.10447913,brand_unit;legacy_block,
H5859001_S_ST2809,H5859001_S_ST2816,1.00000000,brand_unit;legacy_block;packfree_exact,
H5859001_S_ST2809,H5859001_S_ST2817,0.89928873,brand_unit;legacy_block,
H5859001_S_ST2809,H6167001_S_9349254002011,0.01549291,brand_unit,
H5859001_S_ST2809,H6167001_S_9349254002028,,brand_unit,
H5859001_S_ST2809,H6167001_S_9349254002035,0.00856530,brand_unit,
H5859001_S_ST2809,H6167001_S_9349254002042,,brand_unit,
H5859001_S_ST2809,H6167001_S_9349254002059,0.00822448,brand_unit,
H5859001_S_ST2809,H6167001_S_9349254004053,0.82430014,brand_unit,
H5859001_S_ST2809,H6167002_S_9349254002011,0.01549291,brand_unit,
H5859001_S_ST2809,H6167002_S_9349254002028,,brand_unit,
H5859001_S_ST2809,H6167002_S_9349254002035,0.00856530,brand_unit,
H5859001_S_ST2809,H6167002_S_9349254002042,,brand_unit,
H5859001_S_ST2809,H6167002_S_9349254002059,0.00822448,brand_unit,
H5859001_S_ST2809,H6167002_S_9349254004053,0.82430014,brand_unit,
H5859001_S_ST2809,H6173001_S_GOAT-SOAP-COCONUT,0.14637724,brand_unit,
H5859001_S_ST2809,H7096001_S_9349254002011,0.01549291,brand_unit,
H5859001_S_ST2809,H7096001_S_9349254002028,,brand_unit,
H5859001_S_ST2809,H7096001_S_9349254002035,0.00856530,brand_unit,
H5859001_S_ST2809,H8347001_S_GOAT-BP02,0.98947642,brand_unit;legacy_block,
H5859001_S_ST2809,H8347001_S_GOAT-BP04,0.97905485,brand_unit,
H5859001_S_ST2809,H8347001_S_GOAT-BP05,,brand_unit;legacy_block,
H5859001_S_ST2809,H8347001_S_GOAT-BP06,0.99087898,brand_unit,
H5859001_S_ST2809,H8347001_S_GOAT-BP08,0.10303521,brand_unit,
H5859001_S_ST2809,H8427001_S_9349254002011,0.96071629,brand_unit,
H5859001_S_ST2809,H8427001_S_9349254002028,,brand_unit,
H5859001_S_ST2809,H8427001_S_9349254002035,0.96071629,brand_unit,
H5859001_S_ST2809,H8427001_S_9349254002042,0.79941456,brand_unit,
H5859001_S_ST2809,H8427001_S_9349254002059,0.79185687,brand_unit,
H5859001_S_ST2809,H8427001_S_9349254002066,0.95341233,brand_unit,
H5859001_S_ST2809,H8427001_S_9349254004053,0.96247063,brand_unit,
H5859001_S_ST2809,H8427001_S_9349254006286,0.50615287,brand_unit,
H5859001_S_ST2809,H9250001_S_A9349254005005,,brand_unit;legacy_block,
H5859001_S_ST2809,S2232001_S_GOS2011X2,,brand_unit;legacy_block,
H5859001_S_ST2809,S2232001_S_GOS2028X2,,brand_unit;legacy_block,
H5859001_S_ST2809,S2232001_S_GOS2042X2,0.82916804,brand_unit;legacy_block,
H5859001_S_ST2809,S2232001_S_GOS2053X2,0.76285044,brand_unit;legacy_block,
H5859001_S_ST2809,S2232001_S_GOS2059X2,0.93061654,brand_unit;legacy_block,
H5859001_S_ST2809,S2232001_S_GOS2066X2,0.60210645,brand_unit;legacy_block,
H5859001_S_ST2809,S2232001_S_GOS4053X2,,brand_unit;legacy_block,
H5859001_S_ST2809,S6258001_S_GOS2011X2,,brand_unit;legacy_block,
H5859001_S_ST2809,S6258001_S_GOS2028X2,,brand_unit;legacy_block,
H5859001_S_ST2809,S6258001_S_GOS2042X2,0.82916804,brand_unit;legacy_block,
H5859001_S_ST2809,S6258001_S_GOS2059X2,0.93061654,brand_unit;legacy_block,
H5859001_S_ST2809,S6375001_S_9349254004053,0.95902138,brand_unit,
H5859001_S_ST2809,S6375001_S_9349254006286,0.50615287,brand_unit,
H5859001_S_ST2810,H5859001_S_ST2811,0.91033534,brand_unit;legacy_block,
H5859001_S_ST2810,H5859001_S_ST2812,0.91033534,brand_unit;legacy_block,
H5859001_S_ST2810,H5859001_S_ST2813,0.67516672,brand_unit;legacy_block,
H5859001_S_ST2810,H5859001_S_ST2815,0.95140233,brand_unit;legacy_block,
H5859001_S_ST2810,H5859001_S_ST2816,0.83991522,brand_unit;legacy_block,
H5859001_S_ST2810,H5859001_S_ST2817,1.00000000,brand_unit;legacy_block;packfree_exact,
H5859001_S_ST2810,H6167001_S_9349254002011,0.08804094,brand_unit,
H5859001_S_ST2810,H6167001_S_9349254002028,,brand_unit,
H5859001_S_ST2810,H6167001_S_9349254002035,0.07200668,brand_unit,
H5859001_S_ST2810,H6167001_S_9349254002042,,brand_unit,
H5859001_S_ST2810,H6167001_S_9349254002059,0.07450223,brand_unit,
H5859001_S_ST2810,H6167001_S_9349254004053,0.99272837,brand_unit,
H5859001_S_ST2810,H6167002_S_9349254002011,0.08804094,brand_unit,
H5859001_S_ST2810,H6167002_S_9349254002028,,brand_unit,
H5859001_S_ST2810,H6167002_S_9349254002035,0.07200668,brand_unit,
H5859001_S_ST2810,H6167002_S_9349254002042,,brand_unit,
H5859001_S_ST2810,H6167002_S_9349254002059,0.07450223,brand_unit,
H5859001_S_ST2810,H6167002_S_9349254004053,0.99272837,brand_unit,
H5859001_S_ST2810,H6173001_S_GOAT-SOAP-COCONUT,0.29963770,brand_unit,
H5859001_S_ST2810,H7096001_S_9349254002011,0.08804094,brand_unit,
H5859001_S_ST2810,H7096001_S_9349254002028,,brand_unit,
H5859001_S_ST2810,H7096001_S_9349254002035,0.07200668,brand_unit,
H5859001_S_ST2810,H8347001_S_GOAT-BP02,0.99534126,brand_unit;legacy_block,
H5859001_S_ST2810,H8347001_S_GOAT-BP04,0.99586105,brand_unit,
H5859001_S_ST2810,H8347001_S_GOAT-BP05,0.94983252,brand_unit;legacy_block,
H5859001_S_ST2810,H8347001_S_GOAT-BP06,0.99294653,brand_unit,
H5859001_S_ST2810,H8347001_S_GOAT-BP08,0.19498301,brand_unit,
H5859001_S_ST2810,H8427001_S_9349254002011,0.98259130,brand_unit,
H5859001_S_ST2810,H8427001_S_9349254002028,0.97827437,brand_unit,
H5859001_S_ST2810,H8427001_S_9349254002035,0.98259130,brand_unit,
H5859001_S_ST2810,H8427001_S_9349254002042,0.83515974,brand_unit,
H5859001_S_ST2810,H8427001_S_9349254002059,0.83857295,brand_unit,
H5859001_S_ST2810,H8427001_S_9349254002066,0.97827437,brand_unit,
H5859001_S_ST2810,H8427001_S_9349254004053,0.99923560,brand_unit,
H5859001_S_ST2810,H8427001_S_9349254006286,0.40466786,brand_unit,
H5859001_S_ST2810,H9250001_S_A9349254005005,0.14554851,brand_unit;legacy_block,
H5859001_S_ST2810,S2232001_S_GOS2011X2,0.67486232,brand_unit;legacy_block,
H5859001_S_ST2810,S2232001_S_GOS2028X2,0.34792635,brand_unit;legacy_block,
H5859001_S_ST2810,S2232001_S_GOS2042X2,0.66374803,brand_unit;legacy_block,
H5859001_S_ST2810,S2232001_S_GOS2053X2,0.52486022,brand_unit;legacy_block,
H5859001_S_ST2810,S2232001_S_GOS2059X2,0.37739397,brand_unit;legacy_block,
H5859001_S_ST2810,S2232001_S_GOS2066X2,0.68522301,brand_unit;legacy_block,
H5859001_S_ST2810,S2232001_S_GOS4053X2,,brand_unit;legacy_block,
H5859001_S_ST2810,S6258001_S_GOS2011X2,0.67486232,brand_unit;legacy_block,
H5859001_S_ST2810,S6258001_S_GOS2028X2,0.34792635,brand_unit;legacy_block,
H5859001_S_ST2810,S6258001_S_GOS2042X2,0.66374803,brand_unit;legacy_block,
H5859001_S_ST2810,S6258001_S_GOS2059X2,0.37739397,brand_unit;legacy_block,
H5859001_S_ST2810,S6375001_S_9349254004053,0.99916813,brand_unit,
H5859001_S_ST2810,S6375001_S_9349254006286,0.40466786,brand_unit,
H5859001_S_ST2811,H5859001_S_ST2812,,brand_unit;legacy_block,
H5859001_S_ST2811,H5859001_S_ST2813,,brand_unit;legacy_block,
H5859001_S_ST2811,H5859001_S_ST2815,,brand_unit;legacy_block,
H5859001_S_ST2811,H5859001_S_ST2816,,brand_unit;legacy_block,
H5859001_S_ST2811,H5859001_S_ST2817,0.79784237,brand_unit;legacy_block,
H5859001_S_ST2811,H6167001_S_9349254002011,0.62053175,brand_unit,
H5859001_S_ST2811,H6167001_S_9349254002028,,brand_unit,
H5859001_S_ST2811,H6167001_S_9349254002035,,brand_unit,
H5859001_S_ST2811,H6167001_S_9349254002042,,brand_unit,
H5859001_S_ST2811,H6167001_S_9349254002059,,brand_unit,
H5859001_S_ST2811,H6167001_S_9349254004053,0.80438288,brand_unit,
H5859001_S_ST2811,H6167002_S_9349254002011,0.62053175,brand_unit,
H5859001_S_ST2811,H6167002_S_9349254002028,,brand_unit,
H5859001_S_ST2811,H6167002_S_9349254002035,,brand_unit,
H5859001_S_ST2811,H6167002_S_9349254002042,,brand_unit,
H5859001_S_ST2811,H6167002_S_9349254002059,,brand_unit,
H5859001_S_ST2811,H6167002_S_9349254004053,0.80438288,brand_unit,
H5859001_S_ST2811,H6173001_S_GOAT-SOAP-COCONUT,,brand_unit,
H5859001_S_ST2811,H7096001_S_9349254002011,0.62053175,brand_unit,
H5859001_S_ST2811,H7096001_S_9349254002028,,brand_unit,
H5859001_S_ST2811,H7096001_S_9349254002035,,brand_unit,
H5859001_S_ST2811,H8347001_S_GOAT-BP02,,brand_unit;legacy_block,
H5859001_S_ST2811,H8347001_S_GOAT-BP04,0.99879900,brand_unit,
H5859001_S_ST2811,H8347001_S_GOAT-BP05,,brand_unit;legacy_block,
H5859001_S_ST2811,H8347001_S_GOAT-BP06,,brand_unit,
H5859001_S_ST2811,H8347001_S_GOAT-BP08,0.16263667,brand_unit,
H5859001_S_ST2811,H8427001_S_9349254002011,0.99744610,brand_unit,
H5859001_S_ST2811,H8427001_S_9349254002028,,brand_unit,
H5859001_S_ST2811,H8427001_S_9349254002035,,brand_unit,
H5859001_S_ST2811,H8427001_S_9349254002042,,brand_unit,
H5859001_S_ST2811,H8427001_S_9349254002059,0.79934194,brand_unit,
H5859001_S_ST2811,H8427001_S_9349254002066,,brand_unit,
H5859001_S_ST2811,H8427001_S_9349254004053,0.96825313,brand_unit,
H5859001_S_ST2811,H8427001_S_9349254006286,,brand_unit,
H5859001_S_ST2811,H9250001_S_A9349254005005,,brand_unit;legacy_block,
H5859001_S_ST2811,S2232001_S_GOS2011X2,1.00000000,brand_unit;legacy_block,
H5859001_S_ST2811,S2232001_S_GOS2028X2,,brand_unit;legacy_block,
H5859001_S_ST2811,S2232001_S_GOS2042X2,,brand_unit;legacy_block,
H5859001_S_ST2811,S2232001_S_GOS2053X2,,brand_unit;legacy_block,
H5859001_S_ST2811,S2232001_S_GOS2059X2,,brand_unit;legacy_block,
H5859001_S_ST2811,S2232001_S_GOS2066X2,,brand_unit;legacy_block,
H5859001_S_ST2811,S2232001_S_GOS4053X2,,brand_unit;legacy_block,
H5859001_S_ST2811,S6258001_S_GOS2011X2,1.00000000,brand_unit;legacy_block,
H5859001_S_ST2811,S6258001_S_GOS2028X2,,brand_unit;legacy_block,
H5859001_S_ST2811,S6258001_S_GOS2042X2,,brand_unit;legacy_block,
H5859001_S_ST2811,S6258001_S_GOS2059X2,,brand_unit;legacy_block,
H5859001_S_ST2811,S6375001_S_9349254004053,0.96048044,brand_unit,
H5859001_S_ST2811,S6375001_S_9349254006286,,brand_unit,
H5859001_S_ST2812,H5859001_S_ST2813,,brand_unit;legacy_block,
H5859001_S_ST2812,H5859001_S_ST2815,,brand_unit;legacy_block,
H5859001_S_ST2812,H5859001_S_ST2816,0.23143367,brand_unit;legacy_block,
H5859001_S_ST2812,H5859001_S_ST2817,0.79784237,brand_unit;legacy_block,
H5859001_S_ST2812,H6167001_S_9349254002011,,brand_unit,
H5859001_S_ST2812,H6167001_S_9349254002028,,brand_unit,
H5859001_S_ST2812,H6167001_S_9349254002035,0.51917370,brand_unit,
H5859001_S_ST2812,H6167001_S_9349254002042,,brand_unit,
H5859001_S_ST2812,H6167001_S_9349254002059,0.01614511,brand_unit,
H5859001_S_ST2812,H6167001_S_9349254004053,0.85689796,brand_unit,
H5859001_S_ST2812,H6167002_S_9349254002011,,brand_unit,
H5859001_S_ST2812,H6167002_S_9349254002028,,brand_unit,
H5859001_S_ST2812,H6167002_S_9349254002035,0.51917370,brand_unit,
H5859001_S_ST2812,H6167002_S_9349254002042,,brand_unit,
H5859001_S_ST2812,H6167002_S_9349254002059,0.01614511,brand_unit,
H5859001_S_ST2812,H6167002_S_9349254004053,0.85689796,brand_unit,
H5859001_S_ST2812,H6173001_S_GOAT-SOAP-COCONUT,,brand_unit,
H5859001_S_ST2812,H7096001_S_9349254002011,,brand_unit,
H5859001_S_ST2812,H7096001_S_9349254002028,,brand_unit,
H5859001_S_ST2812,H7096001_S_9349254002035,0.51917370,brand_unit,
H5859001_S_ST2812,H8347001_S_GOAT-BP02,0.99699211,brand_unit;legacy_block,
H5859001_S_ST2812,H8347001_S_GOAT-BP04,,brand_unit,
H5859001_S_ST2812,H8347001_S_GOAT-BP05,,brand_unit;legacy_block,
H5859001_S_ST2812,H8347001_S_GOAT-BP06,0.98942750,brand_unit,
H5859001_S_ST2812,H8347001_S_GOAT-BP08,0.20501492,brand_unit,
H5859001_S_ST2812,H8427001_S_9349254002011,,brand_unit,
H5859001_S_ST2812,H8427001_S_9349254002028,,brand_unit,
H5859001_S_ST2812,H8427001_S_9349254002035,0.99863165,brand_unit,
H5859001_S_ST2812,H8427001_S_9349254002042,0.90364622,brand_unit,
H5859001_S_ST2812,H8427001_S_9349254002059,0.84711753,brand_unit,
H5859001_S_ST2812,H8427001_S_9349254002066,,brand_unit,
H5859001_S_ST2812,H8427001_S_9349254004053,0.97859740,brand_unit,
H5859001_S_ST2812,H8427001_S_9349254006286,,brand_unit,
H5859001_S_ST2812,H9250001_S_A9349254005005,0.28235008,brand_unit;legacy_block,
H5859001_S_ST2812,S2232001_S_GOS2011X2,,brand_unit;legacy_block,
H5859001_S_ST2812,S2232001_S_GOS2028X2,,brand_unit;legacy_block,
H5859001_S_ST2812,S2232001_S_GOS2042X2,0.86567430,brand_unit;legacy_block,
H5859001_S_ST2812,S2232001_S_GOS2053X2,1.00000000,brand_unit;legacy_block,
H5859001_S_ST2812,S2232001_S_GOS2059X2,0.63385280,brand_unit;legacy_block,
H5859001_S_ST2812,S2232001_S_GOS2066X2,,brand_unit;legacy_block,
H5859001_S_ST2812,S2232001_S_GOS4053X2,,brand_unit;legacy_block,
H5859001_S_ST2812,S6258001_S_GOS2011X2,,brand_unit;legacy_block,
H5859001_S_ST2812,S6258001_S_GOS2028X2,,brand_unit;legacy_block,
H5859001_S_ST2812,S6258001_S_GOS2042X2,0.86567430,brand_unit;legacy_block,
H5859001_S_ST2812,S6258001_S_GOS2059X2,0.64246949,brand_unit;legacy_block,
H5859001_S_ST2812,S6375001_S_9349254004053,0.97328746,brand_unit,
H5859001_S_ST2812,S6375001_S_9349254006286,,brand_unit,
H5859001_S_ST2813,H5859001_S_ST2815,,brand_unit;legacy_block,
H5859001_S_ST2813,H5859001_S_ST2816,,brand_unit;legacy_block,
H5859001_S_ST2813,H5859001_S_ST2817,0.78034699,brand_unit;legacy_block,
H5859001_S_ST2813,H6167001_S_9349254002011,,brand_unit,
H5859001_S_ST2813,H6167001_S_9349254002028,0.08019135,brand_unit,
H5859001_S_ST2813,H6167001_S_9349254002035,,brand_unit,
H5859001_S_ST2813,H6167001_S_9349254002042,,brand_unit,
H5859001_S_ST2813,H6167001_S_9349254002059,0.32400555,brand_unit,
H5859001_S_ST2813,H6167001_S_9349254004053,,brand_unit,
H5859001_S_ST2813,H6167002_S_9349254002011,,brand_unit,
H5859001_S_ST2813,H6167002_S_9349254002028,0.08019135,brand_unit,
H5859001_S_ST2813,H6167002_S_9349254002035,,brand_unit,
H5859001_S_ST2813,H6167002_S_9349254002042,,brand_unit,
H5859001_S_ST2813,H6167002_S_9349254002059,0.32400555,brand_unit,
H5859001_S_ST2813,H6167002_S_9349254004053,,brand_unit,
H5859001_S_ST2813,H6173001_S_GOAT-SOAP-COCONUT,,brand_unit,
H5859001_S_ST2813,H7096001_S_9349254002011,,brand_unit,
H5859001_S_ST2813,H7096001_S_9349254002028,0.08019135,brand_unit,
H5859001_S_ST2813,H7096001_S_9349254002035,,brand_unit,
H5859001_S_ST2813,H8347001_S_GOAT-BP02,,brand_unit;legacy_block,
H5859001_S_ST2813,H8347001_S_GOAT-BP04,,brand_unit,
H5859001_S_ST2813,H8347001_S_GOAT-BP05,0.99726747,brand_unit;legacy_block,
H5859001_S_ST2813,H8347001_S_GOAT-BP06,0.95743876,brand_unit,
H5859001_S_ST2813,H8347001_S_GOAT-BP08,,brand_unit,
H5859001_S_ST2813,H8427001_S_9349254002011,,brand_unit,
H5859001_S_ST2813,H8427001_S_9349254002028,0.99146522,brand_unit,
H5859001_S_ST2813,H8427001_S_9349254002035,,brand_unit,
H5859001_S_ST2813,H8427001_S_9349254002042,0.80993417,brand_unit,
H5859001_S_ST2813,H8427001_S_9349254002059,,brand_unit,
H5859001_S_ST2813,H8427001_S_9349254002066,,brand_unit,
H5859001_S_ST2813,H8427001_S_9349254004053,0.74493101,brand_unit,
H5859001_S_ST2813,H8427001_S_9349254006286,,brand_unit,
H5859001_S_ST2813,H9250001_S_A9349254005005,,brand_unit;legacy_block,
H5859001_S_ST2813,S2232001_S_GOS2011X2,,brand_unit;legacy_block,
H5859001_S_ST2813,S2232001_S_GOS2028X2,0.99495344,brand_unit;legacy_block,
H5859001_S_ST2813,S2232001_S_GOS2042X2,0.93373384,brand_unit;legacy_block,
H5859001_S_ST2813,S2232001_S_GOS2053X2,,brand_unit;legacy_block,
H5859001_S_ST2813,S2232001_S_GOS2059X2,,brand_unit;legacy_block,
H5859001_S_ST2813,S2232001_S_GOS2066X2,,brand_unit;legacy_block,
H5859001_S_ST2813,S2232001_S_GOS4053X2,,brand_unit;legacy_block,
H5859001_S_ST2813,S6258001_S_GOS2011X2,,brand_unit;legacy_block,
H5859001_S_ST2813,S6258001_S_GOS2028X2,0.99495344,brand_unit;legacy_block,
H5859001_S_ST2813,S6258001_S_GOS2042X2,0.93373384,brand_unit;legacy_block,
H5859001_S_ST2813,S6258001_S_GOS2059X2,,brand_unit;legacy_block,
H5859001_S_ST2813,S6375001_S_9349254004053,0.87649235,brand_unit,
H5859001_S_ST2813,S6375001_S_9349254006286,,brand_unit,
H5859001_S_ST2815,H5859001_S_ST2816,0.19381703,brand_unit;legacy_block,
H5859001_S_ST2815,H5859001_S_ST2817,0.89748244,brand_unit;legacy_block,
H5859001_S_ST2815,H6167001_S_9349254002011,,brand_unit,
H5859001_S_ST2815,H6167001_S_9349254002028,,brand_unit,
H5859001_S_ST2815,H6167001_S_9349254002035,,brand_unit,
H5859001_S_ST2815,H6167001_S_9349254002042,,brand_unit,
H5859001_S_ST2815,H6167001_S_9349254002059,0.09236935,brand_unit,
H5859001_S_ST2815,H6167001_S_9349254004053,0.90320991,brand_unit,
H5859001_S_ST2815,H6167002_S_9349254002011,,brand_unit,
H5859001_S_ST2815,H6167002_S_9349254002028,,brand_unit,
H5859001_S_ST2815,H6167002_S_9349254002035,,brand_unit,
H5859001_S_ST2815,H6167002_S_9349254002042,,brand_unit,
H5859001_S_ST2815,H6167002_S_9349254002059,0.09236935,brand_unit,
H5859001_S_ST2815,H6167002_S_9349254004053,0.90320991,brand_unit,
H5859001_S_ST2815,H6173001_S_GOAT-SOAP-COCONUT,1.00000000,brand_unit,
H5859001_S_ST2815,H7096001_S_9349254002011,,brand_unit,
H5859001_S_ST2815,H7096001_S_9349254002028,,brand_unit,
H5859001_S_ST2815,H7096001_S_9349254002035,,brand_unit,
H5859001_S_ST2815,H8347001_S_GOAT-BP02,,brand_unit;legacy_block,
H5859001_S_ST2815,H8347001_S_GOAT-BP04,,brand_unit,
H5859001_S_ST2815,H8347001_S_GOAT-BP05,,brand_unit;legacy_block,
H5859001_S_ST2815,H8347001_S_GOAT-BP06,,brand_unit,
H5859001_S_ST2815,H8347001_S_GOAT-BP08,0.68991826,brand_unit,
H5859001_S_ST2815,H8427001_S_9349254002011,,brand_unit,
H5859001_S_ST2815,H8427001_S_9349254002028,,brand_unit,
H5859001_S_ST2815,H8427001_S_9349254002035,,brand_unit,
H5859001_S_ST2815,H8427001_S_9349254002042,,brand_unit,
H5859001_S_ST2815,H8427001_S_9349254002059,0.94874712,brand_unit,
H5859001_S_ST2815,H8427001_S_9349254002066,1.00000000,brand_unit,
H5859001_S_ST2815,H8427001_S_9349254004053,0.98374518,brand_unit,
H5859001_S_ST2815,H8427001_S_9349254006286,,brand_unit,
H5859001_S_ST2815,H9250001_S_A9349254005005,0.68317954,brand_unit;legacy_block,
H5859001_S_ST2815,S2232001_S_GOS2011X2,,brand_unit;legacy_block,
H5859001_S_ST2815,S2232001_S_GOS2028X2,,brand_unit;legacy_block,
H5859001_S_ST2815,S2232001_S_GOS2042X2,,brand_unit;legacy_block,
H5859001_S_ST2815,S2232001_S_GOS2053X2,,brand_unit;legacy_block,
H5859001_S_ST2815,S2232001_S_GOS2059X2,0.71706089,brand_unit;legacy_block,
H5859001_S_ST2815,S2232001_S_GOS2066X2,1.00000000,brand_unit;legacy_block,
H5859001_S_ST2815,S2232001_S_GOS4053X2,,brand_unit;legacy_block,
H5859001_S_ST2815,S6258001_S_GOS2011X2,,brand_unit;legacy_block,
H5859001_S_ST2815,S6258001_S_GOS2028X2,,brand_unit;legacy_block,
H5859001_S_ST2815,S6258001_S_GOS2042X2,,brand_unit;legacy_block,
H5859001_S_ST2815,S6258001_S_GOS2059X2,0.68918199,brand_unit;legacy_block,
H5859001_S_ST2815,S6375001_S_9349254004053,0.98687949,brand_unit,
H5859001_S_ST2815,S6375001_S_9349254006286,,brand_unit,
H5859001_S_ST2816,H5859001_S_ST2817,0.77273246,brand_unit;legacy_block,
H5859001_S_ST2816,H6167001_S_9349254002011,0.08434156,brand_unit,
H5859001_S_ST2816,H6167001_S_9349254002028,,brand_unit,
H5859001_S_ST2816,H6167001_S_9349254002035,0.07234929,brand_unit,
H5859001_S_ST2816,H6167001_S_9349254002042,,brand_unit,
H5859001_S_ST2816,H6167001_S_9349254002059,0.02734901,brand_unit,
H5859001_S_ST2816,H6167001_S_9349254004053,0.81839147,brand_unit,
H5859001_S_ST2816,H6167002_S_9349254002011,0.08434156,brand_unit,
H5859001_S_ST2816,H6167002_S_9349254002028,,brand_unit,
H5859001_S_ST2816,H6167002_S_9349254002035,0.07234929,brand_unit,
H5859001_S_ST2816,H6167002_S_9349254002042,,brand_unit,
H5859001_S_ST2816,H6167002_S_9349254002059,0.02734901,brand_unit,
H5859001_S_ST2816,H6167002_S_9349254004053,0.81839147,brand_unit,
H5859001_S_ST2816,H6173001_S_GOAT-SOAP-COCONUT,0.14058759,brand_unit,
H5859001_S_ST2816,H7096001_S_9349254002011,0.08434156,brand_unit,
H5859001_S_ST2816,H7096001_S_9349254002028,,brand_unit,
H5859001_S_ST2816,H7096001_S_9349254002035,0.07234929,brand_unit,
H5859001_S_ST2816,H8347001_S_GOAT-BP02,0.99420884,brand_unit;legacy_block,
H5859001_S_ST2816,H8347001_S_GOAT-BP04,0.97347987,brand_unit,
H5859001_S_ST2816,H8347001_S_GOAT-BP05,,brand_unit;legacy_block,
H5859001_S_ST2816,H8347001_S_GOAT-BP06,0.98662736,brand_unit,
H5859001_S_ST2816,H8347001_S_GOAT-BP08,0.17394072,brand_unit,
H5859001_S_ST2816,H8427001_S_9349254002011,0.94640231,brand_unit,
H5859001_S_ST2816,H8427001_S_9349254002028,,brand_unit,
H5859001_S_ST2816,H8427001_S_9349254002035,0.94640231,brand_unit,
H5859001_S_ST2816,H8427001_S_9349254002042,0.85760213,brand_unit,
H5859001_S_ST2816,H8427001_S_9349254002059,0.87498196,brand_unit,
H5859001_S_ST2816,H8427001_S_9349254002066,0.91844739,brand_unit,
H5859001_S_ST2816,H8427001_S_9349254004053,0.96138118,brand_unit,
H5859001_S_ST2816,H8427001_S_9349254006286,0.41617409,brand_unit,
H5859001_S_ST2816,H9250001_S_A9349254005005,,brand_unit;legacy_block,
H5859001_S_ST2816,S2232001_S_GOS2011X2,,brand_unit;legacy_block,
H5859001_S_ST2816,S2232001_S_GOS2028X2,,brand_unit;legacy_block,
H5859001_S_ST2816,S2232001_S_GOS2042X2,0.89194439,brand_unit;legacy_block,
H5859001_S_ST2816,S2232001_S_GOS2053X2,0.86744487,brand_unit;legacy_block,
H5859001_S_ST2816,S2232001_S_GOS2059X2,0.95616500,brand_unit;legacy_block,
H5859001_S_ST2816,S2232001_S_GOS2066X2,0.74692977,brand_unit;legacy_block,
H5859001_S_ST2816,S2232001_S_GOS4053X2,,brand_unit;legacy_block,
H5859001_S_ST2816,S6258001_S_GOS2011X2,,brand_unit;legacy_block,
H5859001_S_ST2816,S6258001_S_GOS2028X2,,brand_unit;legacy_block,
H5859001_S_ST2816,S6258001_S_GOS2042X2,0.89194439,brand_unit;legacy_block,
H5859001_S_ST2816,S6258001_S_GOS2059X2,0.94650540,brand_unit;legacy_block,
H5859001_S_ST2816,S6375001_S_9349254004053,0.96452749,brand_unit,
H5859001_S_ST2816,S6375001_S_9349254006286,0.41617409,brand_unit,
H5859001_S_ST2817,H6167001_S_9349254002011,0.25779721,brand_unit,
H5859001_S_ST2817,H6167001_S_9349254002028,,brand_unit,
H5859001_S_ST2817,H6167001_S_9349254002035,0.23670469,brand_unit,
H5859001_S_ST2817,H6167001_S_9349254002042,,brand_unit,
H5859001_S_ST2817,H6167001_S_9349254002059,0.32940166,brand_unit,
H5859001_S_ST2817,H6167001_S_9349254004053,0.98594997,brand_unit,
H5859001_S_ST2817,H6167002_S_9349254002011,0.25779721,brand_unit,
H5859001_S_ST2817,H6167002_S_9349254002028,,brand_unit,
H5859001_S_ST2817,H6167002_S_9349254002035,0.23670469,brand_unit,
H5859001_S_ST2817,H6167002_S_9349254002042,,brand_unit,
H5859001_S_ST2817,H6167002_S_9349254002059,0.32940166,brand_unit,
H5859001_S_ST2817,H6167002_S_9349254004053,0.98594997,brand_unit,
H5859001_S_ST2817,H6173001_S_GOAT-SOAP-COCONUT,0.31395643,brand_unit,
H5859001_S_ST2817,H7096001_S_9349254002011,0.25779721,brand_unit,
H5859001_S_ST2817,H7096001_S_9349254002028,,brand_unit,
H5859001_S_ST2817,H7096001_S_9349254002035,0.23670469,brand_unit,
H5859001_S_ST2817,H8347001_S_GOAT-BP02,0.99690430,brand_unit;legacy_block,
H5859001_S_ST2817,H8347001_S_GOAT-BP04,0.99621988,brand_unit,
H5859001_S_ST2817,H8347001_S_GOAT-BP05,0.96497350,brand_unit;legacy_block,
H5859001_S_ST2817,H8347001_S_GOAT-BP06,0.99007515,brand_unit,
H5859001_S_ST2817,H8347001_S_GOAT-BP08,0.71421956,brand_unit,
H5859001_S_ST2817,H8427001_S_9349254002011,0.97584321,brand_unit,
H5859001_S_ST2817,H8427001_S_9349254002028,0.97327041,brand_unit,
H5859001_S_ST2817,H8427001_S_9349254002035,0.97584321,brand_unit,
H5859001_S_ST2817,H8427001_S_9349254002042,0.90546385,brand_unit,
H5859001_S_ST2817,H8427001_S_9349254002059,0.89530215,brand_unit,
H5859001_S_ST2817,H8427001_S_9349254002066,0.97327041,brand_unit,
H5859001_S_ST2817,H8427001_S_9349254004053,0.99954675,brand_unit,
H5859001_S_ST2817,H8427001_S_9349254006286,0.41892478,brand_unit,
H5859001_S_ST2817,H9250001_S_A9349254005005,0.21354780,brand_unit;legacy_block,
H5859001_S_ST2817,S2232001_S_GOS2011X2,0.90908858,brand_unit;legacy_block,
H5859001_S_ST2817,S2232001_S_GOS2028X2,0.23253266,brand_unit;legacy_block,
H5859001_S_ST2817,S2232001_S_GOS2042X2,0.69291076,brand_unit;legacy_block,
H5859001_S_ST2817,S2232001_S_GOS2053X2,0.87449312,brand_unit;legacy_block,
H5859001_S_ST2817,S2232001_S_GOS2059X2,0.39993025,brand_unit;legacy_block,
H5859001_S_ST2817,S2232001_S_GOS2066X2,0.92072260,brand_unit;legacy_block,
H5859001_S_ST2817,S2232001_S_GOS4053X2,,brand_unit;legacy_block,
H5859001_S_ST2817,S6258001_S_GOS2011X2,0.90908858,brand_unit;legacy_block,
H5859001_S_ST2817,S6258001_S_GOS2028X2,0.23253266,brand_unit;legacy_block,
H5859001_S_ST2817,S6258001_S_GOS2042X2,0.69291076,brand_unit;legacy_block,
H5859001_S_ST2817,S6258001_S_GOS2059X2,0.38070826,brand_unit;legacy_block,
H5859001_S_ST2817,S6375001_S_9349254004053,0.99957720,brand_unit,
H5859001_S_ST2817,S6375001_S_9349254006286,0.41892478,brand_unit,
H5859001_S_ST3136,H5859001_S_ST3717,,brand_unit;legacy_block,
H5859001_S_ST3136,H5985001_S_018565_809280018565,,brand_unit;legacy_block,
H5859001_S_ST3136,H8976001_S_809280018565,,brand_unit;legacy_block,
H5859001_S_ST3136,H8976001_S_809280018572,0.99274786,brand_unit;legacy_block,
H5859001_S_ST3136,H8976001_S_809280018602,0.06808577,brand_unit;legacy_block,
H5859001_S_ST3136,H8976001_S_809280018619,,brand_unit;legacy_block,
H5859001_S_ST3717,H5985001_S_018565_809280018565,,brand_unit;legacy_block,
H5859001_S_ST3717,H8976001_S_809280018565,,brand_unit;legacy_block,
H5859001_S_ST3717,H8976001_S_809280018572,,brand_unit;legacy_block,
H5859001_S_ST3717,H8976001_S_809280018602,0.01816087,brand_unit;legacy_block,
H5859001_S_ST3717,H8976001_S_809280018619,0.99468039,brand_unit;legacy_block,
H5866001_S_ALEPIA-001,H5866001_S_ALEPIA-002,0.99938945,brand_unit;legacy_block,
H5866001_S_ALEPIA-001,H5866001_S_ALEPIA-004,0.99944913,brand_unit;legacy_block,
H5866001_S_ALEPIA-001,H5866001_S_ALEPIA-005,0.99191385,brand_unit;legacy_block,
H5866001_S_ALEPIA-001,H6869001_S_ALEPIA-001,0.99832614,brand_unit;legacy_block,
H5866001_S_ALEPIA-001,H6869001_S_ALEPIA-002,0.99767095,brand_unit;legacy_block,
H5866001_S_ALEPIA-001,H6869001_S_ALEPIA-004,0.99830515,brand_unit;legacy_block,
H5866001_S_ALEPIA-001,H6869001_S_ALEPIA-005,0.99837872,brand_unit;legacy_block,
H5866001_S_ALEPIA-001,H7114002_S_Alepia-1,,brand_unit;legacy_block,
H5866001_S_ALEPIA-001,H7114002_S_Alepia-25,,brand_unit;legacy_block,
H5866001_S_ALEPIA-001,H7114002_S_Alepia-40,,brand_unit;legacy_block,
H5866001_S_ALEPIA-001,H7542001_S_AL002,0.98142388,brand_unit;legacy_block,
H5866001_S_ALEPIA-001,H9737001_S_nm_alepia_aleppo_soap_25,,brand_unit;legacy_block,
H5866001_S_ALEPIA-001,S6114001_S_ALEPIA-001,0.80374898,brand_unit;legacy_block,
H5866001_S_ALEPIA-001,S6114001_S_ALEPIA-002,0.80374898,brand_unit;legacy_block,
H5866001_S_ALEPIA-001,S6114001_S_ALEPIA-005,0.82129228,brand_unit;legacy_block,
H5866001_S_ALEPIA-001,S6114001_S_ALEPIA-107,0.85834751,brand_unit;legacy_block,
H5866001_S_ALEPIA-002,H5866001_S_ALEPIA-004,0.99944913,brand_unit;legacy_block,
H5866001_S_ALEPIA-002,H5866001_S_ALEPIA-005,0.99191385,brand_unit;legacy_block,
H5866001_S_ALEPIA-002,H6869001_S_ALEPIA-001,0.99859539,brand_unit;legacy_block,
H5866001_S_ALEPIA-002,H6869001_S_ALEPIA-002,0.99859539,brand_unit;legacy_block,
H5866001_S_ALEPIA-002,H6869001_S_ALEPIA-004,0.99751523,brand_unit;legacy_block,
H5866001_S_ALEPIA-002,H6869001_S_ALEPIA-005,0.99822602,brand_unit;legacy_block,
H5866001_S_ALEPIA-002,H7114002_S_Alepia-1,,brand_unit;legacy_block,
H5866001_S_ALEPIA-002,H7114002_S_Alepia-25,,brand_unit;legacy_block,
H5866001_S_ALEPIA-002,H7114002_S_Alepia-40,,brand_unit;legacy_block,
H5866001_S_ALEPIA-002,H7542001_S_AL002,0.98669958,brand_unit;legacy_block,
H5866001_S_ALEPIA-002,H9737001_S_nm_alepia_aleppo_soap_25,,brand_unit;legacy_block,
H5866001_S_ALEPIA-002,S6114001_S_ALEPIA-001,0.80374898,brand_unit;legacy_block,
H5866001_S_ALEPIA-002,S6114001_S_ALEPIA-002,0.80374898,brand_unit;legacy_block,
H5866001_S_ALEPIA-002,S6114001_S_ALEPIA-005,0.82129228,brand_unit;legacy_block,
H5866001_S_ALEPIA-002,S6114001_S_ALEPIA-107,0.89870875,brand_unit;legacy_block,
H5866001_S_ALEPIA-004,H5866001_S_ALEPIA-005,0.99278762,brand_unit;legacy_block,
H5866001_S_ALEPIA-004,H6869001_S_ALEPIA-001,0.99762273,brand_unit;legacy_block,
H5866001_S_ALEPIA-004,H6869001_S_ALEPIA-002,0.99762273,brand_unit;legacy_block,
H5866001_S_ALEPIA-004,H6869001_S_ALEPIA-004,0.99865377,brand_unit;legacy_block,
H5866001_S_ALEPIA-004,H6869001_S_ALEPIA-005,0.99845105,brand_unit;legacy_block,
H5866001_S_ALEPIA-004,H7114002_S_Alepia-1,,brand_unit;legacy_block,
H5866001_S_ALEPIA-004,H7114002_S_Alepia-25,,brand_unit;legacy_block,
H5866001_S_ALEPIA-004,H7114002_S_Alepia-40,,brand_unit;legacy_block,
H5866001_S_ALEPIA-004,H7542001_S_AL002,0.97331501,brand_unit;legacy_block,
H5866001_S_ALEPIA-004,H9737001_S_nm_alepia_aleppo_soap_25,,brand_unit;legacy_block,
H5866001_S_ALEPIA-004,S6114001_S_ALEPIA-001,0.84261746,brand_unit;legacy_block,
H5866001_S_ALEPIA-004,S6114001_S_ALEPIA-002,0.84261746,brand_unit;legacy_block,
H5866001_S_ALEPIA-004,S6114001_S_ALEPIA-005,0.80374898,brand_unit;legacy_block,
H5866001_S_ALEPIA-004,S6114001_S_ALEPIA-107,0.89870875,brand_unit;legacy_block,
H5866001_S_ALEPIA-005,H6869001_S_ALEPIA-001,,brand_unit;legacy_block,
H5866001_S_ALEPIA-005,H6869001_S_ALEPIA-002,,brand_unit;legacy_block,
H5866001_S_ALEPIA-005,H6869001_S_ALEPIA-004,,brand_unit;legacy_block,
H5866001_S_ALEPIA-005,H6869001_S_ALEPIA-005,,brand_unit;legacy_block,
H5866001_S_ALEPIA-005,H7114002_S_Alepia-1,,brand_unit;legacy_block,
H5866001_S_ALEPIA-005,H7114002_S_Alepia-25,,brand_unit;legacy_block,
H5866001_S_ALEPIA-005,H7114002_S_Alepia-40,,brand_unit;legacy_block,
H5866001_S_ALEPIA-005,H7542001_S_AL002,0.99374377,brand_unit;legacy_block,
H5866001_S_ALEPIA-005,H9737001_S_nm_alepia_aleppo_soap_25,0.09200767,brand_unit;legacy_block,
H5866001_S_ALEPIA-005,S6114001_S_ALEPIA-001,0.99380602,brand_unit;legacy_block,
H5866001_S_ALEPIA-005,S6114001_S_ALEPIA-002,0.99380602,brand_unit;legacy_block,
H5866001_S_ALEPIA-005,S6114001_S_ALEPIA-005,0.99938329,brand_unit;legacy_block,
H5866001_S_ALEPIA-005,S6114001_S_ALEPIA-107,0.95328928,brand_unit;legacy_block,
H5922001_S_SM01,H5922001_S_SM10,,brand_unit;legacy_block,
H5922001_S_SOC01,H5922001_S_SOC03,0.12916743,brand_unit;legacy_block,
H5922001_S_SOC01,H5922001_S_SOC05,0.03670765,brand_unit;legacy_block,
H5922001_S_SOC01,H5922001_S_SOC09,0.05620372,brand_unit;legacy_block,
H5922001_S_SOC03,H5922001_S_SOC05,0.03587423,brand_unit;legacy_block,
H5922001_S_SOC03,H5922001_S_SOC09,0.01867710,brand_unit;legacy_block,
H5922001_S_SOC05,H5922001_S_SOC09,,brand_unit;legacy_block,
H5922001_S_SOL003,H5922001_S_SOL007,,brand_unit;legacy_block,
H5922001_S_SOL003,H5922001_S_SOL031,,brand_unit;legacy_block,
H5922001_S_SOL003,H5922001_S_SOL037,0.82924315,brand_unit;legacy_block,
H5922001_S_SOL003,H5922001_S_SOL038,0.77473771,brand_unit;legacy_block,
H5922001_S_SOL003,H5922001_S_SOL047,0.85609976,brand_unit;legacy_block,
H5922001_S_SOL003,H5922001_S_SOL050,0.58270937,brand_unit;legacy_block,
H5922001_S_SOL003,H5922001_S_SOL054,,brand_unit;legacy_block,
H5922001_S_SOL003,H5922001_S_SOL056,,brand_unit;legacy_block,
H5922001_S_SOL003,H5922001_S_SOL057,,brand_unit;legacy_block,
H5922001_S_SOL003,H5922001_S_SOL065,,brand_unit;legacy_block,
H5922001_S_SOL003,H5922001_S_SOL066,0.59404309,brand_unit;legacy_block,
H5922001_S_SOL003,H5922001_S_SOL070,0.55318088,brand_unit;legacy_block,
H5922001_S_SOL003,H5922001_S_SOL072,,brand_unit;legacy_block,
H5922001_S_SOL003,H5922001_S_SOL079,,brand_unit;legacy_block,
H5922001_S_SOL003,H5922001_S_SOL093,,brand_unit;legacy_block,
H5922001_S_SOL003,H5922001_S_SOL106,0.48559511,brand_unit;legacy_block,
H5922001_S_SOL003,H5922001_S_SOL126,,brand_unit;legacy_block,
H5922001_S_SOL003,H5922001_S_SOL132,0.54693518,brand_unit;legacy_block,
H5922001_S_SOL007,H5922001_S_SOL031,0.50207265,brand_unit;legacy_block,
H5922001_S_SOL007,H5922001_S_SOL037,0.56177473,brand_unit;legacy_block,
H5922001_S_SOL007,H5922001_S_SOL038,0.42847823,brand_unit;legacy_block,
H5922001_S_SOL007,H5922001_S_SOL047,0.44934734,brand_unit;legacy_block,
H5922001_S_SOL007,H5922001_S_SOL050,0.44934734,brand_unit;legacy_block,
H5922001_S_SOL007,H5922001_S_SOL054,0.55743396,brand_unit;legacy_block,
H5922001_S_SOL007,H5922001_S_SOL056,0.55743396,brand_unit;legacy_block,
H5922001_S_SOL007,H5922001_S_SOL057,0.50453872,brand_unit;legacy_block,
H5922001_S_SOL007,H5922001_S_SOL065,0.55080125,brand_unit;legacy_block,
H5922001_S_SOL007,H5922001_S_SOL066,0.50788081,brand_unit;legacy_block,
H5922001_S_SOL007,H5922001_S_SOL070,0.50207265,brand_unit;legacy_block,
H5922001_S_SOL007,H5922001_S_SOL072,0.55080125,brand_unit;legacy_block,
H5922001_S_SOL007,H5922001_S_SOL079,0.55080125,brand_unit;legacy_block,
H5922001_S_SOL007,H5922001_S_SOL093,0.50453872,brand_unit;legacy_block,
H5922001_S_SOL007,H5922001_S_SOL106,0.50478877,brand_unit;legacy_block,
H5922001_S_SOL007,H5922001_S_SOL126,0.50453872,brand_unit;legacy_block,
H5922001_S_SOL007,H5922001_S_SOL132,0.61249166,brand_unit;legacy_block,
H5922001_S_SOL031,H5922001_S_SOL037,0.82924315,brand_unit;legacy_block,
H5922001_S_SOL031,H5922001_S_SOL038,0.79712943,brand_unit;legacy_block,
H5922001_S_SOL031,H5922001_S_SOL047,0.85609976,brand_unit;legacy_block,
H5922001_S_SOL031,H5922001_S_SOL050,0.58270937,brand_unit;legacy_block,
H5922001_S_SOL031,H5922001_S_SOL054,,brand_unit;legacy_block,
H5922001_S_SOL031,H5922001_S_SOL056,,brand_unit;legacy_block,
H5922001_S_SOL031,H5922001_S_SOL057,,brand_unit;legacy_block,
H5922001_S_SOL031,H5922001_S_SOL065,,brand_unit;legacy_block,
H5922001_S_SOL031,H5922001_S_SOL066,0.54614007,brand_unit;legacy_block,
H5922001_S_SOL031,H5922001_S_SOL070,0.55318088,brand_unit;legacy_block,
H5922001_S_SOL031,H5922001_S_SOL072,,brand_unit;legacy_block,
H5922001_S_SOL031,H5922001_S_SOL079,,brand_unit;legacy_block,
H5922001_S_SOL031,H5922001_S_SOL093,0.83933246,brand_unit;legacy_block,
H5922001_S_SOL031,H5922001_S_SOL106,0.48559511,brand_unit;legacy_block,
H5922001_S_SOL031,H5922001_S_SOL126,0.56229526,brand_unit;legacy_block,
H5922001_S_SOL031,H5922001_S_SOL132,0.54693518,brand_unit;legacy_block,
H5922001_S_SOL037,H5922001_S_SOL038,0.88574729,brand_unit;legacy_block,
H5922001_S_SOL037,H5922001_S_SOL047,0.81958772,brand_unit;legacy_block,
H5922001_S_SOL037,H5922001_S_SOL050,0.52955820,brand_unit;legacy_block,
H5922001_S_SOL037,H5922001_S_SOL054,0.83052361,brand_unit;legacy_block,
H5922001_S_SOL037,H5922001_S_SOL056,,brand_unit;legacy_block,
H5922001_S_SOL037,H5922001_S_SOL057,,brand_unit;legacy_block,
H5922001_S_SOL037,H5922001_S_SOL065,0.82924315,brand_unit;legacy_block,
H5922001_S_SOL037,H5922001_S_SOL066,0.74343283,brand_unit;legacy_block,
H5922001_S_SOL037,H5922001_S_SOL070,0.54614007,brand_unit;legacy_block,
H5922001_S_SOL037,H5922001_S_SOL072,0.82924315,brand_unit;legacy_block,
H5922001_S_SOL037,H5922001_S_SOL079,0.82924315,brand_unit;legacy_block,
H5922001_S_SOL037,H5922001_S_SOL093,0.83801792,brand_unit;legacy_block,
H5922001_S_SOL037,H5922001_S_SOL106,0.50788081,brand_unit;legacy_block,
H5922001_S_SOL037,H5922001_S_SOL126,0.57320552,brand_unit;legacy_block,
H5922001_S_SOL037,H5922001_S_SOL132,0.85716369,brand_unit;legacy_block,
H5922001_S_SOL038,H5922001_S_SOL047,0.85005343,brand_unit;legacy_block,
H5922001_S_SOL038,H5922001_S_SOL050,0.58415026,brand_unit;legacy_block,
H5922001_S_SOL038,H5922001_S_SOL054,0.77473771,brand_unit;legacy_block,
H5922001_S_SOL038,H5922001_S_SOL056,0.77473771,brand_unit;legacy_block,
H5922001_S_SOL038,H5922001_S_SOL057,0.79303025,brand_unit;legacy_block,
H5922001_S_SOL038,H5922001_S_SOL065,0.77473771,brand_unit;legacy_block,
H5922001_S_SOL038,H5922001_S_SOL066,0.48220236,brand_unit;legacy_block,
H5922001_S_SOL038,H5922001_S_SOL070,0.48168045,brand_unit;legacy_block,
H5922001_S_SOL038,H5922001_S_SOL072,0.77473771,brand_unit;legacy_block,
H5922001_S_SOL038,H5922001_S_SOL079,0.77473771,brand_unit;legacy_block,
H5922001_S_SOL038,H5922001_S_SOL093,,brand_unit;legacy_block,
H5922001_S_SOL038,H5922001_S_SOL106,0.49331612,brand_unit;legacy_block,
H5922001_S_SOL038,H5922001_S_SOL126,,brand_unit;legacy_block,
H5922001_S_SOL038,H5922001_S_SOL132,0.72560189,brand_unit;legacy_block,
H5922001_S_SOL047,H5922001_S_SOL050,0.83302649,brand_unit;legacy_block,
H5922001_S_SOL047,H5922001_S_SOL054,0.85609976,brand_unit;legacy_block,
H5922001_S_SOL047,H5922001_S_SOL056,0.85609976,brand_unit;legacy_block,
H5922001_S_SOL047,H5922001_S_SOL057,0.76707676,brand_unit;legacy_block,
H5922001_S_SOL047,H5922001_S_SOL065,0.85609976,brand_unit;legacy_block,
H5922001_S_SOL047,H5922001_S_SOL066,0.84907899,brand_unit;legacy_block,
H5922001_S_SOL047,H5922001_S_SOL070,0.88254383,brand_unit;legacy_block,
H5922001_S_SOL047,H5922001_S_SOL072,0.85609976,brand_unit;legacy_block,
H5922001_S_SOL047,H5922001_S_SOL079,0.85609976,brand_unit;legacy_block,
H5922001_S_SOL047,H5922001_S_SOL093,0.76707676,brand_unit;legacy_block,
H5922001_S_SOL047,H5922001_S_SOL106,0.88254383,brand_unit;legacy_block,
H5922001_S_SOL047,H5922001_S_SOL126,0.46089649,brand_unit;legacy_block,
H5922001_S_SOL047,H5922001_S_SOL132,0.94171011,brand_unit;legacy_block,
H5922001_S_SOL050,H5922001_S_SOL054,0.58270937,brand_unit;legacy_block,
H5922001_S_SOL050,H5922001_S_SOL056,0.58270937,brand_unit;legacy_block,
H5922001_S_SOL050,H5922001_S_SOL057,0.44934734,brand_unit;legacy_block,
H5922001_S_SOL050,H5922001_S_SOL065,0.58270937,brand_unit;legacy_block,
H5922001_S_SOL050,H5922001_S_SOL066,0.84907899,brand_unit;legacy_block,
H5922001_S_SOL050,H5922001_S_SOL070,0.88254383,brand_unit;legacy_block,
H5922001_S_SOL050,H5922001_S_SOL072,0.58270937,brand_unit;legacy_block,
H5922001_S_SOL050,H5922001_S_SOL079,0.58270937,brand_unit;legacy_block,
H5922001_S_SOL050,H5922001_S_SOL093,0.44934734,brand_unit;legacy_block,
H5922001_S_SOL050,H5922001_S_SOL106,0.86070110,brand_unit;legacy_block,
H5922001_S_SOL050,H5922001_S_SOL126,0.46089649,brand_unit;legacy_block,
H5922001_S_SOL050,H5922001_S_SOL132,0.94171011,brand_unit;legacy_block,
H5922001_S_SOL054,H5922001_S_SOL056,,brand_unit;legacy_block,
H5922001_S_SOL054,H5922001_S_SOL057,,brand_unit;legacy_block,
H5922001_S_SOL054,H5922001_S_SOL065,,brand_unit;legacy_block,
H5922001_S_SOL054,H5922001_S_SOL066,0.53451692,brand_unit;legacy_block,
H5922001_S_SOL054,H5922001_S_SOL070,0.49931576,brand_unit;legacy_block,
H5922001_S_SOL054,H5922001_S_SOL072,,brand_unit;legacy_block,
H5922001_S_SOL054,H5922001_S_SOL079,,brand_unit;legacy_block,
H5922001_S_SOL054,H5922001_S_SOL093,,brand_unit;legacy_block,
H5922001_S_SOL054,H5922001_S_SOL106,0.60476801,brand_unit;legacy_block,
H5922001_S_SOL054,H5922001_S_SOL126,,brand_unit;legacy_block,
H5922001_S_SOL054,H5922001_S_SOL132,0.55437804,brand_unit;legacy_block,
H5922001_S_SOL056,H5922001_S_SOL057,0.88872975,brand_unit;legacy_block,
H5922001_S_SOL056,H5922001_S_SOL065,,brand_unit;legacy_block,
H5922001_S_SOL056,H5922001_S_SOL066,0.53451692,brand_unit;legacy_block,
H5922001_S_SOL056,H5922001_S_SOL070,0.49931576,brand_unit;legacy_block,
H5922001_S_SOL056,H5922001_S_SOL072,,brand_unit;legacy_block,
H5922001_S_SOL056,H5922001_S_SOL079,,brand_unit;legacy_block,
H5922001_S_SOL056,H5922001_S_SOL093,,brand_unit;legacy_block,
H5922001_S_SOL056,H5922001_S_SOL106,0.60476801,brand_unit;legacy_block,
H5922001_S_SOL056,H5922001_S_SOL126,,brand_unit;legacy_block,
H5922001_S_SOL056,H5922001_S_SOL132,0.55437804,brand_unit;legacy_block,
H5922001_S_SOL057,H5922001_S_SOL065,,brand_unit;legacy_block,
H5922001_S_SOL057,H5922001_S_SOL066,0.50788081,brand_unit;legacy_block,
H5922001_S_SOL057,H5922001_S_SOL070,0.55080125,brand_unit;legacy_block,
H5922001_S_SOL057,H5922001_S_SOL072,,brand_unit;legacy_block,
H5922001_S_SOL057,H5922001_S_SOL079,,brand_unit;legacy_block,
H5922001_S_SOL057,H5922001_S_SOL093,,brand_unit;legacy_block,
H5922001_S_SOL057,H5922001_S_SOL106,0.55743396,brand_unit;legacy_block,
H5922001_S_SOL057,H5922001_S_SOL126,,brand_unit;legacy_block,
H5922001_S_SOL057,H5922001_S_SOL132,0.66871605,brand_unit;legacy_block,
H5922001_S_SOL065,H5922001_S_SOL066,0.59404309,brand_unit;legacy_block,
H5922001_S_SOL065,H5922001_S_SOL070,0.55318088,brand_unit;legacy_block,
H5922001_S_SOL065,H5922001_S_SOL072,,brand_unit;legacy_block,
H5922001_S_SOL065,H5922001_S_SOL079,,brand_unit;legacy_block,
H5922001_S_SOL065,H5922001_S_SOL093,,brand_unit;legacy_block,
H5922001_S_SOL065,H5922001_S_SOL106,0.48559511,brand_unit;legacy_block,
H5922001_S_SOL065,H5922001_S_SOL126,0.56229526,brand_unit;legacy_block,
H5922001_S_SOL065,H5922001_S_SOL132,0.54693518,brand_unit;legacy_block,
H5922001_S_SOL066,H5922001_S_SOL070,0.86621794,brand_unit;legacy_block,
H5922001_S_SOL066,H5922001_S_SOL072,0.59404309,brand_unit;legacy_block,
H5922001_S_SOL066,H5922001_S_SOL079,0.59404309,brand_unit;legacy_block,
H5922001_S_SOL066,H5922001_S_SOL093,0.50788081,brand_unit;legacy_block,
H5922001_S_SOL066,H5922001_S_SOL106,0.82284077,brand_unit;legacy_block,
H5922001_S_SOL066,H5922001_S_SOL126,0.51951503,brand_unit;legacy_block,
H5922001_S_SOL066,H5922001_S_SOL132,0.93320678,brand_unit;legacy_block,
H5922001_S_SOL070,H5922001_S_SOL072,0.55318088,brand_unit;legacy_block,
H5922001_S_SOL070,H5922001_S_SOL079,0.55318088,brand_unit;legacy_block,
H5922001_S_SOL070,H5922001_S_SOL093,0.55080125,brand_unit;legacy_block,
H5922001_S_SOL070,H5922001_S_SOL106,0.87899299,brand_unit;legacy_block,
H5922001_S_SOL070,H5922001_S_SOL126,0.55080125,brand_unit;legacy_block,
H5922001_S_SOL070,H5922001_S_SOL132,0.86011364,brand_unit;legacy_block,
H5922001_S_SOL072,H5922001_S_SOL079,,brand_unit;legacy_block,
H5922001_S_SOL072,H5922001_S_SOL093,0.83933246,brand_unit;legacy_block,
H5922001_S_SOL072,H5922001_S_SOL106,0.48559511,brand_unit;legacy_block,
H5922001_S_SOL072,H5922001_S_SOL126,0.56229526,brand_unit;legacy_block,
H5922001_S_SOL072,H5922001_S_SOL132,0.54693518,brand_unit;legacy_block,
H5922001_S_SOL079,H5922001_S_SOL093,0.83933246,brand_unit;legacy_block,
H5922001_S_SOL079,H5922001_S_SOL106,0.48559511,brand_unit;legacy_block,
H5922001_S_SOL079,H5922001_S_SOL126,,brand_unit;legacy_block,
H5922001_S_SOL079,H5922001_S_SOL132,0.54693518,brand_unit;legacy_block,
H5922001_S_SOL093,H5922001_S_SOL106,0.55743396,brand_unit;legacy_block,
H5922001_S_SOL093,H5922001_S_SOL126,,brand_unit;legacy_block,
H5922001_S_SOL093,H5922001_S_SOL132,0.62404798,brand_unit;legacy_block,
H5922001_S_SOL106,H5922001_S_SOL126,0.50478877,brand_unit;legacy_block,
H5922001_S_SOL106,H5922001_S_SOL132,0.91569339,brand_unit;legacy_block,
H5922001_S_SOL126,H5922001_S_SOL132,0.62404798,brand_unit;legacy_block,
H5977005_S_PRO01726,H5977005_S_PRO01727,0.29793283,brand_unit;legacy_block,
H5985001_S_018565_809280018565,H8976001_S_809280018565,0.99950601,brand_unit;legacy_block,
H5985001_S_018565_809280018565,H8976001_S_809280018572,,brand_unit;legacy_block,
H5985001_S_018565_809280018565,H8976001_S_809280018602,0.49206303,brand_unit;legacy_block,
H5985001_S_018565_809280018565,H8976001_S_809280018619,,brand_unit;legacy_block,
H5985001_S_781890_3253581781890,H5985003_S_781890-3253581781890,1.00000000,brand_unit;packfree_exact,
H5985001_S_781890_3253581781890,H5985004_S_781890_3253581781890,1.00000000,brand_unit;exact_ean;legacy_block;packfree_exact,
H5985001_S_781890_3253581781890,S6478001_S_781890_3253581781890,1.00000000,brand_unit;exact_ean;legacy_block,
H5985001_S_781890_3253581781890,S6478006_S_781890_3253581781890,1.00000000,brand_unit;exact_ean;legacy_block,
H5985003_S_781890-3253581781890,H5985004_S_781890_3253581781890,1.00000000,brand_unit;packfree_exact,
H5985003_S_781890-3253581781890,S6478001_S_781890_3253581781890,0.99843379,brand_unit,
H5985003_S_781890-3253581781890,S6478006_S_781890_3253581781890,0.99843379,brand_unit,
H5985004_S_481166_4976631481166,H6167001_S_4976631478272,0.99564086,brand_unit;legacy_block,
H5985004_S_481166_4976631481166,H6706001_S_cs168539,0.66715747,brand_unit,
H5985004_S_481166_4976631481166,H7096001_S_4976631478272,0.99564086,brand_unit;legacy_block,
H5985004_S_481166_4976631481166,H8424001_S_4976631478272,0.98027079,brand_unit;legacy_block,
H5985004_S_481166_4976631481166,H8424001_S_4976631481166,1.00000000,brand_unit;exact_ean;legacy_block,
H5985004_S_481166_4976631481166,H9125001_S_48200101,0.97994930,brand_unit,
H5985004_S_481166_4976631481166,H9125001_S_48200102,0.53583477,brand_unit,
H5985004_S_481166_4976631481166,H9125001_S_48200103,0.15699744,brand_unit,
H5985004_S_481166_4976631481166,H9990001_S_544,0.10362744,brand_unit,
H5985004_S_481166_4976631481166,S6478006_S_478272_4976631478272,0.99513102,brand_unit;legacy_block,
H5985004_S_481166_4976631481166,S6478006_S_481166_4976631481166,1.00000000,brand_unit;exact_ean;legacy_block,
H5985004_S_781890_3253581781890,S6478001_S_781890_3253581781890,1.00000000,brand_unit;exact_ean;legacy_block,
H5985004_S_781890_3253581781890,S6478006_S_781890_3253581781890,1.00000000,brand_unit;exact_ean;legacy_block,
H6011001_S_OLICAMEL,H6011001_S_OLIMARE,0.51545011,brand_unit;legacy_block,
H6011001_S_OLICAMEL,H9737001_S_natural_Olivos_milksoap_goat_150,0.28960719,brand_unit;legacy_block,
H6011001_S_OLICAMEL,H9737001_S_natural_Olivos_milksoap_wholemilk_150,0.23341318,brand_unit;legacy_block,
H6011001_S_OLIMARE,H9737001_S_natural_Olivos_milksoap_goat_150,0.10659809,brand_unit;legacy_block,
H6011001_S_OLIMARE,H9737001_S_natural_Olivos_milksoap_wholemilk_150,0.23280421,brand_unit;legacy_block,
H6141001_S_A076-100,H6141001_S_A076-12,0.62345322,brand_unit;legacy_block,
H6141001_S_A076-100,H6141001_S_A076-30,0.07551752,brand_unit,
H6141001_S_A076-100,H6141001_S_A076-40,0.33296864,brand_unit,
H6141001_S_A076-100,H6141001_S_A076-5,0.62345322,brand_unit;legacy_block,
H6141001_S_A076-100,H6173001_S_NAJEL-100,0.99828601,brand_unit;legacy_block,
H6141001_S_A076-100,H6300002_S_BWNJL-5A,,brand_unit,
H6141001_S_A076-100,H7517001_S_NAJ1017,,brand_unit;legacy_block,
H6141001_S_A076-100,H9653001_S_60888,,brand_unit;legacy_block,
H6141001_S_A076-100,S6324001_S_nj-aleppo12,,brand_unit,
H6141001_S_A076-100,S6324001_S_nj-aleppo40,,brand_unit,
H6141001_S_A076-12,H6141001_S_A076-30,0.79162263,brand_unit,
H6141001_S_A076-12,H6141001_S_A076-40,0.91817855,brand_unit,
H6141001_S_A076-12,H6141001_S_A076-5,0.99932271,brand_unit;legacy_block,
H6141001_S_A076-12,H6173001_S_NAJEL-100,0.99720005,brand_unit;legacy_block,
H6141001_S_A076-12,H6300002_S_BWNJL-5A,,brand_unit,
H6141001_S_A076-12,H7517001_S_NAJ1017,0.96810079,brand_unit;legacy_block,
H6141001_S_A076-12,H9653001_S_60888,,brand_unit;legacy_block,
H6141001_S_A076-12,S6324001_S_nj-aleppo12,,brand_unit,
H6141001_S_A076-12,S6324001_S_nj-aleppo40,,brand_unit,
H6141001_S_A076-12B,H6141001_S_A401,0.97937464,brand_unit;legacy_block,
H6141001_S_A076-12B,H6141001_S_A404,0.98776257,brand_unit;legacy_block,
H6141001_S_A076-12B,H6141001_S_A405,0.98855020,brand_unit;legacy_block,
H6141001_S_A076-12B,H6141001_S_A406,,brand_unit;legacy_block,
H6141001_S_A076-12B,H6141001_S_A407,0.98471030,brand_unit,
H6141001_S_A076-12B,H6141001_S_A408,0.99036447,brand_unit;legacy_block,
H6141001_S_A076-12B,H6141001_S_A409,,brand_unit;legacy_block,
H6141001_S_A076-12B,H6141001_S_A410,,brand_unit;legacy_block,
H6141001_S_A076-12B,H6141001_S_A463,0.98544558,brand_unit;legacy_block,
H6141001_S_A076-12B,H6173001_S_NAJEL-ARGAN,,brand_unit;legacy_block,
H6141001_S_A076-12B,H6173001_S_NAJEL-BK-CUMIN,0.98083777,brand_unit;legacy_block,
H6141001_S_A076-12B,H6173001_S_NAJEL-CHARCOAL,0.99185900,brand_unit;legacy_block,
H6141001_S_A076-12B,H6173001_S_NAJEL-DEAD-SEA-MUD,0.98618852,brand_unit;legacy_block,
H6141001_S_A076-12B,H6173001_S_NAJEL-HONEY,0.98845426,brand_unit;legacy_block,
H6141001_S_A076-12B,H6173001_S_NAJEL-JASMINE,,brand_unit;legacy_block,
H6141001_S_A076-12B,H6173001_S_NAJEL-LEMON,,brand_unit;legacy_block,
H6141001_S_A076-12B,H6173001_S_NAJEL-ORG,,brand_unit;legacy_block,
H6141001_S_A076-12B,H6173001_S_NAJEL-RD-CLAY,0.98524085,brand_unit;legacy_block,
H6141001_S_A076-12B,H6173001_S_NAJEL-ROSE,,brand_unit;legacy_block,
H6141001_S_A076-12B,H6300002_S_BWNJL-10,0.83610209,brand_unit;legacy_block,
H6141001_S_A076-12B,H6300002_S_BWNJL-7,,brand_unit,
H6141001_S_A076-12B,H6300002_S_BWNJL-8,,brand_unit,
H6141001_S_A076-12B,H6300002_S_BWNJL-9,0.90738725,brand_unit,
H6141001_S_A076-12B,H7517001_S_NAJ0058,,brand_unit;legacy_block,
H6141001_S_A076-12B,H7517001_S_NAJ0959,0.94957507,brand_unit;legacy_block,
H6141001_S_A076-12B,H7517001_S_NAJ5114,,brand_unit;legacy_block,
H6141001_S_A076-12B,S2188001_S_NAJLalepSOAPsea100g3820N,0.91119562,brand_unit;legacy_block,
H6141001_S_A076-30,H6141001_S_A076-40,0.87501975,brand_unit;legacy_block,
H6141001_S_A076-30,H6141001_S_A076-5,0.77381841,brand_unit,
H6141001_S_A076-30,H6173001_S_NAJEL-100,0.82300632,brand_unit,
H6141001_S_A076-30,H6300002_S_BWNJL-4,0.62886390,brand_unit,
H6141001_S_A076-30,H6300002_S_BWNJL-5A,,brand_unit,
H6141001_S_A076-30,H7517001_S_NAJ1017,0.69931746,brand_unit,
H6141001_S_A076-30,H9653001_S_60888,0.77065396,brand_unit,
H6141001_S_A076-30,S6324001_S_nj-aleppo12,,brand_unit;legacy_block,
H6141001_S_A076-30,S6324001_S_nj-aleppo40,,brand_unit;legacy_block,
H6141001_S_A076-40,H6141001_S_A076-5,0.81721617,brand_unit,
H6141001_S_A076-40,H6173001_S_NAJEL-100,0.86341242,brand_unit,
H6141001_S_A076-40,H6300002_S_BWNJL-4,0.38571474,brand_unit,
H6141001_S_A076-40,H6300002_S_BWNJL-5A,,brand_unit,
H6141001_S_A076-40,H7517001_S_NAJ1017,0.59108382,brand_unit,
H6141001_S_A076-40,H9653001_S_60888,,brand_unit,
H6141001_S_A076-40,S6324001_S_nj-aleppo12,,brand_unit;legacy_block,
H6141001_S_A076-40,S6324001_S_nj-aleppo40,,brand_unit;legacy_block,
H6141001_S_A076-5,H6173001_S_NAJEL-100,0.99675877,brand_unit;legacy_block,
H6141001_S_A076-5,H6300002_S_BWNJL-5A,,brand_unit,
H6141001_S_A076-5,H7517001_S_NAJ1017,0.97438254,brand_unit;legacy_block,
H6141001_S_A076-5,H9653001_S_60888,,brand_unit;legacy_block,
H6141001_S_A076-5,S6324001_S_nj-aleppo12,,brand_unit,
H6141001_S_A076-5,S6324001_S_nj-aleppo40,,brand_unit,
H6141001_S_A401,H6141001_S_A404,,brand_unit;legacy_block,
H6141001_S_A401,H6141001_S_A405,,brand_unit;legacy_block,
H6141001_S_A401,H6141001_S_A406,0.86314411,brand_unit;legacy_block,
H6141001_S_A401,H6141001_S_A407,,brand_unit,
H6141001_S_A401,H6141001_S_A408,0.84361312,brand_unit;legacy_block,
H6141001_S_A401,H6141001_S_A409,,brand_unit;legacy_block,
H6141001_S_A401,H6141001_S_A410,0.98641324,brand_unit;legacy_block,
H6141001_S_A401,H6141001_S_A463,0.99760189,brand_unit;legacy_block,
H6141001_S_A401,H6173001_S_NAJEL-ARGAN,0.92040833,brand_unit;legacy_block,
H6141001_S_A401,H6173001_S_NAJEL-BK-CUMIN,0.99850313,brand_unit;legacy_block,
H6141001_S_A401,H6173001_S_NAJEL-CHARCOAL,0.99350050,brand_unit;legacy_block,
H6141001_S_A401,H6173001_S_NAJEL-DEAD-SEA-MUD,,brand_unit;legacy_block,
H6141001_S_A401,H6173001_S_NAJEL-HONEY,,brand_unit;legacy_block,
H6141001_S_A401,H6173001_S_NAJEL-JASMINE,,brand_unit;legacy_block,
H6141001_S_A401,H6173001_S_NAJEL-LEMON,,brand_unit;legacy_block,
H6141001_S_A401,H6173001_S_NAJEL-ORG,0.99829288,brand_unit;legacy_block,
H6141001_S_A401,H6173001_S_NAJEL-RD-CLAY,,brand_unit;legacy_block,
H6141001_S_A401,H6173001_S_NAJEL-ROSE,0.99171777,brand_unit;legacy_block,
H6141001_S_A401,H6300002_S_BWNJL-10,,brand_unit;legacy_block,
H6141001_S_A401,H6300002_S_BWNJL-7,,brand_unit,
H6141001_S_A401,H6300002_S_BWNJL-8,,brand_unit,
H6141001_S_A401,H6300002_S_BWNJL-9,,brand_unit,
H6141001_S_A401,H7517001_S_NAJ0058,0.99255171,brand_unit;legacy_block,
H6141001_S_A401,H7517001_S_NAJ0959,0.99125012,brand_unit;legacy_block,
H6141001_S_A401,H7517001_S_NAJ5114,0.99792005,brand_unit;legacy_block,
H6141001_S_A401,S2188001_S_NAJLalepSOAPsea100g3820N,,brand_unit;legacy_block,
H6141001_S_A403,H6300002_S_BWNJL-8,,exact_ean,
H6141001_S_A404,H6141001_S_A405,,brand_unit;legacy_block,
H6141001_S_A404,H6141001_S_A406,0.83413393,brand_unit;legacy_block,
H6141001_S_A404,H6141001_S_A407,,brand_unit,
H6141001_S_A404,H6141001_S_A408,0.95422178,brand_unit;legacy_block,
H6141001_S_A404,H6141001_S_A409,,brand_unit;legacy_block,
H6141001_S_A404,H6141001_S_A410,0.97254200,brand_unit;legacy_block,
H6141001_S_A404,H6141001_S_A463,0.99880329,brand_unit;legacy_block,
H6141001_S_A404,H6173001_S_NAJEL-ARGAN,0.98852356,brand_unit;legacy_block,
H6141001_S_A404,H6173001_S_NAJEL-BK-CUMIN,,brand_unit;legacy_block,
H6141001_S_A404,H6173001_S_NAJEL-CHARCOAL,0.99199345,brand_unit;legacy_block,
H6141001_S_A404,H6173001_S_NAJEL-DEAD-SEA-MUD,,brand_unit;legacy_block,
H6141001_S_A404,H6173001_S_NAJEL-HONEY,,brand_unit;legacy_block,
H6141001_S_A404,H6173001_S_NAJEL-JASMINE,,brand_unit;legacy_block,
H6141001_S_A404,H6173001_S_NAJEL-LEMON,,brand_unit;legacy_block,
H6141001_S_A404,H6173001_S_NAJEL-ORG,0.99756672,brand_unit;legacy_block,
H6141001_S_A404,H6173001_S_NAJEL-RD-CLAY,0.99850313,brand_unit;legacy_block,
H6141001_S_A404,H6173001_S_NAJEL-ROSE,0.99408797,brand_unit;legacy_block,
H6141001_S_A404,H6300002_S_BWNJL-10,,brand_unit;legacy_block,
H6141001_S_A404,H6300002_S_BWNJL-7,,brand_unit,
H6141001_S_A404,H6300002_S_BWNJL-8,,brand_unit,
H6141001_S_A404,H6300002_S_BWNJL-9,,brand_unit,
H6141001_S_A404,H7517001_S_NAJ0058,0.99475095,brand_unit;legacy_block,
H6141001_S_A404,H7517001_S_NAJ0959,0.99024540,brand_unit;legacy_block,
H6141001_S_A404,H7517001_S_NAJ5114,0.99790184,brand_unit;legacy_block,
H6141001_S_A404,S2188001_S_NAJLalepSOAPsea100g3820N,,brand_unit;legacy_block,
H6141001_S_A405,H6141001_S_A406,0.94542441,brand_unit;legacy_block,
H6141001_S_A405,H6141001_S_A407,,brand_unit,
H6141001_S_A405,H6141001_S_A408,0.96491251,brand_unit;legacy_block,
H6141001_S_A405,H6141001_S_A409,,brand_unit;legacy_block,
H6141001_S_A405,H6141001_S_A410,0.98303648,brand_unit;legacy_block,
H6141001_S_A405,H6141001_S_A463,0.99587908,brand_unit;legacy_block,
H6141001_S_A405,H6173001_S_NAJEL-ARGAN,0.98915020,brand_unit;legacy_block,
H6141001_S_A405,H6173001_S_NAJEL-BK-CUMIN,,brand_unit;legacy_block,
H6141001_S_A405,H6173001_S_NAJEL-CHARCOAL,0.99400971,brand_unit;legacy_block,
H6141001_S_A405,H6173001_S_NAJEL-DEAD-SEA-MUD,0.99850313,brand_unit;legacy_block,
H6141001_S_A405,H6173001_S_NAJEL-HONEY,,brand_unit;legacy_block,
H6141001_S_A405,H6173001_S_NAJEL-JASMINE,,brand_unit;legacy_block,
H6141001_S_A405,H6173001_S_NAJEL-LEMON,,brand_unit;legacy_block,
H6141001_S_A405,H6173001_S_NAJEL-ORG,0.99773351,brand_unit;legacy_block,
H6141001_S_A405,H6173001_S_NAJEL-RD-CLAY,,brand_unit;legacy_block,
H6141001_S_A405,H6173001_S_NAJEL-ROSE,0.99305874,brand_unit;legacy_block,
H6141001_S_A405,H6300002_S_BWNJL-10,0.65668359,brand_unit;legacy_block,
H6141001_S_A405,H6300002_S_BWNJL-7,,brand_unit,
H6141001_S_A405,H6300002_S_BWNJL-8,,brand_unit,
H6141001_S_A405,H6300002_S_BWNJL-9,,brand_unit,
H6141001_S_A405,H7517001_S_NAJ0058,0.99239519,brand_unit;legacy_block,
H6141001_S_A405,H7517001_S_NAJ0959,0.99213893,brand_unit;legacy_block,
H6141001_S_A405,H7517001_S_NAJ5114,0.99698332,brand_unit;legacy_block,
H6141001_S_A405,S2188001_S_NAJLalepSOAPsea100g3820N,0.98205527,brand_unit;legacy_block,
H6141001_S_A406,H6141001_S_A407,0.90559876,brand_unit,
H6141001_S_A406,H6141001_S_A408,0.94056347,brand_unit;legacy_block,
H6141001_S_A406,H6141001_S_A409,,brand_unit;legacy_block,
H6141001_S_A406,H6141001_S_A410,,brand_unit;legacy_block,
H6141001_S_A406,H6141001_S_A463,0.99342829,brand_unit;legacy_block,
H6141001_S_A406,H6173001_S_NAJEL-ARGAN,0.99568461,brand_unit;legacy_block,
H6141001_S_A406,H6173001_S_NAJEL-BK-CUMIN,0.92040833,brand_unit;legacy_block,
H6141001_S_A406,H6173001_S_NAJEL-CHARCOAL,0.96870614,brand_unit;legacy_block,
H6141001_S_A406,H6173001_S_NAJEL-DEAD-SEA-MUD,0.98915020,brand_unit;legacy_block,
H6141001_S_A406,H6173001_S_NAJEL-HONEY,0.98852356,brand_unit;legacy_block,
H6141001_S_A406,H6173001_S_NAJEL-JASMINE,,brand_unit;legacy_block,
H6141001_S_A406,H6173001_S_NAJEL-LEMON,,brand_unit;legacy_block,
H6141001_S_A406,H6173001_S_NAJEL-ORG,,brand_unit;legacy_block,
H6141001_S_A406,H6173001_S_NAJEL-RD-CLAY,0.98852356,brand_unit;legacy_block,
H6141001_S_A406,H6173001_S_NAJEL-ROSE,,brand_unit;legacy_block,
H6141001_S_A406,H6300002_S_BWNJL-10,0.62911958,brand_unit;legacy_block,
H6141001_S_A406,H6300002_S_BWNJL-7,,brand_unit,
H6141001_S_A406,H6300002_S_BWNJL-8,,brand_unit,
H6141001_S_A406,H6300002_S_BWNJL-9,0.83699367,brand_unit,
H6141001_S_A406,H7517001_S_NAJ0058,,brand_unit;legacy_block,
H6141001_S_A406,H7517001_S_NAJ0959,0.96574365,brand_unit;legacy_block,
H6141001_S_A406,H7517001_S_NAJ5114,,brand_unit;legacy_block,
H6141001_S_A406,S2188001_S_NAJLalepSOAPsea100g3820N,0.11076959,brand_unit;legacy_block,
H6141001_S_A407,H6141001_S_A408,0.92786202,brand_unit,
H6141001_S_A407,H6141001_S_A409,,brand_unit,
H6141001_S_A407,H6141001_S_A410,0.97986685,brand_unit,
H6141001_S_A407,H6141001_S_A463,0.99850779,brand_unit,
H6141001_S_A407,H6173001_S_NAJEL-ARGAN,0.98852356,brand_unit,
H6141001_S_A407,H6173001_S_NAJEL-BK-CUMIN,,brand_unit,
H6141001_S_A407,H6173001_S_NAJEL-CHARCOAL,0.99199345,brand_unit,
H6141001_S_A407,H6173001_S_NAJEL-DEAD-SEA-MUD,,brand_unit,
H6141001_S_A407,H6173001_S_NAJEL-HONEY,0.99879001,brand_unit,
H6141001_S_A407,H6173001_S_NAJEL-JASMINE,,brand_unit,
H6141001_S_A407,H6173001_S_NAJEL-LEMON,,brand_unit,
H6141001_S_A407,H6173001_S_NAJEL-ORG,0.99748962,brand_unit,
H6141001_S_A407,H6173001_S_NAJEL-RD-CLAY,,brand_unit,
H6141001_S_A407,H6173001_S_NAJEL-ROSE,,brand_unit,
H6141001_S_A407,H6300002_S_BWNJL-10,,brand_unit,
H6141001_S_A407,H6300002_S_BWNJL-7,,brand_unit;legacy_block,
H6141001_S_A407,H6300002_S_BWNJL-8,,brand_unit;legacy_block,
H6141001_S_A407,H6300002_S_BWNJL-9,1.00000000,brand_unit;exact_ean;legacy_block,
H6141001_S_A407,H7517001_S_NAJ0058,,brand_unit,
H6141001_S_A407,H7517001_S_NAJ0959,0.98468736,brand_unit,
H6141001_S_A407,H7517001_S_NAJ5114,0.99768685,brand_unit,
H6141001_S_A407,S2188001_S_NAJLalepSOAPsea100g3820N,,brand_unit,
H6141001_S_A408,H6141001_S_A409,0.98464415,brand_unit;legacy_block,
H6141001_S_A408,H6141001_S_A410,0.74428662,brand_unit;legacy_block,
H6141001_S_A408,H6141001_S_A463,0.99402583,brand_unit;legacy_block,
H6141001_S_A408,H6173001_S_NAJEL-ARGAN,0.97038245,brand_unit;legacy_block,
H6141001_S_A408,H6173001_S_NAJEL-BK-CUMIN,0.99471889,brand_unit;legacy_block,
H6141001_S_A408,H6173001_S_NAJEL-CHARCOAL,0.99614643,brand_unit;legacy_block,
H6141001_S_A408,H6173001_S_NAJEL-DEAD-SEA-MUD,0.99551758,brand_unit;legacy_block,
H6141001_S_A408,H6173001_S_NAJEL-HONEY,0.99085460,brand_unit;legacy_block,
H6141001_S_A408,H6173001_S_NAJEL-JASMINE,0.99501021,brand_unit;legacy_block,
H6141001_S_A408,H6173001_S_NAJEL-LEMON,0.99318174,brand_unit;legacy_block,
H6141001_S_A408,H6173001_S_NAJEL-ORG,0.97339140,brand_unit;legacy_block,
H6141001_S_A408,H6173001_S_NAJEL-RD-CLAY,0.99310940,brand_unit;legacy_block,
H6141001_S_A408,H6173001_S_NAJEL-ROSE,0.87471152,brand_unit;legacy_block,
H6141001_S_A408,H6300002_S_BWNJL-10,0.58508660,brand_unit;legacy_block,
H6141001_S_A408,H6300002_S_BWNJL-7,,brand_unit,
H6141001_S_A408,H6300002_S_BWNJL-8,0.60421201,brand_unit,
H6141001_S_A408,H6300002_S_BWNJL-9,0.70005560,brand_unit,
H6141001_S_A408,H7517001_S_NAJ0058,0.95927973,brand_unit;legacy_block,
H6141001_S_A408,H7517001_S_NAJ0959,0.99313866,brand_unit;legacy_block,
H6141001_S_A408,H7517001_S_NAJ5114,0.98414584,brand_unit;legacy_block,
H6141001_S_A408,S2188001_S_NAJLalepSOAPsea100g3820N,0.60204518,brand_unit;legacy_block,
H6141001_S_A409,H6141001_S_A410,0.98641324,brand_unit;legacy_block,
H6141001_S_A409,H6141001_S_A463,0.99760189,brand_unit;legacy_block,
H6141001_S_A409,H6173001_S_NAJEL-ARGAN,,brand_unit;legacy_block,
H6141001_S_A409,H6173001_S_NAJEL-BK-CUMIN,,brand_unit;legacy_block,
H6141001_S_A409,H6173001_S_NAJEL-CHARCOAL,0.99459164,brand_unit;legacy_block,
H6141001_S_A409,H6173001_S_NAJEL-DEAD-SEA-MUD,,brand_unit;legacy_block,
H6141001_S_A409,H6173001_S_NAJEL-HONEY,,brand_unit;legacy_block,
H6141001_S_A409,H6173001_S_NAJEL-JASMINE,0.91960062,brand_unit;legacy_block,
H6141001_S_A409,H6173001_S_NAJEL-LEMON,0.99879001,brand_unit;legacy_block,
H6141001_S_A409,H6173001_S_NAJEL-ORG,0.99829288,brand_unit;legacy_block,
H6141001_S_A409,H6173001_S_NAJEL-RD-CLAY,,brand_unit;legacy_block,
H6141001_S_A409,H6173001_S_NAJEL-ROSE,,brand_unit;legacy_block,
H6141001_S_A409,H6300002_S_BWNJL-10,,brand_unit;legacy_block,
H6141001_S_A409,H6300002_S_BWNJL-7,,brand_unit,
H6141001_S_A409,H6300002_S_BWNJL-8,0.65609383,brand_unit,
H6141001_S_A409,H6300002_S_BWNJL-9,,brand_unit,
H6141001_S_A409,H7517001_S_NAJ0058,,brand_unit;legacy_block,
H6141001_S_A409,H7517001_S_NAJ0959,0.99173120,brand_unit;legacy_block,
H6141001_S_A409,H7517001_S_NAJ5114,0.99792005,brand_unit;legacy_block,
H6141001_S_A409,S2188001_S_NAJLalepSOAPsea100g3820N,,brand_unit;legacy_block,
H6141001_S_A410,H6141001_S_A463,0.99901436,brand_unit;legacy_block,
H6141001_S_A410,H6173001_S_NAJEL-ARGAN,,brand_unit;legacy_block,
H6141001_S_A410,H6173001_S_NAJEL-BK-CUMIN,0.99829288,brand_unit;legacy_block,
H6141001_S_A410,H6173001_S_NAJEL-CHARCOAL,0.97247274,brand_unit;legacy_block,
H6141001_S_A410,H6173001_S_NAJEL-DEAD-SEA-MUD,0.99773351,brand_unit;legacy_block,
H6141001_S_A410,H6173001_S_NAJEL-HONEY,0.99799019,brand_unit;legacy_block,
H6141001_S_A410,H6173001_S_NAJEL-JASMINE,,brand_unit;legacy_block,
H6141001_S_A410,H6173001_S_NAJEL-LEMON,0.99875240,brand_unit;legacy_block,
H6141001_S_A410,H6173001_S_NAJEL-ORG,0.99850313,brand_unit;legacy_block,
H6141001_S_A410,H6173001_S_NAJEL-RD-CLAY,0.99756672,brand_unit;legacy_block,
H6141001_S_A410,H6173001_S_NAJEL-ROSE,,brand_unit;legacy_block,
H6141001_S_A410,H6300002_S_BWNJL-10,,brand_unit;legacy_block,
H6141001_S_A410,H6300002_S_BWNJL-7,,brand_unit,
H6141001_S_A410,H6300002_S_BWNJL-8,,brand_unit,
H6141001_S_A410,H6300002_S_BWNJL-9,,brand_unit,
H6141001_S_A410,H7517001_S_NAJ0058,,brand_unit;legacy_block,
H6141001_S_A410,H7517001_S_NAJ0959,0.98224391,brand_unit;legacy_block,
H6141001_S_A410,H7517001_S_NAJ5114,0.99959873,brand_unit;legacy_block,
H6141001_S_A410,S2188001_S_NAJLalepSOAPsea100g3820N,0.43299617,brand_unit;legacy_block,
H6141001_S_A463,H6173001_S_NAJEL-ARGAN,0.99170120,brand_unit;legacy_block,
H6141001_S_A463,H6173001_S_NAJEL-BK-CUMIN,0.99730917,brand_unit;legacy_block,
H6141001_S_A463,H6173001_S_NAJEL-CHARCOAL,0.99823331,brand_unit;legacy_block,
H6141001_S_A463,H6173001_S_NAJEL-DEAD-SEA-MUD,0.99552120,brand_unit;legacy_block,
H6141001_S_A463,H6173001_S_NAJEL-HONEY,0.99892847,brand_unit;legacy_block,
H6141001_S_A463,H6173001_S_NAJEL-JASMINE,0.99705986,brand_unit;legacy_block,
H6141001_S_A463,H6173001_S_NAJEL-LEMON,0.99730917,brand_unit;legacy_block,
H6141001_S_A463,H6173001_S_NAJEL-ORG,0.99892847,brand_unit;legacy_block,
H6141001_S_A463,H6173001_S_NAJEL-RD-CLAY,0.99914073,brand_unit;legacy_block,
H6141001_S_A463,H6173001_S_NAJEL-ROSE,0.99200385,brand_unit;legacy_block,
H6141001_S_A463,H6300002_S_BWNJL-10,0.59146687,brand_unit;legacy_block,
H6141001_S_A463,H6300002_S_BWNJL-7,,brand_unit,
H6141001_S_A463,H6300002_S_BWNJL-8,0.99218449,brand_unit,
H6141001_S_A463,H6300002_S_BWNJL-9,0.89920080,brand_unit,
H6141001_S_A463,H7517001_S_NAJ0058,0.99329615,brand_unit;legacy_block,
H6141001_S_A463,H7517001_S_NAJ0959,0.99351647,brand_unit;legacy_block,
H6141001_S_A463,H7517001_S_NAJ5114,0.99953688,brand_unit;legacy_block,
H6141001_S_A463,S2188001_S_NAJLalepSOAPsea100g3820N,0.74014270,brand_unit;legacy_block,
H6167001_S_4976631478272,H6706001_S_cs168539,0.20067331,brand_unit,
H6167001_S_4976631478272,H7096001_S_4976631478272,1.00000000,brand_unit;exact_ean;legacy_block;packfree_exact,
H6167001_S_4976631478272,H8424001_S_4976631478272,1.00000000,brand_unit;exact_ean;legacy_block,
H6167001_S_4976631478272,H8424001_S_4976631481166,0.73941970,brand_unit;legacy_block,
H6167001_S_4976631478272,H9125001_S_48200101,0.99704292,brand_unit,
H6167001_S_4976631478272,H9125001_S_48200102,0.58999349,brand_unit,
H6167001_S_4976631478272,H9125001_S_48200103,0.53683070,brand_unit,
H6167001_S_4976631478272,H9990001_S_544,0.21301884,brand_unit,
H6167001_S_4976631478272,S6478006_S_478272_4976631478272,1.00000000,brand_unit;exact_ean;legacy_block,
H6167001_S_4976631478272,S6478006_S_481166_4976631481166,0.99945585,brand_unit;legacy_block,
H6167001_S_8901030025464,H6729001_S_P0141A,0.93553113,brand_unit,
H6167001_S_9312146006602,H7096001_S_9312146006602,1.00000000,brand_unit;exact_ean;legacy_block;packfree_exact,
H6167001_S_9312146006602,H7915001_S_9312146006602,1.00000000,brand_unit;exact_ean;legacy_block,
H6167001_S_9312146006602,H8427001_S_9312146006602,1.00000000,brand_unit;exact_ean;legacy_block,
H6167001_S_9312146006602,S2232001_S_TDP06602,0.38310626,brand_unit,
H6167001_S_9312146006602,S6375001_S_9312146006602,1.00000000,brand_unit;exact_ean;legacy_block,
H6167001_S_9349254002011,H6167001_S_9349254002028,,brand_unit;legacy_block,
H6167001_S_9349254002011,H6167001_S_9349254002035,,brand_unit;legacy_block,
H6167001_S_9349254002011,H6167001_S_9349254002042,,brand_unit;legacy_block,
H6167001_S_9349254002011,H6167001_S_9349254002059,,brand_unit;legacy_block,
H6167001_S_9349254002011,H6167001_S_9349254004053,0.00389465,brand_unit;legacy_block,
H6167001_S_9349254002011,H6167002_S_9349254002011,1.00000000,brand_unit;exact_ean;legacy_block;packfree_exact,
H6167001_S_9349254002011,H6167002_S_9349254002028,,brand_unit;legacy_block,
H6167001_S_9349254002011,H6167002_S_9349254002035,,brand_unit;legacy_block,
H6167001_S_9349254002011,H6167002_S_9349254002042,,brand_unit;legacy_block,
H6167001_S_9349254002011,H6167002_S_9349254002059,,brand_unit;legacy_block,
H6167001_S_9349254002011,H6167002_S_9349254004053,0.00389465,brand_unit;legacy_block,
H6167001_S_9349254002011,H6173001_S_GOAT-SOAP-COCONUT,,brand_unit,
H6167001_S_9349254002011,H7096001_S_9349254002011,1.00000000,brand_unit;exact_ean;legacy_block;packfree_exact,
H6167001_S_9349254002011,H7096001_S_9349254002028,,brand_unit;legacy_block,
H6167001_S_9349254002011,H7096001_S_9349254002035,,brand_unit;legacy_block,
H6167001_S_9349254002011,H8347001_S_GOAT-BP02,,brand_unit,
H6167001_S_9349254002011,H8347001_S_GOAT-BP04,1.00000000,brand_unit;exact_ean;legacy_block,
H6167001_S_9349254002011,H8347001_S_GOAT-BP05,,brand_unit,
H6167001_S_9349254002011,H8347001_S_GOAT-BP06,,brand_unit;legacy_block,
H6167001_S_9349254002011,H8347001_S_GOAT-BP08,0.00096822,brand_unit;legacy_block,
H6167001_S_9349254002011,H8427001_S_9349254002011,1.00000000,brand_unit;exact_ean;legacy_block,
H6167001_S_9349254002011,H8427001_S_9349254002028,,brand_unit;legacy_block,
H6167001_S_9349254002011,H8427001_S_9349254002035,,brand_unit;legacy_block,
H6167001_S_9349254002011,H8427001_S_9349254002042,0.26051761,brand_unit;legacy_block,
H6167001_S_9349254002011,H8427001_S_9349254002059,0.29651830,brand_unit;legacy_block,
H6167001_S_9349254002011,H8427001_S_9349254002066,,brand_unit;legacy_block,
H6167001_S_9349254002011,H8427001_S_9349254004053,0.07832600,brand_unit;legacy_block,
H6167001_S_9349254002011,H8427001_S_9349254006286,,brand_unit;legacy_block,
H6167001_S_9349254002011,H9250001_S_A9349254005005,0.05013614,brand_unit,
H6167001_S_9349254002011,S2232001_S_GOS2011X2,0.98912524,brand_unit,
H6167001_S_9349254002011,S2232001_S_GOS2028X2,,brand_unit,
H6167001_S_9349254002011,S2232001_S_GOS2042X2,,brand_unit,
H6167001_S_9349254002011,S2232001_S_GOS2053X2,,brand_unit,
H6167001_S_9349254002011,S2232001_S_GOS2059X2,0.05206807,brand_unit,
H6167001_S_9349254002011,S2232001_S_GOS2066X2,,brand_unit,
H6167001_S_9349254002011,S2232001_S_GOS4053X2,,brand_unit,
H6167001_S_9349254002011,S6258001_S_GOS2011X2,0.98912524,brand_unit,
H6167001_S_9349254002011,S6258001_S_GOS2028X2,,brand_unit,
H6167001_S_9349254002011,S6258001_S_GOS2042X2,,brand_unit,
H6167001_S_9349254002011,S6258001_S_GOS2059X2,0.04291128,brand_unit,
H6167001_S_9349254002011,S6375001_S_9349254004053,0.07403998,brand_unit;legacy_block,
H6167001_S_9349254002011,S6375001_S_9349254006286,,brand_unit;legacy_block,
H6167001_S_9349254002028,H6167001_S_9349254002035,,brand_unit;legacy_block,
H6167001_S_9349254002028,H6167001_S_9349254002042,,brand_unit;legacy_block,
H6167001_S_9349254002028,H6167001_S_9349254002059,,brand_unit;legacy_block,
H6167001_S_9349254002028,H6167001_S_9349254004053,,brand_unit;legacy_block,
H6167001_S_9349254002028,H6167002_S_9349254002011,,brand_unit;legacy_block,
H6167001_S_9349254002028,H6167002_S_9349254002028,1.00000000,brand_unit;exact_ean;legacy_block;packfree_exact,
H6167001_S_9349254002028,H6167002_S_9349254002035,,brand_unit;legacy_block,
H6167001_S_9349254002028,H6167002_S_9349254002042,,brand_unit;legacy_block,
H6167001_S_9349254002028,H6167002_S_9349254002059,,brand_unit;legacy_block,
H6167001_S_9349254002028,H6167002_S_9349254004053,,brand_unit;legacy_block,
H6167001_S_9349254002028,H6173001_S_GOAT-SOAP-COCONUT,,brand_unit,
H6167001_S_9349254002028,H7096001_S_9349254002011,,brand_unit;legacy_block,
H6167001_S_9349254002028,H7096001_S_9349254002028,1.00000000,brand_unit;exact_ean;legacy_block;packfree_exact,
H6167001_S_9349254002028,H7096001_S_9349254002035,,brand_unit;legacy_block,
H6167001_S_9349254002028,H8347001_S_GOAT-BP02,,brand_unit,
H6167001_S_9349254002028,H8347001_S_GOAT-BP04,,brand_unit;legacy_block,
H6167001_S_9349254002028,H8347001_S_GOAT-BP05,0.98658817,brand_unit,
H6167001_S_9349254002028,H8347001_S_GOAT-BP06,,brand_unit;legacy_block,
H6167001_S_9349254002028,H8347001_S_GOAT-BP08,,brand_unit;legacy_block,
H6167001_S_9349254002028,H8427001_S_9349254002011,,brand_unit;legacy_block,
H6167001_S_9349254002028,H8427001_S_9349254002028,1.00000000,brand_unit;exact_ean;legacy_block,
H6167001_S_9349254002028,H8427001_S_9349254002035,,brand_unit;legacy_block,
H6167001_S_9349254002028,H8427001_S_9349254002042,,brand_unit;legacy_block,
H6167001_S_9349254002028,H8427001_S_9349254002059,,brand_unit;legacy_block,
H6167001_S_9349254002028,H8427001_S_9349254002066,,brand_unit;legacy_block,
H6167001_S_9349254002028,H8427001_S_9349254004053,,brand_unit;legacy_block,
H6167001_S_9349254002028,H8427001_S_9349254006286,,brand_unit;legacy_block,
H6167001_S_9349254002028,H9250001_S_A9349254005005,,brand_unit,
H6167001_S_9349254002028,S2232001_S_GOS2011X2,,brand_unit,
H6167001_S_9349254002028,S2232001_S_GOS2028X2,0.07177623,brand_unit,
H6167001_S_9349254002028,S2232001_S_GOS2042X2,,brand_unit,
H6167001_S_9349254002028,S2232001_S_GOS2053X2,,brand_unit,
H6167001_S_9349254002028,S2232001_S_GOS2059X2,,brand_unit,
H6167001_S_9349254002028,S2232001_S_GOS2066X2,,brand_unit,
H6167001_S_9349254002028,S2232001_S_GOS4053X2,,brand_unit,
H6167001_S_9349254002028,S6258001_S_GOS2011X2,,brand_unit,
H6167001_S_9349254002028,S6258001_S_GOS2028X2,0.07177623,brand_unit,
H6167001_S_9349254002028,S6258001_S_GOS2042X2,,brand_unit,
H6167001_S_9349254002028,S6258001_S_GOS2059X2,,brand_unit,
H6167001_S_9349254002028,S6375001_S_9349254004053,,brand_unit;legacy_block,
H6167001_S_9349254002028,S6375001_S_9349254006286,,brand_unit;legacy_block,
H6167001_S_9349254002035,H6167001_S_9349254002042,,brand_unit;legacy_block,
H6167001_S_9349254002035,H6167001_S_9349254002059,,brand_unit;legacy_block,
H6167001_S_9349254002035,H6167001_S_9349254004053,0.00514516,brand_unit;legacy_block,
H6167001_S_9349254002035,H6167002_S_9349254002011,,brand_unit;legacy_block,
H6167001_S_9349254002035,H6167002_S_9349254002028,,brand_unit;legacy_block,
H6167001_S_9349254002035,H6167002_S_9349254002035,1.00000000,brand_unit;exact_ean;legacy_block;packfree_exact,
H6167001_S_9349254002035,H6167002_S_9349254002042,,brand_unit;legacy_block,
H6167001_S_9349254002035,H6167002_S_9349254002059,,brand_unit;legacy_block,
H6167001_S_9349254002035,H6167002_S_9349254004053,0.00514516,brand_unit;legacy_block,
H6167001_S_9349254002035,H6173001_S_GOAT-SOAP-COCONUT,,brand_unit,
H6167001_S_9349254002035,H7096001_S_9349254002011,,brand_unit;legacy_block,
H6167001_S_9349254002035,H7096001_S_9349254002028,,brand_unit;legacy_block,
H6167001_S_9349254002035,H7096001_S_9349254002035,1.00000000,brand_unit;exact_ean;legacy_block;packfree_exact,
H6167001_S_9349254002035,H8347001_S_GOAT-BP02,0.99649334,brand_unit,
H6167001_S_9349254002035,H8347001_S_GOAT-BP04,,brand_unit;legacy_block,
H6167001_S_9349254002035,H8347001_S_GOAT-BP05,,brand_unit,
H6167001_S_9349254002035,H8347001_S_GOAT-BP06,,brand_unit;legacy_block,
H6167001_S_9349254002035,H8347001_S_GOAT-BP08,0.00390412,brand_unit;legacy_block,
H6167001_S_9349254002035,H8427001_S_9349254002011,,brand_unit;legacy_block,
H6167001_S_9349254002035,H8427001_S_9349254002028,,brand_unit;legacy_block,
H6167001_S_9349254002035,H8427001_S_9349254002035,1.00000000,brand_unit;exact_ean;legacy_block,
H6167001_S_9349254002035,H8427001_S_9349254002042,0.29680409,brand_unit;legacy_block,
H6167001_S_9349254002035,H8427001_S_9349254002059,0.27342480,brand_unit;legacy_block,
H6167001_S_9349254002035,H8427001_S_9349254002066,,brand_unit;legacy_block,
H6167001_S_9349254002035,H8427001_S_9349254004053,0.09905511,brand_unit;legacy_block,
H6167001_S_9349254002035,H8427001_S_9349254006286,,brand_unit;legacy_block,
H6167001_S_9349254002035,H9250001_S_A9349254005005,,brand_unit,
H6167001_S_9349254002035,S2232001_S_GOS2011X2,,brand_unit,
H6167001_S_9349254002035,S2232001_S_GOS2028X2,,brand_unit,
H6167001_S_9349254002035,S2232001_S_GOS2042X2,,brand_unit,
H6167001_S_9349254002035,S2232001_S_GOS2053X2,0.99444923,brand_unit,
H6167001_S_9349254002035,S2232001_S_GOS2059X2,0.06180896,brand_unit,
H6167001_S_9349254002035,S2232001_S_GOS2066X2,,brand_unit,
H6167001_S_9349254002035,S2232001_S_GOS4053X2,,brand_unit,
H6167001_S_9349254002035,S6258001_S_GOS2011X2,,brand_unit,
H6167001_S_9349254002035,S6258001_S_GOS2028X2,,brand_unit,
H6167001_S_9349254002035,S6258001_S_GOS2042X2,,brand_unit,
H6167001_S_9349254002035,S6258001_S_GOS2059X2,0.05449880,brand_unit,
H6167001_S_9349254002035,S6375001_S_9349254004053,0.16178065,brand_unit;legacy_block,
H6167001_S_9349254002035,S6375001_S_9349254006286,,brand_unit;legacy_block,
H6167001_S_9349254002042,H6167001_S_9349254002059,,brand_unit;legacy_block,
H6167001_S_9349254002042,H6167001_S_9349254004053,,brand_unit;legacy_block,
H6167001_S_9349254002042,H6167002_S_9349254002011,,brand_unit;legacy_block,
H6167001_S_9349254002042,H6167002_S_9349254002028,,brand_unit;legacy_block,
H6167001_S_9349254002042,H6167002_S_9349254002035,,brand_unit;legacy_block,
H6167001_S_9349254002042,H6167002_S_9349254002042,1.00000000,brand_unit;exact_ean;legacy_block;packfree_exact,
H6167001_S_9349254002042,H6167002_S_9349254002059,,brand_unit;legacy_block,
H6167001_S_9349254002042,H6167002_S_9349254004053,,brand_unit;legacy_block,
H6167001_S_9349254002042,H6173001_S_GOAT-SOAP-COCONUT,,brand_unit,
H6167001_S_9349254002042,H7096001_S_9349254002011,,brand_unit;legacy_block,
H6167001_S_9349254002042,H7096001_S_9349254002028,,brand_unit;legacy_block,
H6167001_S_9349254002042,H7096001_S_9349254002035,,brand_unit;legacy_block,
H6167001_S_9349254002042,H8347001_S_GOAT-BP02,,brand_unit,
H6167001_S_9349254002042,H8347001_S_GOAT-BP04,,brand_unit;legacy_block,
H6167001_S_9349254002042,H8347001_S_GOAT-BP05,,brand_unit,
H6167001_S_9349254002042,H8347001_S_GOAT-BP06,1.00000000,brand_unit;exact_ean;legacy_block,
H6167001_S_9349254002042,H8347001_S_GOAT-BP08,,brand_unit;legacy_block,
H6167001_S_9349254002042,H8427001_S_9349254002011,,brand_unit;legacy_block,
H6167001_S_9349254002042,H8427001_S_9349254002028,,brand_unit;legacy_block,
H6167001_S_9349254002042,H8427001_S_9349254002035,,brand_unit;legacy_block,
H6167001_S_9349254002042,H8427001_S_9349254002042,1.00000000,brand_unit;exact_ean;legacy_block,
H6167001_S_9349254002042,H8427001_S_9349254002059,,brand_unit;legacy_block,
H6167001_S_9349254002042,H8427001_S_9349254002066,,brand_unit;legacy_block,
H6167001_S_9349254002042,H8427001_S_9349254004053,,brand_unit;legacy_block,
H6167001_S_9349254002042,H8427001_S_9349254006286,0.05213401,brand_unit;legacy_block,
H6167001_S_9349254002042,H9250001_S_A9349254005005,,brand_unit,
H6167001_S_9349254002042,S2232001_S_GOS2011X2,,brand_unit,
H6167001_S_9349254002042,S2232001_S_GOS2028X2,,brand_unit,
H6167001_S_9349254002042,S2232001_S_GOS2042X2,0.97543991,brand_unit,
H6167001_S_9349254002042,S2232001_S_GOS2053X2,,brand_unit,
H6167001_S_9349254002042,S2232001_S_GOS2059X2,,brand_unit,
H6167001_S_9349254002042,S2232001_S_GOS2066X2,,brand_unit,
H6167001_S_9349254002042,S2232001_S_GOS4053X2,,brand_unit,
H6167001_S_9349254002042,S6258001_S_GOS2011X2,,brand_unit,
H6167001_S_9349254002042,S6258001_S_GOS2028X2,,brand_unit,
H6167001_S_9349254002042,S6258001_S_GOS2042X2,0.97543991,brand_unit,
H6167001_S_9349254002042,S6258001_S_GOS2059X2,,brand_unit,
H6167001_S_9349254002042,S6375001_S_9349254004053,,brand_unit;legacy_block,
H6167001_S_9349254002042,S6375001_S_9349254006286,0.05213401,brand_unit;legacy_block,
H6167001_S_9349254002059,H6167001_S_9349254004053,0.00482677,brand_unit;legacy_block,
H6167001_S_9349254002059,H6167002_S_9349254002011,,brand_unit;legacy_block,
H6167001_S_9349254002059,H6167002_S_9349254002028,,brand_unit;legacy_block,
H6167001_S_9349254002059,H6167002_S_9349254002035,,brand_unit;legacy_block,
H6167001_S_9349254002059,H6167002_S_9349254002042,,brand_unit;legacy_block,
H6167001_S_9349254002059,H6167002_S_9349254002059,1.00000000,brand_unit;exact_ean;legacy_block;packfree_exact,
H6167001_S_9349254002059,H6167002_S_9349254004053,0.00482677,brand_unit;legacy_block,
H6167001_S_9349254002059,H6173001_S_GOAT-SOAP-COCONUT,0.01905296,brand_unit,
H6167001_S_9349254002059,H7096001_S_9349254002011,,brand_unit;legacy_block,
H6167001_S_9349254002059,H7096001_S_9349254002028,,brand_unit;legacy_block,
H6167001_S_9349254002059,H7096001_S_9349254002035,,brand_unit;legacy_block,
H6167001_S_9349254002059,H8347001_S_GOAT-BP02,,brand_unit,
H6167001_S_9349254002059,H8347001_S_GOAT-BP04,,brand_unit;legacy_block,
H6167001_S_9349254002059,H8347001_S_GOAT-BP05,0.20259013,brand_unit,
H6167001_S_9349254002059,H8347001_S_GOAT-BP06,,brand_unit;legacy_block,
H6167001_S_9349254002059,H8347001_S_GOAT-BP08,1.00000000,brand_unit;exact_ean;legacy_block,
H6167001_S_9349254002059,H8427001_S_9349254002011,,brand_unit;legacy_block,
H6167001_S_9349254002059,H8427001_S_9349254002028,0.07679702,brand_unit;legacy_block,
H6167001_S_9349254002059,H8427001_S_9349254002035,0.06917811,brand_unit;legacy_block,
H6167001_S_9349254002059,H8427001_S_9349254002042,0.14693897,brand_unit;legacy_block,
H6167001_S_9349254002059,H8427001_S_9349254002059,1.00000000,brand_unit;exact_ean;legacy_block,
H6167001_S_9349254002059,H8427001_S_9349254002066,0.11198175,brand_unit;legacy_block,
H6167001_S_9349254002059,H8427001_S_9349254004053,0.11072240,brand_unit;legacy_block,
H6167001_S_9349254002059,H8427001_S_9349254006286,0.03773195,brand_unit;legacy_block,
H6167001_S_9349254002059,H9250001_S_A9349254005005,,brand_unit,
H6167001_S_9349254002059,S2232001_S_GOS2011X2,,brand_unit,
H6167001_S_9349254002059,S2232001_S_GOS2028X2,0.23832023,brand_unit,
H6167001_S_9349254002059,S2232001_S_GOS2042X2,,brand_unit,
H6167001_S_9349254002059,S2232001_S_GOS2053X2,,brand_unit,
H6167001_S_9349254002059,S2232001_S_GOS2059X2,0.98492031,brand_unit,
H6167001_S_9349254002059,S2232001_S_GOS2066X2,0.13687778,brand_unit,
H6167001_S_9349254002059,S2232001_S_GOS4053X2,,brand_unit,
H6167001_S_9349254002059,S6258001_S_GOS2011X2,,brand_unit,
H6167001_S_9349254002059,S6258001_S_GOS2028X2,0.23832023,brand_unit,
H6167001_S_9349254002059,S6258001_S_GOS2042X2,,brand_unit,
H6167001_S_9349254002059,S6258001_S_GOS2059X2,0.98368156,brand_unit,
H6167001_S_9349254002059,S6375001_S_9349254004053,0.32209304,brand_unit;legacy_block,
H6167001_S_9349254002059,S6375001_S_9349254006286,0.03773195,brand_unit;legacy_block,
H6167001_S_9349254004053,H6167002_S_9349254002011,0.00389465,brand_unit;legacy_block,
H6167001_S_9349254004053,H6167002_S_9349254002028,,brand_unit;legacy_block,
H6167001_S_9349254004053,H6167002_S_9349254002035,0.00514516,brand_unit;legacy_block,
H6167001_S_9349254004053,H6167002_S_9349254002042,,brand_unit;legacy_block,
H6167001_S_9349254004053,H6167002_S_9349254002059,0.00482677,brand_unit;legacy_block,
H6167001_S_9349254004053,H6167002_S_9349254004053,1.00000000,brand_unit;exact_ean;legacy_block;packfree_exact,
H6167001_S_9349254004053,H6173001_S_GOAT-SOAP-COCONUT,0.55574157,brand_unit,
H6167001_S_9349254004053,H7096001_S_9349254002011,0.00389465,brand_unit;legacy_block,
H6167001_S_9349254004053,H7096001_S_9349254002028,,brand_unit;legacy_block,
H6167001_S_9349254004053,H7096001_S_9349254002035,0.00514516,brand_unit;legacy_block,
H6167001_S_9349254004053,H8347001_S_GOAT-BP02,0.98802683,brand_unit,
H6167001_S_9349254004053,H8347001_S_GOAT-BP04,0.97380648,brand_unit;legacy_block,
H6167001_S_9349254004053,H8347001_S_GOAT-BP05,0.99386506,brand_unit,
H6167001_S_9349254004053,H8347001_S_GOAT-BP06,0.98573492,brand_unit;legacy_block,
H6167001_S_9349254004053,H8347001_S_GOAT-BP08,0.15359835,brand_unit;legacy_block,
H6167001_S_9349254004053,H8427001_S_9349254002011,0.98553876,brand_unit;legacy_block,
H6167001_S_9349254004053,H8427001_S_9349254002028,0.96108255,brand_unit;legacy_block,
H6167001_S_9349254004053,H8427001_S_9349254002035,0.98553876,brand_unit;legacy_block,
H6167001_S_9349254004053,H8427001_S_9349254002042,0.96749036,brand_unit;legacy_block,
H6167001_S_9349254004053,H8427001_S_9349254002059,0.85088994,brand_unit;legacy_block,
H6167001_S_9349254004053,H8427001_S_9349254002066,0.96108255,brand_unit;legacy_block,
H6167001_S_9349254004053,H8427001_S_9349254004053,1.00000000,brand_unit;exact_ean;legacy_block,
H6167001_S_9349254004053,H8427001_S_9349254006286,0.55605634,brand_unit;legacy_block,
H6167001_S_9349254004053,H9250001_S_A9349254005005,0.44467830,brand_unit,
H6167001_S_9349254004053,S2232001_S_GOS2011X2,0.99025385,brand_unit,
H6167001_S_9349254004053,S2232001_S_GOS2028X2,,brand_unit,
H6167001_S_9349254004053,S2232001_S_GOS2042X2,0.98293240,brand_unit,
H6167001_S_9349254004053,S2232001_S_GOS2053X2,0.98679889,brand_unit,
H6167001_S_9349254004053,S2232001_S_GOS2059X2,0.92408974,brand_unit,
H6167001_S_9349254004053,S2232001_S_GOS2066X2,0.98105446,brand_unit,
H6167001_S_9349254004053,S2232001_S_GOS4053X2,,brand_unit,
H6167001_S_9349254004053,S6258001_S_GOS2011X2,0.99025385,brand_unit,
H6167001_S_9349254004053,S6258001_S_GOS2028X2,,brand_unit,
H6167001_S_9349254004053,S6258001_S_GOS2042X2,0.98293240,brand_unit,
H6167001_S_9349254004053,S6258001_S_GOS2059X2,0.92082048,brand_unit,
H6167001_S_9349254004053,S6375001_S_9349254004053,1.00000000,brand_unit;exact_ean;legacy_block,
H6167001_S_9349254004053,S6375001_S_9349254006286,0.55605634,brand_unit;legacy_block,
H6167001_S_H195001,H7096001_S_H195001,1.00000000,brand_unit;legacy_block;packfree_exact,
H6167002_S_9349254002011,H6167002_S_9349254002028,,brand_unit;legacy_block,
H6167002_S_9349254002011,H6167002_S_9349254002035,,brand_unit;legacy_block,
H6167002_S_9349254002011,H6167002_S_9349254002042,,brand_unit;legacy_block,
H6167002_S_9349254002011,H6167002_S_9349254002059,,brand_unit;legacy_block,
H6167002_S_9349254002011,H6167002_S_9349254004053,0.00389465,brand_unit;legacy_block,
H6167002_S_9349254002011,H6173001_S_GOAT-SOAP-COCONUT,,brand_unit,
H6167002_S_9349254002011,H7096001_S_9349254002011,1.00000000,brand_unit;exact_ean;legacy_block;packfree_exact,
H6167002_S_9349254002011,H7096001_S_9349254002028,,brand_unit;legacy_block,
H6167002_S_9349254002011,H7096001_S_9349254002035,,brand_unit;legacy_block,
H6167002_S_9349254002011,H8347001_S_GOAT-BP02,,brand_unit,
H6167002_S_9349254002011,H8347001_S_GOAT-BP04,1.00000000,brand_unit;exact_ean;legacy_block,
H6167002_S_9349254002011,H8347001_S_GOAT-BP05,,brand_unit,
H6167002_S_9349254002011,H8347001_S_GOAT-BP06,,brand_unit;legacy_block,
H6167002_S_9349254002011,H8347001_S_GOAT-BP08,0.00096822,brand_unit;legacy_block,
H6167002_S_9349254002011,H8427001_S_9349254002011,1.00000000,brand_unit;exact_ean;legacy_block,
H6167002_S_9349254002011,H8427001_S_9349254002028,,brand_unit;legacy_block,
H6167002_S_9349254002011,H8427001_S_9349254002035,,brand_unit;legacy_block,
H6167002_S_9349254002011,H8427001_S_9349254002042,0.26051761,brand_unit;legacy_block,
H6167002_S_9349254002011,H8427001_S_9349254002059,0.29651830,brand_unit;legacy_block,
H6167002_S_9349254002011,H8427001_S_9349254002066,,brand_unit;legacy_block,
H6167002_S_9349254002011,H8427001_S_9349254004053,0.07832600,brand_unit;legacy_block,
H6167002_S_9349254002011,H8427001_S_9349254006286,,brand_unit;legacy_block,
H6167002_S_9349254002011,H9250001_S_A9349254005005,0.05013614,brand_unit,
H6167002_S_9349254002011,S2232001_S_GOS2011X2,0.98912524,brand_unit,
H6167002_S_9349254002011,S2232001_S_GOS2028X2,,brand_unit,
H6167002_S_9349254002011,S2232001_S_GOS2042X2,,brand_unit,
H6167002_S_9349254002011,S2232001_S_GOS2053X2,,brand_unit,
H6167002_S_9349254002011,S2232001_S_GOS2059X2,0.05206807,brand_unit,
H6167002_S_9349254002011,S2232001_S_GOS2066X2,,brand_unit,
H6167002_S_9349254002011,S2232001_S_GOS4053X2,,brand_unit,
H6167002_S_9349254002011,S6258001_S_GOS2011X2,0.98912524,brand_unit,
H6167002_S_9349254002011,S6258001_S_GOS2028X2,,brand_unit,
H6167002_S_9349254002011,S6258001_S_GOS2042X2,,brand_unit,
H6167002_S_9349254002011,S6258001_S_GOS2059X2,0.04291128,brand_unit,
H6167002_S_9349254002011,S6375001_S_9349254004053,0.07403998,brand_unit;legacy_block,
H6167002_S_9349254002011,S6375001_S_9349254006286,,brand_unit;legacy_block,
H6167002_S_9349254002028,H6167002_S_9349254002035,,brand_unit;legacy_block,
H6167002_S_9349254002028,H6167002_S_9349254002042,,brand_unit;legacy_block,
H6167002_S_9349254002028,H6167002_S_9349254002059,,brand_unit;legacy_block,
H6167002_S_9349254002028,H6167002_S_9349254004053,,brand_unit;legacy_block,
H6167002_S_9349254002028,H6173001_S_GOAT-SOAP-COCONUT,,brand_unit,
H6167002_S_9349254002028,H7096001_S_9349254002011,,brand_unit;legacy_block,
H6167002_S_9349254002028,H7096001_S_9349254002028,1.00000000,brand_unit;exact_ean;legacy_block;packfree_exact,
H6167002_S_9349254002028,H7096001_S_9349254002035,,brand_unit;legacy_block,
H6167002_S_9349254002028,H8347001_S_GOAT-BP02,,brand_unit,
H6167002_S_9349254002028,H8347001_S_GOAT-BP04,,brand_unit;legacy_block,
H6167002_S_9349254002028,H8347001_S_GOAT-BP05,0.98658817,brand_unit,
H6167002_S_9349254002028,H8347001_S_GOAT-BP06,,brand_unit;legacy_block,
H6167002_S_9349254002028,H8347001_S_GOAT-BP08,,brand_unit;legacy_block,
H6167002_S_9349254002028,H8427001_S_9349254002011,,brand_unit;legacy_block,
H6167002_S_9349254002028,H8427001_S_9349254002028,1.00000000,brand_unit;exact_ean;legacy_block,
H6167002_S_9349254002028,H8427001_S_9349254002035,,brand_unit;legacy_block,
H6167002_S_9349254002028,H8427001_S_9349254002042,,brand_unit;legacy_block,
H6167002_S_9349254002028,H8427001_S_9349254002059,,brand_unit;legacy_block,
H6167002_S_9349254002028,H8427001_S_9349254002066,,brand_unit;legacy_block,
H6167002_S_9349254002028,H8427001_S_9349254004053,,brand_unit;legacy_block,
H6167002_S_9349254002028,H8427001_S_9349254006286,,brand_unit;legacy_block,
H6167002_S_9349254002028,H9250001_S_A9349254005005,,brand_unit,
H6167002_S_9349254002028,S2232001_S_GOS2011X2,,brand_unit,
H6167002_S_9349254002028,S2232001_S_GOS2028X2,0.07177623,brand_unit,
H6167002_S_9349254002028,S2232001_S_GOS2042X2,,brand_unit,
H6167002_S_9349254002028,S2232001_S_GOS2053X2,,brand_unit,
H6167002_S_9349254002028,S2232001_S_GOS2059X2,,brand_unit,
H6167002_S_9349254002028,S2232001_S_GOS2066X2,,brand_unit,
H6167002_S_9349254002028,S2232001_S_GOS4053X2,,brand_unit,
H6167002_S_9349254002028,S6258001_S_GOS2011X2,,brand_unit,
H6167002_S_9349254002028,S6258001_S_GOS2028X2,0.07177623,brand_unit,
H6167002_S_9349254002028,S6258001_S_GOS2042X2,,brand_unit,
H6167002_S_9349254002028,S6258001_S_GOS2059X2,,brand_unit,
H6167002_S_9349254002028,S6375001_S_9349254004053,,brand_unit;legacy_block,
H6167002_S_9349254002028,S6375001_S_9349254006286,,brand_unit;legacy_block,
H6167002_S_9349254002035,H6167002_S_9349254002042,,brand_unit;legacy_block,
H6167002_S_9349254002035,H6167002_S_9349254002059,,brand_unit;legacy_block,
H6167002_S_9349254002035,H6167002_S_9349254004053,0.00514516,brand_unit;legacy_block,
H6167002_S_9349254002035,H6173001_S_GOAT-SOAP-COCONUT,,brand_unit,
H6167002_S_9349254002035,H7096001_S_9349254002011,,brand_unit;legacy_block,
H6167002_S_9349254002035,H7096001_S_9349254002028,,brand_unit;legacy_block,
H6167002_S_9349254002035,H7096001_S_9349254002035,1.00000000,brand_unit;exact_ean;legacy_block;packfree_exact,
H6167002_S_9349254002035,H8347001_S_GOAT-BP02,0.99649334,brand_unit,
H6167002_S_9349254002035,H8347001_S_GOAT-BP04,,brand_unit;legacy_block,
H6167002_S_9349254002035,H8347001_S_GOAT-BP05,,brand_unit,
H6167002_S_9349254002035,H8347001_S_GOAT-BP06,,brand_unit;legacy_block,
H6167002_S_9349254002035,H8347001_S_GOAT-BP08,0.00390412,brand_unit;legacy_block,
H6167002_S_9349254002035,H8427001_S_9349254002011,,brand_unit;legacy_block,
H6167002_S_9349254002035,H8427001_S_9349254002028,,brand_unit;legacy_block,
H6167002_S_9349254002035,H8427001_S_9349254002035,1.00000000,brand_unit;exact_ean;legacy_block,
H6167002_S_9349254002035,H8427001_S_9349254002042,0.29680409,brand_unit;legacy_block,
H6167002_S_9349254002035,H8427001_S_9349254002059,0.27342480,brand_unit;legacy_block,
H6167002_S_9349254002035,H8427001_S_9349254002066,,brand_unit;legacy_block,
H6167002_S_9349254002035,H8427001_S_9349254004053,0.09905511,brand_unit;legacy_block,
H6167002_S_9349254002035,H8427001_S_9349254006286,,brand_unit;legacy_block,
H6167002_S_9349254002035,H9250001_S_A9349254005005,,brand_unit,
H6167002_S_9349254002035,S2232001_S_GOS2011X2,,brand_unit,
H6167002_S_9349254002035,S2232001_S_GOS2028X2,,brand_unit,
H6167002_S_9349254002035,S2232001_S_GOS2042X2,,brand_unit,
H6167002_S_9349254002035,S2232001_S_GOS2053X2,0.99444923,brand_unit,
H6167002_S_9349254002035,S2232001_S_GOS2059X2,0.06180896,brand_unit,
H6167002_S_9349254002035,S2232001_S_GOS2066X2,,brand_unit,
H6167002_S_9349254002035,S2232001_S_GOS4053X2,,brand_unit,
H6167002_S_9349254002035,S6258001_S_GOS2011X2,,brand_unit,
H6167002_S_9349254002035,S6258001_S_GOS2028X2,,brand_unit,
H6167002_S_9349254002035,S6258001_S_GOS2042X2,,brand_unit,
H6167002_S_9349254002035,S6258001_S_GOS2059X2,0.05449880,brand_unit,
H6167002_S_9349254002035,S6375001_S_9349254004053,0.16178065,brand_unit;legacy_block,
H6167002_S_9349254002035,S6375001_S_9349254006286,,brand_unit;legacy_block,
H6167002_S_9349254002042,H6167002_S_9349254002059,,brand_unit;legacy_block,
H6167002_S_9349254002042,H6167002_S_9349254004053,,brand_unit;legacy_block,
H6167002_S_9349254002042,H6173001_S_GOAT-SOAP-COCONUT,,brand_unit,
H6167002_S_9349254002042,H7096001_S_9349254002011,,brand_unit;legacy_block,
H6167002_S_9349254002042,H7096001_S_9349254002028,,brand_unit;legacy_block,
H6167002_S_9349254002042,H7096001_S_9349254002035,,brand_unit;legacy_block,
H6167002_S_9349254002042,H8347001_S_GOAT-BP02,,brand_unit,
H6167002_S_9349254002042,H8347001_S_GOAT-BP04,,brand_unit;legacy_block,
H6167002_S_9349254002042,H8347001_S_GOAT-BP05,,brand_unit,
H6167002_S_9349254002042,H8347001_S_GOAT-BP06,1.00000000,brand_unit;exact_ean;legacy_block,
H6167002_S_9349254002042,H8347001_S_GOAT-BP08,,brand_unit;legacy_block,
H6167002_S_9349254002042,H8427001_S_9349254002011,,brand_unit;legacy_block,
H6167002_S_9349254002042,H8427001_S_9349254002028,,brand_unit;legacy_block,
H6167002_S_9349254002042,H8427001_S_9349254002035,,brand_unit;legacy_block,
H6167002_S_9349254002042,H8427001_S_9349254002042,1.00000000,brand_unit;exact_ean;legacy_block,
H6167002_S_9349254002042,H8427001_S_9349254002059,,brand_unit;legacy_block,
H6167002_S_9349254002042,H8427001_S_9349254002066,,brand_unit;legacy_block,
H6167002_S_9349254002042,H8427001_S_9349254004053,,brand_unit;legacy_block,
H6167002_S_9349254002042,H8427001_S_9349254006286,0.05213401,brand_unit;legacy_block,
H6167002_S_9349254002042,H9250001_S_A9349254005005,,brand_unit,
H6167002_S_9349254002042,S2232001_S_GOS2011X2,,brand_unit,
H6167002_S_9349254002042,S2232001_S_GOS2028X2,,brand_unit,
H6167002_S_9349254002042,S2232001_S_GOS2042X2,0.97543991,brand_unit,
H6167002_S_9349254002042,S2232001_S_GOS2053X2,,brand_unit,
H6167002_S_9349254002042,S2232001_S_GOS2059X2,,brand_unit,
H6167002_S_9349254002042,S2232001_S_GOS2066X2,,brand_unit,
H6167002_S_9349254002042,S2232001_S_GOS4053X2,,brand_unit,
H6167002_S_9349254002042,S6258001_S_GOS2011X2,,brand_unit,
H6167002_S_9349254002042,S6258001_S_GOS2028X2,,brand_unit,
H6167002_S_9349254002042,S6258001_S_GOS2042X2,0.97543991,brand_unit,
H6167002_S_9349254002042,S6258001_S_GOS2059X2,,brand_unit,
H6167002_S_9349254002042,S6375001_S_9349254004053,,brand_unit;legacy_block,
H6167002_S_9349254002042,S6375001_S_9349254006286,0.05213401,brand_unit;legacy_block,
H6167002_S_9349254002059,H6167002_S_9349254004053,0.00482677,brand_unit;legacy_block,
H6167002_S_9349254002059,H6173001_S_GOAT-SOAP-COCONUT,0.01905296,brand_unit,
H6167002_S_9349254002059,H7096001_S_9349254002011,,brand_unit;legacy_block,
H6167002_S_9349254002059,H7096001_S_9349254002028,,brand_unit;legacy_block,
H6167002_S_9349254002059,H7096001_S_9349254002035,,brand_unit;legacy_block,
H6167002_S_9349254002059,H8347001_S_GOAT-BP02,,brand_unit,
H6167002_S_9349254002059,H8347001_S_GOAT-BP04,,brand_unit;legacy_block,
H6167002_S_9349254002059,H8347001_S_GOAT-BP05,0.20259013,brand_unit,
H6167002_S_9349254002059,H8347001_S_GOAT-BP06,,brand_unit;legacy_block,
H6167002_S_9349254002059,H8347001_S_GOAT-BP08,1.00000000,brand_unit;exact_ean;legacy_block,
H6167002_S_9349254002059,H8427001_S_9349254002011,,brand_unit;legacy_block,
H6167002_S_9349254002059,H8427001_S_9349254002028,0.07679702,brand_unit;legacy_block,
H6167002_S_9349254002059,H8427001_S_9349254002035,0.06917811,brand_unit;legacy_block,
H6167002_S_9349254002059,H8427001_S_9349254002042,0.14693897,brand_unit;legacy_block,
H6167002_S_9349254002059,H8427001_S_9349254002059,1.00000000,brand_unit;exact_ean;legacy_block,
H6167002_S_9349254002059,H8427001_S_9349254002066,0.11198175,brand_unit;legacy_block,
H6167002_S_9349254002059,H8427001_S_9349254004053,0.11072240,brand_unit;legacy_block,
H6167002_S_9349254002059,H8427001_S_9349254006286,0.03773195,brand_unit;legacy_block,
H6167002_S_9349254002059,H9250001_S_A9349254005005,,brand_unit,
H6167002_S_9349254002059,S2232001_S_GOS2011X2,,brand_unit,
H6167002_S_9349254002059,S2232001_S_GOS2028X2,0.23832023,brand_unit,
H6167002_S_9349254002059,S2232001_S_GOS2042X2,,brand_unit,
H6167002_S_9349254002059,S2232001_S_GOS2053X2,,brand_unit,
H6167002_S_9349254002059,S2232001_S_GOS2059X2,0.98492031,brand_unit,
H6167002_S_9349254002059,S2232001_S_GOS2066X2,0.13687778,brand_unit,
H6167002_S_9349254002059,S2232001_S_GOS4053X2,,brand_unit,
H6167002_S_9349254002059,S6258001_S_GOS2011X2,,brand_unit,
H6167002_S_9349254002059,S6258001_S_GOS2028X2,0.23832023,brand_unit,
H6167002_S_9349254002059,S6258001_S_GOS2042X2,,brand_unit,
H6167002_S_9349254002059,S6258001_S_GOS2059X2,0.98368156,brand_unit,
H6167002_S_9349254002059,S6375001_S_9349254004053,0.32209304,brand_unit;legacy_block,
H6167002_S_9349254002059,S6375001_S_9349254006286,0.03773195,brand_unit;legacy_block,
H6167002_S_9349254004053,H6173001_S_GOAT-SOAP-COCONUT,0.55574157,brand_unit,
H6167002_S_9349254004053,H7096001_S_9349254002011,0.00389465,brand_unit;legacy_block,
H6167002_S_9349254004053,H7096001_S_9349254002028,,brand_unit;legacy_block,
H6167002_S_9349254004053,H7096001_S_9349254002035,0.00514516,brand_unit;legacy_block,
H6167002_S_9349254004053,H8347001_S_GOAT-BP02,0.98802683,brand_unit,
H6167002_S_9349254004053,H8347001_S_GOAT-BP04,0.97380648,brand_unit;legacy_block,
H6167002_S_9349254004053,H8347001_S_GOAT-BP05,0.99386506,brand_unit,
H6167002_S_9349254004053,H8347001_S_GOAT-BP06,0.98573492,brand_unit;legacy_block,
H6167002_S_9349254004053,H8347001_S_GOAT-BP08,0.15359835,brand_unit;legacy_block,
H6167002_S_9349254004053,H8427001_S_9349254002011,0.98553876,brand_unit;legacy_block,
H6167002_S_9349254004053,H8427001_S_9349254002028,0.96108255,brand_unit;legacy_block,
H6167002_S_9349254004053,H8427001_S_9349254002035,0.98553876,brand_unit;legacy_block,
H6167002_S_9349254004053,H8427001_S_9349254002042,0.96749036,brand_unit;legacy_block,
H6167002_S_9349254004053,H8427001_S_9349254002059,0.85088994,brand_unit;legacy_block,
H6167002_S_9349254004053,H8427001_S_9349254002066,0.96108255,brand_unit;legacy_block,
H6167002_S_9349254004053,H8427001_S_9349254004053,1.00000000,brand_unit;exact_ean;legacy_block,
H6167002_S_9349254004053,H8427001_S_9349254006286,0.55605634,brand_unit;legacy_block,
H6167002_S_9349254004053,H9250001_S_A9349254005005,0.44467830,brand_unit,
H6167002_S_9349254004053,S2232001_S_GOS2011X2,0.99025385,brand_unit,
H6167002_S_9349254004053,S2232001_S_GOS2028X2,,brand_unit,
H6167002_S_9349254004053,S2232001_S_GOS2042X2,0.98293240,brand_unit,
H6167002_S_9349254004053,S2232001_S_GOS2053X2,0.98679889,brand_unit,
H6167002_S_9349254004053,S2232001_S_GOS2059X2,0.92408974,brand_unit,
H6167002_S_9349254004053,S2232001_S_GOS2066X2,0.98105446,brand_unit,
H6167002_S_9349254004053,S2232001_S_GOS4053X2,,brand_unit,
H6167002_S_9349254004053,S6258001_S_GOS2011X2,0.99025385,brand_unit,
H6167002_S_9349254004053,S6258001_S_GOS2028X2,,brand_unit,
H6167002_S_9349254004053,S6258001_S_GOS2042X2,0.98293240,brand_unit,
H6167002_S_9349254004053,S6258001_S_GOS2059X2,0.92082048,brand_unit,
H6167002_S_9349254004053,S6375001_S_9349254004053,1.00000000,brand_unit;exact_ean;legacy_block,
H6167002_S_9349254004053,S6375001_S_9349254006286,0.55605634,brand_unit;legacy_block,
H6173001_S_GOAT-SOAP-COCONUT,H7096001_S_9349254002011,,brand_unit,
H6173001_S_GOAT-SOAP-COCONUT,H7096001_S_9349254002028,,brand_unit,
H6173001_S_GOAT-SOAP-COCONUT,H7096001_S_9349254002035,,brand_unit,
H6173001_S_GOAT-SOAP-COCONUT,H8347001_S_GOAT-BP02,,brand_unit,
H6173001_S_GOAT-SOAP-COCONUT,H8347001_S_GOAT-BP04,,brand_unit,
H6173001_S_GOAT-SOAP-COCONUT,H8347001_S_GOAT-BP05,,brand_unit,
H6173001_S_GOAT-SOAP-COCONUT,H8347001_S_GOAT-BP06,,brand_unit,
H6173001_S_GOAT-SOAP-COCONUT,H8347001_S_GOAT-BP08,0.13947288,brand_unit,
H6173001_S_GOAT-SOAP-COCONUT,H8427001_S_9349254002011,,brand_unit,
H6173001_S_GOAT-SOAP-COCONUT,H8427001_S_9349254002011-01,,brand_unit,
H6173001_S_GOAT-SOAP-COCONUT,H8427001_S_9349254002028,,brand_unit,
H6173001_S_GOAT-SOAP-COCONUT,H8427001_S_9349254002028-01,,brand_unit,
H6173001_S_GOAT-SOAP-COCONUT,H8427001_S_9349254002035,,brand_unit,
H6173001_S_GOAT-SOAP-COCONUT,H8427001_S_9349254002035-01,,brand_unit,
H6173001_S_GOAT-SOAP-COCONUT,H8427001_S_9349254002042,,brand_unit,
H6173001_S_GOAT-SOAP-COCONUT,H8427001_S_9349254002042-01,,brand_unit,
H6173001_S_GOAT-SOAP-COCONUT,H8427001_S_9349254002059,0.08239073,brand_unit,
H6173001_S_GOAT-SOAP-COCONUT,H8427001_S_9349254002059-01,0.41840435,brand_unit,
H6173001_S_GOAT-SOAP-COCONUT,H8427001_S_9349254002066,1.00000000,brand_unit;packfree_exact,
H6173001_S_GOAT-SOAP-COCONUT,H8427001_S_9349254002066-01,1.00000000,brand_unit;packfree_exact,
H6173001_S_GOAT-SOAP-COCONUT,H8427001_S_9349254004053,0.12056460,brand_unit,
H6173001_S_GOAT-SOAP-COCONUT,H8427001_S_9349254006286,,brand_unit,
H6173001_S_GOAT-SOAP-COCONUT,H9250001_S_A9349254005005,0.12037960,brand_unit,
H6173001_S_GOAT-SOAP-COCONUT,S2232001_S_GOS2011X2,,brand_unit,
H6173001_S_GOAT-SOAP-COCONUT,S2232001_S_GOS2028X2,,brand_unit,
H6173001_S_GOAT-SOAP-COCONUT,S2232001_S_GOS2042X2,,brand_unit,
H6173001_S_GOAT-SOAP-COCONUT,S2232001_S_GOS2053X2,,brand_unit,
H6173001_S_GOAT-SOAP-COCONUT,S2232001_S_GOS2059X2,0.04110115,brand_unit,
H6173001_S_GOAT-SOAP-COCONUT,S2232001_S_GOS2066X2,1.00000000,brand_unit,
H6173001_S_GOAT-SOAP-COCONUT,S2232001_S_GOS4053X2,,brand_unit,
H6173001_S_GOAT-SOAP-COCONUT,S6258001_S_GOS2011X2,,brand_unit,
H6173001_S_GOAT-SOAP-COCONUT,S6258001_S_GOS2028X2,,brand_unit,
H6173001_S_GOAT-SOAP-COCONUT,S6258001_S_GOS2042X2,,brand_unit,
H6173001_S_GOAT-SOAP-COCONUT,S6258001_S_GOS2059X2,0.04331495,brand_unit,
H6173001_S_GOAT-SOAP-COCONUT,S6375001_S_9349254004053,0.32583383,brand_unit,
H6173001_S_GOAT-SOAP-COCONUT,S6375001_S_9349254006286,,brand_unit,
H6173001_S_NAJEL-100,H6300002_S_BWNJL-5A,,brand_unit,
H6173001_S_NAJEL-100,H7517001_S_NAJ1017,,brand_unit;legacy_block,
H6173001_S_NAJEL-100,H9653001_S_60888,,brand_unit;legacy_block,
H6173001_S_NAJEL-100,S6324001_S_nj-aleppo12,,brand_unit,
H6173001_S_NAJEL-100,S6324001_S_nj-aleppo40,,brand_unit,
H6173001_S_NAJEL-ARGAN,H6173001_S_NAJEL-BK-CUMIN,0.90912005,brand_unit;legacy_block,
H6173001_S_NAJEL-ARGAN,H6173001_S_NAJEL-CHARCOAL,0.91861579,brand_unit;legacy_block,
H6173001_S_NAJEL-ARGAN,H6173001_S_NAJEL-DEAD-SEA-MUD,0.96171356,brand_unit;legacy_block,
H6173001_S_NAJEL-ARGAN,H6173001_S_NAJEL-HONEY,0.96628201,brand_unit;legacy_block,
H6173001_S_NAJEL-ARGAN,H6173001_S_NAJEL-JASMINE,,brand_unit;legacy_block,
H6173001_S_NAJEL-ARGAN,H6173001_S_NAJEL-LEMON,,brand_unit;legacy_block,
H6173001_S_NAJEL-ARGAN,H6173001_S_NAJEL-ORG,,brand_unit;legacy_block,
H6173001_S_NAJEL-ARGAN,H6173001_S_NAJEL-RD-CLAY,0.96171356,brand_unit;legacy_block,
H6173001_S_NAJEL-ARGAN,H6173001_S_NAJEL-ROSE,,brand_unit;legacy_block,
H6173001_S_NAJEL-ARGAN,H6300002_S_BWNJL-10,0.44775626,brand_unit;legacy_block,
H6173001_S_NAJEL-ARGAN,H6300002_S_BWNJL-7,,brand_unit,
H6173001_S_NAJEL-ARGAN,H6300002_S_BWNJL-8,,brand_unit,
H6173001_S_NAJEL-ARGAN,H6300002_S_BWNJL-9,0.76051317,brand_unit,
H6173001_S_NAJEL-ARGAN,H7517001_S_NAJ0058,,brand_unit;legacy_block,
H6173001_S_NAJEL-ARGAN,H7517001_S_NAJ0959,0.85839855,brand_unit;legacy_block,
H6173001_S_NAJEL-ARGAN,H7517001_S_NAJ5114,,brand_unit;legacy_block,
H6173001_S_NAJEL-ARGAN,S2188001_S_NAJLalepSOAPsea100g3820N,0.11076959,brand_unit;legacy_block,
H6173001_S_NAJEL-BK-CUMIN,H6173001_S_NAJEL-CHARCOAL,0.96973047,brand_unit;legacy_block,
H6173001_S_NAJEL-BK-CUMIN,H6173001_S_NAJEL-DEAD-SEA-MUD,,brand_unit;legacy_block,
H6173001_S_NAJEL-BK-CUMIN,H6173001_S_NAJEL-HONEY,,brand_unit;legacy_block,
H6173001_S_NAJEL-BK-CUMIN,H6173001_S_NAJEL-JASMINE,,brand_unit;legacy_block,
H6173001_S_NAJEL-BK-CUMIN,H6173001_S_NAJEL-LEMON,,brand_unit;legacy_block,
H6173001_S_NAJEL-BK-CUMIN,H6173001_S_NAJEL-ORG,0.99113699,brand_unit;legacy_block,
H6173001_S_NAJEL-BK-CUMIN,H6173001_S_NAJEL-RD-CLAY,,brand_unit;legacy_block,
H6173001_S_NAJEL-BK-CUMIN,H6173001_S_NAJEL-ROSE,0.97559201,brand_unit;legacy_block,
H6173001_S_NAJEL-BK-CUMIN,H6300002_S_BWNJL-10,,brand_unit;legacy_block,
H6173001_S_NAJEL-BK-CUMIN,H6300002_S_BWNJL-7,,brand_unit,
H6173001_S_NAJEL-BK-CUMIN,H6300002_S_BWNJL-8,,brand_unit,
H6173001_S_NAJEL-BK-CUMIN,H6300002_S_BWNJL-9,,brand_unit,
H6173001_S_NAJEL-BK-CUMIN,H7517001_S_NAJ0058,0.96314549,brand_unit;legacy_block,
H6173001_S_NAJEL-BK-CUMIN,H7517001_S_NAJ0959,0.97005744,brand_unit;legacy_block,
H6173001_S_NAJEL-BK-CUMIN,H7517001_S_NAJ5114,0.98845061,brand_unit;legacy_block,
H6173001_S_NAJEL-BK-CUMIN,S2188001_S_NAJLalepSOAPsea100g3820N,,brand_unit;legacy_block,
H6173001_S_NAJEL-CHARCOAL,H6173001_S_NAJEL-DEAD-SEA-MUD,0.97215720,brand_unit;legacy_block,
H6173001_S_NAJEL-CHARCOAL,H6173001_S_NAJEL-HONEY,0.98127506,brand_unit;legacy_block,
H6173001_S_NAJEL-CHARCOAL,H6173001_S_NAJEL-JASMINE,0.97471052,brand_unit;legacy_block,
H6173001_S_NAJEL-CHARCOAL,H6173001_S_NAJEL-LEMON,0.97927890,brand_unit;legacy_block,
H6173001_S_NAJEL-CHARCOAL,H6173001_S_NAJEL-ORG,0.93030914,brand_unit;legacy_block,
H6173001_S_NAJEL-CHARCOAL,H6173001_S_NAJEL-RD-CLAY,0.97661426,brand_unit;legacy_block,
H6173001_S_NAJEL-CHARCOAL,H6173001_S_NAJEL-ROSE,0.72898243,brand_unit;legacy_block,
H6173001_S_NAJEL-CHARCOAL,H6300002_S_BWNJL-10,0.86868144,brand_unit;legacy_block,
H6173001_S_NAJEL-CHARCOAL,H6300002_S_BWNJL-7,,brand_unit,
H6173001_S_NAJEL-CHARCOAL,H6300002_S_BWNJL-8,0.94063729,brand_unit,
H6173001_S_NAJEL-CHARCOAL,H6300002_S_BWNJL-9,0.93735682,brand_unit,
H6173001_S_NAJEL-CHARCOAL,H7517001_S_NAJ0058,0.87330790,brand_unit;legacy_block,
H6173001_S_NAJEL-CHARCOAL,H7517001_S_NAJ0959,0.98317924,brand_unit;legacy_block,
H6173001_S_NAJEL-CHARCOAL,H7517001_S_NAJ5114,0.95742861,brand_unit;legacy_block,
H6173001_S_NAJEL-CHARCOAL,S2188001_S_NAJLalepSOAPsea100g3820N,0.43299617,brand_unit;legacy_block,
H6173001_S_NAJEL-DEAD-SEA-MUD,H6173001_S_NAJEL-HONEY,,brand_unit;legacy_block,
H6173001_S_NAJEL-DEAD-SEA-MUD,H6173001_S_NAJEL-JASMINE,,brand_unit;legacy_block,
H6173001_S_NAJEL-DEAD-SEA-MUD,H6173001_S_NAJEL-LEMON,,brand_unit;legacy_block,
H6173001_S_NAJEL-DEAD-SEA-MUD,H6173001_S_NAJEL-ORG,0.98961217,brand_unit;legacy_block,
H6173001_S_NAJEL-DEAD-SEA-MUD,H6173001_S_NAJEL-RD-CLAY,,brand_unit;legacy_block,
H6173001_S_NAJEL-DEAD-SEA-MUD,H6173001_S_NAJEL-ROSE,0.97551029,brand_unit;legacy_block,
H6173001_S_NAJEL-DEAD-SEA-MUD,H6300002_S_BWNJL-10,0.93140452,brand_unit;legacy_block,
H6173001_S_NAJEL-DEAD-SEA-MUD,H6300002_S_BWNJL-7,,brand_unit,
H6173001_S_NAJEL-DEAD-SEA-MUD,H6300002_S_BWNJL-8,,brand_unit,
H6173001_S_NAJEL-DEAD-SEA-MUD,H6300002_S_BWNJL-9,,brand_unit,
H6173001_S_NAJEL-DEAD-SEA-MUD,H7517001_S_NAJ0058,0.96473385,brand_unit;legacy_block,
H6173001_S_NAJEL-DEAD-SEA-MUD,H7517001_S_NAJ0959,0.96733204,brand_unit;legacy_block,
H6173001_S_NAJEL-DEAD-SEA-MUD,H7517001_S_NAJ5114,0.98458792,brand_unit;legacy_block,
H6173001_S_NAJEL-DEAD-SEA-MUD,S2188001_S_NAJLalepSOAPsea100g3820N,0.98205527,brand_unit;legacy_block,
H6173001_S_NAJEL-HONEY,H6173001_S_NAJEL-JASMINE,,brand_unit;legacy_block,
H6173001_S_NAJEL-HONEY,H6173001_S_NAJEL-LEMON,,brand_unit;legacy_block,
H6173001_S_NAJEL-HONEY,H6173001_S_NAJEL-ORG,0.99542140,brand_unit;legacy_block,
H6173001_S_NAJEL-HONEY,H6173001_S_NAJEL-RD-CLAY,,brand_unit;legacy_block,
H6173001_S_NAJEL-HONEY,H6173001_S_NAJEL-ROSE,,brand_unit;legacy_block,
H6173001_S_NAJEL-HONEY,H6300002_S_BWNJL-10,,brand_unit;legacy_block,
H6173001_S_NAJEL-HONEY,H6300002_S_BWNJL-7,,brand_unit,
H6173001_S_NAJEL-HONEY,H6300002_S_BWNJL-8,,brand_unit,
H6173001_S_NAJEL-HONEY,H6300002_S_BWNJL-9,0.83093646,brand_unit,
H6173001_S_NAJEL-HONEY,H7517001_S_NAJ0058,,brand_unit;legacy_block,
H6173001_S_NAJEL-HONEY,H7517001_S_NAJ0959,0.93972745,brand_unit;legacy_block,
H6173001_S_NAJEL-HONEY,H7517001_S_NAJ5114,0.99023557,brand_unit;legacy_block,
H6173001_S_NAJEL-HONEY,S2188001_S_NAJLalepSOAPsea100g3820N,,brand_unit;legacy_block,
H6173001_S_NAJEL-JASMINE,H6173001_S_NAJEL-LEMON,0.85354115,brand_unit;legacy_block,
H6173001_S_NAJEL-JASMINE,H6173001_S_NAJEL-ORG,,brand_unit;legacy_block,
H6173001_S_NAJEL-JASMINE,H6173001_S_NAJEL-RD-CLAY,,brand_unit;legacy_block,
H6173001_S_NAJEL-JASMINE,H6173001_S_NAJEL-ROSE,,brand_unit;legacy_block,
H6173001_S_NAJEL-JASMINE,H6300002_S_BWNJL-10,,brand_unit;legacy_block,
H6173001_S_NAJEL-JASMINE,H6300002_S_BWNJL-7,,brand_unit,
H6173001_S_NAJEL-JASMINE,H6300002_S_BWNJL-8,0.99743219,brand_unit,
H6173001_S_NAJEL-JASMINE,H6300002_S_BWNJL-9,,brand_unit,
H6173001_S_NAJEL-JASMINE,H7517001_S_NAJ0058,,brand_unit;legacy_block,
H6173001_S_NAJEL-JASMINE,H7517001_S_NAJ0959,0.97167042,brand_unit;legacy_block,
H6173001_S_NAJEL-JASMINE,H7517001_S_NAJ5114,,brand_unit;legacy_block,
H6173001_S_NAJEL-JASMINE,S2188001_S_NAJLalepSOAPsea100g3820N,,brand_unit;legacy_block,
H6173001_S_NAJEL-LEMON,H6173001_S_NAJEL-ORG,0.99276007,brand_unit;legacy_block,
H6173001_S_NAJEL-LEMON,H6173001_S_NAJEL-RD-CLAY,,brand_unit;legacy_block,
H6173001_S_NAJEL-LEMON,H6173001_S_NAJEL-ROSE,,brand_unit;legacy_block,
H6173001_S_NAJEL-LEMON,H6300002_S_BWNJL-10,,brand_unit;legacy_block,
H6173001_S_NAJEL-LEMON,H6300002_S_BWNJL-7,,brand_unit,
H6173001_S_NAJEL-LEMON,H6300002_S_BWNJL-8,0.66180925,brand_unit,
H6173001_S_NAJEL-LEMON,H6300002_S_BWNJL-9,,brand_unit,
H6173001_S_NAJEL-LEMON,H7517001_S_NAJ0058,,brand_unit;legacy_block,
H6173001_S_NAJEL-LEMON,H7517001_S_NAJ0959,0.96161916,brand_unit;legacy_block,
H6173001_S_NAJEL-LEMON,H7517001_S_NAJ5114,0.99153703,brand_unit;legacy_block,
H6173001_S_NAJEL-LEMON,S2188001_S_NAJLalepSOAPsea100g3820N,,brand_unit;legacy_block,
H6173001_S_NAJEL-ORG,H6173001_S_NAJEL-RD-CLAY,0.99213119,brand_unit;legacy_block,
H6173001_S_NAJEL-ORG,H6173001_S_NAJEL-ROSE,,brand_unit;legacy_block,
H6173001_S_NAJEL-ORG,H6300002_S_BWNJL-10,,brand_unit;legacy_block,
H6173001_S_NAJEL-ORG,H6300002_S_BWNJL-7,,brand_unit,
H6173001_S_NAJEL-ORG,H6300002_S_BWNJL-8,,brand_unit,
H6173001_S_NAJEL-ORG,H6300002_S_BWNJL-9,,brand_unit,
H6173001_S_NAJEL-ORG,H7517001_S_NAJ0058,,brand_unit;legacy_block,
H6173001_S_NAJEL-ORG,H7517001_S_NAJ0959,0.94880092,brand_unit;legacy_block,
H6173001_S_NAJEL-ORG,H7517001_S_NAJ5114,0.99859558,brand_unit;legacy_block,
H6173001_S_NAJEL-ORG,S2188001_S_NAJLalepSOAPsea100g3820N,0.43299617,brand_unit;legacy_block,
H6173001_S_NAJEL-RD-CLAY,H6173001_S_NAJEL-ROSE,0.97454340,brand_unit;legacy_block,
H6173001_S_NAJEL-RD-CLAY,H6300002_S_BWNJL-10,,brand_unit;legacy_block,
H6173001_S_NAJEL-RD-CLAY,H6300002_S_BWNJL-7,,brand_unit,
H6173001_S_NAJEL-RD-CLAY,H6300002_S_BWNJL-8,,brand_unit,
H6173001_S_NAJEL-RD-CLAY,H6300002_S_BWNJL-9,,brand_unit,
H6173001_S_NAJEL-RD-CLAY,H7517001_S_NAJ0058,0.96621924,brand_unit;legacy_block,
H6173001_S_NAJEL-RD-CLAY,H7517001_S_NAJ0959,0.95099434,brand_unit;legacy_block,
H6173001_S_NAJEL-RD-CLAY,H7517001_S_NAJ5114,0.98948308,brand_unit;legacy_block,
H6173001_S_NAJEL-RD-CLAY,S2188001_S_NAJLalepSOAPsea100g3820N,,brand_unit;legacy_block,
H6173001_S_NAJEL-ROSE,H6300002_S_BWNJL-10,0.93172595,brand_unit;legacy_block,
H6173001_S_NAJEL-ROSE,H6300002_S_BWNJL-7,0.89394027,brand_unit,
H6173001_S_NAJEL-ROSE,H6300002_S_BWNJL-8,,brand_unit,
H6173001_S_NAJEL-ROSE,H6300002_S_BWNJL-9,,brand_unit,
H6173001_S_NAJEL-ROSE,H7517001_S_NAJ0058,0.99814366,brand_unit;legacy_block,
H6173001_S_NAJEL-ROSE,H7517001_S_NAJ0959,0.81210584,brand_unit;legacy_block,
H6173001_S_NAJEL-ROSE,H7517001_S_NAJ5114,,brand_unit;legacy_block,
H6173001_S_NAJEL-ROSE,S2188001_S_NAJLalepSOAPsea100g3820N,0.17301501,brand_unit;legacy_block,
H6173001_S_VW8507,H7064001_S_GR8201,0.03263836,brand_unit;legacy_block,
H6173001_S_VW8507,H7064001_S_GR8203,,brand_unit;legacy_block,
H6214001_S_Soap_YL_Jasmine_3pc_set,H6214001_S_Soap_YL_redrose_1pc_100g,,brand_unit;legacy_block,
H6214001_S_Soap_YL_Jasmine_3pc_set,H6214001_S_Soap_YT_Engrose_3pc_100g_set,,brand_unit;legacy_block,
H6214001_S_Soap_YL_Jasmine_3pc_set,H6214001_S_Soap_YT_Sandalwood_3pc_set,0.97099779,brand_unit;legacy_block,
H6214001_S_Soap_YL_redrose_1pc_100g,H6214001_S_Soap_YT_Engrose_3pc_100g_set,0.99622399,brand_unit;legacy_block,
H6214001_S_Soap_YL_redrose_1pc_100g,H6214001_S_Soap_YT_Sandalwood_3pc_set,0.98995456,brand_unit;legacy_block,
H6214001_S_Soap_YT_Engrose_3pc_100g_set,H6214001_S_Soap_YT_Sandalwood_3pc_set,0.97505565,brand_unit;legacy_block,
H6280001_S_N235JSBS56045,H6280001_S_N235JSBS56152,0.83204291,brand_unit;legacy_block,
H6280001_S_N235JSBS56045,H6280001_S_N235JSBS56232,0.83204291,brand_unit;legacy_block,
H6280001_S_N235JSBS56152,H6280001_S_N235JSBS56232,,brand_unit;legacy_block,
H6280001_S_N235LUBS52756X6,H6280001_S_N235LUBS52767X6,,brand_unit;legacy_block,
H6280001_S_N235LUBS52756X6,H6280001_S_N235LUBS52769X6,,brand_unit;legacy_block,
H6280001_S_N235LUBS52756X6,H6280001_S_N235LUBS52770X6,0.96366919,brand_unit;legacy_block,
H6280001_S_N235LUBS52756X6,H6280001_S_N235LUBS52771X6,0.80404794,brand_unit;legacy_block,
H6280001_S_N235LUBS52756X6,H6401001_S_luxsoap,0.11977118,brand_unit,
H6280001_S_N235LUBS52756X6,H6729001_S_L0311,0.03290534,brand_unit;legacy_block,
H6280001_S_N235LUBS52756X6,H6729001_S_L0312,0.03290534,brand_unit;legacy_block,
H6280001_S_N235LUBS52756X6,H6729001_S_L0313,0.01619813,brand_unit;legacy_block,
H6280001_S_N235LUBS52756X6,H6729001_S_L0324,0.02721375,brand_unit;legacy_block,
H6280001_S_N235LUBS52756X6,H6729001_S_L0325,0.02721375,brand_unit;legacy_block,
H6280001_S_N235LUBS52756X6,H9564001_S_KU05SB06,0.01233701,brand_unit,
H6280001_S_N235LUBS52756X6,S2090001_S_4NO5A,0.00177675,brand_unit,
H6280001_S_N235LUBS52756X6,S6136001_S_4NO5A,0.00177675,brand_unit,
H6280001_S_N235LUBS52767X6,H6280001_S_N235LUBS52769X6,0.92069524,brand_unit;legacy_block,
H6280001_S_N235LUBS52767X6,H6280001_S_N235LUBS52770X6,0.97811869,brand_unit;legacy_block,
H6280001_S_N235LUBS52767X6,H6280001_S_N235LUBS52771X6,0.77244934,brand_unit;legacy_block,
H6280001_S_N235LUBS52767X6,H6401001_S_luxsoap,0.11977118,brand_unit,
H6280001_S_N235LUBS52767X6,H6729001_S_L0311,0.03290534,brand_unit;legacy_block,
H6280001_S_N235LUBS52767X6,H6729001_S_L0312,0.03290534,brand_unit;legacy_block,
H6280001_S_N235LUBS52767X6,H6729001_S_L0313,0.01619813,brand_unit;legacy_block,
H6280001_S_N235LUBS52767X6,H6729001_S_L0324,0.02721375,brand_unit;legacy_block,
H6280001_S_N235LUBS52767X6,H6729001_S_L0325,0.02721375,brand_unit;legacy_block,
H6280001_S_N235LUBS52767X6,H9564001_S_KU05SB06,0.01126750,brand_unit,
H6280001_S_N235LUBS52767X6,S2090001_S_4NO5A,0.00177675,brand_unit,
H6280001_S_N235LUBS52767X6,S6136001_S_4NO5A,0.00177675,brand_unit,
H6280001_S_N235LUBS52769X6,H6280001_S_N235LUBS52770X6,0.84500311,brand_unit;legacy_block,
H6280001_S_N235LUBS52769X6,H6280001_S_N235LUBS52771X6,0.90817767,brand_unit;legacy_block,
H6280001_S_N235LUBS52769X6,H6401001_S_luxsoap,0.13207590,brand_unit,
H6280001_S_N235LUBS52769X6,H6729001_S_L0311,0.40204955,brand_unit;legacy_block,
H6280001_S_N235LUBS52769X6,H6729001_S_L0312,0.40204955,brand_unit;legacy_block,
H6280001_S_N235LUBS52769X6,H6729001_S_L0313,0.10195208,brand_unit;legacy_block,
H6280001_S_N235LUBS52769X6,H6729001_S_L0324,0.02499337,brand_unit;legacy_block,
H6280001_S_N235LUBS52769X6,H6729001_S_L0325,0.07602402,brand_unit;legacy_block,
H6280001_S_N235LUBS52769X6,H9564001_S_KU05SB06,0.04929474,brand_unit,
H6280001_S_N235LUBS52769X6,S2090001_S_4NO5A,0.01219075,brand_unit,
H6280001_S_N235LUBS52769X6,S6136001_S_4NO5A,0.01219075,brand_unit,
H6280001_S_N235LUBS52770X6,H6280001_S_N235LUBS52771X6,0.93194880,brand_unit;legacy_block,
H6280001_S_N235LUBS52770X6,H6401001_S_luxsoap,0.17133898,brand_unit,
H6280001_S_N235LUBS52770X6,H6729001_S_L0311,0.03290534,brand_unit;legacy_block,
H6280001_S_N235LUBS52770X6,H6729001_S_L0312,0.03290534,brand_unit;legacy_block,
H6280001_S_N235LUBS52770X6,H6729001_S_L0313,0.01619813,brand_unit;legacy_block,
H6280001_S_N235LUBS52770X6,H6729001_S_L0324,0.02721375,brand_unit;legacy_block,
H6280001_S_N235LUBS52770X6,H6729001_S_L0325,0.02721375,brand_unit;legacy_block,
H6280001_S_N235LUBS52770X6,H9564001_S_KU05SB06,0.01137124,brand_unit,
H6280001_S_N235LUBS52770X6,S2090001_S_4NO5A,0.00177675,brand_unit,
H6280001_S_N235LUBS52770X6,S6136001_S_4NO5A,0.00177675,brand_unit,
H6280001_S_N235LUBS52771X6,H6401001_S_luxsoap,0.20162416,brand_unit,
H6280001_S_N235LUBS52771X6,H6729001_S_L0311,0.01765205,brand_unit;legacy_block,
H6280001_S_N235LUBS52771X6,H6729001_S_L0312,0.01765205,brand_unit;legacy_block,
H6280001_S_N235LUBS52771X6,H6729001_S_L0313,0.01765205,brand_unit;legacy_block,
H6280001_S_N235LUBS52771X6,H6729001_S_L0324,0.01619813,brand_unit;legacy_block,
H6280001_S_N235LUBS52771X6,H6729001_S_L0325,0.01619813,brand_unit;legacy_block,
H6280001_S_N235LUBS52771X6,H9564001_S_KU05SB06,0.01359227,brand_unit,
H6280001_S_N235LUBS52771X6,S2090001_S_4NO5A,0.00139512,brand_unit,
H6280001_S_N235LUBS52771X6,S6136001_S_4NO5A,0.00139512,brand_unit,
H6300002_S_BWCOW-25A,H9990001_S_529,0.02084968,brand_unit,
H6300002_S_BWCOW-25A,H9990001_S_557,0.00057178,brand_unit,
H6300002_S_BWCOW-25A,S2214001_S_RW383035,0.06795180,brand_unit,
H6300002_S_BWNJL-10,H6300002_S_BWNJL-7,0.47752223,brand_unit,
H6300002_S_BWNJL-10,H6300002_S_BWNJL-8,,brand_unit,
H6300002_S_BWNJL-10,H6300002_S_BWNJL-9,,brand_unit,
H6300002_S_BWNJL-10,H7517001_S_NAJ0058,0.91645783,brand_unit;legacy_block,
H6300002_S_BWNJL-10,H7517001_S_NAJ0959,0.84869121,brand_unit;legacy_block,
H6300002_S_BWNJL-10,H7517001_S_NAJ5114,,brand_unit;legacy_block,
H6300002_S_BWNJL-10,S2188001_S_NAJLalepSOAPsea100g3820N,0.97684633,brand_unit;legacy_block,
H6300002_S_BWNJL-4,H6300002_S_BWNJL-5A,0.78709482,brand_unit,
H6300002_S_BWNJL-4,S6324001_S_nj-aleppo12,0.07213186,brand_unit,
H6300002_S_BWNJL-4,S6324001_S_nj-aleppo40,0.09080325,brand_unit,
H6300002_S_BWNJL-5A,H7517001_S_NAJ1017,0.50259411,brand_unit,
H6300002_S_BWNJL-5A,H9653001_S_60888,0.51320997,brand_unit,
H6300002_S_BWNJL-5A,S6324001_S_nj-aleppo12,0.43577547,brand_unit,
H6300002_S_BWNJL-5A,S6324001_S_nj-aleppo40,0.50594941,brand_unit,
H6300002_S_BWNJL-6,H9653001_S_60019,0.90902059,brand_unit,
H6300002_S_BWNJL-7,H6300002_S_BWNJL-8,,brand_unit;legacy_block,
H6300002_S_BWNJL-7,H6300002_S_BWNJL-9,,brand_unit;legacy_block,
H6300002_S_BWNJL-7,H7517001_S_NAJ0058,0.98728342,brand_unit,
H6300002_S_BWNJL-7,H7517001_S_NAJ0959,,brand_unit,
H6300002_S_BWNJL-7,H7517001_S_NAJ5114,,brand_unit,
H6300002_S_BWNJL-7,S2188001_S_NAJLalepSOAPsea100g3820N,0.54821716,brand_unit,
H6300002_S_BWNJL-8,H6300002_S_BWNJL-9,,brand_unit;legacy_block,
H6300002_S_BWNJL-8,H7517001_S_NAJ0058,,brand_unit,
H6300002_S_BWNJL-8,H7517001_S_NAJ0959,0.95889780,brand_unit,
H6300002_S_BWNJL-8,H7517001_S_NAJ5114,,brand_unit,
H6300002_S_BWNJL-8,S2188001_S_NAJLalepSOAPsea100g3820N,,brand_unit,
H6300002_S_BWNJL-9,H7517001_S_NAJ0058,,brand_unit,
H6300002_S_BWNJL-9,H7517001_S_NAJ0959,0.93487570,brand_unit,
H6300002_S_BWNJL-9,H7517001_S_NAJ5114,,brand_unit,
H6300002_S_BWNJL-9,S2188001_S_NAJLalepSOAPsea100g3820N,,brand_unit,
H6401001_S_25568C2,H8424001_S_6297000323060,0.83567089,brand_unit,
H6401001_S_25568C2,S2802001_S_CussonsBathSoap,0.01176888,brand_unit,
H6401001_S_25568C2,S6136001_S_4NO5,0.82561683,brand_unit;legacy_block,
H6401001_S_dettolsoap,H6729001_S_D0457,0.03015969,brand_unit;legacy_block,
H6401001_S_dettolsoap,H6729001_S_D0460A,0.03246651,brand_unit;legacy_block,
H6401001_S_dettolsoap,H6729001_S_D0462,0.03015969,brand_unit;legacy_block,
H6401001_S_dettolsoap,H6729001_S_D0463,0.03445049,brand_unit;legacy_block,
H6401001_S_dettolsoap,H8728001_S_8993560024987,0.99819230,brand_unit,
H6401001_S_dettolsoap,H9564001_S_DE05BS04G,0.99929779,brand_unit,
H6401001_S_dettolsoap,S2090001_S_4NO5B1,,brand_unit;legacy_block,
H6401001_S_dettolsoap,S6136001_S_4NO5B1,,brand_unit;legacy_block,
H6401001_S_dovesoap,H6729001_S_D0522,0.04094660,brand_unit;legacy_block,
H6401001_S_dovesoap,H8728001_S_8720182256362,0.99878364,brand_unit,
H6401001_S_dovesoap,H9357001_S_8718114047249,0.99967589,brand_unit,
H6401001_S_dovesoap,H9357001_S_8720182256362-1,0.99922278,brand_unit,
H6401001_S_dovesoap,H9564001_S_DO06CB06,0.99947860,brand_unit,
H6401001_S_dovesoap,S2090001_S_4NO5C,,brand_unit;legacy_block,
H6401001_S_dovesoap,S2552001_S_10091DOV_BAR_SOA_MD,0.99943933,brand_unit;legacy_block,
H6401001_S_dovesoap,S2552002_S_10091_HHL,0.99943933,brand_unit;legacy_block,
H6401001_S_dovesoap,S6136001_S_4NO5C,,brand_unit;legacy_block,
H6401001_S_luxsoap,H6706001_S_cs169865,0.11952978,brand_unit,
H6401001_S_luxsoap,H6706001_S_cs169867,0.17994486,brand_unit,
H6401001_S_luxsoap,H6729001_S_L0311,0.21596494,brand_unit,
H6401001_S_luxsoap,H6729001_S_L0312,0.21596494,brand_unit,
H6401001_S_luxsoap,H6729001_S_L0313,0.21332416,brand_unit,
H6401001_S_luxsoap,H6729001_S_L0324,0.06136556,brand_unit,
H6401001_S_luxsoap,H6729001_S_L0325,0.06136556,brand_unit,
H6401001_S_luxsoap,H9564001_S_KU05SB06,0.79970156,brand_unit;legacy_block,
H6401001_S_luxsoap,S2090001_S_4NO5A,0.18514372,brand_unit;legacy_block,
H6401001_S_luxsoap,S6136001_S_4NO5A,0.18514372,brand_unit;legacy_block,
H6522001_S_7973_New,H6522001_S_7977_New,,brand_unit;legacy_block,
H6522001_S_7973_New,H6522001_S_DN_7975,,brand_unit;legacy_block,
H6522001_S_7977_New,H6522001_S_DN_7975,,brand_unit;legacy_block,
H6522001_S_SAVBAD150_New,H6522001_S_SAVBKAR150_2nd,0.27230682,brand_unit;legacy_block,
H6522001_S_SAVBAD150_New,H6522001_S_SAVBOL150_New,0.08470175,brand_unit;legacy_block,
H6522001_S_SAVBAD150_New,H7058001_S_PC152-1,0.02005616,brand_unit;legacy_block,
H6522001_S_SAVBKAR150_2nd,H6522001_S_SAVBOL150_New,,brand_unit;legacy_block,
H6522001_S_SAVBKAR150_2nd,H7058001_S_PC152-1,0.00233410,brand_unit;legacy_block,
H6522001_S_SAVBOL150_New,H7058001_S_PC152-1,0.20834615,brand_unit;legacy_block,
H6592001_S_8938508416011-Cinnamon,H6592001_S_8938508416011-Honey,0.62818803,brand_unit;legacy_block,
H6592001_S_8938508416011-Cinnamon,H6592001_S_8938508416011-Peppermint,0.57275274,brand_unit;legacy_block,
H6592001_S_8938508416011-Cinnamon,H6592001_S_8938508416011-Rice,0.46207747,brand_unit;legacy_block,
H6592001_S_8938508416011-Cinnamon,H6592001_S_8938508416011-Rose,0.68425402,brand_unit;legacy_block,
H6592001_S_8938508416011-Cinnamon,H6592001_S_8938508416790,0.17386682,brand_unit,
H6592001_S_8938508416011-Honey,H6592001_S_8938508416011-Peppermint,0.34981663,brand_unit;legacy_block,
H6592001_S_8938508416011-Honey,H6592001_S_8938508416011-Rice,0.18919254,brand_unit;legacy_block,
H6592001_S_8938508416011-Honey,H6592001_S_8938508416011-Rose,,brand_unit;legacy_block,
H6592001_S_8938508416011-Honey,H6592001_S_8938508416790,0.24529314,brand_unit,
H6592001_S_8938508416011-Peppermint,H6592001_S_8938508416011-Rice,0.75935716,brand_unit;legacy_block,
H6592001_S_8938508416011-Peppermint,H6592001_S_8938508416011-Rose,,brand_unit;legacy_block,
H6592001_S_8938508416011-Peppermint,H6592001_S_8938508416790,,brand_unit,
H6592001_S_8938508416011-Rice,H6592001_S_8938508416011-Rose,0.75826537,brand_unit;legacy_block,
H6592001_S_8938508416011-Rice,H6592001_S_8938508416790,0.02229739,brand_unit,
H6592001_S_8938508416011-Rose,H6592001_S_8938508416790,,brand_unit,
H6706001_S_cs168539,H7096001_S_4976631478272,0.20067331,brand_unit,
H6706001_S_cs168539,H8424001_S_4976631478272,0.88446472,brand_unit,
H6706001_S_cs168539,H8424001_S_4976631481166,0.28593258,brand_unit,
H6706001_S_cs168539,H9125001_S_48200101,0.96154859,brand_unit;legacy_block,
H6706001_S_cs168539,H9125001_S_48200102,0.61866745,brand_unit;legacy_block,
H6706001_S_cs168539,H9125001_S_48200103,0.36185417,brand_unit;legacy_block,
H6706001_S_cs168539,H9990001_S_544,0.15515650,brand_unit;legacy_block,
H6706001_S_cs168539,S6478006_S_478272_4976631478272,0.91987892,brand_unit,
H6706001_S_cs168539,S6478006_S_481166_4976631481166,0.89800438,brand_unit,
H6706001_S_cs169530,H9564001_S_DO06CB06,1.00000000,brand_unit,
H6706001_S_cs169531,H6706001_S_cs169532,0.70646377,brand_unit;legacy_block,
H6706001_S_cs169531,H6706001_S_cs169533,,brand_unit;legacy_block,
H6706001_S_cs169531,H6729001_S_P0025,0.56145079,brand_unit;legacy_block,
H6706001_S_cs169531,H7285001_S_SM-134,0.77056933,brand_unit;legacy_block,
H6706001_S_cs169531,H8115001_S_KY-C00077,0.92039156,brand_unit,
H6706001_S_cs169531,H9357001_S_5017306008321,0.73480537,brand_unit,
H6706001_S_cs169531,S2232001_S_PEA05176X2,,brand_unit;legacy_block,
H6706001_S_cs169531,S2232001_S_PEA08321X2,0.53291376,brand_unit;legacy_block,
H6706001_S_cs169531,S2232001_S_PEA24023X2,0.94681093,brand_unit;legacy_block,
H6706001_S_cs169532,H6706001_S_cs169533,0.69561212,brand_unit;legacy_block,
H6706001_S_cs169532,H6729001_S_P0025,0.95363611,brand_unit;legacy_block,
H6706001_S_cs169532,H7285001_S_SM-134,0.37300576,brand_unit;legacy_block,
H6706001_S_cs169532,H8115001_S_KY-C00077,0.99632645,brand_unit,
H6706001_S_cs169532,H9357001_S_5017306008321,0.99977896,brand_unit,
H6706001_S_cs169532,S2232001_S_PEA05176X2,,brand_unit;legacy_block,
H6706001_S_cs169532,S2232001_S_PEA08321X2,0.77183083,brand_unit;legacy_block,
H6706001_S_cs169532,S2232001_S_PEA24023X2,0.12416103,brand_unit;legacy_block,
H6706001_S_cs169533,H6729001_S_P0025,0.32150198,brand_unit;legacy_block,
H6706001_S_cs169533,H7285001_S_SM-134,0.55969226,brand_unit;legacy_block,
H6706001_S_cs169533,H8115001_S_KY-C00077,0.96563129,brand_unit,
H6706001_S_cs169533,H9357001_S_5017306008321,0.72760735,brand_unit,
H6706001_S_cs169533,S2232001_S_PEA05176X2,0.99080358,brand_unit;legacy_block,
H6706001_S_cs169533,S2232001_S_PEA08321X2,0.13868258,brand_unit;legacy_block,
H6706001_S_cs169533,S2232001_S_PEA24023X2,,brand_unit;legacy_block,
H6706001_S_cs169865,H6706001_S_cs169867,0.98219258,brand_unit;legacy_block,
H6706001_S_cs169865,H9564001_S_KU05SB06,0.03596533,brand_unit,
H6706001_S_cs169865,S2090001_S_4NO5A,0.00248625,brand_unit,
H6706001_S_cs169865,S6136001_S_4NO5A,0.00248625,brand_unit,
H6706001_S_cs169867,H9564001_S_KU05SB06,0.05225154,brand_unit,
H6706001_S_cs169867,S2090001_S_4NO5A,0.01336359,brand_unit,
H6706001_S_cs169867,S6136001_S_4NO5A,0.01336359,brand_unit,
H6706001_S_cs169962,H8424001_S_9556155017017,0.81098468,brand_unit,
H6706001_S_cs169963,H6706001_S_cs169964,,brand_unit;legacy_block,
H6706001_S_cs169963,H6706001_S_cs169965,0.24741815,brand_unit;legacy_block,
H6706001_S_cs169963,H9299001_S_6901404712534,0.00906737,brand_unit,
H6706001_S_cs169963,H9299001_S_6901404812548,0.00430406,brand_unit,
H6706001_S_cs169963,H9299001_S_6901404912514,0.00459122,brand_unit,
H6706001_S_cs169963,H9357001_S_6901404601258,0.13184175,brand_unit,
H6706001_S_cs169964,H6706001_S_cs169965,0.24741815,brand_unit;legacy_block,
H6706001_S_cs169964,H9299001_S_6901404712534,0.00906737,brand_unit,
H6706001_S_cs169964,H9299001_S_6901404812548,0.00430406,brand_unit,
H6706001_S_cs169964,H9299001_S_6901404912514,0.00459122,brand_unit,
H6706001_S_cs169964,H9357001_S_6901404601258,0.13184175,brand_unit,
H6706001_S_cs169965,H9299001_S_6901404712534,0.00933500,brand_unit,
H6706001_S_cs169965,H9299001_S_6901404812548,0.00933500,brand_unit,
H6706001_S_cs169965,H9299001_S_6901404912514,0.00490743,brand_unit,
H6706001_S_cs169965,H9357001_S_6901404601258,0.70841564,brand_unit,
H6706001_S_cs169985,H7343002_S_HK230502JJQT07214RMN05,0.00816399,legacy_block,
H6706001_S_cs169985,H7343003_S_HK230502JJQT07214RMN05,0.00816399,legacy_block,
H6706001_S_cs169985,H7343013_S_HK230502JJQT07214RMN05,0.00816399,legacy_block,
H6706001_S_cs169985,H7343015_S_HK230502JJQT07214RMN05,0.00816399,legacy_block,
H6706001_S_cs169985,H7420001_S_MASKHOME-485,0.00988743,legacy_block,
H6706001_S_cs169985,S1061001_S_MON-748-027-0000,0.00296388,legacy_block,
H6706001_S_cs169985,S6429001_S_CC8809338505032,0.00458595,legacy_block,
H6729001_S_D0457,H6729001_S_D0460A,0.25416338,brand_unit;legacy_block,
H6729001_S_D0457,H6729001_S_D0462,,brand_unit;legacy_block,
H6729001_S_D0457,H6729001_S_D0463,0.23577357,brand_unit;legacy_block,
H6729001_S_D0457,H8728001_S_8993560024987,0.30060891,brand_unit,
H6729001_S_D0457,H9564001_S_DE05BS04G,0.05143643,brand_unit,
H6729001_S_D0457,S2090001_S_4NO5B1,0.47953624,brand_unit;legacy_block,
H6729001_S_D0457,S6136001_S_4NO5B1,0.47953624,brand_unit;legacy_block,
H6729001_S_D0460A,H6729001_S_D0462,0.25416338,brand_unit;legacy_block,
H6729001_S_D0460A,H6729001_S_D0463,0.50216400,brand_unit;legacy_block,
H6729001_S_D0460A,H8728001_S_8993560024987,0.11587872,brand_unit,
H6729001_S_D0460A,H9564001_S_DE05BS04G,0.03813089,brand_unit,
H6729001_S_D0460A,S2090001_S_4NO5B1,0.01665798,brand_unit;legacy_block,
H6729001_S_D0460A,S6136001_S_4NO5B1,0.01665798,brand_unit;legacy_block,
H6729001_S_D0462,H6729001_S_D0463,0.23577357,brand_unit;legacy_block,
H6729001_S_D0462,H8728001_S_8993560024987,0.30060891,brand_unit,
H6729001_S_D0462,H9564001_S_DE05BS04G,0.05143643,brand_unit,
H6729001_S_D0462,S2090001_S_4NO5B1,,brand_unit;legacy_block,
H6729001_S_D0462,S6136001_S_4NO5B1,,brand_unit;legacy_block,
H6729001_S_D0463,H8728001_S_8993560024987,0.12231553,brand_unit,
H6729001_S_D0463,H9564001_S_DE05BS04G,0.04044655,brand_unit,
H6729001_S_D0463,S2090001_S_4NO5B1,0.01665798,brand_unit;legacy_block,
H6729001_S_D0463,S6136001_S_4NO5B1,0.01665798,brand_unit;legacy_block,
H6729001_S_D0522,H8728001_S_8720182256362,0.30674262,brand_unit,
H6729001_S_D0522,H9357001_S_8718114047249,0.05237339,brand_unit,
H6729001_S_D0522,H9357001_S_8720182256362-1,0.01528606,brand_unit,
H6729001_S_D0522,H9564001_S_DO06CB06,0.15337096,brand_unit,
H6729001_S_D0522,S2090001_S_4NO5C,0.75021496,brand_unit;legacy_block,
H6729001_S_D0522,S2552001_S_10091DOV_BAR_SOA_MD,0.07989186,brand_unit;legacy_block,
H6729001_S_D0522,S2552002_S_10091_HHL,0.07989186,brand_unit;legacy_block,
H6729001_S_D0522,S6136001_S_4NO5C,0.75021496,brand_unit;legacy_block,
H6729001_S_L0311,H6729001_S_L0312,0.68082528,brand_unit;legacy_block,
H6729001_S_L0311,H6729001_S_L0313,0.35874944,brand_unit;legacy_block,
H6729001_S_L0311,H6729001_S_L0324,0.03363857,brand_unit;legacy_block,
H6729001_S_L0311,H6729001_S_L0325,0.06015878,brand_unit;legacy_block,
H6729001_S_L0311,H9564001_S_KU05SB06,0.12505202,brand_unit,
H6729001_S_L0311,S2090001_S_4NO5A,0.12714921,brand_unit,
H6729001_S_L0311,S6136001_S_4NO5A,0.12714921,brand_unit,
H6729001_S_L0312,H6729001_S_L0313,0.35874944,brand_unit;legacy_block,
H6729001_S_L0312,H6729001_S_L0324,0.03363857,brand_unit;legacy_block,
H6729001_S_L0312,H6729001_S_L0325,0.06015878,brand_unit;legacy_block,
H6729001_S_L0312,H9564001_S_KU05SB06,0.12505202,brand_unit,
H6729001_S_L0312,S2090001_S_4NO5A,0.12714921,brand_unit,
H6729001_S_L0312,S6136001_S_4NO5A,0.12714921,brand_unit,
H6729001_S_L0313,H6729001_S_L0324,0.06015878,brand_unit;legacy_block,
H6729001_S_L0313,H6729001_S_L0325,0.06631447,brand_unit;legacy_block,
H6729001_S_L0313,H9564001_S_KU05SB06,0.09325184,brand_unit,
H6729001_S_L0313,S2090001_S_4NO5A,0.06684106,brand_unit,
H6729001_S_L0313,S6136001_S_4NO5A,0.06684106,brand_unit,
H6729001_S_L0324,H6729001_S_L0325,0.02254637,brand_unit;legacy_block,
H6729001_S_L0324,H9564001_S_KU05SB06,0.00937414,brand_unit,
H6729001_S_L0324,S2090001_S_4NO5A,0.00734376,brand_unit,
H6729001_S_L0324,S6136001_S_4NO5A,0.00734376,brand_unit,
H6729001_S_L0325,H9564001_S_KU05SB06,0.00937414,brand_unit,
H6729001_S_L0325,S2090001_S_4NO5A,0.00782605,brand_unit,
H6729001_S_L0325,S6136001_S_4NO5A,0.00782605,brand_unit,
H6729001_S_P0025,H7285001_S_SM-134,0.33572843,brand_unit;legacy_block,
H6729001_S_P0025,H8115001_S_KY-C00077,0.22462835,brand_unit,
H6729001_S_P0025,H9357001_S_5017306008321,0.26231937,brand_unit,
H6729001_S_P0025,S2232001_S_PEA05176X2,0.74277743,brand_unit;legacy_block,
H6729001_S_P0025,S2232001_S_PEA08321X2,0.94338460,brand_unit;legacy_block,
H6729001_S_P0025,S2232001_S_PEA24023X2,0.63572512,brand_unit;legacy_block,
H6729001_S_S0343,H6729001_S_S0374,0.00495430,brand_unit;legacy_block,
H6729001_S_V0087,H7616001_S_HS_00994,0.36365878,brand_unit;legacy_block,
H6869001_S_ALEPIA-001,H6869001_S_ALEPIA-002,0.97864750,brand_unit;legacy_block,
H6869001_S_ALEPIA-001,H6869001_S_ALEPIA-004,0.98043801,brand_unit;legacy_block,
H6869001_S_ALEPIA-001,H6869001_S_ALEPIA-005,0.97432416,brand_unit;legacy_block,
H6869001_S_ALEPIA-001,H7114002_S_Alepia-1,,brand_unit;legacy_block,
H6869001_S_ALEPIA-001,H7114002_S_Alepia-25,,brand_unit;legacy_block,
H6869001_S_ALEPIA-001,H7114002_S_Alepia-40,,brand_unit;legacy_block,
H6869001_S_ALEPIA-001,H7542001_S_AL002,0.93418548,brand_unit;legacy_block,
H6869001_S_ALEPIA-001,H9737001_S_nm_alepia_aleppo_soap_25,,brand_unit;legacy_block,
H6869001_S_ALEPIA-001,S6114001_S_ALEPIA-001,,brand_unit;legacy_block,
H6869001_S_ALEPIA-001,S6114001_S_ALEPIA-002,,brand_unit;legacy_block,
H6869001_S_ALEPIA-001,S6114001_S_ALEPIA-005,,brand_unit;legacy_block,
H6869001_S_ALEPIA-001,S6114001_S_ALEPIA-107,0.97616255,brand_unit;legacy_block,
H6869001_S_ALEPIA-002,H6869001_S_ALEPIA-004,0.98335974,brand_unit;legacy_block,
H6869001_S_ALEPIA-002,H6869001_S_ALEPIA-005,0.97813868,brand_unit;legacy_block,
H6869001_S_ALEPIA-002,H7114002_S_Alepia-1,,brand_unit;legacy_block,
H6869001_S_ALEPIA-002,H7114002_S_Alepia-25,,brand_unit;legacy_block,
H6869001_S_ALEPIA-002,H7114002_S_Alepia-40,,brand_unit;legacy_block,
H6869001_S_ALEPIA-002,H7542001_S_AL002,0.93656924,brand_unit;legacy_block,
H6869001_S_ALEPIA-002,H9737001_S_nm_alepia_aleppo_soap_25,,brand_unit;legacy_block,
H6869001_S_ALEPIA-002,S6114001_S_ALEPIA-001,,brand_unit;legacy_block,
H6869001_S_ALEPIA-002,S6114001_S_ALEPIA-002,,brand_unit;legacy_block,
H6869001_S_ALEPIA-002,S6114001_S_ALEPIA-005,,brand_unit;legacy_block,
H6869001_S_ALEPIA-002,S6114001_S_ALEPIA-107,0.98052943,brand_unit;legacy_block,
H6869001_S_ALEPIA-003,H7114002_S_Alepia-16,,brand_unit;legacy_block,
H6869001_S_ALEPIA-003,S6114001_S_ALEPIA-003,,brand_unit;legacy_block,
H6869001_S_ALEPIA-003,S6114001_S_ALEPIA-006,0.04016850,brand_unit;legacy_block,
H6869001_S_ALEPIA-003,S6114001_S_ALEPIA-007,0.05164934,brand_unit;legacy_block,
H6869001_S_ALEPIA-004,H6869001_S_ALEPIA-005,0.98335974,brand_unit;legacy_block,
H6869001_S_ALEPIA-004,H7114002_S_Alepia-1,,brand_unit;legacy_block,
H6869001_S_ALEPIA-004,H7114002_S_Alepia-25,,brand_unit;legacy_block,
H6869001_S_ALEPIA-004,H7114002_S_Alepia-40,,brand_unit;legacy_block,
H6869001_S_ALEPIA-004,H7542001_S_AL002,0.63948263,brand_unit;legacy_block,
H6869001_S_ALEPIA-004,H9737001_S_nm_alepia_aleppo_soap_25,,brand_unit;legacy_block,
H6869001_S_ALEPIA-004,S6114001_S_ALEPIA-001,,brand_unit;legacy_block,
H6869001_S_ALEPIA-004,S6114001_S_ALEPIA-002,,brand_unit;legacy_block,
H6869001_S_ALEPIA-004,S6114001_S_ALEPIA-005,,brand_unit;legacy_block,
H6869001_S_ALEPIA-004,S6114001_S_ALEPIA-107,0.97406113,brand_unit;legacy_block,
H6869001_S_ALEPIA-005,H7114002_S_Alepia-1,,brand_unit;legacy_block,
H6869001_S_ALEPIA-005,H7114002_S_Alepia-25,,brand_unit;legacy_block,
H6869001_S_ALEPIA-005,H7114002_S_Alepia-40,,brand_unit;legacy_block,
H6869001_S_ALEPIA-005,H7542001_S_AL002,0.93418548,brand_unit;legacy_block,
H6869001_S_ALEPIA-005,H9737001_S_nm_alepia_aleppo_soap_25,,brand_unit;legacy_block,
H6869001_S_ALEPIA-005,S6114001_S_ALEPIA-001,,brand_unit;legacy_block,
H6869001_S_ALEPIA-005,S6114001_S_ALEPIA-002,,brand_unit;legacy_block,
H6869001_S_ALEPIA-005,S6114001_S_ALEPIA-005,,brand_unit;legacy_block,
H6869001_S_ALEPIA-005,S6114001_S_ALEPIA-107,0.97195573,brand_unit;legacy_block,
H6869001_S_ALEPIA-026,H6869001_S_ALEPIA-027,0.99159747,brand_unit;legacy_block,
H6952001_S_980261955,H6952001_S_9802619551,1.00000000,brand_unit;legacy_block;packfree_exact,
H6952001_S_980261955,H6952001_S_980261956,1.00000000,brand_unit;legacy_block;packfree_exact,
H6952001_S_980261955,H8347001_S_DOVE-005,0.18025052,brand_unit;legacy_block,
H6952001_S_9802619551,H6952001_S_980261956,1.00000000,brand_unit;legacy_block;packfree_exact,
H6952001_S_9802619551,H8347001_S_DOVE-005,0.30807363,brand_unit;legacy_block,
H6952001_S_980261956,H8347001_S_DOVE-005,0.30807363,brand_unit;legacy_block,
H6974001_S_AE5300,H6974001_S_AE5362,0.39355668,brand_unit;legacy_block,
H6974001_S_AE5300,H6974001_S_AE5363,,brand_unit;legacy_block,
H6974001_S_AE5300,H6974001_S_SA1578,,brand_unit;legacy_block,
H6974001_S_AE5300,H6974001_S_SA1587,,brand_unit;legacy_block,
H6974001_S_AE5362,H6974001_S_AE5363,0.39355668,brand_unit;legacy_block,
H6974001_S_AE5362,H6974001_S_SA1578,0.13308391,brand_unit;legacy_block,
H6974001_S_AE5362,H6974001_S_SA1587,0.13443349,brand_unit;legacy_block,
H6974001_S_AE5363,H6974001_S_SA1578,,brand_unit;legacy_block,
H6974001_S_AE5363,H6974001_S_SA1587,,brand_unit;legacy_block,
H6974001_S_SA1578,H6974001_S_SA1587,,brand_unit;legacy_block,
H6974002_S_SA1782,H7343015_S_3PLHK230223JJQT05858RMN01,0.80066230,legacy_block,
H6974002_S_SA1782,H8782002_S_8858891600715,0.46921673,legacy_block,
H6974002_S_SA1784,H9357001_S_4897025527393,0.38105440,legacy_block,
H6974002_S_SA1784,H9564001_S_YH05SS100,0.72333313,legacy_block,
H6974002_S_SA1784,S1061001_S_MON-624-581-0000,0.62105583,legacy_block,
H7064001_S_GR8201,H7064001_S_GR8203,0.00775175,brand_unit;legacy_block,
H7080001_S_CBBS,H9071001_S_SKN5022026590001,0.00629530,brand_unit;legacy_block,
H7096001_S_4976631478272,H8424001_S_4976631478272,1.00000000,brand_unit;exact_ean;legacy_block,
H7096001_S_4976631478272,H8424001_S_4976631481166,0.73941970,brand_unit;legacy_block,
H7096001_S_4976631478272,H9125001_S_48200101,0.99704292,brand_unit,
H7096001_S_4976631478272,H9125001_S_48200102,0.58999349,brand_unit,
H7096001_S_4976631478272,H9125001_S_48200103,0.53683070,brand_unit,
H7096001_S_4976631478272,H9990001_S_544,0.21301884,brand_unit,
H7096001_S_4976631478272,S6478006_S_478272_4976631478272,1.00000000,brand_unit;exact_ean;legacy_block,
H7096001_S_4976631478272,S6478006_S_481166_4976631481166,0.99945585,brand_unit;legacy_block,
H7096001_S_9312146006602,H7915001_S_9312146006602,1.00000000,brand_unit;exact_ean;legacy_block,
H7096001_S_9312146006602,H8427001_S_9312146006602,1.00000000,brand_unit;exact_ean;legacy_block,
H7096001_S_9312146006602,S2232001_S_TDP06602,0.38310626,brand_unit,
H7096001_S_9312146006602,S6375001_S_9312146006602,1.00000000,brand_unit;exact_ean;legacy_block,
H7096001_S_9349254002011,H7096001_S_9349254002028,,brand_unit;legacy_block,
H7096001_S_9349254002011,H7096001_S_9349254002035,,brand_unit;legacy_block,
H7096001_S_9349254002011,H8347001_S_GOAT-BP02,,brand_unit,
H7096001_S_9349254002011,H8347001_S_GOAT-BP04,1.00000000,brand_unit;exact_ean;legacy_block,
H7096001_S_9349254002011,H8347001_S_GOAT-BP05,,brand_unit,
H7096001_S_9349254002011,H8347001_S_GOAT-BP06,,brand_unit;legacy_block,
H7096001_S_9349254002011,H8347001_S_GOAT-BP08,0.00096822,brand_unit;legacy_block,
H7096001_S_9349254002011,H8427001_S_9349254002011,1.00000000,brand_unit;exact_ean;legacy_block,
H7096001_S_9349254002011,H8427001_S_9349254002028,,brand_unit;legacy_block,
H7096001_S_9349254002011,H8427001_S_9349254002035,,brand_unit;legacy_block,
H7096001_S_9349254002011,H8427001_S_9349254002042,0.26051761,brand_unit;legacy_block,
H7096001_S_9349254002011,H8427001_S_9349254002059,0.29651830,brand_unit;legacy_block,
H7096001_S_9349254002011,H8427001_S_9349254002066,,brand_unit;legacy_block,
H7096001_S_9349254002011,H8427001_S_9349254004053,0.07832600,brand_unit;legacy_block,
H7096001_S_9349254002011,H8427001_S_9349254006286,,brand_unit;legacy_block,
H7096001_S_9349254002011,H9250001_S_A9349254005005,0.05013614,brand_unit,
H7096001_S_9349254002011,S2232001_S_GOS2011X2,0.98912524,brand_unit,
H7096001_S_9349254002011,S2232001_S_GOS2028X2,,brand_unit,
H7096001_S_9349254002011,S2232001_S_GOS2042X2,,brand_unit,
H7096001_S_9349254002011,S2232001_S_GOS2053X2,,brand_unit,
H7096001_S_9349254002011,S2232001_S_GOS2059X2,0.05206807,brand_unit,
H7096001_S_9349254002011,S2232001_S_GOS2066X2,,brand_unit,
H7096001_S_9349254002011,S2232001_S_GOS4053X2,,brand_unit,
H7096001_S_9349254002011,S6258001_S_GOS2011X2,0.98912524,brand_unit,
H7096001_S_9349254002011,S6258001_S_GOS2028X2,,brand_unit,
H7096001_S_9349254002011,S6258001_S_GOS2042X2,,brand_unit,
H7096001_S_9349254002011,S6258001_S_GOS2059X2,0.04291128,brand_unit,
H7096001_S_9349254002011,S6375001_S_9349254004053,0.07403998,brand_unit;legacy_block,
H7096001_S_9349254002011,S6375001_S_9349254006286,,brand_unit;legacy_block,
H7096001_S_9349254002028,H7096001_S_9349254002035,,brand_unit;legacy_block,
H7096001_S_9349254002028,H8347001_S_GOAT-BP02,,brand_unit,
H7096001_S_9349254002028,H8347001_S_GOAT-BP04,,brand_unit;legacy_block,
H7096001_S_9349254002028,H8347001_S_GOAT-BP05,0.98658817,brand_unit,
H7096001_S_9349254002028,H8347001_S_GOAT-BP06,,brand_unit;legacy_block,
H7096001_S_9349254002028,H8347001_S_GOAT-BP08,,brand_unit;legacy_block,
H7096001_S_9349254002028,H8427001_S_9349254002011,,brand_unit;legacy_block,
H7096001_S_9349254002028,H8427001_S_9349254002028,1.00000000,brand_unit;exact_ean;legacy_block,
H7096001_S_9349254002028,H8427001_S_9349254002035,,brand_unit;legacy_block,
H7096001_S_9349254002028,H8427001_S_9349254002042,,brand_unit;legacy_block,
H7096001_S_9349254002028,H8427001_S_9349254002059,,brand_unit;legacy_block,
H7096001_S_9349254002028,H8427001_S_9349254002066,,brand_unit;legacy_block,
H7096001_S_9349254002028,H8427001_S_9349254004053,,brand_unit;legacy_block,
H7096001_S_9349254002028,H8427001_S_9349254006286,,brand_unit;legacy_block,
H7096001_S_9349254002028,H9250001_S_A9349254005005,,brand_unit,
H7096001_S_9349254002028,S2232001_S_GOS2011X2,,brand_unit,
H7096001_S_9349254002028,S2232001_S_GOS2028X2,0.07177623,brand_unit,
H7096001_S_9349254002028,S2232001_S_GOS2042X2,,brand_unit,
H7096001_S_9349254002028,S2232001_S_GOS2053X2,,brand_unit,
H7096001_S_9349254002028,S2232001_S_GOS2059X2,,brand_unit,
H7096001_S_9349254002028,S2232001_S_GOS2066X2,,brand_unit,
H7096001_S_9349254002028,S2232001_S_GOS4053X2,,brand_unit,
H7096001_S_9349254002028,S6258001_S_GOS2011X2,,brand_unit,
H7096001_S_9349254002028,S6258001_S_GOS2028X2,0.07177623,brand_unit,
H7096001_S_9349254002028,S6258001_S_GOS2042X2,,brand_unit,
H7096001_S_9349254002028,S6258001_S_GOS2059X2,,brand_unit,
H7096001_S_9349254002028,S6375001_S_9349254004053,,brand_unit;legacy_block,
H7096001_S_9349254002028,S6375001_S_9349254006286,,brand_unit;legacy_block,
H7096001_S_9349254002035,H8347001_S_GOAT-BP02,0.99649334,brand_unit,
H7096001_S_9349254002035,H8347001_S_GOAT-BP04,,brand_unit;legacy_block,
H7096001_S_9349254002035,H8347001_S_GOAT-BP05,,brand_unit,
H7096001_S_9349254002035,H8347001_S_GOAT-BP06,,brand_unit;legacy_block,
H7096001_S_9349254002035,H8347001_S_GOAT-BP08,0.00390412,brand_unit;legacy_block,
H7096001_S_9349254002035,H8427001_S_9349254002011,,brand_unit;legacy_block,
H7096001_S_9349254002035,H8427001_S_9349254002028,,brand_unit;legacy_block,
H7096001_S_9349254002035,H8427001_S_9349254002035,1.00000000,brand_unit;exact_ean;legacy_block,
H7096001_S_9349254002035,H8427001_S_9349254002042,0.29680409,brand_unit;legacy_block,
H7096001_S_9349254002035,H8427001_S_9349254002059,0.27342480,brand_unit;legacy_block,
H7096001_S_9349254002035,H8427001_S_9349254002066,,brand_unit;legacy_block,
H7096001_S_9349254002035,H8427001_S_9349254004053,0.09905511,brand_unit;legacy_block,
H7096001_S_9349254002035,H8427001_S_9349254006286,,brand_unit;legacy_block,
H7096001_S_9349254002035,H9250001_S_A9349254005005,,brand_unit,
H7096001_S_9349254002035,S2232001_S_GOS2011X2,,brand_unit,
H7096001_S_9349254002035,S2232001_S_GOS2028X2,,brand_unit,
H7096001_S_9349254002035,S2232001_S_GOS2042X2,,brand_unit,
H7096001_S_9349254002035,S2232001_S_GOS2053X2,0.99444923,brand_unit,
H7096001_S_9349254002035,S2232001_S_GOS2059X2,0.06180896,brand_unit,
H7096001_S_9349254002035,S2232001_S_GOS2066X2,,brand_unit,
H7096001_S_9349254002035,S2232001_S_GOS4053X2,,brand_unit,
H7096001_S_9349254002035,S6258001_S_GOS2011X2,,brand_unit,
H7096001_S_9349254002035,S6258001_S_GOS2028X2,,brand_unit,
H7096001_S_9349254002035,S6258001_S_GOS2042X2,,brand_unit,
H7096001_S_9349254002035,S6258001_S_GOS2059X2,0.05449880,brand_unit,
H7096001_S_9349254002035,S6375001_S_9349254004053,0.16178065,brand_unit;legacy_block,
H7096001_S_9349254002035,S6375001_S_9349254006286,,brand_unit;legacy_block,
H7114002_S_Alepia-1,H7114002_S_Alepia-25,0.99956085,brand_unit;legacy_block,
H7114002_S_Alepia-1,H7114002_S_Alepia-40,0.99956085,brand_unit;legacy_block,
H7114002_S_Alepia-1,H7542001_S_AL002,,brand_unit;legacy_block,
H7114002_S_Alepia-1,H9737001_S_nm_alepia_aleppo_soap_25,,brand_unit;legacy_block,
H7114002_S_Alepia-1,S6114001_S_ALEPIA-001,,brand_unit;legacy_block,
H7114002_S_Alepia-1,S6114001_S_ALEPIA-002,,brand_unit;legacy_block,
H7114002_S_Alepia-1,S6114001_S_ALEPIA-005,,brand_unit;legacy_block,
H7114002_S_Alepia-1,S6114001_S_ALEPIA-107,,brand_unit;legacy_block,
H7114002_S_Alepia-16,S6114001_S_ALEPIA-003,,brand_unit;legacy_block,
H7114002_S_Alepia-16,S6114001_S_ALEPIA-006,0.15593834,brand_unit;legacy_block,
H7114002_S_Alepia-16,S6114001_S_ALEPIA-007,0.21834395,brand_unit;legacy_block,
H7114002_S_Alepia-25,H7114002_S_Alepia-40,0.99947937,brand_unit;legacy_block,
H7114002_S_Alepia-25,H7542001_S_AL002,,brand_unit;legacy_block,
H7114002_S_Alepia-25,H9737001_S_nm_alepia_aleppo_soap_25,,brand_unit;legacy_block,
H7114002_S_Alepia-25,S6114001_S_ALEPIA-001,,brand_unit;legacy_block,
H7114002_S_Alepia-25,S6114001_S_ALEPIA-002,,brand_unit;legacy_block,
H7114002_S_Alepia-25,S6114001_S_ALEPIA-005,,brand_unit;legacy_block,
H7114002_S_Alepia-25,S6114001_S_ALEPIA-107,,brand_unit;legacy_block,
H7114002_S_Alepia-40,H7542001_S_AL002,,brand_unit;legacy_block,
H7114002_S_Alepia-40,H9737001_S_nm_alepia_aleppo_soap_25,,brand_unit;legacy_block,
H7114002_S_Alepia-40,S6114001_S_ALEPIA-001,,brand_unit;legacy_block,
H7114002_S_Alepia-40,S6114001_S_ALEPIA-002,,brand_unit;legacy_block,
H7114002_S_Alepia-40,S6114001_S_ALEPIA-005,,brand_unit;legacy_block,
H7114002_S_Alepia-40,S6114001_S_ALEPIA-107,,brand_unit;legacy_block,
H7115001_S_4711401486121,H7115001_S_4711401486138,0.22150156,brand_unit;legacy_block,
H7115001_S_4711401486121,H7115001_S_4711401486152,0.58750319,brand_unit;legacy_block,
H7115001_S_4711401486138,H7115001_S_4711401486152,0.14207177,brand_unit;legacy_block,
H7115001_S_4718022187536,H7115001_S_4718022187543,0.02430579,brand_unit;legacy_block,
H7115001_S_4718022187536,H7115001_S_4718022187550,0.02430579,brand_unit;legacy_block,
H7115001_S_4718022187536,H7115001_S_4718022187574,0.02536327,brand_unit;legacy_block,
H7115001_S_4718022187536,H7115001_S_4718022187581,0.05513263,brand_unit;legacy_block,
H7115001_S_4718022187536,H7115001_S_4718022187604,0.11314396,brand_unit;legacy_block,
H7115001_S_4718022187536,H7115001_S_4718022187611,0.06600121,brand_unit;legacy_block,
H7115001_S_4718022187536,H7115001_S_4718022187628,0.05277469,brand_unit;legacy_block,
H7115001_S_4718022187536,H7115001_S_4718022187635,0.02536327,brand_unit;legacy_block,
H7115001_S_4718022187536,H7115001_S_4718022187642,0.02536327,brand_unit;legacy_block,
H7115001_S_4718022187536,H7115001_S_4718022187666,0.05277469,brand_unit;legacy_block,
H7115001_S_4718022187536,H7115001_S_4718022187673,0.14489327,brand_unit;legacy_block,
H7115001_S_4718022187536,H7115001_S_4718022187680,0.69672991,brand_unit;legacy_block,
H7115001_S_4718022187536,H7115001_S_4718022187703,0.05277469,brand_unit;legacy_block,
H7115001_S_4718022187536,H7115001_S_4718022187710,0.06553252,brand_unit;legacy_block,
H7115001_S_4718022187543,H7115001_S_4718022187550,0.07664056,brand_unit;legacy_block,
H7115001_S_4718022187543,H7115001_S_4718022187574,0.17104554,brand_unit;legacy_block,
H7115001_S_4718022187543,H7115001_S_4718022187581,0.01182393,brand_unit;legacy_block,
H7115001_S_4718022187543,H7115001_S_4718022187604,0.17104554,brand_unit;legacy_block,
H7115001_S_4718022187543,H7115001_S_4718022187611,0.01182393,brand_unit;legacy_block,
H7115001_S_4718022187543,H7115001_S_4718022187628,0.01048636,brand_unit;legacy_block,
H7115001_S_4718022187543,H7115001_S_4718022187635,0.17104554,brand_unit;legacy_block,
H7115001_S_4718022187543,H7115001_S_4718022187642,0.17104554,brand_unit;legacy_block,
H7115001_S_4718022187543,H7115001_S_4718022187666,0.02430579,brand_unit;legacy_block,
H7115001_S_4718022187543,H7115001_S_4718022187673,0.07388861,brand_unit;legacy_block,
H7115001_S_4718022187543,H7115001_S_4718022187680,0.07388861,brand_unit;legacy_block,
H7115001_S_4718022187543,H7115001_S_4718022187703,0.02430579,brand_unit;legacy_block,
H7115001_S_4718022187543,H7115001_S_4718022187710,0.25271799,brand_unit;legacy_block,
H7115001_S_4718022187550,H7115001_S_4718022187574,0.17104554,brand_unit;legacy_block,
H7115001_S_4718022187550,H7115001_S_4718022187581,,brand_unit;legacy_block,
H7115001_S_4718022187550,H7115001_S_4718022187604,0.17104554,brand_unit;legacy_block,
H7115001_S_4718022187550,H7115001_S_4718022187611,0.02740430,brand_unit;legacy_block,
H7115001_S_4718022187550,H7115001_S_4718022187628,0.02430579,brand_unit;legacy_block,
H7115001_S_4718022187550,H7115001_S_4718022187635,0.10390919,brand_unit;legacy_block,
H7115001_S_4718022187550,H7115001_S_4718022187642,0.17104554,brand_unit;legacy_block,
H7115001_S_4718022187550,H7115001_S_4718022187666,0.02232258,brand_unit;legacy_block,
H7115001_S_4718022187550,H7115001_S_4718022187673,0.07664056,brand_unit;legacy_block,
H7115001_S_4718022187550,H7115001_S_4718022187680,0.07664056,brand_unit;legacy_block,
H7115001_S_4718022187550,H7115001_S_4718022187703,0.02430579,brand_unit;legacy_block,
H7115001_S_4718022187550,H7115001_S_4718022187710,0.24476369,brand_unit;legacy_block,
H7115001_S_4718022187574,H7115001_S_4718022187581,0.10743435,brand_unit;legacy_block,
H7115001_S_4718022187574,H7115001_S_4718022187604,0.49749649,brand_unit;legacy_block,
H7115001_S_4718022187574,H7115001_S_4718022187611,0.10617878,brand_unit;legacy_block,
H7115001_S_4718022187574,H7115001_S_4718022187628,0.02536327,brand_unit;legacy_block,
H7115001_S_4718022187574,H7115001_S_4718022187635,0.49749649,brand_unit;legacy_block,
H7115001_S_4718022187574,H7115001_S_4718022187642,0.49749649,brand_unit;legacy_block,
H7115001_S_4718022187574,H7115001_S_4718022187666,0.02536327,brand_unit;legacy_block,
H7115001_S_4718022187574,H7115001_S_4718022187673,0.21648071,brand_unit;legacy_block,
H7115001_S_4718022187574,H7115001_S_4718022187680,0.17285456,brand_unit;legacy_block,
H7115001_S_4718022187574,H7115001_S_4718022187703,0.02536327,brand_unit;legacy_block,
H7115001_S_4718022187574,H7115001_S_4718022187710,0.16918748,brand_unit;legacy_block,
H7115001_S_4718022187581,H7115001_S_4718022187604,0.10743435,brand_unit;legacy_block,
H7115001_S_4718022187581,H7115001_S_4718022187611,0.01532776,brand_unit;legacy_block,
H7115001_S_4718022187581,H7115001_S_4718022187628,0.01359928,brand_unit;legacy_block,
H7115001_S_4718022187581,H7115001_S_4718022187635,0.10743435,brand_unit;legacy_block,
H7115001_S_4718022187581,H7115001_S_4718022187642,0.10743435,brand_unit;legacy_block,
H7115001_S_4718022187581,H7115001_S_4718022187666,0.05513263,brand_unit;legacy_block,
H7115001_S_4718022187581,H7115001_S_4718022187673,0.02430579,brand_unit;legacy_block,
H7115001_S_4718022187581,H7115001_S_4718022187680,0.02430579,brand_unit;legacy_block,
H7115001_S_4718022187581,H7115001_S_4718022187703,0.05513263,brand_unit;legacy_block,
H7115001_S_4718022187581,H7115001_S_4718022187710,0.10847023,brand_unit;legacy_block,
H7115001_S_4718022187604,H7115001_S_4718022187611,0.10617878,brand_unit;legacy_block,
H7115001_S_4718022187604,H7115001_S_4718022187628,0.02536327,brand_unit;legacy_block,
H7115001_S_4718022187604,H7115001_S_4718022187635,0.49749649,brand_unit;legacy_block,
H7115001_S_4718022187604,H7115001_S_4718022187642,0.97352743,brand_unit;legacy_block,
H7115001_S_4718022187604,H7115001_S_4718022187666,0.02536327,brand_unit;legacy_block,
H7115001_S_4718022187604,H7115001_S_4718022187673,0.11706299,brand_unit;legacy_block,
H7115001_S_4718022187604,H7115001_S_4718022187680,0.13144547,brand_unit;legacy_block,
H7115001_S_4718022187604,H7115001_S_4718022187703,0.04426656,brand_unit;legacy_block,
H7115001_S_4718022187604,H7115001_S_4718022187710,0.16918748,brand_unit;legacy_block,
H7115001_S_4718022187611,H7115001_S_4718022187628,0.01621475,brand_unit;legacy_block,
H7115001_S_4718022187611,H7115001_S_4718022187635,0.10617878,brand_unit;legacy_block,
H7115001_S_4718022187611,H7115001_S_4718022187642,0.10617878,brand_unit;legacy_block,
H7115001_S_4718022187611,H7115001_S_4718022187666,0.06159419,brand_unit;legacy_block,
H7115001_S_4718022187611,H7115001_S_4718022187673,0.02571950,brand_unit;legacy_block,
H7115001_S_4718022187611,H7115001_S_4718022187680,0.02399561,brand_unit;legacy_block,
H7115001_S_4718022187611,H7115001_S_4718022187703,0.06159419,brand_unit;legacy_block,
H7115001_S_4718022187611,H7115001_S_4718022187710,0.10720401,brand_unit;legacy_block,
H7115001_S_4718022187628,H7115001_S_4718022187635,0.02536327,brand_unit;legacy_block,
H7115001_S_4718022187628,H7115001_S_4718022187642,0.02536327,brand_unit;legacy_block,
H7115001_S_4718022187628,H7115001_S_4718022187666,0.07033905,brand_unit;legacy_block,
H7115001_S_4718022187628,H7115001_S_4718022187673,0.02953132,brand_unit;legacy_block,
H7115001_S_4718022187628,H7115001_S_4718022187680,0.02953132,brand_unit;legacy_block,
H7115001_S_4718022187628,H7115001_S_4718022187703,0.02377875,brand_unit;legacy_block,
H7115001_S_4718022187628,H7115001_S_4718022187710,0.02399561,brand_unit;legacy_block,
H7115001_S_4718022187635,H7115001_S_4718022187642,0.49749649,brand_unit;legacy_block,
H7115001_S_4718022187635,H7115001_S_4718022187666,0.02931628,brand_unit;legacy_block,
H7115001_S_4718022187635,H7115001_S_4718022187673,0.04270572,brand_unit;legacy_block,
H7115001_S_4718022187635,H7115001_S_4718022187680,0.17285456,brand_unit;legacy_block,
H7115001_S_4718022187635,H7115001_S_4718022187703,0.02536327,brand_unit;legacy_block,
H7115001_S_4718022187635,H7115001_S_4718022187710,0.16918748,brand_unit;legacy_block,
H7115001_S_4718022187642,H7115001_S_4718022187666,0.02536327,brand_unit;legacy_block,
H7115001_S_4718022187642,H7115001_S_4718022187673,0.25705871,brand_unit;legacy_block,
H7115001_S_4718022187642,H7115001_S_4718022187680,0.17285456,brand_unit;legacy_block,
H7115001_S_4718022187642,H7115001_S_4718022187703,0.04426656,brand_unit;legacy_block,
H7115001_S_4718022187642,H7115001_S_4718022187710,0.16918748,brand_unit;legacy_block,
H7115001_S_4718022187666,H7115001_S_4718022187673,0.02953132,brand_unit;legacy_block,
H7115001_S_4718022187666,H7115001_S_4718022187680,0.02953132,brand_unit;legacy_block,
H7115001_S_4718022187666,H7115001_S_4718022187703,0.06660403,brand_unit;legacy_block,
H7115001_S_4718022187666,H7115001_S_4718022187710,0.02399561,brand_unit;legacy_block,
H7115001_S_4718022187673,H7115001_S_4718022187680,0.35966769,brand_unit;legacy_block,
H7115001_S_4718022187673,H7115001_S_4718022187703,0.03761476,brand_unit;legacy_block,
H7115001_S_4718022187673,H7115001_S_4718022187710,0.07999973,brand_unit;legacy_block,
H7115001_S_4718022187680,H7115001_S_4718022187703,0.02953132,brand_unit;legacy_block,
H7115001_S_4718022187680,H7115001_S_4718022187710,0.06101874,brand_unit;legacy_block,
H7115001_S_4718022187703,H7115001_S_4718022187710,0.02399561,brand_unit;legacy_block,
H7138001_S_Y350100067,H7138001_S_Y350100227,0.21382151,brand_unit,
H7138001_S_Y350100067,H7138001_S_Y35010074,0.18704598,brand_unit,
H7138001_S_Y350100067,H7138001_S_Y35016021-2,0.00152748,brand_unit,
H7138001_S_Y350100067,H8867001_S_lzn0003,0.00055129,brand_unit,
H7138001_S_Y350100067,H8999001_S_LZ_soap_4710942103153,0.11278411,brand_unit,
H7138001_S_Y350100067,H8999001_S_LZ_soap_4710942103160,0.07567287,brand_unit,
H7138001_S_Y350100067,H8999001_S_LZ_soap_4710942103184,0.33386220,brand_unit,
H7138001_S_Y350100067,H8999001_S_LZ_soap_4710942103191,0.33386220,brand_unit,
H7138001_S_Y350100227,H7138001_S_Y35010074,,brand_unit;legacy_block,
H7138001_S_Y350100227,H7138001_S_Y35016021-2,,brand_unit;legacy_block,
H7138001_S_Y350100227,H8867001_S_lzn0003,,brand_unit;legacy_block,
H7138001_S_Y350100227,H8999001_S_LZ_soap_4710942103153,0.30582281,brand_unit,
H7138001_S_Y350100227,H8999001_S_LZ_soap_4710942103160,,brand_unit,
H7138001_S_Y350100227,H8999001_S_LZ_soap_4710942103184,0.00235505,brand_unit,
H7138001_S_Y350100227,H8999001_S_LZ_soap_4710942103191,,brand_unit,
H7138001_S_Y35010074,H7138001_S_Y35016021-2,0.01564764,brand_unit;legacy_block,
H7138001_S_Y35010074,H8867001_S_lzn0003,1.00000000,brand_unit;legacy_block,
H7138001_S_Y35010074,H8999001_S_LZ_soap_4710942103153,0.29632990,brand_unit,
H7138001_S_Y35010074,H8999001_S_LZ_soap_4710942103160,1.00000000,brand_unit,
H7138001_S_Y35010074,H8999001_S_LZ_soap_4710942103184,0.00104446,brand_unit,
H7138001_S_Y35010074,H8999001_S_LZ_soap_4710942103191,0.00104446,brand_unit,
H7138001_S_Y35016021-2,H8867001_S_lzn0003,0.40103137,brand_unit;legacy_block,
H7138001_S_Y35016021-2,H8999001_S_LZ_soap_4710942103153,0.07308594,brand_unit,
H7138001_S_Y35016021-2,H8999001_S_LZ_soap_4710942103160,0.00430266,brand_unit,
H7138001_S_Y35016021-2,H8999001_S_LZ_soap_4710942103184,,brand_unit,
H7138001_S_Y35016021-2,H8999001_S_LZ_soap_4710942103191,1.00000000,brand_unit,
H7142001_S_196491,H7142002_S_196491,1.00000000,brand_unit;legacy_block;packfree_exact,
H7142001_S_196491,H7142003_S_196491,1.00000000,brand_unit;legacy_block;packfree_exact,
H7142001_S_196491,H7273001_S_8852086002780,0.27145127,brand_unit,
H7142001_S_196491,H7273001_S_8852086002797,0.98728941,brand_unit,
H7142001_S_196491,H8196001_S_8852086922385,,brand_unit,
H7142001_S_196491,H8196001_S_885208692239,0.97673889,brand_unit,
H7142001_S_196491,H8424001_S_8852086922385,,brand_unit,
H7142001_S_196491,H8424001_S_8852086922392,0.98493247,brand_unit,
H7142001_S_196491,H8765001_S_25392,0.88877148,brand_unit,
H7142002_S_196491,H7142003_S_196491,1.00000000,brand_unit;legacy_block;packfree_exact,
H7142002_S_196491,H7273001_S_8852086002780,0.27145127,brand_unit,
H7142002_S_196491,H7273001_S_8852086002797,0.98728941,brand_unit,
H7142002_S_196491,H8196001_S_8852086922385,,brand_unit,
H7142002_S_196491,H8196001_S_885208692239,0.97673889,brand_unit,
H7142002_S_196491,H8424001_S_8852086922385,,brand_unit,
H7142002_S_196491,H8424001_S_8852086922392,0.98493247,brand_unit,
H7142002_S_196491,H8765001_S_25392,0.88877148,brand_unit,
H7142003_S_196491,H7273001_S_8852086002780,0.27145127,brand_unit,
H7142003_S_196491,H7273001_S_8852086002797,0.98728941,brand_unit,
H7142003_S_196491,H8196001_S_8852086922385,,brand_unit,
H7142003_S_196491,H8196001_S_885208692239,0.97673889,brand_unit,
H7142003_S_196491,H8424001_S_8852086922385,,brand_unit,
H7142003_S_196491,H8424001_S_8852086922392,0.98493247,brand_unit,
H7142003_S_196491,H8765001_S_25392,0.88877148,brand_unit,
H7148001_S_20110556,S2188001_S_AVNbarXERACALM100g0684,0.20113658,brand_unit;legacy_block,
H7148001_S_20110556,S2188001_S_AVNcleananceSOLID100g8021,0.10051610,brand_unit;legacy_block,
H7148001_S_20110556,S2188001_S_AVNcoldBARsoap100g8992,0.90041099,brand_unit;legacy_block,
H7148001_S_20110556,S2188001_S_AVNxeraADultracleansBar100g8472,0.89967295,brand_unit;legacy_block,
H7148001_S_20110815,S2188001_S_LRPlipikarSURGRAS150g4533,0.99801151,brand_unit;legacy_block,
H7273001_S_8852086002780,H7273001_S_8852086002797,0.48659691,brand_unit;legacy_block,
H7273001_S_8852086002780,H8196001_S_8852086922385,1.00000000,brand_unit;exact_ean;legacy_block,
H7273001_S_8852086002780,H8196001_S_885208692239,0.97458961,brand_unit;legacy_block,
H7273001_S_8852086002780,H8424001_S_8852086922385,0.29626514,brand_unit;legacy_block,
H7273001_S_8852086002780,H8424001_S_8852086922392,0.32768247,brand_unit;legacy_block,
H7273001_S_8852086002780,H8765001_S_25392,0.83428985,brand_unit;legacy_block,
H7273001_S_8852086002797,H8196001_S_8852086922385,,brand_unit;legacy_block,
H7273001_S_8852086002797,H8196001_S_885208692239,1.00000000,brand_unit;exact_ean;legacy_block,
H7273001_S_8852086002797,H8424001_S_8852086922385,,brand_unit;legacy_block,
H7273001_S_8852086002797,H8424001_S_8852086922392,1.00000000,brand_unit;legacy_block,
H7273001_S_8852086002797,H8765001_S_25392,1.00000000,brand_unit;exact_ean;legacy_block,
H7285001_S_AS-113,H7285001_S_M002,0.00068355,brand_unit,
H7285001_S_AS-113,H7285001_S_M035,0.00061922,brand_unit,
H7285001_S_AS-113,H8116001_S_TW22-MED-001,0.02697967,brand_unit,
H7285001_S_AS-113,H8116001_S_TW22-MED-002,0.01413430,brand_unit,
H7285001_S_AS-113,H8116001_S_TW22-MED-003,0.01779881,brand_unit,
H7285001_S_AS-113,H8116001_S_TW22-MED-004,0.00313419,brand_unit,
H7285001_S_M002,H7285001_S_M035,0.00810967,brand_unit;legacy_block,
H7285001_S_M002,H8116001_S_TW22-MED-001,0.04341175,brand_unit;legacy_block,
H7285001_S_M002,H8116001_S_TW22-MED-002,0.08988269,brand_unit;legacy_block,
H7285001_S_M002,H8116001_S_TW22-MED-003,0.15162233,brand_unit;legacy_block,
H7285001_S_M002,H8116001_S_TW22-MED-004,0.10075677,brand_unit;legacy_block,
H7285001_S_M035,H8116001_S_TW22-MED-001,0.00880188,brand_unit;legacy_block,
H7285001_S_M035,H8116001_S_TW22-MED-002,0.02721375,brand_unit;legacy_block,
H7285001_S_M035,H8116001_S_TW22-MED-003,0.18752527,brand_unit;legacy_block,
H7285001_S_M035,H8116001_S_TW22-MED-004,0.01600323,brand_unit;legacy_block,
H7285001_S_SM-134,H8115001_S_KY-C00077,0.03959057,brand_unit,
H7285001_S_SM-134,S2232001_S_PEA05176X2,0.00586268,brand_unit;legacy_block,
H7285001_S_SM-134,S2232001_S_PEA08321X2,0.01802321,brand_unit;legacy_block,
H7285001_S_SM-134,S2232001_S_PEA24023X2,0.00565226,brand_unit;legacy_block,
H7322001_S_KHESP001LAV90,H7322001_S_KHESP002ALO90,,brand_unit;legacy_block,
H7343002_S_HK230223JJQT05858RMN01,H7343003_S_HK230223JJQT05858RMN01,1.00000000,legacy_block;packfree_exact,
H7343002_S_HK230223JJQT05858RMN01,H7343013_S_HK230223JJQT05858RMN01,0.99150059,legacy_block,
H7343002_S_HK230329JJQT06511RMN02,H7343003_S_HK230329JJQT06511RMN02,1.00000000,packfree_exact,
H7343002_S_HK230329JJQT06511RMN02,H7343015_S_HK230329JJQT06511RMN02,1.00000000,packfree_exact,
H7343002_S_HK230502JJQT07214RMN05,H7343003_S_HK230502JJQT07214RMN05,1.00000000,legacy_block;packfree_exact,
H7343002_S_HK230502JJQT07214RMN05,H7343013_S_HK230502JJQT07214RMN05,1.00000000,legacy_block;packfree_exact,
H7343002_S_HK230502JJQT07214RMN05,H7343015_S_HK230502JJQT07214RMN05,1.00000000,legacy_block;packfree_exact,
H7343002_S_HK230502JJQT07214RMN05,H7420001_S_MASKHOME-485,0.00428041,legacy_block,
H7343002_S_HK230502JJQT07214RMN05,S1061001_S_MON-748-027-0000,0.00695425,legacy_block,
H7343002_S_HK231214JJQT10097RMN01,H7343002_S_HK260107JJQT15884RMN01,,legacy_block,
H7343002_S_HK231214JJQT10097RMN01,H7343003_S_HK230329JJQT06511RMN02,0.91067143,legacy_block,
H7343002_S_HK231214JJQT10097RMN01,H7343003_S_HK231214JJQT10097RMN01,1.00000000,legacy_block;packfree_exact,
H7343002_S_HK231214JJQT10097RMN01,H7343003_S_HK260107JJQT15884RMN01,,legacy_block,
H7343002_S_HK231214JJQT10097RMN01,H7343013_S_HK230329JJQT06511RMN02,0.89651227,legacy_block,
H7343002_S_HK231214JJQT10097RMN01,H7343013_S_HK231214JJQT10097RMN01,0.98716637,legacy_block,
H7343002_S_HK231214JJQT10097RMN01,H7343013_S_HK260107JJQT15884RMN01,,legacy_block,
H7343002_S_HK231214JJQT10097RMN01,H7343015_S_HK230329JJQT06511RMN02,0.91067143,legacy_block,
H7343002_S_HK231214JJQT10097RMN01,H7343015_S_HK231214JJQT10097RMN01,1.00000000,legacy_block;packfree_exact,
H7343002_S_HK231214JJQT10097RMN01,H7343015_S_HK260107JJQT15884RMN01,,legacy_block,
H7343002_S_HK231214JJQT10097RMN01,H8513001_S_Ehome-0008,,legacy_block,
H7343002_S_HK231214JJQT10097RMN01,H8513001_S_Ehome-0009,,legacy_block,
H7343002_S_HK231214JJQT10097RMN01,H8513001_S_Ehome-0010,,legacy_block,
H7343002_S_HK231214JJQT10097RMN01,H8513001_S_Ehome-0011,,legacy_block,
H7343002_S_HK231214JJQT10097RMN01,H8513001_S_Ehome-0012,,legacy_block,
H7343002_S_HK231214JJQT10097RMN01,H8513001_S_Ehome-0158,,legacy_block,
H7343002_S_HK231214JJQT10097RMN01,H8513003_S_Ehome-0008,,legacy_block,
H7343002_S_HK231214JJQT10097RMN01,H8513003_S_Ehome-0009,,legacy_block,
H7343002_S_HK231214JJQT10097RMN01,H8513003_S_Ehome-0010,,legacy_block,
H7343002_S_HK231214JJQT10097RMN01,H8513003_S_Ehome-0011,,legacy_block,
H7343002_S_HK231214JJQT10097RMN01,H8513003_S_Ehome-0012,,legacy_block,
H7343002_S_HK231214JJQT10097RMN01,H8513003_S_Ehome-0158,,legacy_block,
H7343002_S_HK240123JJQT10779RMN01,H7343003_S_HK240123JJQT10779RMN01,1.00000000,legacy_block;packfree_exact,
H7343002_S_HK240123JJQT10779RMN01,H7343013_S_HK240123JJQT10779RMN01,1.00000000,legacy_block;packfree_exact,
H7343002_S_HK240123JJQT10779RMN01,H7343015_S_HK240123JJQT10779RMN01,1.00000000,legacy_block;packfree_exact,
H7343002_S_HK250827JJQT15362RMN01,H7343003_S_HK250827JJQT15362RMN01,1.00000000,legacy_block;packfree_exact,
H7343002_S_HK250827JJQT15362RMN01,H7343013_S_HK250827JJQT15362RMN01,1.00000000,legacy_block;packfree_exact,
H7343002_S_HK250827JJQT15362RMN01,H7343015_S_HK250827JJQT15362RMN01,1.00000000,legacy_block;packfree_exact,
H7343002_S_HK250827JJQT15362RMN01,H8708001_S_HK0748,0.85662083,legacy_block,
H7343002_S_HK250827JJQT15362RMN01,H9822001_S_WW084-MiteSulfurSoap,0.98783434,legacy_block,
H7343002_S_HK250827JJQT15362RMN01,S1061001_S_MON-624-153-0000,0.88287193,legacy_block,
H7343002_S_HK260107JJQT15884RMN01,H7343003_S_HK230329JJQT06511RMN02,,legacy_block,
H7343002_S_HK260107JJQT15884RMN01,H7343003_S_HK231214JJQT10097RMN01,,legacy_block,
H7343002_S_HK260107JJQT15884RMN01,H7343003_S_HK260107JJQT15884RMN01,1.00000000,legacy_block;packfree_exact,
H7343002_S_HK260107JJQT15884RMN01,H7343013_S_HK230329JJQT06511RMN02,,legacy_block,
H7343002_S_HK260107JJQT15884RMN01,H7343013_S_HK231214JJQT10097RMN01,,legacy_block,
H7343002_S_HK260107JJQT15884RMN01,H7343013_S_HK260107JJQT15884RMN01,0.83934906,legacy_block,
H7343002_S_HK260107JJQT15884RMN01,H7343015_S_HK230329JJQT06511RMN02,,legacy_block,
H7343002_S_HK260107JJQT15884RMN01,H7343015_S_HK231214JJQT10097RMN01,,legacy_block,
H7343002_S_HK260107JJQT15884RMN01,H7343015_S_HK260107JJQT15884RMN01,1.00000000,legacy_block;packfree_exact,
H7343002_S_HK260107JJQT15884RMN01,H8513001_S_Ehome-0008,1.00000000,legacy_block;packfree_exact,
H7343002_S_HK260107JJQT15884RMN01,H8513001_S_Ehome-0009,,legacy_block,
H7343002_S_HK260107JJQT15884RMN01,H8513001_S_Ehome-0010,,legacy_block,
H7343002_S_HK260107JJQT15884RMN01,H8513001_S_Ehome-0011,,legacy_block,
H7343002_S_HK260107JJQT15884RMN01,H8513001_S_Ehome-0012,,legacy_block,
H7343002_S_HK260107JJQT15884RMN01,H8513001_S_Ehome-0158,,legacy_block,
H7343002_S_HK260107JJQT15884RMN01,H8513003_S_Ehome-0008,1.00000000,legacy_block;packfree_exact,
H7343002_S_HK260107JJQT15884RMN01,H8513003_S_Ehome-0009,,legacy_block,
H7343002_S_HK260107JJQT15884RMN01,H8513003_S_Ehome-0010,,legacy_block,
H7343002_S_HK260107JJQT15884RMN01,H8513003_S_Ehome-0011,,legacy_block,
H7343002_S_HK260107JJQT15884RMN01,H8513003_S_Ehome-0012,,legacy_block,
H7343002_S_HK260107JJQT15884RMN01,H8513003_S_Ehome-0158,,legacy_block,
H7343002_S_S023PLHK230221JJQT05820RMN02,H7343015_S_3PLHK230221JJQT05820RMN02,1.00000000,legacy_block;packfree_exact,
H7343002_S_S023PLHK230221JJQT05820RMN02,S1061001_S_MON-748-027-0000,0.00641500,legacy_block,
H7343003_S_HK230221JJQT05820RMN02,H7343013_S_HK230221JJQT05820RMN02,0.98801988,legacy_block,
H7343003_S_HK230221JJQT05820RMN02,H9357001_S_4897025527393,0.05145058,legacy_block,
H7343003_S_HK230223JJQT05858RMN01,H7343013_S_HK230223JJQT05858RMN01,0.99150059,legacy_block,
H7343003_S_HK230329JJQT06511RMN02,H7343003_S_HK231214JJQT10097RMN01,0.91067143,legacy_block,
H7343003_S_HK230329JJQT06511RMN02,H7343003_S_HK260107JJQT15884RMN01,,legacy_block,
H7343003_S_HK230329JJQT06511RMN02,H7343013_S_HK230329JJQT06511RMN02,0.99380251,legacy_block,
H7343003_S_HK230329JJQT06511RMN02,H7343013_S_HK231214JJQT10097RMN01,0.94070894,legacy_block,
H7343003_S_HK230329JJQT06511RMN02,H7343013_S_HK260107JJQT15884RMN01,,legacy_block,
H7343003_S_HK230329JJQT06511RMN02,H7343015_S_HK230329JJQT06511RMN02,1.00000000,legacy_block;packfree_exact,
H7343003_S_HK230329JJQT06511RMN02,H7343015_S_HK231214JJQT10097RMN01,0.91067143,legacy_block,
H7343003_S_HK230329JJQT06511RMN02,H7343015_S_HK260107JJQT15884RMN01,,legacy_block,
H7343003_S_HK230329JJQT06511RMN02,H8513001_S_Ehome-0008,,legacy_block,
H7343003_S_HK230329JJQT06511RMN02,H8513001_S_Ehome-0009,,legacy_block,
H7343003_S_HK230329JJQT06511RMN02,H8513001_S_Ehome-0010,,legacy_block,
H7343003_S_HK230329JJQT06511RMN02,H8513001_S_Ehome-0011,,legacy_block,
H7343003_S_HK230329JJQT06511RMN02,H8513001_S_Ehome-0012,,legacy_block,
H7343003_S_HK230329JJQT06511RMN02,H8513001_S_Ehome-0158,,legacy_block,
H7343003_S_HK230329JJQT06511RMN02,H8513003_S_Ehome-0008,,legacy_block,
H7343003_S_HK230329JJQT06511RMN02,H8513003_S_Ehome-0009,,legacy_block,
H7343003_S_HK230329JJQT06511RMN02,H8513003_S_Ehome-0010,,legacy_block,
H7343003_S_HK230329JJQT06511RMN02,H8513003_S_Ehome-0011,,legacy_block,
H7343003_S_HK230329JJQT06511RMN02,H8513003_S_Ehome-0012,,legacy_block,
H7343003_S_HK230329JJQT06511RMN02,H8513003_S_Ehome-0158,,legacy_block,
H7343003_S_HK230502JJQT07214RMN05,H7343013_S_HK230502JJQT07214RMN05,1.00000000,legacy_block;packfree_exact,
H7343003_S_HK230502JJQT07214RMN05,H7343015_S_HK230502JJQT07214RMN05,1.00000000,legacy_block;packfree_exact,
H7343003_S_HK230502JJQT07214RMN05,H7420001_S_MASKHOME-485,0.00428041,legacy_block,
H7343003_S_HK230502JJQT07214RMN05,S1061001_S_MON-748-027-0000,0.00695425,legacy_block,
H7343003_S_HK231214JJQT10097RMN01,H7343003_S_HK260107JJQT15884RMN01,,legacy_block,
H7343003_S_HK231214JJQT10097RMN01,H7343013_S_HK230329JJQT06511RMN02,0.89651227,legacy_block,
H7343003_S_HK231214JJQT10097RMN01,H7343013_S_HK231214JJQT10097RMN01,0.98716637,legacy_block,
H7343003_S_HK231214JJQT10097RMN01,H7343013_S_HK260107JJQT15884RMN01,,legacy_block,
H7343003_S_HK231214JJQT10097RMN01,H7343015_S_HK230329JJQT06511RMN02,0.91067143,legacy_block,
H7343003_S_HK231214JJQT10097RMN01,H7343015_S_HK231214JJQT10097RMN01,1.00000000,legacy_block;packfree_exact,
H7343003_S_HK231214JJQT10097RMN01,H7343015_S_HK260107JJQT15884RMN01,,legacy_block,
H7343003_S_HK231214JJQT10097RMN01,H8513001_S_Ehome-0008,,legacy_block,
H7343003_S_HK231214JJQT10097RMN01,H8513001_S_Ehome-0009,,legacy_block,
H7343003_S_HK231214JJQT10097RMN01,H8513001_S_Ehome-0010,,legacy_block,
H7343003_S_HK231214JJQT10097RMN01,H8513001_S_Ehome-0011,,legacy_block,
H7343003_S_HK231214JJQT10097RMN01,H8513001_S_Ehome-0012,,legacy_block,
H7343003_S_HK231214JJQT10097RMN01,H8513001_S_Ehome-0158,,legacy_block,
H7343003_S_HK231214JJQT10097RMN01,H8513003_S_Ehome-0008,,legacy_block,
H7343003_S_HK231214JJQT10097RMN01,H8513003_S_Ehome-0009,,legacy_block,
H7343003_S_HK231214JJQT10097RMN01,H8513003_S_Ehome-0010,,legacy_block,
H7343003_S_HK231214JJQT10097RMN01,H8513003_S_Ehome-0011,,legacy_block,
H7343003_S_HK231214JJQT10097RMN01,H8513003_S_Ehome-0012,,legacy_block,
H7343003_S_HK231214JJQT10097RMN01,H8513003_S_Ehome-0158,,legacy_block,
H7343003_S_HK240123JJQT10779RMN01,H7343013_S_HK240123JJQT10779RMN01,1.00000000,legacy_block;packfree_exact,
H7343003_S_HK240123JJQT10779RMN01,H7343015_S_HK240123JJQT10779RMN01,1.00000000,legacy_block;packfree_exact,
H7343003_S_HK240529JJQT11687RMN01,H7343013_S_HK240529JJQT11687RMN01,0.96689672,legacy_block,
H7343003_S_HK240529JJQT11687RMN01,H7343015_S_HK240529JJQT11687RMN01,1.00000000,legacy_block;packfree_exact,
H7343003_S_HK250827JJQT15362RMN01,H7343013_S_HK250827JJQT15362RMN01,1.00000000,legacy_block;packfree_exact,
H7343003_S_HK250827JJQT15362RMN01,H7343015_S_HK250827JJQT15362RMN01,1.00000000,legacy_block;packfree_exact,
H7343003_S_HK250827JJQT15362RMN01,H8708001_S_HK0748,0.85662083,legacy_block,
H7343003_S_HK250827JJQT15362RMN01,H9822001_S_WW084-MiteSulfurSoap,0.98783434,legacy_block,
H7343003_S_HK250827JJQT15362RMN01,S1061001_S_MON-624-153-0000,0.88287193,legacy_block,
H7343003_S_HK260107JJQT15884RMN01,H7343013_S_HK230329JJQT06511RMN02,,legacy_block,
H7343003_S_HK260107JJQT15884RMN01,H7343013_S_HK231214JJQT10097RMN01,,legacy_block,
H7343003_S_HK260107JJQT15884RMN01,H7343013_S_HK260107JJQT15884RMN01,0.83934906,legacy_block,
H7343003_S_HK260107JJQT15884RMN01,H7343015_S_HK230329JJQT06511RMN02,,legacy_block,
H7343003_S_HK260107JJQT15884RMN01,H7343015_S_HK231214JJQT10097RMN01,,legacy_block,
H7343003_S_HK260107JJQT15884RMN01,H7343015_S_HK260107JJQT15884RMN01,1.00000000,legacy_block;packfree_exact,
H7343003_S_HK260107JJQT15884RMN01,H8513001_S_Ehome-0008,1.00000000,legacy_block;packfree_exact,
H7343003_S_HK260107JJQT15884RMN01,H8513001_S_Ehome-0009,,legacy_block,
H7343003_S_HK260107JJQT15884RMN01,H8513001_S_Ehome-0010,,legacy_block,
H7343003_S_HK260107JJQT15884RMN01,H8513001_S_Ehome-0011,,legacy_block,
H7343003_S_HK260107JJQT15884RMN01,H8513001_S_Ehome-0012,,legacy_block,
H7343003_S_HK260107JJQT15884RMN01,H8513001_S_Ehome-0158,,legacy_block,
H7343003_S_HK260107JJQT15884RMN01,H8513003_S_Ehome-0008,1.00000000,legacy_block;packfree_exact,
H7343003_S_HK260107JJQT15884RMN01,H8513003_S_Ehome-0009,,legacy_block,
H7343003_S_HK260107JJQT15884RMN01,H8513003_S_Ehome-0010,,legacy_block,
H7343003_S_HK260107JJQT15884RMN01,H8513003_S_Ehome-0011,,legacy_block,
H7343003_S_HK260107JJQT15884RMN01,H8513003_S_Ehome-0012,,legacy_block,
H7343003_S_HK260107JJQT15884RMN01,H8513003_S_Ehome-0158,,legacy_block,
H7343013_S_HK230221JJQT05820RMN02,H9357001_S_4897025527393,0.23962921,legacy_block,
H7343013_S_HK230329JJQT06511RMN02,H7343013_S_HK231214JJQT10097RMN01,0.99806297,legacy_block,
H7343013_S_HK230329JJQT06511RMN02,H7343013_S_HK260107JJQT15884RMN01,,legacy_block,
H7343013_S_HK230329JJQT06511RMN02,H7343015_S_HK230329JJQT06511RMN02,0.99380251,legacy_block,
H7343013_S_HK230329JJQT06511RMN02,H7343015_S_HK231214JJQT10097RMN01,0.89651227,legacy_block,
H7343013_S_HK230329JJQT06511RMN02,H7343015_S_HK260107JJQT15884RMN01,,legacy_block,
H7343013_S_HK230329JJQT06511RMN02,H8513001_S_Ehome-0008,,legacy_block,
H7343013_S_HK230329JJQT06511RMN02,H8513001_S_Ehome-0009,,legacy_block,
H7343013_S_HK230329JJQT06511RMN02,H8513001_S_Ehome-0010,,legacy_block,
H7343013_S_HK230329JJQT06511RMN02,H8513001_S_Ehome-0011,,legacy_block,
H7343013_S_HK230329JJQT06511RMN02,H8513001_S_Ehome-0012,,legacy_block,
H7343013_S_HK230329JJQT06511RMN02,H8513001_S_Ehome-0158,,legacy_block,
H7343013_S_HK230329JJQT06511RMN02,H8513003_S_Ehome-0008,,legacy_block,
H7343013_S_HK230329JJQT06511RMN02,H8513003_S_Ehome-0009,,legacy_block,
H7343013_S_HK230329JJQT06511RMN02,H8513003_S_Ehome-0010,,legacy_block,
H7343013_S_HK230329JJQT06511RMN02,H8513003_S_Ehome-0011,,legacy_block,
H7343013_S_HK230329JJQT06511RMN02,H8513003_S_Ehome-0012,,legacy_block,
H7343013_S_HK230329JJQT06511RMN02,H8513003_S_Ehome-0158,,legacy_block,
H7343013_S_HK230502JJQT07214RMN05,H7343015_S_HK230502JJQT07214RMN05,1.00000000,legacy_block;packfree_exact,
H7343013_S_HK230502JJQT07214RMN05,H7420001_S_MASKHOME-485,0.00428041,legacy_block,
H7343013_S_HK230502JJQT07214RMN05,S1061001_S_MON-748-027-0000,0.00695425,legacy_block,
H7343013_S_HK231214JJQT10097RMN01,H7343013_S_HK260107JJQT15884RMN01,,legacy_block,
H7343013_S_HK231214JJQT10097RMN01,H7343015_S_HK230329JJQT06511RMN02,0.94070894,legacy_block,
H7343013_S_HK231214JJQT10097RMN01,H7343015_S_HK231214JJQT10097RMN01,0.98716637,legacy_block,
H7343013_S_HK231214JJQT10097RMN01,H7343015_S_HK260107JJQT15884RMN01,,legacy_block,
H7343013_S_HK231214JJQT10097RMN01,H8513001_S_Ehome-0008,,legacy_block,
H7343013_S_HK231214JJQT10097RMN01,H8513001_S_Ehome-0009,,legacy_block,
H7343013_S_HK231214JJQT10097RMN01,H8513001_S_Ehome-0010,,legacy_block,
H7343013_S_HK231214JJQT10097RMN01,H8513001_S_Ehome-0011,,legacy_block,
H7343013_S_HK231214JJQT10097RMN01,H8513001_S_Ehome-0012,,legacy_block,
H7343013_S_HK231214JJQT10097RMN01,H8513001_S_Ehome-0158,,legacy_block,
H7343013_S_HK231214JJQT10097RMN01,H8513003_S_Ehome-0008,,legacy_block,
H7343013_S_HK231214JJQT10097RMN01,H8513003_S_Ehome-0009,,legacy_block,
H7343013_S_HK231214JJQT10097RMN01,H8513003_S_Ehome-0010,,legacy_block,
H7343013_S_HK231214JJQT10097RMN01,H8513003_S_Ehome-0011,,legacy_block,
H7343013_S_HK231214JJQT10097RMN01,H8513003_S_Ehome-0012,,legacy_block,
H7343013_S_HK231214JJQT10097RMN01,H8513003_S_Ehome-0158,,legacy_block,
H7343013_S_HK240123JJQT10779RMN01,H7343015_S_HK240123JJQT10779RMN01,1.00000000,legacy_block;packfree_exact,
H7343013_S_HK240529JJQT11687RMN01,H7343015_S_HK240529JJQT11687RMN01,0.96689672,legacy_block,
H7343013_S_HK250827JJQT15362RMN01,H7343015_S_HK250827JJQT15362RMN01,1.00000000,legacy_block;packfree_exact,
H7343013_S_HK250827JJQT15362RMN01,H8708001_S_HK0748,0.97567682,legacy_block,
H7343013_S_HK250827JJQT15362RMN01,H9822001_S_WW084-MiteSulfurSoap,0.98184847,legacy_block,
H7343013_S_HK250827JJQT15362RMN01,S1061001_S_MON-624-153-0000,0.88287193,legacy_block,
H7343013_S_HK260107JJQT15884RMN01,H7343015_S_HK230329JJQT06511RMN02,,legacy_block,
H7343013_S_HK260107JJQT15884RMN01,H7343015_S_HK231214JJQT10097RMN01,,legacy_block,
H7343013_S_HK260107JJQT15884RMN01,H7343015_S_HK260107JJQT15884RMN01,0.83934906,legacy_block,
H7343013_S_HK260107JJQT15884RMN01,H8513001_S_Ehome-0008,0.83934906,legacy_block,
H7343013_S_HK260107JJQT15884RMN01,H8513001_S_Ehome-0009,,legacy_block,
H7343013_S_HK260107JJQT15884RMN01,H8513001_S_Ehome-0010,,legacy_block,
H7343013_S_HK260107JJQT15884RMN01,H8513001_S_Ehome-0011,,legacy_block,
H7343013_S_HK260107JJQT15884RMN01,H8513001_S_Ehome-0012,,legacy_block,
H7343013_S_HK260107JJQT15884RMN01,H8513001_S_Ehome-0158,,legacy_block,
H7343013_S_HK260107JJQT15884RMN01,H8513003_S_Ehome-0008,0.83934906,legacy_block,
H7343013_S_HK260107JJQT15884RMN01,H8513003_S_Ehome-0009,,legacy_block,
H7343013_S_HK260107JJQT15884RMN01,H8513003_S_Ehome-0010,,legacy_block,
H7343013_S_HK260107JJQT15884RMN01,H8513003_S_Ehome-0011,,legacy_block,
H7343013_S_HK260107JJQT15884RMN01,H8513003_S_Ehome-0012,,legacy_block,
H7343013_S_HK260107JJQT15884RMN01,H8513003_S_Ehome-0158,,legacy_block,
H7343015_S_3PLHK230221JJQT05820RMN02,S1061001_S_MON-748-027-0000,0.00661477,legacy_block,
H7343015_S_3PLHK230223JJQT05858RMN01,H8782002_S_8858891600715,0.82898262,legacy_block,
H7343015_S_HK230329JJQT06511RMN02,H7343015_S_HK231214JJQT10097RMN01,0.91067143,legacy_block,
H7343015_S_HK230329JJQT06511RMN02,H7343015_S_HK260107JJQT15884RMN01,,legacy_block,
H7343015_S_HK230329JJQT06511RMN02,H8513001_S_Ehome-0008,,legacy_block,
H7343015_S_HK230329JJQT06511RMN02,H8513001_S_Ehome-0009,,legacy_block,
H7343015_S_HK230329JJQT06511RMN02,H8513001_S_Ehome-0010,,legacy_block,
H7343015_S_HK230329JJQT06511RMN02,H8513001_S_Ehome-0011,,legacy_block,
H7343015_S_HK230329JJQT06511RMN02,H8513001_S_Ehome-0012,,legacy_block,
H7343015_S_HK230329JJQT06511RMN02,H8513001_S_Ehome-0158,,legacy_block,
H7343015_S_HK230329JJQT06511RMN02,H8513003_S_Ehome-0008,,legacy_block,
H7343015_S_HK230329JJQT06511RMN02,H8513003_S_Ehome-0009,,legacy_block,
H7343015_S_HK230329JJQT06511RMN02,H8513003_S_Ehome-0010,,legacy_block,
H7343015_S_HK230329JJQT06511RMN02,H8513003_S_Ehome-0011,,legacy_block,
H7343015_S_HK230329JJQT06511RMN02,H8513003_S_Ehome-0012,,legacy_block,
H7343015_S_HK230329JJQT06511RMN02,H8513003_S_Ehome-0158,,legacy_block,
H7343015_S_HK230502JJQT07214RMN05,H7420001_S_MASKHOME-485,0.00428041,legacy_block,
H7343015_S_HK230502JJQT07214RMN05,S1061001_S_MON-748-027-0000,0.00695425,legacy_block,
H7343015_S_HK231214JJQT10097RMN01,H7343015_S_HK260107JJQT15884RMN01,,legacy_block,
H7343015_S_HK231214JJQT10097RMN01,H8513001_S_Ehome-0008,,legacy_block,
H7343015_S_HK231214JJQT10097RMN01,H8513001_S_Ehome-0009,,legacy_block,
H7343015_S_HK231214JJQT10097RMN01,H8513001_S_Ehome-0010,,legacy_block,
H7343015_S_HK231214JJQT10097RMN01,H8513001_S_Ehome-0011,,legacy_block,
H7343015_S_HK231214JJQT10097RMN01,H8513001_S_Ehome-0012,,legacy_block,
H7343015_S_HK231214JJQT10097RMN01,H8513001_S_Ehome-0158,,legacy_block,
H7343015_S_HK231214JJQT10097RMN01,H8513003_S_Ehome-0008,,legacy_block,
H7343015_S_HK231214JJQT10097RMN01,H8513003_S_Ehome-0009,,legacy_block,
H7343015_S_HK231214JJQT10097RMN01,H8513003_S_Ehome-0010,,legacy_block,
H7343015_S_HK231214JJQT10097RMN01,H8513003_S_Ehome-0011,,legacy_block,
H7343015_S_HK231214JJQT10097RMN01,H8513003_S_Ehome-0012,,legacy_block,
H7343015_S_HK231214JJQT10097RMN01,H8513003_S_Ehome-0158,,legacy_block,
H7343015_S_HK250827JJQT15362RMN01,H8708001_S_HK0748,0.85662083,legacy_block,
H7343015_S_HK250827JJQT15362RMN01,H9822001_S_WW084-MiteSulfurSoap,0.98783434,legacy_block,
H7343015_S_HK250827JJQT15362RMN01,S1061001_S_MON-624-153-0000,0.88287193,legacy_block,
H7343015_S_HK260107JJQT15884RMN01,H8513001_S_Ehome-0008,1.00000000,legacy_block;packfree_exact,
H7343015_S_HK260107JJQT15884RMN01,H8513001_S_Ehome-0009,,legacy_block,
H7343015_S_HK260107JJQT15884RMN01,H8513001_S_Ehome-0010,,legacy_block,
H7343015_S_HK260107JJQT15884RMN01,H8513001_S_Ehome-0011,,legacy_block,
H7343015_S_HK260107JJQT15884RMN01,H8513001_S_Ehome-0012,,legacy_block,
H7343015_S_HK260107JJQT15884RMN01,H8513001_S_Ehome-0158,,legacy_block,
H7343015_S_HK260107JJQT15884RMN01,H8513003_S_Ehome-0008,1.00000000,legacy_block;packfree_exact,
H7343015_S_HK260107JJQT15884RMN01,H8513003_S_Ehome-0009,,legacy_block,
H7343015_S_HK260107JJQT15884RMN01,H8513003_S_Ehome-0010,,legacy_block,
H7343015_S_HK260107JJQT15884RMN01,H8513003_S_Ehome-0011,,legacy_block,
H7343015_S_HK260107JJQT15884RMN01,H8513003_S_Ehome-0012,,legacy_block,
H7343015_S_HK260107JJQT15884RMN01,H8513003_S_Ehome-0158,,legacy_block,
H7416001_S_010486007004Damaged_,H7416001_S_010486007004_TheGrandpas_Soap3p25oz,0.99827156,brand_unit;legacy_block,
H7416001_S_010486007004Damaged_,H7416002_S_010486007004_TheGrandpas_Soap3p25oz,0.99827156,brand_unit;legacy_block,
H7416001_S_010486007004Damaged_,H7517001_S_GDP-7004,0.06328775,brand_unit;legacy_block,
H7416001_S_010486007004_TheGrandpas_Soap3p25oz,H7416002_S_010486007004_TheGrandpas_Soap3p25oz,1.00000000,brand_unit;legacy_block;packfree_exact,
H7416001_S_010486007004_TheGrandpas_Soap3p25oz,H7517001_S_GDP-7004,0.06328775,brand_unit;legacy_block,
H7416001_S_663204210813_ZumBar_GoatsMilkSoap3oz,H7416002_S_663204210813_ZumBar_GoatsMilkSoap3oz,1.00000000,brand_unit;legacy_block;packfree_exact,
H7416001_S_718334312088_DesertEssence_LemongrassSoapBar142g,H7416001_S_718334312095_DesertEssence_CoconutSoapBar142g,,brand_unit;legacy_block,
H7416001_S_718334312088_DesertEssence_LemongrassSoapBar142g,H7416001_S_718334312149_DesertEssence_CharcoalSoapBar142g,,brand_unit;legacy_block,
H7416001_S_718334312088_DesertEssence_LemongrassSoapBar142g,H7416002_S_718334312088_DesertEssence_LemongrassSo,1.00000000,brand_unit;legacy_block;packfree_exact,
H7416001_S_718334312088_DesertEssence_LemongrassSoapBar142g,H7416002_S_718334312095_DesertEssence_CoconutSoapB,,brand_unit;legacy_block,
H7416001_S_718334312088_DesertEssence_LemongrassSoapBar142g,H7416002_S_718334312149_DesertEssence_CharcoalSoap,,brand_unit;legacy_block,
H7416001_S_718334312088_DesertEssence_LemongrassSoapBar142g,H8026001_S_57287,,brand_unit;legacy_block,
H7416001_S_718334312095_DesertEssence_CoconutSoapBar142g,H7416001_S_718334312149_DesertEssence_CharcoalSoapBar142g,0.02759963,brand_unit;legacy_block,
H7416001_S_718334312095_DesertEssence_CoconutSoapBar142g,H7416002_S_718334312088_DesertEssence_LemongrassSo,,brand_unit;legacy_block,
H7416001_S_718334312095_DesertEssence_CoconutSoapBar142g,H7416002_S_718334312095_DesertEssence_CoconutSoapB,1.00000000,brand_unit;legacy_block;packfree_exact,
H7416001_S_718334312095_DesertEssence_CoconutSoapBar142g,H7416002_S_718334312149_DesertEssence_CharcoalSoap,0.02759963,brand_unit;legacy_block,
H7416001_S_718334312095_DesertEssence_CoconutSoapBar142g,H8026001_S_57287,0.02864498,brand_unit;legacy_block,
H7416001_S_718334312149_DesertEssence_CharcoalSoapBar142g,H7416002_S_718334312088_DesertEssence_LemongrassSo,,brand_unit;legacy_block,
H7416001_S_718334312149_DesertEssence_CharcoalSoapBar142g,H7416002_S_718334312095_DesertEssence_CoconutSoapB,0.02759963,brand_unit;legacy_block,
H7416001_S_718334312149_DesertEssence_CharcoalSoapBar142g,H7416002_S_718334312149_DesertEssence_CharcoalSoap,1.00000000,brand_unit;legacy_block;packfree_exact,
H7416001_S_718334312149_DesertEssence_CharcoalSoapBar142g,H8026001_S_57287,0.00632000,brand_unit;legacy_block,
H7416001_S_893455000332_OneWithNature_SheaButter_Soap_198g,H7445001_S_onewithnatureSandalwood198g,0.95330520,brand_unit;legacy_block,
H7416001_S_893455000332_OneWithNature_SheaButter_Soap_198g,H7445001_S_onewithnatureTurmericHoney198g,0.95197484,brand_unit;legacy_block,
H7416001_S_893455000332_OneWithNature_SheaButter_Soap_198g,H7517001_S_OOWN-0490,0.67418843,brand_unit,
H7416001_S_893455000332_OneWithNature_SheaButter_Soap_198g,H7517001_S_OWN-0004,,brand_unit,
H7416001_S_893455000332_OneWithNature_SheaButter_Soap_198g,H7517001_S_OWN-0073,,brand_unit,
H7416001_S_893455000332_OneWithNature_SheaButter_Soap_198g,H7517001_S_OWN-0332,0.77529103,brand_unit,
H7416001_S_893455000332_OneWithNature_SheaButter_Soap_198g,H7517001_S_OWN-0773,,brand_unit,
H7416001_S_893455000332_OneWithNature_SheaButter_Soap_198g,H9422001_S_WISHMI-0974,,brand_unit;legacy_block,
H7416001_S_893455000332_OneWithNature_SheaButter_Soap_198g,H9422001_S_WISHMI-0977,,brand_unit,
H7416001_S_893455000332_OneWithNature_SheaButter_Soap_198g,H9422001_S_WISHMI-0980,,brand_unit;legacy_block,
H7416002_S_010486007004_TheGrandpas_Soap3p25oz,H7517001_S_GDP-7004,0.06328775,brand_unit;legacy_block,
H7416002_S_718334312088_DesertEssence_LemongrassSo,H7416002_S_718334312095_DesertEssence_CoconutSoapB,,brand_unit;legacy_block,
H7416002_S_718334312088_DesertEssence_LemongrassSo,H7416002_S_718334312149_DesertEssence_CharcoalSoap,,brand_unit;legacy_block,
H7416002_S_718334312088_DesertEssence_LemongrassSo,H8026001_S_57287,,brand_unit;legacy_block,
H7416002_S_718334312095_DesertEssence_CoconutSoapB,H7416002_S_718334312149_DesertEssence_CharcoalSoap,0.02759963,brand_unit;legacy_block,
H7416002_S_718334312095_DesertEssence_CoconutSoapB,H8026001_S_57287,0.02864498,brand_unit;legacy_block,
H7416002_S_718334312149_DesertEssence_CharcoalSoap,H8026001_S_57287,0.00632000,brand_unit;legacy_block,
H7420001_S_MASKHOME-485,S1061001_S_MON-748-027-0000,0.00602540,legacy_block,
H7445001_S_drwoodscoconutsoap,H7445001_S_drwoodsrawblacksoap,0.97820080,brand_unit;legacy_block,
H7445001_S_mildAfricanBlackSoap141,H7445001_S_mildMangoTurmericSoap141,,brand_unit;legacy_block,
H7445001_S_mildAfricanBlackSoap141,H7445001_S_mildbynatureexfoliatingsoap141,,brand_unit;legacy_block,
H7445001_S_mildMangoTurmericSoap141,H7445001_S_mildbynatureexfoliatingsoap141,,brand_unit;legacy_block,
H7445001_S_onewithnatureSandalwood198g,H7445001_S_onewithnatureTurmericHoney198g,0.89781722,brand_unit;legacy_block,
H7445001_S_onewithnatureSandalwood198g,H7517001_S_OOWN-0490,0.26133675,brand_unit,
H7445001_S_onewithnatureSandalwood198g,H7517001_S_OWN-0004,,brand_unit,
H7445001_S_onewithnatureSandalwood198g,H7517001_S_OWN-0073,,brand_unit,
H7445001_S_onewithnatureSandalwood198g,H7517001_S_OWN-0332,0.80879186,brand_unit,
H7445001_S_onewithnatureSandalwood198g,H7517001_S_OWN-0773,,brand_unit,
H7445001_S_onewithnatureSandalwood198g,H9422001_S_WISHMI-0974,,brand_unit;legacy_block,
H7445001_S_onewithnatureSandalwood198g,H9422001_S_WISHMI-0977,,brand_unit,
H7445001_S_onewithnatureSandalwood198g,H9422001_S_WISHMI-0980,,brand_unit;legacy_block,
H7445001_S_onewithnatureTurmericHoney198g,H7517001_S_OOWN-0490,,brand_unit,
H7445001_S_onewithnatureTurmericHoney198g,H7517001_S_OWN-0004,,brand_unit,
H7445001_S_onewithnatureTurmericHoney198g,H7517001_S_OWN-0073,,brand_unit,
H7445001_S_onewithnatureTurmericHoney198g,H7517001_S_OWN-0332,0.80593438,brand_unit,
H7445001_S_onewithnatureTurmericHoney198g,H7517001_S_OWN-0773,,brand_unit,
H7445001_S_onewithnatureTurmericHoney198g,H9422001_S_WISHMI-0974,,brand_unit;legacy_block,
H7445001_S_onewithnatureTurmericHoney198g,H9422001_S_WISHMI-0977,,brand_unit,
H7445001_S_onewithnatureTurmericHoney198g,H9422001_S_WISHMI-0980,,brand_unit;legacy_block,
H7473001_S_DHBL0003K,H7473001_S_DHBS1004,,brand_unit,
H7473001_S_DHBL0003K,H7473001_S_DHBS1004K,,brand_unit,
H7473001_S_DHBL0003K,H7473001_S_DHBS1011,,brand_unit,
H7473001_S_DHBL0003K,H7473001_S_DHBS1011K,,brand_unit,
H7473001_S_DHBL0003K,H7473001_S_DHBS1013,,brand_unit,
H7473001_S_DHBL0003K,H7473001_S_DHBS1013K,,brand_unit,
H7473001_S_DHBL0003K,H7473001_S_DHBS1015,0.00175045,brand_unit,
H7473001_S_DHBL0003K,H7473001_S_DHBS1015K,0.00146638,brand_unit,
H7473001_S_DHBL0003K,H7473001_S_DHBS1017,,brand_unit,
H7473001_S_DHBL0003K,H7473001_S_DHBS1017K,,brand_unit,
H7473001_S_DHBL0003K,H7473001_S_DHBS1020,,brand_unit,
H7473001_S_DHBL0003K,H7473001_S_DHBS1020K,,brand_unit,
H7473001_S_DHBL0003K,H7473001_S_DHBS1022,,brand_unit,
H7473001_S_DHBL0003K,H7473001_S_DHBS1022K,,brand_unit,
H7473001_S_DHBL0003K,H7473001_S_DHBS1026,,brand_unit,
H7473001_S_DHBL0003K,H7473001_S_DHBS1026K,,brand_unit,
H7473001_S_DHBL0003K,H7473001_S_DHBS1028,,brand_unit,
H7473001_S_DHBL0003K,H7473001_S_DHBS1028K,,brand_unit,
H7473001_S_DHBL0003K,H7473001_S_DHBS1030,0.00128711,brand_unit,
H7473001_S_DHBL0003K,H7473001_S_DHBS1030K,0.00282896,brand_unit,
H7473001_S_DHBL0003K,H7473001_S_DHBS1036,,brand_unit,
H7473001_S_DHBL0003K,H7473001_S_DHBS1036K,,brand_unit,
H7473001_S_DHBL0003K,H7473001_S_DHBS1048,,brand_unit,
H7473001_S_DHBL0003K,H7473001_S_DHBS1048K,,brand_unit,
H7473001_S_DHBL0003K,H7473001_S_DHBS1051,0.02961582,brand_unit;legacy_block,
H7473001_S_DHBL0003K,H7473001_S_DHBS1051K,0.02492256,brand_unit;legacy_block,
H7473001_S_DHBS1004,H7473001_S_DHBS1004K,1.00000000,brand_unit;legacy_block,
H7473001_S_DHBS1004,H7473001_S_DHBS1011,,brand_unit;legacy_block,
H7473001_S_DHBS1004,H7473001_S_DHBS1011K,,brand_unit;legacy_block,
H7473001_S_DHBS1004,H7473001_S_DHBS1013,,brand_unit;legacy_block,
H7473001_S_DHBS1004,H7473001_S_DHBS1013K,,brand_unit;legacy_block,
H7473001_S_DHBS1004,H7473001_S_DHBS1015,,brand_unit;legacy_block,
H7473001_S_DHBS1004,H7473001_S_DHBS1015K,,brand_unit;legacy_block,
H7473001_S_DHBS1004,H7473001_S_DHBS1017,,brand_unit;legacy_block,
H7473001_S_DHBS1004,H7473001_S_DHBS1017K,,brand_unit;legacy_block,
H7473001_S_DHBS1004,H7473001_S_DHBS1020,,brand_unit;legacy_block,
H7473001_S_DHBS1004,H7473001_S_DHBS1020K,,brand_unit;legacy_block,
H7473001_S_DHBS1004,H7473001_S_DHBS1022,,brand_unit;legacy_block,
H7473001_S_DHBS1004,H7473001_S_DHBS1022K,,brand_unit;legacy_block,
H7473001_S_DHBS1004,H7473001_S_DHBS1026,,brand_unit;legacy_block,
H7473001_S_DHBS1004,H7473001_S_DHBS1026K,,brand_unit;legacy_block,
H7473001_S_DHBS1004,H7473001_S_DHBS1028,,brand_unit;legacy_block,
H7473001_S_DHBS1004,H7473001_S_DHBS1028K,,brand_unit;legacy_block,
H7473001_S_DHBS1004,H7473001_S_DHBS1030,,brand_unit;legacy_block,
H7473001_S_DHBS1004,H7473001_S_DHBS1030K,,brand_unit;legacy_block,
H7473001_S_DHBS1004,H7473001_S_DHBS1036,,brand_unit;legacy_block,
H7473001_S_DHBS1004,H7473001_S_DHBS1036K,,brand_unit;legacy_block,
H7473001_S_DHBS1004,H7473001_S_DHBS1048,,brand_unit;legacy_block,
H7473001_S_DHBS1004,H7473001_S_DHBS1048K,,brand_unit;legacy_block,
H7473001_S_DHBS1004,H7473001_S_DHBS1051,,brand_unit,
H7473001_S_DHBS1004,H7473001_S_DHBS1051K,,brand_unit,
H7473001_S_DHBS1004K,H7473001_S_DHBS1011,,brand_unit;legacy_block,
H7473001_S_DHBS1004K,H7473001_S_DHBS1011K,,brand_unit;legacy_block,
H7473001_S_DHBS1004K,H7473001_S_DHBS1013,,brand_unit;legacy_block,
H7473001_S_DHBS1004K,H7473001_S_DHBS1013K,,brand_unit;legacy_block,
H7473001_S_DHBS1004K,H7473001_S_DHBS1015,,brand_unit;legacy_block,
H7473001_S_DHBS1004K,H7473001_S_DHBS1015K,,brand_unit;legacy_block,
H7473001_S_DHBS1004K,H7473001_S_DHBS1017,,brand_unit;legacy_block,
H7473001_S_DHBS1004K,H7473001_S_DHBS1017K,,brand_unit;legacy_block,
H7473001_S_DHBS1004K,H7473001_S_DHBS1020,,brand_unit;legacy_block,
H7473001_S_DHBS1004K,H7473001_S_DHBS1020K,,brand_unit;legacy_block,
H7473001_S_DHBS1004K,H7473001_S_DHBS1022,,brand_unit;legacy_block,
H7473001_S_DHBS1004K,H7473001_S_DHBS1022K,,brand_unit;legacy_block,
H7473001_S_DHBS1004K,H7473001_S_DHBS1026,,brand_unit;legacy_block,
H7473001_S_DHBS1004K,H7473001_S_DHBS1026K,,brand_unit;legacy_block,
H7473001_S_DHBS1004K,H7473001_S_DHBS1028,,brand_unit;legacy_block,
H7473001_S_DHBS1004K,H7473001_S_DHBS1028K,,brand_unit;legacy_block,
H7473001_S_DHBS1004K,H7473001_S_DHBS1030,,brand_unit;legacy_block,
H7473001_S_DHBS1004K,H7473001_S_DHBS1030K,,brand_unit;legacy_block,
H7473001_S_DHBS1004K,H7473001_S_DHBS1036,,brand_unit;legacy_block,
H7473001_S_DHBS1004K,H7473001_S_DHBS1036K,,brand_unit;legacy_block,
H7473001_S_DHBS1004K,H7473001_S_DHBS1048,,brand_unit;legacy_block,
H7473001_S_DHBS1004K,H7473001_S_DHBS1048K,,brand_unit;legacy_block,
H7473001_S_DHBS1004K,H7473001_S_DHBS1051,,brand_unit,
H7473001_S_DHBS1004K,H7473001_S_DHBS1051K,,brand_unit,
H7473001_S_DHBS1011,H7473001_S_DHBS1011K,1.00000000,brand_unit;legacy_block,
H7473001_S_DHBS1011,H7473001_S_DHBS1013,,brand_unit;legacy_block,
H7473001_S_DHBS1011,H7473001_S_DHBS1013K,,brand_unit;legacy_block,
H7473001_S_DHBS1011,H7473001_S_DHBS1015,0.35322117,brand_unit;legacy_block,
H7473001_S_DHBS1011,H7473001_S_DHBS1015K,0.31679652,brand_unit;legacy_block,
H7473001_S_DHBS1011,H7473001_S_DHBS1017,0.99705380,brand_unit;legacy_block,
H7473001_S_DHBS1011,H7473001_S_DHBS1017K,0.99769844,brand_unit;legacy_block,
H7473001_S_DHBS1011,H7473001_S_DHBS1020,,brand_unit;legacy_block,
H7473001_S_DHBS1011,H7473001_S_DHBS1020K,,brand_unit;legacy_block,
H7473001_S_DHBS1011,H7473001_S_DHBS1022,,brand_unit;legacy_block,
H7473001_S_DHBS1011,H7473001_S_DHBS1022K,,brand_unit;legacy_block,
H7473001_S_DHBS1011,H7473001_S_DHBS1026,,brand_unit;legacy_block,
H7473001_S_DHBS1011,H7473001_S_DHBS1026K,,brand_unit;legacy_block,
H7473001_S_DHBS1011,H7473001_S_DHBS1028,0.33943740,brand_unit;legacy_block,
H7473001_S_DHBS1011,H7473001_S_DHBS1028K,0.26680151,brand_unit;legacy_block,
H7473001_S_DHBS1011,H7473001_S_DHBS1030,0.31067242,brand_unit;legacy_block,
H7473001_S_DHBS1011,H7473001_S_DHBS1030K,0.24193745,brand_unit;legacy_block,
H7473001_S_DHBS1011,H7473001_S_DHBS1036,,brand_unit;legacy_block,
H7473001_S_DHBS1011,H7473001_S_DHBS1036K,,brand_unit;legacy_block,
H7473001_S_DHBS1011,H7473001_S_DHBS1048,,brand_unit;legacy_block,
H7473001_S_DHBS1011,H7473001_S_DHBS1048K,,brand_unit;legacy_block,
H7473001_S_DHBS1011,H7473001_S_DHBS1051,,brand_unit,
H7473001_S_DHBS1011,H7473001_S_DHBS1051K,,brand_unit,
H7473001_S_DHBS1011K,H7473001_S_DHBS1013,,brand_unit;legacy_block,
H7473001_S_DHBS1011K,H7473001_S_DHBS1013K,,brand_unit;legacy_block,
H7473001_S_DHBS1011K,H7473001_S_DHBS1015,0.04016850,brand_unit;legacy_block,
H7473001_S_DHBS1011K,H7473001_S_DHBS1015K,0.34102270,brand_unit;legacy_block,
H7473001_S_DHBS1011K,H7473001_S_DHBS1017,0.99753852,brand_unit;legacy_block,
H7473001_S_DHBS1011K,H7473001_S_DHBS1017K,0.99047221,brand_unit;legacy_block,
H7473001_S_DHBS1011K,H7473001_S_DHBS1020,,brand_unit;legacy_block,
H7473001_S_DHBS1011K,H7473001_S_DHBS1020K,,brand_unit;legacy_block,
H7473001_S_DHBS1011K,H7473001_S_DHBS1022,,brand_unit;legacy_block,
H7473001_S_DHBS1011K,H7473001_S_DHBS1022K,,brand_unit;legacy_block,
H7473001_S_DHBS1011K,H7473001_S_DHBS1026,,brand_unit;legacy_block,
H7473001_S_DHBS1011K,H7473001_S_DHBS1026K,,brand_unit;legacy_block,
H7473001_S_DHBS1011K,H7473001_S_DHBS1028,0.26280327,brand_unit;legacy_block,
H7473001_S_DHBS1011K,H7473001_S_DHBS1028K,0.42789836,brand_unit;legacy_block,
H7473001_S_DHBS1011K,H7473001_S_DHBS1030,0.23819077,brand_unit;legacy_block,
H7473001_S_DHBS1011K,H7473001_S_DHBS1030K,0.41055142,brand_unit;legacy_block,
H7473001_S_DHBS1011K,H7473001_S_DHBS1036,,brand_unit;legacy_block,
H7473001_S_DHBS1011K,H7473001_S_DHBS1036K,,brand_unit;legacy_block,
H7473001_S_DHBS1011K,H7473001_S_DHBS1048,,brand_unit;legacy_block,
H7473001_S_DHBS1011K,H7473001_S_DHBS1048K,,brand_unit;legacy_block,
H7473001_S_DHBS1011K,H7473001_S_DHBS1051,,brand_unit,
H7473001_S_DHBS1011K,H7473001_S_DHBS1051K,,brand_unit,
H7473001_S_DHBS1013,H7473001_S_DHBS1013K,1.00000000,brand_unit;legacy_block,
H7473001_S_DHBS1013,H7473001_S_DHBS1015,0.45735519,brand_unit;legacy_block,
H7473001_S_DHBS1013,H7473001_S_DHBS1015K,0.16651445,brand_unit;legacy_block,
H7473001_S_DHBS1013,H7473001_S_DHBS1017,,brand_unit;legacy_block,
H7473001_S_DHBS1013,H7473001_S_DHBS1017K,,brand_unit;legacy_block,
H7473001_S_DHBS1013,H7473001_S_DHBS1020,0.94075687,brand_unit;legacy_block,
H7473001_S_DHBS1013,H7473001_S_DHBS1020K,0.93805206,brand_unit;legacy_block,
H7473001_S_DHBS1013,H7473001_S_DHBS1022,,brand_unit;legacy_block,
H7473001_S_DHBS1013,H7473001_S_DHBS1022K,,brand_unit;legacy_block,
H7473001_S_DHBS1013,H7473001_S_DHBS1026,,brand_unit;legacy_block,
H7473001_S_DHBS1013,H7473001_S_DHBS1026K,,brand_unit;legacy_block,
H7473001_S_DHBS1013,H7473001_S_DHBS1028,,brand_unit;legacy_block,
H7473001_S_DHBS1013,H7473001_S_DHBS1028K,,brand_unit;legacy_block,
H7473001_S_DHBS1013,H7473001_S_DHBS1030,,brand_unit;legacy_block,
H7473001_S_DHBS1013,H7473001_S_DHBS1030K,,brand_unit;legacy_block,
H7473001_S_DHBS1013,H7473001_S_DHBS1036,,brand_unit;legacy_block,
H7473001_S_DHBS1013,H7473001_S_DHBS1036K,,brand_unit;legacy_block,
H7473001_S_DHBS1013,H7473001_S_DHBS1048,,brand_unit;legacy_block,
H7473001_S_DHBS1013,H7473001_S_DHBS1048K,,brand_unit;legacy_block,
H7473001_S_DHBS1013,H7473001_S_DHBS1051,,brand_unit,
H7473001_S_DHBS1013,H7473001_S_DHBS1051K,,brand_unit,
H7473001_S_DHBS1013K,H7473001_S_DHBS1015,0.01497315,brand_unit;legacy_block,
H7473001_S_DHBS1013K,H7473001_S_DHBS1015K,0.05059055,brand_unit;legacy_block,
H7473001_S_DHBS1013K,H7473001_S_DHBS1017,,brand_unit;legacy_block,
H7473001_S_DHBS1013K,H7473001_S_DHBS1017K,,brand_unit;legacy_block,
H7473001_S_DHBS1013K,H7473001_S_DHBS1020,0.91916125,brand_unit;legacy_block,
H7473001_S_DHBS1013K,H7473001_S_DHBS1020K,0.84582911,brand_unit;legacy_block,
H7473001_S_DHBS1013K,H7473001_S_DHBS1022,,brand_unit;legacy_block,
H7473001_S_DHBS1013K,H7473001_S_DHBS1022K,,brand_unit;legacy_block,
H7473001_S_DHBS1013K,H7473001_S_DHBS1026,,brand_unit;legacy_block,
H7473001_S_DHBS1013K,H7473001_S_DHBS1026K,,brand_unit;legacy_block,
H7473001_S_DHBS1013K,H7473001_S_DHBS1028,,brand_unit;legacy_block,
H7473001_S_DHBS1013K,H7473001_S_DHBS1028K,,brand_unit;legacy_block,
H7473001_S_DHBS1013K,H7473001_S_DHBS1030,,brand_unit;legacy_block,
H7473001_S_DHBS1013K,H7473001_S_DHBS1030K,,brand_unit;legacy_block,
H7473001_S_DHBS1013K,H7473001_S_DHBS1036,,brand_unit;legacy_block,
H7473001_S_DHBS1013K,H7473001_S_DHBS1036K,,brand_unit;legacy_block,
H7473001_S_DHBS1013K,H7473001_S_DHBS1048,,brand_unit;legacy_block,
H7473001_S_DHBS1013K,H7473001_S_DHBS1048K,,brand_unit;legacy_block,
H7473001_S_DHBS1013K,H7473001_S_DHBS1051,,brand_unit,
H7473001_S_DHBS1013K,H7473001_S_DHBS1051K,,brand_unit,
H7473001_S_DHBS1015,H7473001_S_DHBS1015K,1.00000000,brand_unit;legacy_block,
H7473001_S_DHBS1015,H7473001_S_DHBS1017,0.24907587,brand_unit;legacy_block,
H7473001_S_DHBS1015,H7473001_S_DHBS1017K,0.04016850,brand_unit;legacy_block,
H7473001_S_DHBS1015,H7473001_S_DHBS1020,0.05164934,brand_unit;legacy_block,
H7473001_S_DHBS1015,H7473001_S_DHBS1020K,0.05164934,brand_unit;legacy_block,
H7473001_S_DHBS1015,H7473001_S_DHBS1022,,brand_unit;legacy_block,
H7473001_S_DHBS1015,H7473001_S_DHBS1022K,,brand_unit;legacy_block,
H7473001_S_DHBS1015,H7473001_S_DHBS1026,,brand_unit;legacy_block,
H7473001_S_DHBS1015,H7473001_S_DHBS1026K,,brand_unit;legacy_block,
H7473001_S_DHBS1015,H7473001_S_DHBS1028,,brand_unit;legacy_block,
H7473001_S_DHBS1015,H7473001_S_DHBS1028K,,brand_unit;legacy_block,
H7473001_S_DHBS1015,H7473001_S_DHBS1030,0.06618523,brand_unit;legacy_block,
H7473001_S_DHBS1015,H7473001_S_DHBS1030K,0.04016850,brand_unit;legacy_block,
H7473001_S_DHBS1015,H7473001_S_DHBS1036,0.87482917,brand_unit;legacy_block,
H7473001_S_DHBS1015,H7473001_S_DHBS1036K,0.31834061,brand_unit;legacy_block,
H7473001_S_DHBS1015,H7473001_S_DHBS1048,,brand_unit;legacy_block,
H7473001_S_DHBS1015,H7473001_S_DHBS1048K,,brand_unit;legacy_block,
H7473001_S_DHBS1015,H7473001_S_DHBS1051,,brand_unit,
H7473001_S_DHBS1015,H7473001_S_DHBS1051K,,brand_unit,
H7473001_S_DHBS1015K,H7473001_S_DHBS1017,0.31679652,brand_unit;legacy_block,
H7473001_S_DHBS1015K,H7473001_S_DHBS1017K,0.43081250,brand_unit;legacy_block,
H7473001_S_DHBS1015K,H7473001_S_DHBS1020,0.37634167,brand_unit;legacy_block,
H7473001_S_DHBS1015K,H7473001_S_DHBS1020K,0.45925148,brand_unit;legacy_block,
H7473001_S_DHBS1015K,H7473001_S_DHBS1022,,brand_unit;legacy_block,
H7473001_S_DHBS1015K,H7473001_S_DHBS1022K,,brand_unit;legacy_block,
H7473001_S_DHBS1015K,H7473001_S_DHBS1026,,brand_unit;legacy_block,
H7473001_S_DHBS1015K,H7473001_S_DHBS1026K,,brand_unit;legacy_block,
H7473001_S_DHBS1015K,H7473001_S_DHBS1028,,brand_unit;legacy_block,
H7473001_S_DHBS1015K,H7473001_S_DHBS1028K,,brand_unit;legacy_block,
H7473001_S_DHBS1015K,H7473001_S_DHBS1030,0.31679652,brand_unit;legacy_block,
H7473001_S_DHBS1015K,H7473001_S_DHBS1030K,0.34102270,brand_unit;legacy_block,
H7473001_S_DHBS1015K,H7473001_S_DHBS1036,0.83058541,brand_unit;legacy_block,
H7473001_S_DHBS1015K,H7473001_S_DHBS1036K,0.49521059,brand_unit;legacy_block,
H7473001_S_DHBS1015K,H7473001_S_DHBS1048,,brand_unit;legacy_block,
H7473001_S_DHBS1015K,H7473001_S_DHBS1048K,,brand_unit;legacy_block,
H7473001_S_DHBS1015K,H7473001_S_DHBS1051,,brand_unit,
H7473001_S_DHBS1015K,H7473001_S_DHBS1051K,,brand_unit,
H7473001_S_DHBS1017,H7473001_S_DHBS1017K,1.00000000,brand_unit;legacy_block,
H7473001_S_DHBS1017,H7473001_S_DHBS1020,,brand_unit;legacy_block,
H7473001_S_DHBS1017,H7473001_S_DHBS1020K,,brand_unit;legacy_block,
H7473001_S_DHBS1017,H7473001_S_DHBS1022,,brand_unit;legacy_block,
H7473001_S_DHBS1017,H7473001_S_DHBS1022K,,brand_unit;legacy_block,
H7473001_S_DHBS1017,H7473001_S_DHBS1026,,brand_unit;legacy_block,
H7473001_S_DHBS1017,H7473001_S_DHBS1026K,,brand_unit;legacy_block,
H7473001_S_DHBS1017,H7473001_S_DHBS1028,0.47083479,brand_unit;legacy_block,
H7473001_S_DHBS1017,H7473001_S_DHBS1028K,0.26280327,brand_unit;legacy_block,
H7473001_S_DHBS1017,H7473001_S_DHBS1030,,brand_unit;legacy_block,
H7473001_S_DHBS1017,H7473001_S_DHBS1030K,,brand_unit;legacy_block,
H7473001_S_DHBS1017,H7473001_S_DHBS1036,,brand_unit;legacy_block,
H7473001_S_DHBS1017,H7473001_S_DHBS1036K,,brand_unit;legacy_block,
H7473001_S_DHBS1017,H7473001_S_DHBS1048,0.94769158,brand_unit;legacy_block,
H7473001_S_DHBS1017,H7473001_S_DHBS1048K,0.96698889,brand_unit;legacy_block,
H7473001_S_DHBS1017,H7473001_S_DHBS1051,,brand_unit,
H7473001_S_DHBS1017,H7473001_S_DHBS1051K,,brand_unit,
H7473001_S_DHBS1017K,H7473001_S_DHBS1020,,brand_unit;legacy_block,
H7473001_S_DHBS1017K,H7473001_S_DHBS1020K,,brand_unit;legacy_block,
H7473001_S_DHBS1017K,H7473001_S_DHBS1022,,brand_unit;legacy_block,
H7473001_S_DHBS1017K,H7473001_S_DHBS1022K,,brand_unit;legacy_block,
H7473001_S_DHBS1017K,H7473001_S_DHBS1026,,brand_unit;legacy_block,
H7473001_S_DHBS1017K,H7473001_S_DHBS1026K,,brand_unit;legacy_block,
H7473001_S_DHBS1017K,H7473001_S_DHBS1028,0.26280327,brand_unit;legacy_block,
H7473001_S_DHBS1017K,H7473001_S_DHBS1028K,0.74754184,brand_unit;legacy_block,
H7473001_S_DHBS1017K,H7473001_S_DHBS1030,,brand_unit;legacy_block,
H7473001_S_DHBS1017K,H7473001_S_DHBS1030K,,brand_unit;legacy_block,
H7473001_S_DHBS1017K,H7473001_S_DHBS1036,,brand_unit;legacy_block,
H7473001_S_DHBS1017K,H7473001_S_DHBS1036K,,brand_unit;legacy_block,
H7473001_S_DHBS1017K,H7473001_S_DHBS1048,0.96065243,brand_unit;legacy_block,
H7473001_S_DHBS1017K,H7473001_S_DHBS1048K,0.88992190,brand_unit;legacy_block,
H7473001_S_DHBS1017K,H7473001_S_DHBS1051,,brand_unit,
H7473001_S_DHBS1017K,H7473001_S_DHBS1051K,,brand_unit,
H7473001_S_DHBS1020,H7473001_S_DHBS1020K,1.00000000,brand_unit;legacy_block,
H7473001_S_DHBS1020,H7473001_S_DHBS1022,,brand_unit;legacy_block,
H7473001_S_DHBS1020,H7473001_S_DHBS1022K,,brand_unit;legacy_block,
H7473001_S_DHBS1020,H7473001_S_DHBS1026,0.70945432,brand_unit;legacy_block,
H7473001_S_DHBS1020,H7473001_S_DHBS1026K,0.51083950,brand_unit;legacy_block,
H7473001_S_DHBS1020,H7473001_S_DHBS1028,,brand_unit;legacy_block,
H7473001_S_DHBS1020,H7473001_S_DHBS1028K,,brand_unit;legacy_block,
H7473001_S_DHBS1020,H7473001_S_DHBS1030,,brand_unit;legacy_block,
H7473001_S_DHBS1020,H7473001_S_DHBS1030K,,brand_unit;legacy_block,
H7473001_S_DHBS1020,H7473001_S_DHBS1036,,brand_unit;legacy_block,
H7473001_S_DHBS1020,H7473001_S_DHBS1036K,,brand_unit;legacy_block,
H7473001_S_DHBS1020,H7473001_S_DHBS1048,,brand_unit;legacy_block,
H7473001_S_DHBS1020,H7473001_S_DHBS1048K,,brand_unit;legacy_block,
H7473001_S_DHBS1020,H7473001_S_DHBS1051,,brand_unit,
H7473001_S_DHBS1020,H7473001_S_DHBS1051K,,brand_unit,
H7473001_S_DHBS1020K,H7473001_S_DHBS1022,,brand_unit;legacy_block,
H7473001_S_DHBS1020K,H7473001_S_DHBS1022K,,brand_unit;legacy_block,
H7473001_S_DHBS1020K,H7473001_S_DHBS1026,0.51083950,brand_unit;legacy_block,
H7473001_S_DHBS1020K,H7473001_S_DHBS1026K,0.59815137,brand_unit;legacy_block,
H7473001_S_DHBS1020K,H7473001_S_DHBS1028,,brand_unit;legacy_block,
H7473001_S_DHBS1020K,H7473001_S_DHBS1028K,,brand_unit;legacy_block,
H7473001_S_DHBS1020K,H7473001_S_DHBS1030,,brand_unit;legacy_block,
H7473001_S_DHBS1020K,H7473001_S_DHBS1030K,,brand_unit;legacy_block,
H7473001_S_DHBS1020K,H7473001_S_DHBS1036,,brand_unit;legacy_block,
H7473001_S_DHBS1020K,H7473001_S_DHBS1036K,,brand_unit;legacy_block,
H7473001_S_DHBS1020K,H7473001_S_DHBS1048,,brand_unit;legacy_block,
H7473001_S_DHBS1020K,H7473001_S_DHBS1048K,,brand_unit;legacy_block,
H7473001_S_DHBS1020K,H7473001_S_DHBS1051,,brand_unit,
H7473001_S_DHBS1020K,H7473001_S_DHBS1051K,,brand_unit,
H7473001_S_DHBS1022,H7473001_S_DHBS1022K,1.00000000,brand_unit;legacy_block,
H7473001_S_DHBS1022,H7473001_S_DHBS1026,,brand_unit;legacy_block,
H7473001_S_DHBS1022,H7473001_S_DHBS1026K,,brand_unit;legacy_block,
H7473001_S_DHBS1022,H7473001_S_DHBS1028,,brand_unit;legacy_block,
H7473001_S_DHBS1022,H7473001_S_DHBS1028K,,brand_unit;legacy_block,
H7473001_S_DHBS1022,H7473001_S_DHBS1030,,brand_unit;legacy_block,
H7473001_S_DHBS1022,H7473001_S_DHBS1030K,,brand_unit;legacy_block,
H7473001_S_DHBS1022,H7473001_S_DHBS1036,0.99914360,brand_unit;legacy_block,
H7473001_S_DHBS1022,H7473001_S_DHBS1036K,0.99817088,brand_unit;legacy_block,
H7473001_S_DHBS1022,H7473001_S_DHBS1048,,brand_unit;legacy_block,
H7473001_S_DHBS1022,H7473001_S_DHBS1048K,,brand_unit;legacy_block,
H7473001_S_DHBS1022,H7473001_S_DHBS1051,,brand_unit,
H7473001_S_DHBS1022,H7473001_S_DHBS1051K,,brand_unit,
H7473001_S_DHBS1022K,H7473001_S_DHBS1026,,brand_unit;legacy_block,
H7473001_S_DHBS1022K,H7473001_S_DHBS1026K,,brand_unit;legacy_block,
H7473001_S_DHBS1022K,H7473001_S_DHBS1028,,brand_unit;legacy_block,
H7473001_S_DHBS1022K,H7473001_S_DHBS1028K,,brand_unit;legacy_block,
H7473001_S_DHBS1022K,H7473001_S_DHBS1030,,brand_unit;legacy_block,
H7473001_S_DHBS1022K,H7473001_S_DHBS1030K,,brand_unit;legacy_block,
H7473001_S_DHBS1022K,H7473001_S_DHBS1036,0.99809972,brand_unit;legacy_block,
H7473001_S_DHBS1022K,H7473001_S_DHBS1036K,0.99589520,brand_unit;legacy_block,
H7473001_S_DHBS1022K,H7473001_S_DHBS1048,,brand_unit;legacy_block,
H7473001_S_DHBS1022K,H7473001_S_DHBS1048K,,brand_unit;legacy_block,
H7473001_S_DHBS1022K,H7473001_S_DHBS1051,,brand_unit,
H7473001_S_DHBS1022K,H7473001_S_DHBS1051K,,brand_unit,
H7473001_S_DHBS1026,H7473001_S_DHBS1026K,1.00000000,brand_unit;legacy_block,
H7473001_S_DHBS1026,H7473001_S_DHBS1028,,brand_unit;legacy_block,
H7473001_S_DHBS1026,H7473001_S_DHBS1028K,,brand_unit;legacy_block,
H7473001_S_DHBS1026,H7473001_S_DHBS1030,,brand_unit;legacy_block,
H7473001_S_DHBS1026,H7473001_S_DHBS1030K,,brand_unit;legacy_block,
H7473001_S_DHBS1026,H7473001_S_DHBS1036,,brand_unit;legacy_block,
H7473001_S_DHBS1026,H7473001_S_DHBS1036K,,brand_unit;legacy_block,
H7473001_S_DHBS1026,H7473001_S_DHBS1048,,brand_unit;legacy_block,
H7473001_S_DHBS1026,H7473001_S_DHBS1048K,,brand_unit;legacy_block,
H7473001_S_DHBS1026,H7473001_S_DHBS1051,,brand_unit,
H7473001_S_DHBS1026,H7473001_S_DHBS1051K,,brand_unit,
H7473001_S_DHBS1026K,H7473001_S_DHBS1028,,brand_unit;legacy_block,
H7473001_S_DHBS1026K,H7473001_S_DHBS1028K,,brand_unit;legacy_block,
H7473001_S_DHBS1026K,H7473001_S_DHBS1030,,brand_unit;legacy_block,
H7473001_S_DHBS1026K,H7473001_S_DHBS1030K,,brand_unit;legacy_block,
H7473001_S_DHBS1026K,H7473001_S_DHBS1036,,brand_unit;legacy_block,
H7473001_S_DHBS1026K,H7473001_S_DHBS1036K,,brand_unit;legacy_block,
H7473001_S_DHBS1026K,H7473001_S_DHBS1048,,brand_unit;legacy_block,
H7473001_S_DHBS1026K,H7473001_S_DHBS1048K,,brand_unit;legacy_block,
H7473001_S_DHBS1026K,H7473001_S_DHBS1051,,brand_unit,
H7473001_S_DHBS1026K,H7473001_S_DHBS1051K,,brand_unit,
H7473001_S_DHBS1028,H7473001_S_DHBS1028K,1.00000000,brand_unit;legacy_block,
H7473001_S_DHBS1028,H7473001_S_DHBS1030,0.41325484,brand_unit;legacy_block,
H7473001_S_DHBS1028,H7473001_S_DHBS1030K,0.26280327,brand_unit;legacy_block,
H7473001_S_DHBS1028,H7473001_S_DHBS1036,0.37484406,brand_unit;legacy_block,
H7473001_S_DHBS1028,H7473001_S_DHBS1036K,0.80668373,brand_unit;legacy_block,
H7473001_S_DHBS1028,H7473001_S_DHBS1048,,brand_unit;legacy_block,
H7473001_S_DHBS1028,H7473001_S_DHBS1048K,,brand_unit;legacy_block,
H7473001_S_DHBS1028,H7473001_S_DHBS1051,0.01155414,brand_unit,
H7473001_S_DHBS1028,H7473001_S_DHBS1051K,0.03394344,brand_unit,
H7473001_S_DHBS1028K,H7473001_S_DHBS1030,0.26280327,brand_unit;legacy_block,
H7473001_S_DHBS1028K,H7473001_S_DHBS1030K,0.65190783,brand_unit;legacy_block,
H7473001_S_DHBS1028K,H7473001_S_DHBS1036,0.60275291,brand_unit;legacy_block,
H7473001_S_DHBS1028K,H7473001_S_DHBS1036K,0.23239334,brand_unit;legacy_block,
H7473001_S_DHBS1028K,H7473001_S_DHBS1048,,brand_unit;legacy_block,
H7473001_S_DHBS1028K,H7473001_S_DHBS1048K,,brand_unit;legacy_block,
H7473001_S_DHBS1028K,H7473001_S_DHBS1051,0.00860301,brand_unit,
H7473001_S_DHBS1028K,H7473001_S_DHBS1051K,0.00606173,brand_unit,
H7473001_S_DHBS1030,H7473001_S_DHBS1030K,1.00000000,brand_unit;legacy_block,
H7473001_S_DHBS1030,H7473001_S_DHBS1036,0.39125102,brand_unit;legacy_block,
H7473001_S_DHBS1030,H7473001_S_DHBS1036K,0.57118569,brand_unit;legacy_block,
H7473001_S_DHBS1030,H7473001_S_DHBS1048,,brand_unit;legacy_block,
H7473001_S_DHBS1030,H7473001_S_DHBS1048K,,brand_unit;legacy_block,
H7473001_S_DHBS1030,H7473001_S_DHBS1051,0.00608541,brand_unit,
H7473001_S_DHBS1030,H7473001_S_DHBS1051K,0.00888108,brand_unit,
H7473001_S_DHBS1030K,H7473001_S_DHBS1036,0.41544949,brand_unit;legacy_block,
H7473001_S_DHBS1030K,H7473001_S_DHBS1036K,0.43475067,brand_unit;legacy_block,
H7473001_S_DHBS1030K,H7473001_S_DHBS1048,,brand_unit;legacy_block,
H7473001_S_DHBS1030K,H7473001_S_DHBS1048K,,brand_unit;legacy_block,
H7473001_S_DHBS1030K,H7473001_S_DHBS1051,0.00195320,brand_unit,
H7473001_S_DHBS1030K,H7473001_S_DHBS1051K,0.01404389,brand_unit,
H7473001_S_DHBS1036,H7473001_S_DHBS1036K,1.00000000,brand_unit;legacy_block,
H7473001_S_DHBS1036,H7473001_S_DHBS1048,,brand_unit;legacy_block,
H7473001_S_DHBS1036,H7473001_S_DHBS1048K,,brand_unit;legacy_block,
H7473001_S_DHBS1036,H7473001_S_DHBS1051,,brand_unit,
H7473001_S_DHBS1036,H7473001_S_DHBS1051K,,brand_unit,
H7473001_S_DHBS1036K,H7473001_S_DHBS1048,,brand_unit;legacy_block,
H7473001_S_DHBS1036K,H7473001_S_DHBS1048K,,brand_unit;legacy_block,
H7473001_S_DHBS1036K,H7473001_S_DHBS1051,,brand_unit,
H7473001_S_DHBS1036K,H7473001_S_DHBS1051K,,brand_unit,
H7473001_S_DHBS1048,H7473001_S_DHBS1048K,1.00000000,brand_unit;legacy_block,
H7473001_S_DHBS1048,H7473001_S_DHBS1051,,brand_unit,
H7473001_S_DHBS1048,H7473001_S_DHBS1051K,,brand_unit,
H7473001_S_DHBS1048K,H7473001_S_DHBS1051,,brand_unit,
H7473001_S_DHBS1048K,H7473001_S_DHBS1051K,,brand_unit,
H7473001_S_DHBS1051,H7473001_S_DHBS1051K,1.00000000,brand_unit;legacy_block,
H7517001_S_GDP-7011,H7517001_S_GDP-8087,0.11631393,brand_unit;legacy_block,
H7517001_S_NAJ0058,H7517001_S_NAJ0959,0.01397018,brand_unit;legacy_block,
H7517001_S_NAJ0058,H7517001_S_NAJ5114,,brand_unit;legacy_block,
H7517001_S_NAJ0058,S2188001_S_NAJLalepSOAPsea100g3820N,0.44858688,brand_unit;legacy_block,
H7517001_S_NAJ0959,H7517001_S_NAJ5114,0.05865200,brand_unit;legacy_block,
H7517001_S_NAJ0959,S2188001_S_NAJLalepSOAPsea100g3820N,0.90965404,brand_unit;legacy_block,
H7517001_S_NAJ1017,H9653001_S_60888,,brand_unit;legacy_block,
H7517001_S_NAJ1017,S6324001_S_nj-aleppo12,0.07321916,brand_unit,
H7517001_S_NAJ1017,S6324001_S_nj-aleppo40,0.08651167,brand_unit,
H7517001_S_NAJ5114,S2188001_S_NAJLalepSOAPsea100g3820N,0.81033414,brand_unit;legacy_block,
H7517001_S_OOWN-0490,H7517001_S_OWN-0004,,brand_unit;legacy_block,
H7517001_S_OOWN-0490,H7517001_S_OWN-0073,0.03771056,brand_unit;legacy_block,
H7517001_S_OOWN-0490,H7517001_S_OWN-0332,0.23172861,brand_unit;legacy_block,
H7517001_S_OOWN-0490,H7517001_S_OWN-0773,,brand_unit;legacy_block,
H7517001_S_OOWN-0490,H9422001_S_WISHMI-0974,0.06132401,brand_unit,
H7517001_S_OOWN-0490,H9422001_S_WISHMI-0977,,brand_unit;legacy_block,
H7517001_S_OOWN-0490,H9422001_S_WISHMI-0980,0.49643854,brand_unit,
H7517001_S_OWN-0004,H7517001_S_OWN-0073,,brand_unit;legacy_block,
H7517001_S_OWN-0004,H7517001_S_OWN-0332,,brand_unit;legacy_block,
H7517001_S_OWN-0004,H7517001_S_OWN-0773,,brand_unit;legacy_block,
H7517001_S_OWN-0004,H9422001_S_WISHMI-0974,,brand_unit,
H7517001_S_OWN-0004,H9422001_S_WISHMI-0977,,brand_unit;legacy_block,
H7517001_S_OWN-0004,H9422001_S_WISHMI-0980,,brand_unit,
H7517001_S_OWN-0073,H7517001_S_OWN-0332,,brand_unit;legacy_block,
H7517001_S_OWN-0073,H7517001_S_OWN-0773,,brand_unit;legacy_block,
H7517001_S_OWN-0073,H9422001_S_WISHMI-0974,0.23888627,brand_unit,
H7517001_S_OWN-0073,H9422001_S_WISHMI-0977,0.19645796,brand_unit;legacy_block,
H7517001_S_OWN-0073,H9422001_S_WISHMI-0980,0.11133562,brand_unit,
H7517001_S_OWN-0332,H7517001_S_OWN-0773,,brand_unit;legacy_block,
H7517001_S_OWN-0332,H9422001_S_WISHMI-0974,,brand_unit,
H7517001_S_OWN-0332,H9422001_S_WISHMI-0977,,brand_unit;legacy_block,
H7517001_S_OWN-0332,H9422001_S_WISHMI-0980,,brand_unit,
H7517001_S_OWN-0773,H9422001_S_WISHMI-0974,,brand_unit,
H7517001_S_OWN-0773,H9422001_S_WISHMI-0977,0.19645796,brand_unit;legacy_block,
H7517001_S_OWN-0773,H9422001_S_WISHMI-0980,,brand_unit,
H7517001_S_SLG-0135,H7517001_S_SLG-SSLV100G,,brand_unit,
H7542001_S_AL002,H9737001_S_nm_alepia_aleppo_soap_25,,brand_unit;legacy_block,
H7542001_S_AL002,S6114001_S_ALEPIA-001,0.96019185,brand_unit;legacy_block,
H7542001_S_AL002,S6114001_S_ALEPIA-002,0.93282683,brand_unit;legacy_block,
H7542001_S_AL002,S6114001_S_ALEPIA-005,0.94449037,brand_unit;legacy_block,
H7542001_S_AL002,S6114001_S_ALEPIA-107,0.99329755,brand_unit;legacy_block,
H7616001_S_HS_00981,H7616001_S_HS_00982,,brand_unit;legacy_block,
H7880001_S_BT-003,H7880001_S_BT-004,0.96963532,legacy_block,
H7880001_S_BT-003,H7880001_S_BT-005,0.95097935,legacy_block,
H7880001_S_BT-003,H9357001_S_4897025527393,0.35063471,legacy_block,
H7880001_S_BT-003,H9564001_S_YH05SS100,0.46749442,legacy_block,
H7880001_S_BT-003,S1061001_S_MON-624-581-0000,0.29968253,legacy_block,
H7880001_S_BT-004,H7880001_S_BT-005,0.98202808,legacy_block,
H7880001_S_BT-004,H9357001_S_4897025527393,0.29402465,legacy_block,
H7880001_S_BT-004,H9564001_S_YH05SS100,0.41688624,legacy_block,
H7880001_S_BT-004,S1061001_S_MON-624-581-0000,0.31307949,legacy_block,
H7880001_S_BT-005,H9357001_S_4897025527393,0.29402465,legacy_block,
H7880001_S_BT-005,H9564001_S_YH05SS100,0.40374806,legacy_block,
H7880001_S_BT-005,S1061001_S_MON-624-581-0000,0.31307949,legacy_block,
H7911001_S_soratinex_soap,H7911001_S_soratinex_soap_shampoo_set_A,0.02988745,brand_unit;legacy_block,
H7915001_S_4103040000422,H8765001_S_25309,1.00000000,brand_unit;exact_ean;legacy_block,
H7915001_S_9312146006602,H8427001_S_9312146006602,1.00000000,brand_unit;exact_ean;legacy_block,
H7915001_S_9312146006602,S2232001_S_TDP06602,0.17029160,brand_unit,
H7915001_S_9312146006602,S6375001_S_9312146006602,1.00000000,brand_unit;exact_ean;legacy_block,
H8115001_S_KY-C00077,S2232001_S_PEA05176X2,,brand_unit,
H8115001_S_KY-C00077,S2232001_S_PEA08321X2,0.88924209,brand_unit,
H8115001_S_KY-C00077,S2232001_S_PEA24023X2,0.44642530,brand_unit,
H8115001_S_KY-C00088,H9340001_S_5797,1.00000000,brand_unit;exact_ean;legacy_block,
H8115001_S_KY-C00088,H9564001_S_WA06HS85,1.00000000,brand_unit;exact_ean;legacy_block;packfree_exact,
H8116001_S_TW22-MED-001,H8116001_S_TW22-MED-002,0.98276238,brand_unit;legacy_block,
H8116001_S_TW22-MED-001,H8116001_S_TW22-MED-003,0.98483145,brand_unit;legacy_block,
H8116001_S_TW22-MED-001,H8116001_S_TW22-MED-004,0.94405874,brand_unit;legacy_block,
H8116001_S_TW22-MED-002,H8116001_S_TW22-MED-003,0.94062789,brand_unit;legacy_block,
H8116001_S_TW22-MED-002,H8116001_S_TW22-MED-004,0.71361332,brand_unit;legacy_block,
H8116001_S_TW22-MED-003,H8116001_S_TW22-MED-004,0.70761104,brand_unit;legacy_block,
H8196001_S_3182612701043,H8196001_S_3182612701074,0.10940405,legacy_block,
H8196001_S_3182612701043,H8196001_S_3182612701098,,legacy_block,
H8196001_S_3182612701043,H8196001_S_3182612701142,,legacy_block,
H8196001_S_3182612701043,H8196001_S_3182612701166,0.51018973,legacy_block,
H8196001_S_3182612701043,H8196001_S_3182612707229,,legacy_block,
H8196001_S_3182612701043,H9357001_S_4897025527393,0.40049307,legacy_block,
H8196001_S_3182612701043,H9564001_S_YH05SS100,0.23421629,legacy_block,
H8196001_S_3182612701043,S1061001_S_MON-624-581-0000,0.43454959,legacy_block,
H8196001_S_3182612701074,H8196001_S_3182612701098,0.04970556,legacy_block,
H8196001_S_3182612701074,H8196001_S_3182612701142,0.14103236,legacy_block,
H8196001_S_3182612701074,H8196001_S_3182612701166,0.06536216,legacy_block,
H8196001_S_3182612701074,H8196001_S_3182612707229,0.09641237,legacy_block,
H8196001_S_3182612701074,H9357001_S_4897025527393,0.40049307,legacy_block,
H8196001_S_3182612701074,H9564001_S_YH05SS100,0.15920164,legacy_block,
H8196001_S_3182612701074,S1061001_S_MON-624-581-0000,0.43454959,legacy_block,
H8196001_S_3182612701098,H8196001_S_3182612701142,0.03421787,legacy_block,
H8196001_S_3182612701098,H8196001_S_3182612701166,0.03398738,legacy_block,
H8196001_S_3182612701098,H8196001_S_3182612707229,0.02989302,legacy_block,
H8196001_S_3182612701098,H9357001_S_4897025527393,0.34736972,legacy_block,
H8196001_S_3182612701098,H9564001_S_YH05SS100,0.44270668,legacy_block,
H8196001_S_3182612701098,S1061001_S_MON-624-581-0000,0.32791401,legacy_block,
H8196001_S_3182612701142,H8196001_S_3182612701166,0.18858076,legacy_block,
H8196001_S_3182612701142,H8196001_S_3182612707229,0.92371103,legacy_block,
H8196001_S_3182612701142,H9357001_S_4897025527393,,legacy_block,
H8196001_S_3182612701142,H9564001_S_YH05SS100,0.22977265,legacy_block,
H8196001_S_3182612701142,S1061001_S_MON-624-581-0000,0.45153788,legacy_block,
H8196001_S_3182612701166,H8196001_S_3182612707229,0.03996962,legacy_block,
H8196001_S_3182612701166,H9357001_S_4897025527393,0.35765504,legacy_block,
H8196001_S_3182612701166,H9564001_S_YH05SS100,0.30692038,legacy_block,
H8196001_S_3182612701166,S1061001_S_MON-624-581-0000,0.43454959,legacy_block,
H8196001_S_3182612707229,H9357001_S_4897025527393,,legacy_block,
H8196001_S_3182612707229,H9564001_S_YH05SS100,0.16169951,legacy_block,
H8196001_S_3182612707229,S1061001_S_MON-624-581-0000,0.32791401,legacy_block,
H8196001_S_8852086922385,H8196001_S_885208692239,,brand_unit;legacy_block,
H8196001_S_8852086922385,H8424001_S_8852086922385,1.00000000,brand_unit;exact_ean;legacy_block,
H8196001_S_8852086922385,H8424001_S_8852086922392,,brand_unit;legacy_block,
H8196001_S_8852086922385,H8765001_S_25392,,brand_unit;legacy_block,
H8196001_S_885208692239,H8424001_S_8852086922385,,brand_unit;legacy_block,
H8196001_S_885208692239,H8424001_S_8852086922392,1.00000000,brand_unit;legacy_block,
H8196001_S_885208692239,H8765001_S_25392,1.00000000,brand_unit;exact_ean;legacy_block,
H8203001_S_gm419,H9481001_S_H3808,0.00146638,brand_unit,
H8222001_S_Banaban-kava,H8222001_S_Banaban-pure,0.98610879,brand_unit;legacy_block,
H8257001_S_hm0641_0160,H9357001_S_4897025527393,0.41285583,legacy_block,
H8257001_S_hm0641_0160,H9564001_S_YH05SS100,0.40261333,legacy_block,
H8257001_S_hm0641_0160,H9990001_S_344,0.46497650,legacy_block,
H8257001_S_hm0641_0160,H9990001_S_355,0.12023087,legacy_block,
H8257001_S_hm0641_0160,H9990001_S_406,0.25984513,legacy_block,
H8257001_S_hm0641_0160,H9990001_S_438,0.11620384,legacy_block,
H8257001_S_hm0641_0160,H9990001_S_471,0.07847804,legacy_block,
H8257001_S_hm0641_0160,H9990001_S_486,0.07886436,legacy_block,
H8257001_S_hm0641_0160,H9990001_S_545,0.64702311,legacy_block,
H8257001_S_hm0641_0160,H9990001_S_546,0.07886436,legacy_block,
H8257001_S_hm0641_0160,H9990001_S_551,0.55732560,legacy_block,
H8257001_S_hm0641_0160,H9990001_S_552,0.42652859,legacy_block,
H8257001_S_hm0641_0160,H9990001_S_553,0.55732560,legacy_block,
H8257001_S_hm0641_0160,H9990001_S_554,0.25984513,legacy_block,
H8257001_S_hm0641_0160,S1061001_S_MON-624-581-0000,0.42509432,legacy_block,
H8347001_S_CAPR-006,H8347001_S_CAPR-006X4,1.00000000,brand_unit;legacy_block;packfree_exact,
H8347001_S_GOAT-BP02,H8347001_S_GOAT-BP04,,brand_unit,
H8347001_S_GOAT-BP02,H8347001_S_GOAT-BP05,,brand_unit;legacy_block,
H8347001_S_GOAT-BP02,H8347001_S_GOAT-BP06,,brand_unit,
H8347001_S_GOAT-BP02,H8347001_S_GOAT-BP08,0.68943583,brand_unit,
H8347001_S_GOAT-BP02,H8427001_S_9349254002011,,brand_unit,
H8347001_S_GOAT-BP02,H8427001_S_9349254002028,,brand_unit,
H8347001_S_GOAT-BP02,H8427001_S_9349254002035,0.99761876,brand_unit,
H8347001_S_GOAT-BP02,H8427001_S_9349254002042,0.97403664,brand_unit,
H8347001_S_GOAT-BP02,H8427001_S_9349254002059,0.98268625,brand_unit,
H8347001_S_GOAT-BP02,H8427001_S_9349254002066,,brand_unit,
H8347001_S_GOAT-BP02,H8427001_S_9349254004053,0.99590467,brand_unit,
H8347001_S_GOAT-BP02,H8427001_S_9349254006286,,brand_unit,
H8347001_S_GOAT-BP02,H9250001_S_A9349254005005,,brand_unit;legacy_block,
H8347001_S_GOAT-BP02,S2232001_S_GOS2011X2,,brand_unit;legacy_block,
H8347001_S_GOAT-BP02,S2232001_S_GOS2028X2,,brand_unit;legacy_block,
H8347001_S_GOAT-BP02,S2232001_S_GOS2042X2,,brand_unit;legacy_block,
H8347001_S_GOAT-BP02,S2232001_S_GOS2053X2,0.98846563,brand_unit;legacy_block,
H8347001_S_GOAT-BP02,S2232001_S_GOS2059X2,0.57991859,brand_unit;legacy_block,
H8347001_S_GOAT-BP02,S2232001_S_GOS2066X2,,brand_unit;legacy_block,
H8347001_S_GOAT-BP02,S2232001_S_GOS4053X2,,brand_unit;legacy_block,
H8347001_S_GOAT-BP02,S6258001_S_GOS2011X2,,brand_unit;legacy_block,
H8347001_S_GOAT-BP02,S6258001_S_GOS2028X2,,brand_unit;legacy_block,
H8347001_S_GOAT-BP02,S6258001_S_GOS2042X2,,brand_unit;legacy_block,
H8347001_S_GOAT-BP02,S6258001_S_GOS2059X2,0.57991859,brand_unit;legacy_block,
H8347001_S_GOAT-BP02,S6375001_S_9349254004053,0.99650536,brand_unit,
H8347001_S_GOAT-BP02,S6375001_S_9349254006286,,brand_unit,
H8347001_S_GOAT-BP04,H8347001_S_GOAT-BP05,,brand_unit,
H8347001_S_GOAT-BP04,H8347001_S_GOAT-BP06,,brand_unit;legacy_block,
H8347001_S_GOAT-BP04,H8347001_S_GOAT-BP08,0.14323688,brand_unit;legacy_block,
H8347001_S_GOAT-BP04,H8427001_S_9349254002011,1.00000000,brand_unit;exact_ean;legacy_block,
H8347001_S_GOAT-BP04,H8427001_S_9349254002028,,brand_unit;legacy_block,
H8347001_S_GOAT-BP04,H8427001_S_9349254002035,,brand_unit;legacy_block,
H8347001_S_GOAT-BP04,H8427001_S_9349254002042,0.98546514,brand_unit;legacy_block,
H8347001_S_GOAT-BP04,H8427001_S_9349254002059,0.98380987,brand_unit;legacy_block,
H8347001_S_GOAT-BP04,H8427001_S_9349254002066,,brand_unit;legacy_block,
H8347001_S_GOAT-BP04,H8427001_S_9349254004053,0.99278881,brand_unit;legacy_block,
H8347001_S_GOAT-BP04,H8427001_S_9349254006286,,brand_unit;legacy_block,
H8347001_S_GOAT-BP04,H9250001_S_A9349254005005,0.92140403,brand_unit,
H8347001_S_GOAT-BP04,S2232001_S_GOS2011X2,0.99529449,brand_unit,
H8347001_S_GOAT-BP04,S2232001_S_GOS2028X2,,brand_unit,
H8347001_S_GOAT-BP04,S2232001_S_GOS2042X2,,brand_unit,
H8347001_S_GOAT-BP04,S2232001_S_GOS2053X2,,brand_unit,
H8347001_S_GOAT-BP04,S2232001_S_GOS2059X2,0.59790614,brand_unit,
H8347001_S_GOAT-BP04,S2232001_S_GOS2066X2,,brand_unit,
H8347001_S_GOAT-BP04,S2232001_S_GOS4053X2,,brand_unit,
H8347001_S_GOAT-BP04,S6258001_S_GOS2011X2,0.99529449,brand_unit,
H8347001_S_GOAT-BP04,S6258001_S_GOS2028X2,,brand_unit,
H8347001_S_GOAT-BP04,S6258001_S_GOS2042X2,,brand_unit,
H8347001_S_GOAT-BP04,S6258001_S_GOS2059X2,0.66432010,brand_unit,
H8347001_S_GOAT-BP04,S6375001_S_9349254004053,0.99300970,brand_unit;legacy_block,
H8347001_S_GOAT-BP04,S6375001_S_9349254006286,,brand_unit;legacy_block,
H8347001_S_GOAT-BP05,H8347001_S_GOAT-BP06,0.37282192,brand_unit,
H8347001_S_GOAT-BP05,H8347001_S_GOAT-BP08,,brand_unit,
H8347001_S_GOAT-BP05,H8427001_S_9349254002011,,brand_unit,
H8347001_S_GOAT-BP05,H8427001_S_9349254002028,0.97591516,brand_unit,
H8347001_S_GOAT-BP05,H8427001_S_9349254002035,,brand_unit,
H8347001_S_GOAT-BP05,H8427001_S_9349254002042,0.75366065,brand_unit,
H8347001_S_GOAT-BP05,H8427001_S_9349254002059,,brand_unit,
H8347001_S_GOAT-BP05,H8427001_S_9349254002066,,brand_unit,
H8347001_S_GOAT-BP05,H8427001_S_9349254004053,0.94485952,brand_unit,
H8347001_S_GOAT-BP05,H8427001_S_9349254006286,,brand_unit,
H8347001_S_GOAT-BP05,H9250001_S_A9349254005005,,brand_unit;legacy_block,
H8347001_S_GOAT-BP05,S2232001_S_GOS2011X2,,brand_unit;legacy_block,
H8347001_S_GOAT-BP05,S2232001_S_GOS2028X2,0.78343327,brand_unit;legacy_block,
H8347001_S_GOAT-BP05,S2232001_S_GOS2042X2,0.59112388,brand_unit;legacy_block,
H8347001_S_GOAT-BP05,S2232001_S_GOS2053X2,,brand_unit;legacy_block,
H8347001_S_GOAT-BP05,S2232001_S_GOS2059X2,,brand_unit;legacy_block,
H8347001_S_GOAT-BP05,S2232001_S_GOS2066X2,,brand_unit;legacy_block,
H8347001_S_GOAT-BP05,S2232001_S_GOS4053X2,,brand_unit;legacy_block,
H8347001_S_GOAT-BP05,S6258001_S_GOS2011X2,,brand_unit;legacy_block,
H8347001_S_GOAT-BP05,S6258001_S_GOS2028X2,0.78343327,brand_unit;legacy_block,
H8347001_S_GOAT-BP05,S6258001_S_GOS2042X2,0.59112388,brand_unit;legacy_block,
H8347001_S_GOAT-BP05,S6258001_S_GOS2059X2,,brand_unit;legacy_block,
H8347001_S_GOAT-BP05,S6375001_S_9349254004053,0.91229999,brand_unit,
H8347001_S_GOAT-BP05,S6375001_S_9349254006286,,brand_unit,
H8347001_S_GOAT-BP06,H8347001_S_GOAT-BP08,0.76764991,brand_unit;legacy_block,
H8347001_S_GOAT-BP06,H8427001_S_9349254002011,,brand_unit;legacy_block,
H8347001_S_GOAT-BP06,H8427001_S_9349254002028,0.90458363,brand_unit;legacy_block,
H8347001_S_GOAT-BP06,H8427001_S_9349254002035,0.90458363,brand_unit;legacy_block,
H8347001_S_GOAT-BP06,H8427001_S_9349254002042,1.00000000,brand_unit;exact_ean;legacy_block,
H8347001_S_GOAT-BP06,H8427001_S_9349254002059,0.53254269,brand_unit;legacy_block,
H8347001_S_GOAT-BP06,H8427001_S_9349254002066,,brand_unit;legacy_block,
H8347001_S_GOAT-BP06,H8427001_S_9349254004053,0.88170567,brand_unit;legacy_block,
H8347001_S_GOAT-BP06,H8427001_S_9349254006286,0.13347252,brand_unit;legacy_block,
H8347001_S_GOAT-BP06,H9250001_S_A9349254005005,,brand_unit,
H8347001_S_GOAT-BP06,S2232001_S_GOS2011X2,,brand_unit,
H8347001_S_GOAT-BP06,S2232001_S_GOS2028X2,0.60476426,brand_unit,
H8347001_S_GOAT-BP06,S2232001_S_GOS2042X2,1.00000000,brand_unit,
H8347001_S_GOAT-BP06,S2232001_S_GOS2053X2,,brand_unit,
H8347001_S_GOAT-BP06,S2232001_S_GOS2059X2,0.50548370,brand_unit,
H8347001_S_GOAT-BP06,S2232001_S_GOS2066X2,,brand_unit,
H8347001_S_GOAT-BP06,S2232001_S_GOS4053X2,,brand_unit,
H8347001_S_GOAT-BP06,S6258001_S_GOS2011X2,,brand_unit,
H8347001_S_GOAT-BP06,S6258001_S_GOS2028X2,0.60476426,brand_unit,
H8347001_S_GOAT-BP06,S6258001_S_GOS2042X2,1.00000000,brand_unit,
H8347001_S_GOAT-BP06,S6258001_S_GOS2059X2,0.49295163,brand_unit,
H8347001_S_GOAT-BP06,S6375001_S_9349254004053,0.80828644,brand_unit;legacy_block,
H8347001_S_GOAT-BP06,S6375001_S_9349254006286,0.13347252,brand_unit;legacy_block,
H8347001_S_GOAT-BP08,H8427001_S_9349254002011,0.28554792,brand_unit;legacy_block,
H8347001_S_GOAT-BP08,H8427001_S_9349254002028,,brand_unit;legacy_block,
H8347001_S_GOAT-BP08,H8427001_S_9349254002035,0.28554792,brand_unit;legacy_block,
H8347001_S_GOAT-BP08,H8427001_S_9349254002042,0.18189704,brand_unit;legacy_block,
H8347001_S_GOAT-BP08,H8427001_S_9349254002059,1.00000000,brand_unit;exact_ean;legacy_block,
H8347001_S_GOAT-BP08,H8427001_S_9349254002066,0.27625378,brand_unit;legacy_block,
H8347001_S_GOAT-BP08,H8427001_S_9349254004053,0.89156951,brand_unit;legacy_block,
H8347001_S_GOAT-BP08,H8427001_S_9349254006286,0.00496467,brand_unit;legacy_block,
H8347001_S_GOAT-BP08,H9250001_S_A9349254005005,0.89538749,brand_unit,
H8347001_S_GOAT-BP08,S2232001_S_GOS2011X2,0.78348572,brand_unit,
H8347001_S_GOAT-BP08,S2232001_S_GOS2028X2,,brand_unit,
H8347001_S_GOAT-BP08,S2232001_S_GOS2042X2,0.81255654,brand_unit,
H8347001_S_GOAT-BP08,S2232001_S_GOS2053X2,0.94851870,brand_unit,
H8347001_S_GOAT-BP08,S2232001_S_GOS2059X2,0.99658081,brand_unit,
H8347001_S_GOAT-BP08,S2232001_S_GOS2066X2,0.92070558,brand_unit,
H8347001_S_GOAT-BP08,S2232001_S_GOS4053X2,,brand_unit,
H8347001_S_GOAT-BP08,S6258001_S_GOS2011X2,0.78348572,brand_unit,
H8347001_S_GOAT-BP08,S6258001_S_GOS2028X2,,brand_unit,
H8347001_S_GOAT-BP08,S6258001_S_GOS2042X2,0.81255654,brand_unit,
H8347001_S_GOAT-BP08,S6258001_S_GOS2059X2,0.99611025,brand_unit,
H8347001_S_GOAT-BP08,S6375001_S_9349254004053,0.84990263,brand_unit;legacy_block,
H8347001_S_GOAT-BP08,S6375001_S_9349254006286,0.00496467,brand_unit;legacy_block,
H8374001_S_WD_10085,H8374001_S_WD_10085-2,1.00000000,brand_unit;legacy_block,
H8391001_S_AW0117,H8391001_S_OE0111,0.02628768,brand_unit;legacy_block,
H8391001_S_AW0117,H8391001_S_RC0106,0.26528668,brand_unit;legacy_block,
H8391001_S_OE0111,H8391001_S_RC0106,0.69532244,brand_unit;legacy_block,
H8424001_S_4891392106755,S2802001_S_DettolOriginalSoap,0.54714952,brand_unit,
H8424001_S_4891392106755,S2802001_S_DettolSkinCareSoap,0.18172411,brand_unit,
H8424001_S_4976631478272,H8424001_S_4976631481166,0.80374293,brand_unit;legacy_block,
H8424001_S_4976631478272,H9125001_S_48200101,0.93053586,brand_unit,
H8424001_S_4976631478272,H9125001_S_48200102,0.01600323,brand_unit,
H8424001_S_4976631478272,H9125001_S_48200103,0.01600323,brand_unit,
H8424001_S_4976631478272,H9990001_S_544,0.44068667,brand_unit,
H8424001_S_4976631478272,S6478006_S_478272_4976631478272,1.00000000,brand_unit;exact_ean;legacy_block,
H8424001_S_4976631478272,S6478006_S_481166_4976631481166,0.99428648,brand_unit;legacy_block,
H8424001_S_4976631481166,H9125001_S_48200101,0.98544704,brand_unit,
H8424001_S_4976631481166,H9125001_S_48200102,0.54941340,brand_unit,
H8424001_S_4976631481166,H9125001_S_48200103,0.14916870,brand_unit,
H8424001_S_4976631481166,H9990001_S_544,0.20872983,brand_unit,
H8424001_S_4976631481166,S6478006_S_478272_4976631478272,0.99613746,brand_unit;legacy_block,
H8424001_S_4976631481166,S6478006_S_481166_4976631481166,1.00000000,brand_unit;exact_ean;legacy_block,
H8424001_S_6297000323060,H9357001_S_6297000323060,,exact_ean,
H8424001_S_6297000323060,S2802001_S_CussonsBathSoap,0.75506163,brand_unit,
H8424001_S_8852086922385,H8424001_S_8852086922392,,brand_unit;legacy_block,
H8424001_S_8852086922385,H8765001_S_25392,,brand_unit;legacy_block,
H8424001_S_8852086922392,H8765001_S_25392,1.00000000,brand_unit;legacy_block,
H8424001_S_9556155017017,H9357001_S_9556155017017,1.00000000,exact_ean;legacy_block,
H8424001_S_9556155017017,H9564001_S_KA05KS03,1.00000000,exact_ean;legacy_block,
H8427001_S_4066447452778,H8427001_S_4066447674880,0.88104700,brand_unit;legacy_block,
H8427001_S_4066447452778,H8867001_S_BAL0094,0.94474961,brand_unit,
H8427001_S_4066447452778,S6375001_S_4066447452778,1.00000000,brand_unit;exact_ean;legacy_block;packfree_exact,
H8427001_S_4066447452778,S6375001_S_4066447674880,0.88104700,brand_unit;legacy_block,
H8427001_S_4066447674880,H8867001_S_BAL0094,0.99486609,brand_unit,
H8427001_S_4066447674880,S6375001_S_4066447452778,0.88104700,brand_unit;legacy_block,
H8427001_S_4066447674880,S6375001_S_4066447674880,1.00000000,brand_unit;exact_ean;legacy_block;packfree_exact,
H8427001_S_9312146006602,S2232001_S_TDP06602,0.48887405,brand_unit,
H8427001_S_9312146006602,S6375001_S_9312146006602,1.00000000,brand_unit;exact_ean;legacy_block;packfree_exact,
H8427001_S_9329401000107,H8427001_S_9329401000107-01,1.00000000,brand_unit,
H8427001_S_9329401000107,H8427001_S_9329401000169,,brand_unit;legacy_block,
H8427001_S_9329401000107,H8427001_S_9329401000169-01,,brand_unit,
H8427001_S_9329401000107,H8427001_S_9329401000183,,brand_unit;legacy_block,
H8427001_S_9329401000107,H8427001_S_9329401000183-01,,brand_unit,
H8427001_S_9329401000107,H8427001_S_9329401000428,0.02754593,brand_unit;legacy_block,
H8427001_S_9329401000107,H8427001_S_9329401000435,0.11262666,brand_unit;legacy_block,
H8427001_S_9329401000107,H8427001_S_9329401000435-01,0.96739717,brand_unit,
H8427001_S_9329401000107,H8427001_S_9329401000800,,brand_unit;legacy_block,
H8427001_S_9329401000107,H8427001_S_9329401000800-01,,brand_unit,
H8427001_S_9329401000107,H8427001_S_9329401000817,,brand_unit;legacy_block,
H8427001_S_9329401000107,H8427001_S_9329401000817-01,,brand_unit,
H8427001_S_9329401000107,S6375001_S_9329401000107,1.00000000,brand_unit;exact_ean;legacy_block;packfree_exact,
H8427001_S_9329401000107,S6375001_S_9329401000107-01,1.00000000,brand_unit,
H8427001_S_9329401000107,S6375001_S_9329401000169,,brand_unit;legacy_block,
H8427001_S_9329401000107,S6375001_S_9329401000169-01,,brand_unit,
H8427001_S_9329401000107,S6375001_S_9329401000183,,brand_unit;legacy_block,
H8427001_S_9329401000107,S6375001_S_9329401000183-01,,brand_unit,
H8427001_S_9329401000107,S6375001_S_9329401000435,0.11262666,brand_unit;legacy_block,
H8427001_S_9329401000107,S6375001_S_9329401000435-01,0.96739717,brand_unit,
H8427001_S_9329401000107,S6375001_S_9329401000800,,brand_unit;legacy_block,
H8427001_S_9329401000107,S6375001_S_9329401000800-01,,brand_unit,
H8427001_S_9329401000107,S6375001_S_9329401000817,,brand_unit;legacy_block,
H8427001_S_9329401000107,S6375001_S_9329401000817-01,,brand_unit,
H8427001_S_9329401000107-01,H8427001_S_9329401000169,,brand_unit,
H8427001_S_9329401000107-01,H8427001_S_9329401000169-01,,brand_unit;legacy_block,
H8427001_S_9329401000107-01,H8427001_S_9329401000183,,brand_unit,
H8427001_S_9329401000107-01,H8427001_S_9329401000183-01,,brand_unit;legacy_block,
H8427001_S_9329401000107-01,H8427001_S_9329401000428,0.91365447,brand_unit,
H8427001_S_9329401000107-01,H8427001_S_9329401000435,0.89398475,brand_unit,
H8427001_S_9329401000107-01,H8427001_S_9329401000435-01,0.69956811,brand_unit;legacy_block,
H8427001_S_9329401000107-01,H8427001_S_9329401000800,,brand_unit,
H8427001_S_9329401000107-01,H8427001_S_9329401000800-01,,brand_unit;legacy_block,
H8427001_S_9329401000107-01,H8427001_S_9329401000817,,brand_unit,
H8427001_S_9329401000107-01,H8427001_S_9329401000817-01,,brand_unit;legacy_block,
H8427001_S_9329401000107-01,S6375001_S_9329401000107,1.00000000,brand_unit,
H8427001_S_9329401000107-01,S6375001_S_9329401000107-01,1.00000000,brand_unit;legacy_block;packfree_exact,
H8427001_S_9329401000107-01,S6375001_S_9329401000169,,brand_unit,
H8427001_S_9329401000107-01,S6375001_S_9329401000169-01,,brand_unit;legacy_block,
H8427001_S_9329401000107-01,S6375001_S_9329401000183,,brand_unit,
H8427001_S_9329401000107-01,S6375001_S_9329401000183-01,,brand_unit;legacy_block,
H8427001_S_9329401000107-01,S6375001_S_9329401000435,0.89398475,brand_unit,
H8427001_S_9329401000107-01,S6375001_S_9329401000435-01,0.69956811,brand_unit;legacy_block,
H8427001_S_9329401000107-01,S6375001_S_9329401000800,,brand_unit,
H8427001_S_9329401000107-01,S6375001_S_9329401000800-01,,brand_unit;legacy_block,
H8427001_S_9329401000107-01,S6375001_S_9329401000817,,brand_unit,
H8427001_S_9329401000107-01,S6375001_S_9329401000817-01,,brand_unit;legacy_block,
H8427001_S_9329401000169,H8427001_S_9329401000169-01,1.00000000,brand_unit,
H8427001_S_9329401000169,H8427001_S_9329401000183,,brand_unit;legacy_block,
H8427001_S_9329401000169,H8427001_S_9329401000183-01,,brand_unit,
H8427001_S_9329401000169,H8427001_S_9329401000428,,brand_unit;legacy_block,
H8427001_S_9329401000169,H8427001_S_9329401000435,,brand_unit;legacy_block,
H8427001_S_9329401000169,H8427001_S_9329401000435-01,,brand_unit,
H8427001_S_9329401000169,H8427001_S_9329401000800,,brand_unit;legacy_block,
H8427001_S_9329401000169,H8427001_S_9329401000800-01,,brand_unit,
H8427001_S_9329401000169,H8427001_S_9329401000817,,brand_unit;legacy_block,
H8427001_S_9329401000169,H8427001_S_9329401000817-01,,brand_unit,
H8427001_S_9329401000169,S6375001_S_9329401000107,,brand_unit;legacy_block,
H8427001_S_9329401000169,S6375001_S_9329401000107-01,,brand_unit,
H8427001_S_9329401000169,S6375001_S_9329401000169,1.00000000,brand_unit;exact_ean;legacy_block;packfree_exact,
H8427001_S_9329401000169,S6375001_S_9329401000169-01,1.00000000,brand_unit,
H8427001_S_9329401000169,S6375001_S_9329401000183,,brand_unit;legacy_block,
H8427001_S_9329401000169,S6375001_S_9329401000183-01,,brand_unit,
H8427001_S_9329401000169,S6375001_S_9329401000435,,brand_unit;legacy_block,
H8427001_S_9329401000169,S6375001_S_9329401000435-01,,brand_unit,
H8427001_S_9329401000169,S6375001_S_9329401000800,,brand_unit;legacy_block,
H8427001_S_9329401000169,S6375001_S_9329401000800-01,,brand_unit,
H8427001_S_9329401000169,S6375001_S_9329401000817,,brand_unit;legacy_block,
H8427001_S_9329401000169,S6375001_S_9329401000817-01,,brand_unit,
H8427001_S_9329401000169-01,H8427001_S_9329401000183,,brand_unit,
H8427001_S_9329401000169-01,H8427001_S_9329401000183-01,,brand_unit;legacy_block,
H8427001_S_9329401000169-01,H8427001_S_9329401000428,,brand_unit,
H8427001_S_9329401000169-01,H8427001_S_9329401000435,,brand_unit,
H8427001_S_9329401000169-01,H8427001_S_9329401000435-01,,brand_unit;legacy_block,
H8427001_S_9329401000169-01,H8427001_S_9329401000800,,brand_unit,
H8427001_S_9329401000169-01,H8427001_S_9329401000800-01,,brand_unit;legacy_block,
H8427001_S_9329401000169-01,H8427001_S_9329401000817,,brand_unit,
H8427001_S_9329401000169-01,H8427001_S_9329401000817-01,,brand_unit;legacy_block,
H8427001_S_9329401000169-01,S6375001_S_9329401000107,,brand_unit,
H8427001_S_9329401000169-01,S6375001_S_9329401000107-01,,brand_unit;legacy_block,
H8427001_S_9329401000169-01,S6375001_S_9329401000169,1.00000000,brand_unit,
H8427001_S_9329401000169-01,S6375001_S_9329401000169-01,1.00000000,brand_unit;legacy_block;packfree_exact,
H8427001_S_9329401000169-01,S6375001_S_9329401000183,,brand_unit,
H8427001_S_9329401000169-01,S6375001_S_9329401000183-01,,brand_unit;legacy_block,
H8427001_S_9329401000169-01,S6375001_S_9329401000435,,brand_unit,
H8427001_S_9329401000169-01,S6375001_S_9329401000435-01,,brand_unit;legacy_block,
H8427001_S_9329401000169-01,S6375001_S_9329401000800,,brand_unit,
H8427001_S_9329401000169-01,S6375001_S_9329401000800-01,,brand_unit;legacy_block,
H8427001_S_9329401000169-01,S6375001_S_9329401000817,,brand_unit,
H8427001_S_9329401000169-01,S6375001_S_9329401000817-01,,brand_unit;legacy_block,
H8427001_S_9329401000183,H8427001_S_9329401000183-01,1.00000000,brand_unit,
H8427001_S_9329401000183,H8427001_S_9329401000428,0.02452659,brand_unit;legacy_block,
H8427001_S_9329401000183,H8427001_S_9329401000435,0.08564192,brand_unit;legacy_block,
H8427001_S_9329401000183,H8427001_S_9329401000435-01,0.97490055,brand_unit,
H8427001_S_9329401000183,H8427001_S_9329401000800,,brand_unit;legacy_block,
H8427001_S_9329401000183,H8427001_S_9329401000800-01,,brand_unit,
H8427001_S_9329401000183,H8427001_S_9329401000817,,brand_unit;legacy_block,
H8427001_S_9329401000183,H8427001_S_9329401000817-01,,brand_unit,
H8427001_S_9329401000183,S6375001_S_9329401000107,,brand_unit;legacy_block,
H8427001_S_9329401000183,S6375001_S_9329401000107-01,,brand_unit,
H8427001_S_9329401000183,S6375001_S_9329401000169,,brand_unit;legacy_block,
H8427001_S_9329401000183,S6375001_S_9329401000169-01,,brand_unit,
H8427001_S_9329401000183,S6375001_S_9329401000183,1.00000000,brand_unit;exact_ean;legacy_block;packfree_exact,
H8427001_S_9329401000183,S6375001_S_9329401000183-01,1.00000000,brand_unit,
H8427001_S_9329401000183,S6375001_S_9329401000435,0.08564192,brand_unit;legacy_block,
H8427001_S_9329401000183,S6375001_S_9329401000435-01,0.97490055,brand_unit,
H8427001_S_9329401000183,S6375001_S_9329401000800,,brand_unit;legacy_block,
H8427001_S_9329401000183,S6375001_S_9329401000800-01,,brand_unit,
H8427001_S_9329401000183,S6375001_S_9329401000817,,brand_unit;legacy_block,
H8427001_S_9329401000183,S6375001_S_9329401000817-01,,brand_unit,
H8427001_S_9329401000183-01,H8427001_S_9329401000428,0.91190415,brand_unit,
H8427001_S_9329401000183-01,H8427001_S_9329401000435,0.86351953,brand_unit,
H8427001_S_9329401000183-01,H8427001_S_9329401000435-01,0.65850004,brand_unit;legacy_block,
H8427001_S_9329401000183-01,H8427001_S_9329401000800,,brand_unit,
H8427001_S_9329401000183-01,H8427001_S_9329401000800-01,,brand_unit;legacy_block,
H8427001_S_9329401000183-01,H8427001_S_9329401000817,,brand_unit,
H8427001_S_9329401000183-01,H8427001_S_9329401000817-01,,brand_unit;legacy_block,
H8427001_S_9329401000183-01,S6375001_S_9329401000107,,brand_unit,
H8427001_S_9329401000183-01,S6375001_S_9329401000107-01,,brand_unit;legacy_block,
H8427001_S_9329401000183-01,S6375001_S_9329401000169,,brand_unit,
H8427001_S_9329401000183-01,S6375001_S_9329401000169-01,,brand_unit;legacy_block,
H8427001_S_9329401000183-01,S6375001_S_9329401000183,1.00000000,brand_unit,
H8427001_S_9329401000183-01,S6375001_S_9329401000183-01,1.00000000,brand_unit;legacy_block;packfree_exact,
H8427001_S_9329401000183-01,S6375001_S_9329401000435,0.86351953,brand_unit,
H8427001_S_9329401000183-01,S6375001_S_9329401000435-01,0.65850004,brand_unit;legacy_block,
H8427001_S_9329401000183-01,S6375001_S_9329401000800,,brand_unit,
H8427001_S_9329401000183-01,S6375001_S_9329401000800-01,,brand_unit;legacy_block,
H8427001_S_9329401000183-01,S6375001_S_9329401000817,,brand_unit,
H8427001_S_9329401000183-01,S6375001_S_9329401000817-01,,brand_unit;legacy_block,
H8427001_S_9329401000428,H8427001_S_9329401000435,0.04686661,brand_unit;legacy_block,
H8427001_S_9329401000428,H8427001_S_9329401000435-01,0.86919675,brand_unit,
H8427001_S_9329401000428,H8427001_S_9329401000800,0.02338191,brand_unit;legacy_block,
H8427001_S_9329401000428,H8427001_S_9329401000800-01,0.91190415,brand_unit,
H8427001_S_9329401000428,H8427001_S_9329401000817,0.10548976,brand_unit;legacy_block,
H8427001_S_9329401000428,H8427001_S_9329401000817-01,0.91190415,brand_unit,
H8427001_S_9329401000428,S6375001_S_9329401000107,0.02754593,brand_unit;legacy_block,
H8427001_S_9329401000428,S6375001_S_9329401000107-01,0.91365447,brand_unit,
H8427001_S_9329401000428,S6375001_S_9329401000169,,brand_unit;legacy_block,
H8427001_S_9329401000428,S6375001_S_9329401000169-01,,brand_unit,
H8427001_S_9329401000428,S6375001_S_9329401000183,0.02452659,brand_unit;legacy_block,
H8427001_S_9329401000428,S6375001_S_9329401000183-01,0.91190415,brand_unit,
H8427001_S_9329401000428,S6375001_S_9329401000435,0.04686661,brand_unit;legacy_block,
H8427001_S_9329401000428,S6375001_S_9329401000435-01,0.86919675,brand_unit,
H8427001_S_9329401000428,S6375001_S_9329401000800,0.02338191,brand_unit;legacy_block,
H8427001_S_9329401000428,S6375001_S_9329401000800-01,0.91190415,brand_unit,
H8427001_S_9329401000428,S6375001_S_9329401000817,0.10548976,brand_unit;legacy_block,
H8427001_S_9329401000428,S6375001_S_9329401000817-01,0.91190415,brand_unit,
H8427001_S_9329401000435,H8427001_S_9329401000435-01,1.00000000,brand_unit,
H8427001_S_9329401000435,H8427001_S_9329401000800,,brand_unit;legacy_block,
H8427001_S_9329401000435,H8427001_S_9329401000800-01,,brand_unit,
H8427001_S_9329401000435,H8427001_S_9329401000817,0.08564192,brand_unit;legacy_block,
H8427001_S_9329401000435,H8427001_S_9329401000817-01,0.86351953,brand_unit,
H8427001_S_9329401000435,S6375001_S_9329401000107,0.11262666,brand_unit;legacy_block,
H8427001_S_9329401000435,S6375001_S_9329401000107-01,0.89398475,brand_unit,
H8427001_S_9329401000435,S6375001_S_9329401000169,,brand_unit;legacy_block,
H8427001_S_9329401000435,S6375001_S_9329401000169-01,,brand_unit,
H8427001_S_9329401000435,S6375001_S_9329401000183,0.08564192,brand_unit;legacy_block,
H8427001_S_9329401000435,S6375001_S_9329401000183-01,0.86351953,brand_unit,
H8427001_S_9329401000435,S6375001_S_9329401000435,1.00000000,brand_unit;exact_ean;legacy_block;packfree_exact,
H8427001_S_9329401000435,S6375001_S_9329401000435-01,1.00000000,brand_unit,
H8427001_S_9329401000435,S6375001_S_9329401000800,,brand_unit;legacy_block,
H8427001_S_9329401000435,S6375001_S_9329401000800-01,,brand_unit,
H8427001_S_9329401000435,S6375001_S_9329401000817,0.08564192,brand_unit;legacy_block,
H8427001_S_9329401000435,S6375001_S_9329401000817-01,0.86351953,brand_unit,
H8427001_S_9329401000435-01,H8427001_S_9329401000800,,brand_unit,
H8427001_S_9329401000435-01,H8427001_S_9329401000800-01,,brand_unit;legacy_block,
H8427001_S_9329401000435-01,H8427001_S_9329401000817,0.97490055,brand_unit,
H8427001_S_9329401000435-01,H8427001_S_9329401000817-01,0.65850004,brand_unit;legacy_block,
H8427001_S_9329401000435-01,S6375001_S_9329401000107,0.96739717,brand_unit,
H8427001_S_9329401000435-01,S6375001_S_9329401000107-01,0.69956811,brand_unit;legacy_block,
H8427001_S_9329401000435-01,S6375001_S_9329401000169,,brand_unit,
H8427001_S_9329401000435-01,S6375001_S_9329401000169-01,,brand_unit;legacy_block,
H8427001_S_9329401000435-01,S6375001_S_9329401000183,0.97490055,brand_unit,
H8427001_S_9329401000435-01,S6375001_S_9329401000183-01,0.65850004,brand_unit;legacy_block,
H8427001_S_9329401000435-01,S6375001_S_9329401000435,1.00000000,brand_unit,
H8427001_S_9329401000435-01,S6375001_S_9329401000435-01,1.00000000,brand_unit;legacy_block;packfree_exact,
H8427001_S_9329401000435-01,S6375001_S_9329401000800,,brand_unit,
H8427001_S_9329401000435-01,S6375001_S_9329401000800-01,,brand_unit;legacy_block,
H8427001_S_9329401000435-01,S6375001_S_9329401000817,0.97490055,brand_unit,
H8427001_S_9329401000435-01,S6375001_S_9329401000817-01,0.65850004,brand_unit;legacy_block,
H8427001_S_9329401000800,H8427001_S_9329401000800-01,1.00000000,brand_unit,
H8427001_S_9329401000800,H8427001_S_9329401000817,,brand_unit;legacy_block,
H8427001_S_9329401000800,H8427001_S_9329401000817-01,,brand_unit,
H8427001_S_9329401000800,S6375001_S_9329401000107,,brand_unit;legacy_block,
H8427001_S_9329401000800,S6375001_S_9329401000107-01,,brand_unit,
H8427001_S_9329401000800,S6375001_S_9329401000169,,brand_unit;legacy_block,
H8427001_S_9329401000800,S6375001_S_9329401000169-01,,brand_unit,
H8427001_S_9329401000800,S6375001_S_9329401000183,,brand_unit;legacy_block,
H8427001_S_9329401000800,S6375001_S_9329401000183-01,,brand_unit,
H8427001_S_9329401000800,S6375001_S_9329401000435,,brand_unit;legacy_block,
H8427001_S_9329401000800,S6375001_S_9329401000435-01,,brand_unit,
H8427001_S_9329401000800,S6375001_S_9329401000800,1.00000000,brand_unit;exact_ean;legacy_block;packfree_exact,
H8427001_S_9329401000800,S6375001_S_9329401000800-01,1.00000000,brand_unit,
H8427001_S_9329401000800,S6375001_S_9329401000817,,brand_unit;legacy_block,
H8427001_S_9329401000800,S6375001_S_9329401000817-01,,brand_unit,
H8427001_S_9329401000800-01,H8427001_S_9329401000817,,brand_unit,
H8427001_S_9329401000800-01,H8427001_S_9329401000817-01,,brand_unit;legacy_block,
H8427001_S_9329401000800-01,S6375001_S_9329401000107,,brand_unit,
H8427001_S_9329401000800-01,S6375001_S_9329401000107-01,,brand_unit;legacy_block,
H8427001_S_9329401000800-01,S6375001_S_9329401000169,,brand_unit,
H8427001_S_9329401000800-01,S6375001_S_9329401000169-01,,brand_unit;legacy_block,
H8427001_S_9329401000800-01,S6375001_S_9329401000183,,brand_unit,
H8427001_S_9329401000800-01,S6375001_S_9329401000183-01,,brand_unit;legacy_block,
H8427001_S_9329401000800-01,S6375001_S_9329401000435,,brand_unit,
H8427001_S_9329401000800-01,S6375001_S_9329401000435-01,,brand_unit;legacy_block,
H8427001_S_9329401000800-01,S6375001_S_9329401000800,1.00000000,brand_unit,
H8427001_S_9329401000800-01,S6375001_S_9329401000800-01,1.00000000,brand_unit;legacy_block;packfree_exact,
H8427001_S_9329401000800-01,S6375001_S_9329401000817,,brand_unit,
H8427001_S_9329401000800-01,S6375001_S_9329401000817-01,,brand_unit;legacy_block,
H8427001_S_9329401000817,H8427001_S_9329401000817-01,1.00000000,brand_unit,
H8427001_S_9329401000817,S6375001_S_9329401000107,,brand_unit;legacy_block,
H8427001_S_9329401000817,S6375001_S_9329401000107-01,,brand_unit,
H8427001_S_9329401000817,S6375001_S_9329401000169,,brand_unit;legacy_block,
H8427001_S_9329401000817,S6375001_S_9329401000169-01,,brand_unit,
H8427001_S_9329401000817,S6375001_S_9329401000183,,brand_unit;legacy_block,
H8427001_S_9329401000817,S6375001_S_9329401000183-01,,brand_unit,
H8427001_S_9329401000817,S6375001_S_9329401000435,0.08564192,brand_unit;legacy_block,
H8427001_S_9329401000817,S6375001_S_9329401000435-01,0.97490055,brand_unit,
H8427001_S_9329401000817,S6375001_S_9329401000800,,brand_unit;legacy_block,
H8427001_S_9329401000817,S6375001_S_9329401000800-01,,brand_unit,
H8427001_S_9329401000817,S6375001_S_9329401000817,1.00000000,brand_unit;exact_ean;legacy_block;packfree_exact,
H8427001_S_9329401000817,S6375001_S_9329401000817-01,1.00000000,brand_unit,
H8427001_S_9329401000817-01,S6375001_S_9329401000107,,brand_unit,
H8427001_S_9329401000817-01,S6375001_S_9329401000107-01,,brand_unit;legacy_block,
H8427001_S_9329401000817-01,S6375001_S_9329401000169,,brand_unit,
H8427001_S_9329401000817-01,S6375001_S_9329401000169-01,,brand_unit;legacy_block,
H8427001_S_9329401000817-01,S6375001_S_9329401000183,,brand_unit,
H8427001_S_9329401000817-01,S6375001_S_9329401000183-01,,brand_unit;legacy_block,
H8427001_S_9329401000817-01,S6375001_S_9329401000435,0.86351953,brand_unit,
H8427001_S_9329401000817-01,S6375001_S_9329401000435-01,0.65850004,brand_unit;legacy_block,
H8427001_S_9329401000817-01,S6375001_S_9329401000800,,brand_unit,
H8427001_S_9329401000817-01,S6375001_S_9329401000800-01,,brand_unit;legacy_block,
H8427001_S_9329401000817-01,S6375001_S_9329401000817,1.00000000,brand_unit,
H8427001_S_9329401000817-01,S6375001_S_9329401000817-01,1.00000000,brand_unit;legacy_block;packfree_exact,
H8427001_S_9349254002011,H8427001_S_9349254002028,,brand_unit;legacy_block,
H8427001_S_9349254002011,H8427001_S_9349254002035,,brand_unit;legacy_block,
H8427001_S_9349254002011,H8427001_S_9349254002042,0.05197725,brand_unit;legacy_block,
H8427001_S_9349254002011,H8427001_S_9349254002059,0.06104163,brand_unit;legacy_block,
H8427001_S_9349254002011,H8427001_S_9349254002066,,brand_unit;legacy_block,
H8427001_S_9349254002011,H8427001_S_9349254004053,0.72500862,brand_unit;legacy_block,
H8427001_S_9349254002011,H8427001_S_9349254006286,,brand_unit;legacy_block,
H8427001_S_9349254002011,H9250001_S_A9349254005005,0.85607858,brand_unit,
H8427001_S_9349254002011,S2232001_S_GOS2011X2,0.99750935,brand_unit,
H8427001_S_9349254002011,S2232001_S_GOS2028X2,,brand_unit,
H8427001_S_9349254002011,S2232001_S_GOS2042X2,,brand_unit,
H8427001_S_9349254002011,S2232001_S_GOS2053X2,,brand_unit,
H8427001_S_9349254002011,S2232001_S_GOS2059X2,0.60165826,brand_unit,
H8427001_S_9349254002011,S2232001_S_GOS2066X2,,brand_unit,
H8427001_S_9349254002011,S2232001_S_GOS4053X2,,brand_unit,
H8427001_S_9349254002011,S6258001_S_GOS2011X2,0.99750935,brand_unit,
H8427001_S_9349254002011,S6258001_S_GOS2028X2,,brand_unit,
H8427001_S_9349254002011,S6258001_S_GOS2042X2,,brand_unit,
H8427001_S_9349254002011,S6258001_S_GOS2059X2,0.52166856,brand_unit,
H8427001_S_9349254002011,S6375001_S_9349254004053,0.17165969,brand_unit;legacy_block,
H8427001_S_9349254002011,S6375001_S_9349254006286,,brand_unit;legacy_block,
H8427001_S_9349254002011-01,H8427001_S_9349254002028-01,,brand_unit;legacy_block,
H8427001_S_9349254002011-01,H8427001_S_9349254002035-01,,brand_unit;legacy_block,
H8427001_S_9349254002011-01,H8427001_S_9349254002042-01,0.07426348,brand_unit;legacy_block,
H8427001_S_9349254002011-01,H8427001_S_9349254002059-01,0.04344709,brand_unit;legacy_block,
H8427001_S_9349254002011-01,H8427001_S_9349254002066-01,,brand_unit;legacy_block,
H8427001_S_9349254002028,H8427001_S_9349254002035,,brand_unit;legacy_block,
H8427001_S_9349254002028,H8427001_S_9349254002042,0.06123652,brand_unit;legacy_block,
H8427001_S_9349254002028,H8427001_S_9349254002059,,brand_unit;legacy_block,
H8427001_S_9349254002028,H8427001_S_9349254002066,,brand_unit;legacy_block,
H8427001_S_9349254002028,H8427001_S_9349254004053,0.84185164,brand_unit;legacy_block,
H8427001_S_9349254002028,H8427001_S_9349254006286,,brand_unit;legacy_block,
H8427001_S_9349254002028,H9250001_S_A9349254005005,0.77532075,brand_unit,
H8427001_S_9349254002028,S2232001_S_GOS2011X2,,brand_unit,
H8427001_S_9349254002028,S2232001_S_GOS2028X2,0.96437654,brand_unit,
H8427001_S_9349254002028,S2232001_S_GOS2042X2,0.90284121,brand_unit,
H8427001_S_9349254002028,S2232001_S_GOS2053X2,,brand_unit,
H8427001_S_9349254002028,S2232001_S_GOS2059X2,,brand_unit,
H8427001_S_9349254002028,S2232001_S_GOS2066X2,,brand_unit,
H8427001_S_9349254002028,S2232001_S_GOS4053X2,,brand_unit,
H8427001_S_9349254002028,S6258001_S_GOS2011X2,,brand_unit,
H8427001_S_9349254002028,S6258001_S_GOS2028X2,0.96437654,brand_unit,
H8427001_S_9349254002028,S6258001_S_GOS2042X2,0.90284121,brand_unit,
H8427001_S_9349254002028,S6258001_S_GOS2059X2,,brand_unit,
H8427001_S_9349254002028,S6375001_S_9349254004053,0.22372799,brand_unit;legacy_block,
H8427001_S_9349254002028,S6375001_S_9349254006286,,brand_unit;legacy_block,
H8427001_S_9349254002028-01,H8427001_S_9349254002035-01,,brand_unit;legacy_block,
H8427001_S_9349254002028-01,H8427001_S_9349254002042-01,0.08025775,brand_unit;legacy_block,
H8427001_S_9349254002028-01,H8427001_S_9349254002059-01,,brand_unit;legacy_block,
H8427001_S_9349254002028-01,H8427001_S_9349254002066-01,,brand_unit;legacy_block,
H8427001_S_9349254002035,H8427001_S_9349254002042,0.05197725,brand_unit;legacy_block,
H8427001_S_9349254002035,H8427001_S_9349254002059,0.06104163,brand_unit;legacy_block,
H8427001_S_9349254002035,H8427001_S_9349254002066,,brand_unit;legacy_block,
H8427001_S_9349254002035,H8427001_S_9349254004053,0.72500862,brand_unit;legacy_block,
H8427001_S_9349254002035,H8427001_S_9349254006286,,brand_unit;legacy_block,
H8427001_S_9349254002035,H9250001_S_A9349254005005,0.58156110,brand_unit,
H8427001_S_9349254002035,S2232001_S_GOS2011X2,,brand_unit,
H8427001_S_9349254002035,S2232001_S_GOS2028X2,,brand_unit,
H8427001_S_9349254002035,S2232001_S_GOS2042X2,0.90284121,brand_unit,
H8427001_S_9349254002035,S2232001_S_GOS2053X2,0.99140073,brand_unit,
H8427001_S_9349254002035,S2232001_S_GOS2059X2,0.60165826,brand_unit,
H8427001_S_9349254002035,S2232001_S_GOS2066X2,,brand_unit,
H8427001_S_9349254002035,S2232001_S_GOS4053X2,,brand_unit,
H8427001_S_9349254002035,S6258001_S_GOS2011X2,,brand_unit,
H8427001_S_9349254002035,S6258001_S_GOS2028X2,,brand_unit,
H8427001_S_9349254002035,S6258001_S_GOS2042X2,0.90284121,brand_unit,
H8427001_S_9349254002035,S6258001_S_GOS2059X2,0.52166856,brand_unit,
H8427001_S_9349254002035,S6375001_S_9349254004053,0.17165969,brand_unit;legacy_block,
H8427001_S_9349254002035,S6375001_S_9349254006286,,brand_unit;legacy_block,
H8427001_S_9349254002035-01,H8427001_S_9349254002042-01,0.04904660,brand_unit;legacy_block,
H8427001_S_9349254002035-01,H8427001_S_9349254002059-01,0.04692340,brand_unit;legacy_block,
H8427001_S_9349254002035-01,H8427001_S_9349254002066-01,,brand_unit;legacy_block,
H8427001_S_9349254002042,H8427001_S_9349254002059,0.12658354,brand_unit;legacy_block,
H8427001_S_9349254002042,H8427001_S_9349254002066,,brand_unit;legacy_block,
H8427001_S_9349254002042,H8427001_S_9349254004053,0.88920075,brand_unit;legacy_block,
H8427001_S_9349254002042,H8427001_S_9349254006286,0.04383355,brand_unit;legacy_block,
H8427001_S_9349254002042,H9250001_S_A9349254005005,0.95685891,brand_unit,
H8427001_S_9349254002042,S2232001_S_GOS2011X2,,brand_unit,
H8427001_S_9349254002042,S2232001_S_GOS2028X2,0.54505619,brand_unit,
H8427001_S_9349254002042,S2232001_S_GOS2042X2,0.99308305,brand_unit,
H8427001_S_9349254002042,S2232001_S_GOS2053X2,0.72971220,brand_unit,
H8427001_S_9349254002042,S2232001_S_GOS2059X2,0.65263254,brand_unit,
H8427001_S_9349254002042,S2232001_S_GOS2066X2,,brand_unit,
H8427001_S_9349254002042,S2232001_S_GOS4053X2,,brand_unit,
H8427001_S_9349254002042,S6258001_S_GOS2011X2,,brand_unit,
H8427001_S_9349254002042,S6258001_S_GOS2028X2,0.54505619,brand_unit,
H8427001_S_9349254002042,S6258001_S_GOS2042X2,0.99308305,brand_unit,
H8427001_S_9349254002042,S6258001_S_GOS2059X2,0.59160918,brand_unit,
H8427001_S_9349254002042,S6375001_S_9349254004053,0.72638451,brand_unit;legacy_block,
H8427001_S_9349254002042,S6375001_S_9349254006286,0.04383355,brand_unit;legacy_block,
H8427001_S_9349254002042-01,H8427001_S_9349254002059-01,0.12517770,brand_unit;legacy_block,
H8427001_S_9349254002042-01,H8427001_S_9349254002066-01,,brand_unit;legacy_block,
H8427001_S_9349254002059,H8427001_S_9349254002066,0.03811959,brand_unit;legacy_block,
H8427001_S_9349254002059,H8427001_S_9349254004053,0.23264732,brand_unit;legacy_block,
H8427001_S_9349254002059,H8427001_S_9349254006286,0.01851599,brand_unit;legacy_block,
H8427001_S_9349254002059,H9250001_S_A9349254005005,0.95119726,brand_unit,
H8427001_S_9349254002059,S2232001_S_GOS2011X2,0.94499743,brand_unit,
H8427001_S_9349254002059,S2232001_S_GOS2028X2,,brand_unit,
H8427001_S_9349254002059,S2232001_S_GOS2042X2,0.82255649,brand_unit,
H8427001_S_9349254002059,S2232001_S_GOS2053X2,0.93157313,brand_unit,
H8427001_S_9349254002059,S2232001_S_GOS2059X2,0.99765221,brand_unit,
H8427001_S_9349254002059,S2232001_S_GOS2066X2,0.97921031,brand_unit,
H8427001_S_9349254002059,S2232001_S_GOS4053X2,,brand_unit,
H8427001_S_9349254002059,S6258001_S_GOS2011X2,0.94499743,brand_unit,
H8427001_S_9349254002059,S6258001_S_GOS2028X2,,brand_unit,
H8427001_S_9349254002059,S6258001_S_GOS2042X2,0.82255649,brand_unit,
H8427001_S_9349254002059,S6258001_S_GOS2059X2,0.99753853,brand_unit,
H8427001_S_9349254002059,S6375001_S_9349254004053,0.16691921,brand_unit;legacy_block,
H8427001_S_9349254002059,S6375001_S_9349254006286,0.01851599,brand_unit;legacy_block,
H8427001_S_9349254002059-01,H8427001_S_9349254002066-01,0.03527137,brand_unit;legacy_block,
H8427001_S_9349254002066,H8427001_S_9349254004053,0.84185164,brand_unit;legacy_block,
H8427001_S_9349254002066,H8427001_S_9349254006286,,brand_unit;legacy_block,
H8427001_S_9349254002066,H9250001_S_A9349254005005,0.70851966,brand_unit,
H8427001_S_9349254002066,S2232001_S_GOS2011X2,,brand_unit,
H8427001_S_9349254002066,S2232001_S_GOS2028X2,,brand_unit,
H8427001_S_9349254002066,S2232001_S_GOS2042X2,,brand_unit,
H8427001_S_9349254002066,S2232001_S_GOS2053X2,,brand_unit,
H8427001_S_9349254002066,S2232001_S_GOS2059X2,0.55561023,brand_unit,
H8427001_S_9349254002066,S2232001_S_GOS2066X2,1.00000000,brand_unit,
H8427001_S_9349254002066,S2232001_S_GOS4053X2,,brand_unit,
H8427001_S_9349254002066,S6258001_S_GOS2011X2,,brand_unit,
H8427001_S_9349254002066,S6258001_S_GOS2028X2,,brand_unit,
H8427001_S_9349254002066,S6258001_S_GOS2042X2,,brand_unit,
H8427001_S_9349254002066,S6258001_S_GOS2059X2,0.51730330,brand_unit,
H8427001_S_9349254002066,S6375001_S_9349254004053,0.22372799,brand_unit;legacy_block,
H8427001_S_9349254002066,S6375001_S_9349254006286,,brand_unit;legacy_block,
H8427001_S_9349254004053,H8427001_S_9349254006286,0.63316702,brand_unit;legacy_block,
H8427001_S_9349254004053,H9250001_S_A9349254005005,0.45522939,brand_unit,
H8427001_S_9349254004053,S2232001_S_GOS2011X2,0.99343433,brand_unit,
H8427001_S_9349254004053,S2232001_S_GOS2028X2,0.96444152,brand_unit,
H8427001_S_9349254004053,S2232001_S_GOS2042X2,0.99258724,brand_unit,
H8427001_S_9349254004053,S2232001_S_GOS2053X2,0.99535439,brand_unit,
H8427001_S_9349254004053,S2232001_S_GOS2059X2,0.96030975,brand_unit,
H8427001_S_9349254004053,S2232001_S_GOS2066X2,0.99620087,brand_unit,
H8427001_S_9349254004053,S2232001_S_GOS4053X2,,brand_unit,
H8427001_S_9349254004053,S6258001_S_GOS2011X2,0.99343433,brand_unit,
H8427001_S_9349254004053,S6258001_S_GOS2028X2,0.96444152,brand_unit,
H8427001_S_9349254004053,S6258001_S_GOS2042X2,0.99258724,brand_unit,
H8427001_S_9349254004053,S6258001_S_GOS2059X2,0.95865736,brand_unit,
H8427001_S_9349254004053,S6375001_S_9349254004053,1.00000000,brand_unit;exact_ean;legacy_block;packfree_exact,
H8427001_S_9349254004053,S6375001_S_9349254006286,0.63316702,brand_unit;legacy_block,
H8427001_S_9349254006286,H9250001_S_A9349254005005,,brand_unit,
H8427001_S_9349254006286,S2232001_S_GOS2011X2,,brand_unit,
H8427001_S_9349254006286,S2232001_S_GOS2028X2,,brand_unit,
H8427001_S_9349254006286,S2232001_S_GOS2042X2,0.03427496,brand_unit,
H8427001_S_9349254006286,S2232001_S_GOS2053X2,,brand_unit,
H8427001_S_9349254006286,S2232001_S_GOS2059X2,0.03427496,brand_unit,
H8427001_S_9349254006286,S2232001_S_GOS2066X2,,brand_unit,
H8427001_S_9349254006286,S2232001_S_GOS4053X2,,brand_unit,
H8427001_S_9349254006286,S6258001_S_GOS2011X2,,brand_unit,
H8427001_S_9349254006286,S6258001_S_GOS2028X2,,brand_unit,
H8427001_S_9349254006286,S6258001_S_GOS2042X2,0.03427496,brand_unit,
H8427001_S_9349254006286,S6258001_S_GOS2059X2,0.03427496,brand_unit,
H8427001_S_9349254006286,S6375001_S_9349254004053,0.45788249,brand_unit;legacy_block,
H8427001_S_9349254006286,S6375001_S_9349254006286,1.00000000,brand_unit;exact_ean;legacy_block;packfree_exact,
H8427001_S_9400541044029-01,H8427001_S_9556031064227-01,0.71712623,brand_unit;legacy_block,
H8427001_S_9421904511163,S6375001_S_9421904511163,1.00000000,exact_ean;legacy_block;packfree_exact,
H8513001_S_Ehome-0008,H8513001_S_Ehome-0009,,legacy_block,
H8513001_S_Ehome-0008,H8513001_S_Ehome-0010,,legacy_block,
H8513001_S_Ehome-0008,H8513001_S_Ehome-0011,,legacy_block,
H8513001_S_Ehome-0008,H8513001_S_Ehome-0012,,legacy_block,
H8513001_S_Ehome-0008,H8513001_S_Ehome-0158,,legacy_block,
H8513001_S_Ehome-0008,H8513003_S_Ehome-0008,1.00000000,legacy_block;packfree_exact,
H8513001_S_Ehome-0008,H8513003_S_Ehome-0009,,legacy_block,
H8513001_S_Ehome-0008,H8513003_S_Ehome-0010,,legacy_block,
H8513001_S_Ehome-0008,H8513003_S_Ehome-0011,,legacy_block,
H8513001_S_Ehome-0008,H8513003_S_Ehome-0012,,legacy_block,
H8513001_S_Ehome-0008,H8513003_S_Ehome-0158,,legacy_block,
H8513001_S_Ehome-0009,H8513001_S_Ehome-0010,,legacy_block,
H8513001_S_Ehome-0009,H8513001_S_Ehome-0011,,legacy_block,
H8513001_S_Ehome-0009,H8513001_S_Ehome-0012,,legacy_block,
H8513001_S_Ehome-0009,H8513001_S_Ehome-0158,,legacy_block,
H8513001_S_Ehome-0009,H8513003_S_Ehome-0008,,legacy_block,
H8513001_S_Ehome-0009,H8513003_S_Ehome-0009,1.00000000,legacy_block;packfree_exact,
H8513001_S_Ehome-0009,H8513003_S_Ehome-0010,,legacy_block,
H8513001_S_Ehome-0009,H8513003_S_Ehome-0011,,legacy_block,
H8513001_S_Ehome-0009,H8513003_S_Ehome-0012,,legacy_block,
H8513001_S_Ehome-0009,H8513003_S_Ehome-0158,,legacy_block,
H8513001_S_Ehome-0010,H8513001_S_Ehome-0011,,legacy_block,
H8513001_S_Ehome-0010,H8513001_S_Ehome-0012,,legacy_block,
H8513001_S_Ehome-0010,H8513001_S_Ehome-0158,,legacy_block,
H8513001_S_Ehome-0010,H8513003_S_Ehome-0008,,legacy_block,
H8513001_S_Ehome-0010,H8513003_S_Ehome-0009,,legacy_block,
H8513001_S_Ehome-0010,H8513003_S_Ehome-0010,1.00000000,legacy_block;packfree_exact,
H8513001_S_Ehome-0010,H8513003_S_Ehome-0011,,legacy_block,
H8513001_S_Ehome-0010,H8513003_S_Ehome-0012,,legacy_block,
H8513001_S_Ehome-0010,H8513003_S_Ehome-0158,,legacy_block,
H8513001_S_Ehome-0011,H8513001_S_Ehome-0012,,legacy_block,
H8513001_S_Ehome-0011,H8513001_S_Ehome-0158,,legacy_block,
H8513001_S_Ehome-0011,H8513003_S_Ehome-0008,,legacy_block,
H8513001_S_Ehome-0011,H8513003_S_Ehome-0009,,legacy_block,
H8513001_S_Ehome-0011,H8513003_S_Ehome-0010,,legacy_block,
H8513001_S_Ehome-0011,H8513003_S_Ehome-0011,1.00000000,legacy_block;packfree_exact,
H8513001_S_Ehome-0011,H8513003_S_Ehome-0012,,legacy_block,
H8513001_S_Ehome-0011,H8513003_S_Ehome-0158,,legacy_block,
H8513001_S_Ehome-0012,H8513001_S_Ehome-0158,,legacy_block,
H8513001_S_Ehome-0012,H8513003_S_Ehome-0008,,legacy_block,
H8513001_S_Ehome-0012,H8513003_S_Ehome-0009,,legacy_block,
H8513001_S_Ehome-0012,H8513003_S_Ehome-0010,,legacy_block,
H8513001_S_Ehome-0012,H8513003_S_Ehome-0011,,legacy_block,
H8513001_S_Ehome-0012,H8513003_S_Ehome-0012,1.00000000,legacy_block;packfree_exact,
H8513001_S_Ehome-0012,H8513003_S_Ehome-0158,,legacy_block,
H8513001_S_Ehome-0158,H8513003_S_Ehome-0008,,legacy_block,
H8513001_S_Ehome-0158,H8513003_S_Ehome-0009,,legacy_block,
H8513001_S_Ehome-0158,H8513003_S_Ehome-0010,,legacy_block,
H8513001_S_Ehome-0158,H8513003_S_Ehome-0011,,legacy_block,
H8513001_S_Ehome-0158,H8513003_S_Ehome-0012,,legacy_block,
H8513001_S_Ehome-0158,H8513003_S_Ehome-0158,1.00000000,legacy_block;packfree_exact,
H8513003_S_Ehome-0008,H8513003_S_Ehome-0009,,legacy_block,
H8513003_S_Ehome-0008,H8513003_S_Ehome-0010,,legacy_block,
H8513003_S_Ehome-0008,H8513003_S_Ehome-0011,,legacy_block,
H8513003_S_Ehome-0008,H8513003_S_Ehome-0012,,legacy_block,
H8513003_S_Ehome-0008,H8513003_S_Ehome-0158,,legacy_block,
H8513003_S_Ehome-0009,H8513003_S_Ehome-0010,,legacy_block,
H8513003_S_Ehome-0009,H8513003_S_Ehome-0011,,legacy_block,
H8513003_S_Ehome-0009,H8513003_S_Ehome-0012,,legacy_block,
H8513003_S_Ehome-0009,H8513003_S_Ehome-0158,,legacy_block,
H8513003_S_Ehome-0010,H8513003_S_Ehome-0011,,legacy_block,
H8513003_S_Ehome-0010,H8513003_S_Ehome-0012,,legacy_block,
H8513003_S_Ehome-0010,H8513003_S_Ehome-0158,,legacy_block,
H8513003_S_Ehome-0011,H8513003_S_Ehome-0012,,legacy_block,
H8513003_S_Ehome-0011,H8513003_S_Ehome-0158,,legacy_block,
H8513003_S_Ehome-0012,H8513003_S_Ehome-0158,,legacy_block,
H8513003_S_Ehome-2011,H8513003_S_Ehome-2012,0.66286646,legacy_block,
H8513003_S_Ehome-2011,S1061001_S_MON-748-027-0000,0.01048501,legacy_block,
H8513003_S_Ehome-2012,S1061001_S_MON-748-027-0000,,legacy_block,
H8699001_S_L100129,H8699001_S_L100130,,brand_unit;legacy_block,
H8708001_S_HK0748,H9440001_S_HK0748,1.00000000,packfree_exact,
H8708001_S_HK0748,H9822001_S_WW084-MiteSulfurSoap,0.91262366,legacy_block,
H8708001_S_HK0748,S1061001_S_MON-624-153-0000,0.22940730,legacy_block,
H8708001_S_PC5010_A,H8708001_S_PC5010_Bx6,0.40474298,legacy_block,
H8708001_S_PC5010_A,H8708001_S_PC5010_Fx6,0.40474298,legacy_block,
H8708001_S_PC5010_A,H9440001_S_PC5010_A,1.00000000,packfree_exact,
H8708001_S_PC5010_Bx6,H8708001_S_PC5010_Fx6,,legacy_block,
H8728001_S_8720182256362,H9357001_S_8718114047249,1.00000000,brand_unit;exact_ean,
H8728001_S_8720182256362,H9357001_S_8720182256362-1,1.00000000,brand_unit;exact_ean;legacy_block,
H8728001_S_8720182256362,H9564001_S_DO06CB06,1.00000000,brand_unit;exact_ean;legacy_block,
H8728001_S_8720182256362,S2090001_S_4NO5C,,brand_unit,
H8728001_S_8720182256362,S2552001_S_10091DOV_BAR_SOA_MD,0.99797781,brand_unit,
H8728001_S_8720182256362,S2552002_S_10091_HHL,0.99797781,brand_unit,
H8728001_S_8720182256362,S6136001_S_4NO5C,,brand_unit,
H8728001_S_8993560024987,H9564001_S_DE05BS04G,1.00000000,brand_unit;exact_ean;legacy_block,
H8728001_S_8993560024987,S2090001_S_4NO5B1,,brand_unit,
H8728001_S_8993560024987,S6136001_S_4NO5B1,,brand_unit,
H8867001_S_52224014,H8867001_S_52224015,,brand_unit;legacy_block,
H8867001_S_52224014,H9125001_S_10900198,,brand_unit;legacy_block,
H8867001_S_52224014,H9125001_S_10900199,0.96746446,brand_unit;legacy_block,
H8867001_S_52224014,H9125001_S_10900262,,brand_unit;legacy_block,
H8867001_S_52224015,H9125001_S_10900198,0.99506253,brand_unit;legacy_block,
H8867001_S_52224015,H9125001_S_10900199,,brand_unit;legacy_block,
H8867001_S_52224015,H9125001_S_10900262,,brand_unit;legacy_block,
H8867001_S_BAL0094,S6375001_S_4066447452778,0.94474961,brand_unit,
H8867001_S_BAL0094,S6375001_S_4066447674880,0.99486609,brand_unit,
H8867001_S_lzn0003,H8999001_S_LZ_soap_4710942103153,0.00632000,brand_unit,
H8867001_S_lzn0003,H8999001_S_LZ_soap_4710942103160,0.44391163,brand_unit,
H8867001_S_lzn0003,H8999001_S_LZ_soap_4710942103184,0.00061922,brand_unit,
H8867001_S_lzn0003,H8999001_S_LZ_soap_4710942103191,0.00061922,brand_unit,
H8976001_S_809280018565,H8976001_S_809280018572,,brand_unit;legacy_block,
H8976001_S_809280018565,H8976001_S_809280018602,0.06015600,brand_unit;legacy_block,
H8976001_S_809280018565,H8976001_S_809280018619,,brand_unit;legacy_block,
H8976001_S_809280018572,H8976001_S_809280018602,0.04701159,brand_unit;legacy_block,
H8976001_S_809280018572,H8976001_S_809280018619,,brand_unit;legacy_block,
H8976001_S_809280018602,H8976001_S_809280018619,0.05943643,brand_unit;legacy_block,
H8999001_S_LZ_soap_4710942103153,H8999001_S_LZ_soap_4710942103160,0.29774774,brand_unit,
H8999001_S_LZ_soap_4710942103153,H8999001_S_LZ_soap_4710942103184,0.09204779,brand_unit,
H8999001_S_LZ_soap_4710942103153,H8999001_S_LZ_soap_4710942103191,0.09204779,brand_unit,
H8999001_S_LZ_soap_4710942103160,H8999001_S_LZ_soap_4710942103184,0.00500403,brand_unit;legacy_block,
H8999001_S_LZ_soap_4710942103160,H8999001_S_LZ_soap_4710942103191,0.00500403,brand_unit;legacy_block,
H8999001_S_LZ_soap_4710942103184,H8999001_S_LZ_soap_4710942103191,,brand_unit;legacy_block,
H8999001_S_LZ_soap_4710942103450,H8999001_S_LZ_soap_4710942104075,0.05664150,brand_unit,
H9125001_S_10800175,H9125001_S_10800180,,brand_unit;legacy_block,
H9125001_S_10800175,H9125001_S_10800181,0.00929089,brand_unit;legacy_block,
H9125001_S_10800175,H9125001_S_10800196,0.00774219,brand_unit;legacy_block,
H9125001_S_10800180,H9125001_S_10800181,0.00921946,brand_unit;legacy_block,
H9125001_S_10800180,H9125001_S_10800196,,brand_unit;legacy_block,
H9125001_S_10800181,H9125001_S_10800196,0.00997710,brand_unit;legacy_block,
H9125001_S_10900198,H9125001_S_10900199,,brand_unit;legacy_block,
H9125001_S_10900198,H9125001_S_10900262,,brand_unit;legacy_block,
H9125001_S_10900199,H9125001_S_10900262,,brand_unit;legacy_block,
H9125001_S_48200101,H9125001_S_48200102,0.15672252,brand_unit;legacy_block,
H9125001_S_48200101,H9125001_S_48200103,0.15447686,brand_unit;legacy_block,
H9125001_S_48200101,H9990001_S_544,0.01820553,brand_unit;legacy_block,
H9125001_S_48200101,S6478006_S_478272_4976631478272,0.99756043,brand_unit,
H9125001_S_48200101,S6478006_S_481166_4976631481166,0.99201633,brand_unit,
H9125001_S_48200102,H9125001_S_48200103,0.07430340,brand_unit;legacy_block,
H9125001_S_48200102,H9990001_S_544,0.54063827,brand_unit;legacy_block,
H9125001_S_48200102,S6478006_S_478272_4976631478272,0.87176811,brand_unit,
H9125001_S_48200102,S6478006_S_481166_4976631481166,0.89107371,brand_unit,
H9125001_S_48200103,H9990001_S_544,0.13173642,brand_unit;legacy_block,
H9125001_S_48200103,S6478006_S_478272_4976631478272,0.91950592,brand_unit,
H9125001_S_48200103,S6478006_S_481166_4976631481166,0.70911555,brand_unit,
H9226003_S_HABA-4534551065837,S6041001_S_HABA-4534551065837,1.00000000,brand_unit;exact_ean;legacy_block;packfree_exact,
H9226003_S_SADOER-72355,S6041001_S_SADOER-72355,1.00000000,brand_unit;legacy_block;packfree_exact,
H9226003_S_SADOER-72355,S6041002_S_SADOER-72355,1.00000000,brand_unit;legacy_block;packfree_exact,
H9226003_S_SADOER-72379,S6041001_S_SADOER-72379,1.00000000,brand_unit;legacy_block;packfree_exact,
H9226003_S_SADOER-72379,S6041002_S_SADOER-72379,1.00000000,brand_unit;legacy_block;packfree_exact,
H9250001_S_A3614273737081,S2723001_S_A23910,0.99753772,brand_unit;legacy_block,
H9250001_S_A9349254005005,S2232001_S_GOS2011X2,,brand_unit;legacy_block,
H9250001_S_A9349254005005,S2232001_S_GOS2028X2,,brand_unit;legacy_block,
H9250001_S_A9349254005005,S2232001_S_GOS2042X2,,brand_unit;legacy_block,
H9250001_S_A9349254005005,S2232001_S_GOS2053X2,,brand_unit;legacy_block,
H9250001_S_A9349254005005,S2232001_S_GOS2059X2,0.99157316,brand_unit;legacy_block,
H9250001_S_A9349254005005,S2232001_S_GOS2066X2,0.98516505,brand_unit;legacy_block,
H9250001_S_A9349254005005,S2232001_S_GOS4053X2,,brand_unit;legacy_block,
H9250001_S_A9349254005005,S6258001_S_GOS2011X2,,brand_unit;legacy_block,
H9250001_S_A9349254005005,S6258001_S_GOS2028X2,,brand_unit;legacy_block,
H9250001_S_A9349254005005,S6258001_S_GOS2042X2,,brand_unit;legacy_block,
H9250001_S_A9349254005005,S6258001_S_GOS2059X2,0.99061244,brand_unit;legacy_block,
H9250001_S_A9349254005005,S6375001_S_9349254004053,0.86841000,brand_unit,
H9250001_S_A9349254005005,S6375001_S_9349254006286,,brand_unit,
H9299001_S_6901404341253_3pcs,H9299001_S_6901404712534,0.06041596,legacy_block,
H9299001_S_6901404341253_3pcs,H9299001_S_6901404812548,0.06041596,legacy_block,
H9299001_S_6901404341253_3pcs,H9299001_S_6901404912514,0.03255698,legacy_block,
H9299001_S_6901404341253_3pcs,H9357001_S_6901404601258,0.01061686,legacy_block,
H9299001_S_6901404712534,H9299001_S_6901404812548,0.00622989,brand_unit;legacy_block,
H9299001_S_6901404712534,H9299001_S_6901404912514,0.00285725,brand_unit;legacy_block,
H9299001_S_6901404712534,H9357001_S_6901404601258,0.00692081,brand_unit;legacy_block,
H9299001_S_6901404812548,H9299001_S_6901404912514,0.00622989,brand_unit;legacy_block,
H9299001_S_6901404812548,H9357001_S_6901404601258,0.01322484,brand_unit;legacy_block,
H9299001_S_6901404912514,H9357001_S_6901404601258,1.00000000,brand_unit;exact_ean;legacy_block,
H9340001_S_5797,H9564001_S_WA06HS85,1.00000000,brand_unit;exact_ean;legacy_block,
H9340001_S_65610,H9357001_S_9556155017017,0.97704489,brand_unit,
H9340001_S_65610,H9564001_S_KA05KS03,1.00000000,brand_unit,
H9340001_S_65610,S6136001_S_4NO5D,0.16263876,brand_unit;legacy_block,
H9357001_S_4892368001111,H9357001_S_4892368001135,0.39237680,brand_unit;legacy_block,
H9357001_S_4892659051573,H9564001_S_EP06PS100,1.00000000,exact_ean;legacy_block;packfree_exact,
H9357001_S_4897025527393,H9564001_S_VI06PS100,0.36531395,legacy_block,
H9357001_S_4897025527393,H9564001_S_YH05SS100,0.86272570,legacy_block,
H9357001_S_4897025527393,H9942001_S_CLN_007,0.26985306,legacy_block,
H9357001_S_4897025527393,H9990001_S_344,0.27678017,legacy_block,
H9357001_S_4897025527393,H9990001_S_355,0.07958251,legacy_block,
H9357001_S_4897025527393,H9990001_S_406,0.36136115,legacy_block,
H9357001_S_4897025527393,H9990001_S_438,,legacy_block,
H9357001_S_4897025527393,H9990001_S_471,,legacy_block,
H9357001_S_4897025527393,H9990001_S_486,0.29646404,legacy_block,
H9357001_S_4897025527393,H9990001_S_545,0.27678017,legacy_block,
H9357001_S_4897025527393,H9990001_S_546,0.26433877,legacy_block,
H9357001_S_4897025527393,H9990001_S_551,0.26433877,legacy_block,
H9357001_S_4897025527393,H9990001_S_552,0.29646404,legacy_block,
H9357001_S_4897025527393,H9990001_S_553,,legacy_block,
H9357001_S_4897025527393,H9990001_S_554,0.47623555,legacy_block,
H9357001_S_4897025527393,S1061001_S_MON-624-581-0000,0.23962921,legacy_block,
H9357001_S_4897025527393,U0049001_S_Natures_Beauty_Gentle_Soap,0.25130491,legacy_block,
H9357001_S_6297000323060,S2802001_S_CussonsBathSoap,0.01250524,brand_unit,
H9357001_S_8718114047249,H9357001_S_8720182256362-1,1.00000000,brand_unit;exact_ean,
H9357001_S_8718114047249,H9564001_S_DO06CB06,1.00000000,brand_unit;exact_ean,
H9357001_S_8718114047249,S2090001_S_4NO5C,,brand_unit,
H9357001_S_8718114047249,S2552001_S_10091DOV_BAR_SOA_MD,0.99803818,brand_unit,
H9357001_S_8718114047249,S2552002_S_10091_HHL,0.99803818,brand_unit,
H9357001_S_8718114047249,S6136001_S_4NO5C,,brand_unit,
H9357001_S_8720182256362-1,H9564001_S_DO06CB06,1.00000000,brand_unit;exact_ean;legacy_block,
H9357001_S_8720182256362-1,S2090001_S_4NO5C,,brand_unit,
H9357001_S_8720182256362-1,S2552001_S_10091DOV_BAR_SOA_MD,0.99358235,brand_unit,
H9357001_S_8720182256362-1,S2552002_S_10091_HHL,0.99358235,brand_unit,
H9357001_S_8720182256362-1,S6136001_S_4NO5C,,brand_unit,
H9357001_S_9556155017017,H9564001_S_KA05KS03,1.00000000,brand_unit;exact_ean;legacy_block,
H9357001_S_9556155017017,S6136001_S_4NO5D,0.43982248,brand_unit,
H9422001_S_WISHMI-0974,H9422001_S_WISHMI-0977,0.26607735,brand_unit,
H9422001_S_WISHMI-0974,H9422001_S_WISHMI-0980,0.85645225,brand_unit;legacy_block,
H9422001_S_WISHMI-0977,H9422001_S_WISHMI-0980,,brand_unit,
H9564001_S_DE05BS04G,S2090001_S_4NO5B1,,brand_unit,
H9564001_S_DE05BS04G,S6136001_S_4NO5B1,,brand_unit,
H9564001_S_DO06CB06,S2090001_S_4NO5C,,brand_unit,
H9564001_S_DO06CB06,S2552001_S_10091DOV_BAR_SOA_MD,0.99899560,brand_unit,
H9564001_S_DO06CB06,S2552002_S_10091_HHL,0.99899560,brand_unit,
H9564001_S_DO06CB06,S6136001_S_4NO5C,,brand_unit,
H9564001_S_KA05KS03,S6136001_S_4NO5D,0.47141454,brand_unit,
H9564001_S_KU05SB06,S2090001_S_4NO5A,0.11887021,brand_unit;legacy_block,
H9564001_S_KU05SB06,S6136001_S_4NO5A,0.11887021,brand_unit;legacy_block,
H9564001_S_VI06PS100,H9564001_S_YH05SS100,0.11214935,legacy_block,
H9564001_S_VI06PS100,S1061001_S_MON-624-581-0000,0.45010067,legacy_block,
H9564001_S_YH05SS100,H9942001_S_CLN_007,0.58310843,legacy_block,
H9564001_S_YH05SS100,H9990001_S_344,0.32330401,legacy_block,
H9564001_S_YH05SS100,H9990001_S_355,0.04145574,legacy_block,
H9564001_S_YH05SS100,H9990001_S_406,0.03897556,legacy_block,
H9564001_S_YH05SS100,H9990001_S_438,0.26474622,legacy_block,
H9564001_S_YH05SS100,H9990001_S_471,0.03653115,legacy_block,
H9564001_S_YH05SS100,H9990001_S_486,0.06603959,legacy_block,
H9564001_S_YH05SS100,H9990001_S_545,0.06786680,legacy_block,
H9564001_S_YH05SS100,H9990001_S_546,0.06603959,legacy_block,
H9564001_S_YH05SS100,H9990001_S_551,0.25755099,legacy_block,
H9564001_S_YH05SS100,H9990001_S_552,0.25755099,legacy_block,
H9564001_S_YH05SS100,H9990001_S_553,0.25755099,legacy_block,
H9564001_S_YH05SS100,H9990001_S_554,0.03249410,legacy_block,
H9564001_S_YH05SS100,S1061001_S_MON-624-581-0000,0.40261333,legacy_block,
H9564001_S_YH05SS100,U0049001_S_Natures_Beauty_Gentle_Soap,0.43301196,legacy_block,
H9592001_S_S001__88,H9592001_S_S002B__88,0.00604491,brand_unit,
H9592001_S_S001__88,H9592001_S_S002C__88,0.00604491,brand_unit,
H9592001_S_S001__88,H9592001_S_S009D2__88,0.00316534,brand_unit,
H9592001_S_S001__88,H9592001_S_S010C__78,0.00266475,brand_unit,
H9592001_S_S001__88,H9592001_S_S011B__78,,brand_unit,
H9592001_S_S001__88,H9592001_S_S011C__98,,brand_unit;legacy_block,
H9592001_S_S001__88,H9592001_S_S015B__78,0.00724292,brand_unit,
H9592001_S_S001__88,H9592001_S_S016B__88,0.02564333,brand_unit,
H9592001_S_S001__88,H9592001_S_S017B__78,0.02423736,brand_unit,
H9592001_S_S001__88,H9592001_S_S022B__88,,brand_unit;legacy_block,
H9592001_S_S001__88,H9592001_S_S024__78,0.01523074,brand_unit,
H9592001_S_S001__88,H9592001_S_S025__88,0.01258398,brand_unit,
H9592001_S_S001__88,H9592001_S_S028__78,0.00795038,brand_unit,
H9592001_S_S001__88,H9592001_S_S032__78,,brand_unit,
H9592001_S_S001__88,H9592001_S_S034__88,0.25097057,brand_unit;legacy_block,
H9592001_S_S001__88,H9592001_S_S045B__88,0.25097057,brand_unit;legacy_block,
H9592001_S_S001__88,H9592001_S_S053B__78,,brand_unit,
H9592001_S_S001__88,H9592001_S_S057__78,0.01044923,brand_unit,
H9592001_S_S001__88,H9592001_S_S063__88,0.14036888,brand_unit;legacy_block,
H9592001_S_S001__88,H9592001_S_S070__98,0.14053279,brand_unit;legacy_block,
H9592001_S_S001__88,H9592001_S_S076__88,0.00363491,brand_unit,
H9592001_S_S002B__88,H9592001_S_S002C__88,0.98442946,brand_unit;legacy_block,
H9592001_S_S002B__88,H9592001_S_S009D2__88,0.00994669,brand_unit;legacy_block,
H9592001_S_S002B__88,H9592001_S_S010C__78,0.21632403,brand_unit;legacy_block,
H9592001_S_S002B__88,H9592001_S_S011B__78,0.05543167,brand_unit;legacy_block,
H9592001_S_S002B__88,H9592001_S_S011C__98,0.01628843,brand_unit,
H9592001_S_S002B__88,H9592001_S_S015B__78,0.01051299,brand_unit;legacy_block,
H9592001_S_S002B__88,H9592001_S_S016B__88,0.16538009,brand_unit;legacy_block,
H9592001_S_S002B__88,H9592001_S_S017B__78,0.01168519,brand_unit;legacy_block,
H9592001_S_S002B__88,H9592001_S_S022B__88,0.00140302,brand_unit,
H9592001_S_S002B__88,H9592001_S_S024__78,0.03937377,brand_unit;legacy_block,
H9592001_S_S002B__88,H9592001_S_S025__88,0.06039846,brand_unit;legacy_block,
H9592001_S_S002B__88,H9592001_S_S028__78,0.05656833,brand_unit;legacy_block,
H9592001_S_S002B__88,H9592001_S_S032__78,0.14247146,brand_unit;legacy_block,
H9592001_S_S002B__88,H9592001_S_S034__88,0.00562299,brand_unit,
H9592001_S_S002B__88,H9592001_S_S045B__88,0.00674725,brand_unit,
H9592001_S_S002B__88,H9592001_S_S053B__78,0.05162837,brand_unit;legacy_block,
H9592001_S_S002B__88,H9592001_S_S057__78,0.08259269,brand_unit;legacy_block,
H9592001_S_S002B__88,H9592001_S_S063__88,0.00429081,brand_unit,
H9592001_S_S002B__88,H9592001_S_S070__98,0.00145843,brand_unit,
H9592001_S_S002B__88,H9592001_S_S076__88,0.15514548,brand_unit;legacy_block,
H9592001_S_S002C__88,H9592001_S_S009D2__88,0.03709549,brand_unit;legacy_block,
H9592001_S_S002C__88,H9592001_S_S010C__78,0.19360673,brand_unit;legacy_block,
H9592001_S_S002C__88,H9592001_S_S011B__78,0.05543167,brand_unit;legacy_block,
H9592001_S_S002C__88,H9592001_S_S011C__98,0.01628843,brand_unit,
H9592001_S_S002C__88,H9592001_S_S015B__78,0.01051299,brand_unit;legacy_block,
H9592001_S_S002C__88,H9592001_S_S016B__88,0.03192404,brand_unit;legacy_block,
H9592001_S_S002C__88,H9592001_S_S017B__78,0.02102779,brand_unit;legacy_block,
H9592001_S_S002C__88,H9592001_S_S022B__88,0.00229282,brand_unit,
H9592001_S_S002C__88,H9592001_S_S024__78,0.03937377,brand_unit;legacy_block,
H9592001_S_S002C__88,H9592001_S_S025__88,0.06039846,brand_unit;legacy_block,
H9592001_S_S002C__88,H9592001_S_S028__78,0.05656833,brand_unit;legacy_block,
H9592001_S_S002C__88,H9592001_S_S032__78,0.14247146,brand_unit;legacy_block,
H9592001_S_S002C__88,H9592001_S_S034__88,0.00562299,brand_unit,
H9592001_S_S002C__88,H9592001_S_S045B__88,0.00713866,brand_unit,
H9592001_S_S002C__88,H9592001_S_S053B__78,0.05162837,brand_unit;legacy_block,
H9592001_S_S002C__88,H9592001_S_S057__78,0.08699850,brand_unit;legacy_block,
H9592001_S_S002C__88,H9592001_S_S063__88,0.00399732,brand_unit,
H9592001_S_S002C__88,H9592001_S_S070__98,0.00164927,brand_unit,
H9592001_S_S002C__88,H9592001_S_S076__88,0.16273501,brand_unit;legacy_block,
H9592001_S_S007__88,H9592001_S_S031B__88,0.00230898,brand_unit;legacy_block,
H9592001_S_S007__88,H9592001_S_S049__78,0.00261084,brand_unit;legacy_block,
H9592001_S_S007__88,H9592001_S_S062__88,0.04688889,brand_unit;legacy_block,
H9592001_S_S007__88,H9592001_S_S065__88,0.00332615,brand_unit,
H9592001_S_S007__88,H9592001_S_S066__88,0.04688889,brand_unit;legacy_block,
H9592001_S_S009D2__88,H9592001_S_S010C__78,0.02740869,brand_unit;legacy_block,
H9592001_S_S009D2__88,H9592001_S_S011B__78,0.02103900,brand_unit;legacy_block,
H9592001_S_S009D2__88,H9592001_S_S011C__98,0.01266034,brand_unit,
H9592001_S_S009D2__88,H9592001_S_S015B__78,0.00499571,brand_unit;legacy_block,
H9592001_S_S009D2__88,H9592001_S_S016B__88,0.00431392,brand_unit;legacy_block,
H9592001_S_S009D2__88,H9592001_S_S017B__78,0.01863643,brand_unit;legacy_block,
H9592001_S_S009D2__88,H9592001_S_S022B__88,0.00145843,brand_unit,
H9592001_S_S009D2__88,H9592001_S_S024__78,0.08699850,brand_unit;legacy_block,
H9592001_S_S009D2__88,H9592001_S_S025__88,0.08699850,brand_unit;legacy_block,
H9592001_S_S009D2__88,H9592001_S_S028__78,0.05913713,brand_unit;legacy_block,
H9592001_S_S009D2__88,H9592001_S_S032__78,,brand_unit;legacy_block,
H9592001_S_S009D2__88,H9592001_S_S034__88,0.00562299,brand_unit,
H9592001_S_S009D2__88,H9592001_S_S045B__88,0.00164927,brand_unit,
H9592001_S_S009D2__88,H9592001_S_S053B__78,,brand_unit;legacy_block,
H9592001_S_S009D2__88,H9592001_S_S057__78,,brand_unit;legacy_block,
H9592001_S_S009D2__88,H9592001_S_S063__88,0.00140586,brand_unit,
H9592001_S_S009D2__88,H9592001_S_S070__98,0.00340331,brand_unit,
H9592001_S_S009D2__88,H9592001_S_S076__88,0.08737926,brand_unit;legacy_block,
H9592001_S_S010C__78,H9592001_S_S011B__78,0.00679071,brand_unit;legacy_block,
H9592001_S_S010C__78,H9592001_S_S011C__98,0.00175685,brand_unit,
H9592001_S_S010C__78,H9592001_S_S015B__78,0.95767587,brand_unit;legacy_block,
H9592001_S_S010C__78,H9592001_S_S016B__88,0.00224562,brand_unit;legacy_block,
H9592001_S_S010C__78,H9592001_S_S017B__78,0.00370140,brand_unit;legacy_block,
H9592001_S_S010C__78,H9592001_S_S022B__88,0.00164927,brand_unit,
H9592001_S_S010C__78,H9592001_S_S024__78,0.05887150,brand_unit;legacy_block,
H9592001_S_S010C__78,H9592001_S_S025__88,0.08933926,brand_unit;legacy_block,
H9592001_S_S010C__78,H9592001_S_S028__78,0.36961703,brand_unit;legacy_block,
H9592001_S_S010C__78,H9592001_S_S032__78,0.08699850,brand_unit;legacy_block,
H9592001_S_S010C__78,H9592001_S_S034__88,0.00562299,brand_unit,
H9592001_S_S010C__78,H9592001_S_S045B__88,0.00717264,brand_unit,
H9592001_S_S010C__78,H9592001_S_S053B__78,0.01797583,brand_unit;legacy_block,
H9592001_S_S010C__78,H9592001_S_S057__78,0.08737926,brand_unit;legacy_block,
H9592001_S_S010C__78,H9592001_S_S063__88,0.00191836,brand_unit,
H9592001_S_S010C__78,H9592001_S_S070__98,0.00145843,brand_unit,
H9592001_S_S010C__78,H9592001_S_S076__88,0.16338792,brand_unit;legacy_block,
H9592001_S_S011B__78,H9592001_S_S011C__98,0.78660693,brand_unit,
H9592001_S_S011B__78,H9592001_S_S015B__78,0.00363004,brand_unit;legacy_block,
H9592001_S_S011B__78,H9592001_S_S016B__88,0.00604875,brand_unit;legacy_block,
H9592001_S_S011B__78,H9592001_S_S017B__78,,brand_unit;legacy_block,
H9592001_S_S011B__78,H9592001_S_S022B__88,,brand_unit,
H9592001_S_S011B__78,H9592001_S_S024__78,0.00383730,brand_unit;legacy_block,
H9592001_S_S011B__78,H9592001_S_S025__88,0.00433809,brand_unit;legacy_block,
H9592001_S_S011B__78,H9592001_S_S028__78,0.01086256,brand_unit;legacy_block,
H9592001_S_S011B__78,H9592001_S_S032__78,,brand_unit;legacy_block,
H9592001_S_S011B__78,H9592001_S_S034__88,,brand_unit,
H9592001_S_S011B__78,H9592001_S_S045B__88,0.00160181,brand_unit,
H9592001_S_S011B__78,H9592001_S_S053B__78,,brand_unit;legacy_block,
H9592001_S_S011B__78,H9592001_S_S057__78,0.00383730,brand_unit;legacy_block,
H9592001_S_S011B__78,H9592001_S_S063__88,0.00278360,brand_unit,
H9592001_S_S011B__78,H9592001_S_S070__98,0.00154408,brand_unit,
H9592001_S_S011B__78,H9592001_S_S076__88,0.00711356,brand_unit;legacy_block,
H9592001_S_S011C__98,H9592001_S_S015B__78,0.00223052,brand_unit,
H9592001_S_S011C__98,H9592001_S_S016B__88,0.00155300,brand_unit,
H9592001_S_S011C__98,H9592001_S_S017B__78,,brand_unit,
H9592001_S_S011C__98,H9592001_S_S022B__88,,brand_unit;legacy_block,
H9592001_S_S011C__98,H9592001_S_S024__78,0.00037371,brand_unit,
H9592001_S_S011C__98,H9592001_S_S025__88,0.00086382,brand_unit,
H9592001_S_S011C__98,H9592001_S_S028__78,0.00038480,brand_unit,
H9592001_S_S011C__98,H9592001_S_S032__78,,brand_unit,
H9592001_S_S011C__98,H9592001_S_S034__88,,brand_unit;legacy_block,
H9592001_S_S011C__98,H9592001_S_S045B__88,0.01168519,brand_unit;legacy_block,
H9592001_S_S011C__98,H9592001_S_S053B__78,,brand_unit,
H9592001_S_S011C__98,H9592001_S_S057__78,0.00041049,brand_unit,
H9592001_S_S011C__98,H9592001_S_S063__88,0.03794164,brand_unit;legacy_block,
H9592001_S_S011C__98,H9592001_S_S070__98,0.17503616,brand_unit;legacy_block,
H9592001_S_S011C__98,H9592001_S_S076__88,0.00220478,brand_unit,
H9592001_S_S015B__78,H9592001_S_S016B__88,0.00908276,brand_unit;legacy_block,
H9592001_S_S015B__78,H9592001_S_S017B__78,0.00332923,brand_unit;legacy_block,
H9592001_S_S015B__78,H9592001_S_S022B__88,0.00043765,brand_unit,
H9592001_S_S015B__78,H9592001_S_S024__78,0.05556309,brand_unit;legacy_block,
H9592001_S_S015B__78,H9592001_S_S025__88,0.08447233,brand_unit;legacy_block,
H9592001_S_S015B__78,H9592001_S_S028__78,0.01418218,brand_unit;legacy_block,
H9592001_S_S015B__78,H9592001_S_S032__78,0.05887150,brand_unit;legacy_block,
H9592001_S_S015B__78,H9592001_S_S034__88,0.00101153,brand_unit,
H9592001_S_S015B__78,H9592001_S_S045B__88,0.00142577,brand_unit,
H9592001_S_S015B__78,H9592001_S_S053B__78,0.01270273,brand_unit;legacy_block,
H9592001_S_S015B__78,H9592001_S_S057__78,0.01231312,brand_unit;legacy_block,
H9592001_S_S015B__78,H9592001_S_S063__88,0.00055802,brand_unit,
H9592001_S_S015B__78,H9592001_S_S070__98,0.00043765,brand_unit,
H9592001_S_S015B__78,H9592001_S_S076__88,0.10913311,brand_unit;legacy_block,
H9592001_S_S016B__88,H9592001_S_S017B__78,0.00461871,brand_unit;legacy_block,
H9592001_S_S016B__88,H9592001_S_S022B__88,0.00079430,brand_unit,
H9592001_S_S016B__88,H9592001_S_S024__78,0.00908973,brand_unit;legacy_block,
H9592001_S_S016B__88,H9592001_S_S025__88,0.01418218,brand_unit;legacy_block,
H9592001_S_S016B__88,H9592001_S_S028__78,0.01369300,brand_unit;legacy_block,
H9592001_S_S016B__88,H9592001_S_S032__78,0.07571497,brand_unit;legacy_block,
H9592001_S_S016B__88,H9592001_S_S034__88,0.00079430,brand_unit,
H9592001_S_S016B__88,H9592001_S_S045B__88,0.00088795,brand_unit,
H9592001_S_S016B__88,H9592001_S_S053B__78,0.13481161,brand_unit;legacy_block,
H9592001_S_S016B__88,H9592001_S_S057__78,0.01541970,brand_unit;legacy_block,
H9592001_S_S016B__88,H9592001_S_S063__88,0.00290702,brand_unit,
H9592001_S_S016B__88,H9592001_S_S070__98,0.00079430,brand_unit,
H9592001_S_S016B__88,H9592001_S_S076__88,0.09896491,brand_unit;legacy_block,
H9592001_S_S017B__78,H9592001_S_S022B__88,,brand_unit,
H9592001_S_S017B__78,H9592001_S_S024__78,0.13999819,brand_unit;legacy_block,
H9592001_S_S017B__78,H9592001_S_S025__88,0.14697564,brand_unit;legacy_block,
H9592001_S_S017B__78,H9592001_S_S028__78,0.00803846,brand_unit;legacy_block,
H9592001_S_S017B__78,H9592001_S_S032__78,,brand_unit;legacy_block,
H9592001_S_S017B__78,H9592001_S_S034__88,0.04220628,brand_unit,
H9592001_S_S017B__78,H9592001_S_S045B__88,0.00770151,brand_unit,
H9592001_S_S017B__78,H9592001_S_S053B__78,,brand_unit;legacy_block,
H9592001_S_S017B__78,H9592001_S_S057__78,0.03380766,brand_unit;legacy_block,
H9592001_S_S017B__78,H9592001_S_S063__88,0.00740512,brand_unit,
H9592001_S_S017B__78,H9592001_S_S070__98,0.00770151,brand_unit,
H9592001_S_S017B__78,H9592001_S_S076__88,0.00861272,brand_unit;legacy_block,
H9592001_S_S022B__88,H9592001_S_S024__78,,brand_unit,
H9592001_S_S022B__88,H9592001_S_S025__88,0.01276627,brand_unit,
H9592001_S_S022B__88,H9592001_S_S028__78,0.00180780,brand_unit,
H9592001_S_S022B__88,H9592001_S_S032__78,,brand_unit,
H9592001_S_S022B__88,H9592001_S_S034__88,,brand_unit;legacy_block,
H9592001_S_S022B__88,H9592001_S_S045B__88,0.13338417,brand_unit;legacy_block,
H9592001_S_S022B__88,H9592001_S_S053B__78,,brand_unit,
H9592001_S_S022B__88,H9592001_S_S057__78,0.01705312,brand_unit,
H9592001_S_S022B__88,H9592001_S_S063__88,0.03149555,brand_unit;legacy_block,
H9592001_S_S022B__88,H9592001_S_S070__98,0.03390826,brand_unit;legacy_block,
H9592001_S_S022B__88,H9592001_S_S076__88,0.00133146,brand_unit,
H9592001_S_S024__78,H9592001_S_S025__88,0.05703007,brand_unit;legacy_block,
H9592001_S_S024__78,H9592001_S_S028__78,0.01707302,brand_unit;legacy_block,
H9592001_S_S024__78,H9592001_S_S032__78,0.10274623,brand_unit;legacy_block,
H9592001_S_S024__78,H9592001_S_S034__88,0.04243855,brand_unit,
H9592001_S_S024__78,H9592001_S_S045B__88,0.02610417,brand_unit,
H9592001_S_S024__78,H9592001_S_S053B__78,,brand_unit;legacy_block,
H9592001_S_S024__78,H9592001_S_S057__78,0.14016174,brand_unit;legacy_block,
H9592001_S_S024__78,H9592001_S_S063__88,0.00952509,brand_unit,
H9592001_S_S024__78,H9592001_S_S070__98,0.02606967,brand_unit,
H9592001_S_S024__78,H9592001_S_S076__88,0.03682466,brand_unit;legacy_block,
H9592001_S_S025__88,H9592001_S_S028__78,0.02651834,brand_unit;legacy_block,
H9592001_S_S025__88,H9592001_S_S032__78,0.20898711,brand_unit;legacy_block,
H9592001_S_S025__88,H9592001_S_S034__88,0.04243855,brand_unit,
H9592001_S_S025__88,H9592001_S_S045B__88,0.03295753,brand_unit,
H9592001_S_S025__88,H9592001_S_S053B__78,0.03579338,brand_unit;legacy_block,
H9592001_S_S025__88,H9592001_S_S057__78,0.04615876,brand_unit;legacy_block,
H9592001_S_S025__88,H9592001_S_S063__88,0.01207979,brand_unit,
H9592001_S_S025__88,H9592001_S_S070__98,0.02755088,brand_unit,
H9592001_S_S025__88,H9592001_S_S076__88,0.05656833,brand_unit;legacy_block,
H9592001_S_S028__78,H9592001_S_S032__78,0.07347269,brand_unit;legacy_block,
H9592001_S_S028__78,H9592001_S_S034__88,0.00487672,brand_unit,
H9592001_S_S028__78,H9592001_S_S045B__88,0.00619248,brand_unit,
H9592001_S_S028__78,H9592001_S_S053B__78,0.00685855,brand_unit;legacy_block,
H9592001_S_S028__78,H9592001_S_S057__78,0.03682466,brand_unit;legacy_block,
H9592001_S_S028__78,H9592001_S_S063__88,0.00175984,brand_unit,
H9592001_S_S028__78,H9592001_S_S070__98,0.00156580,brand_unit,
H9592001_S_S028__78,H9592001_S_S076__88,0.05656833,brand_unit;legacy_block,
H9592001_S_S031B__88,H9592001_S_S049__78,0.02092959,brand_unit;legacy_block,
H9592001_S_S031B__88,H9592001_S_S062__88,0.00230898,brand_unit;legacy_block,
H9592001_S_S031B__88,H9592001_S_S065__88,0.01218514,brand_unit,
H9592001_S_S031B__88,H9592001_S_S066__88,0.00230898,brand_unit;legacy_block,
H9592001_S_S032__78,H9592001_S_S034__88,,brand_unit,
H9592001_S_S032__78,H9592001_S_S045B__88,0.02629945,brand_unit,
H9592001_S_S032__78,H9592001_S_S053B__78,0.08514279,brand_unit;legacy_block,
H9592001_S_S032__78,H9592001_S_S057__78,0.23208075,brand_unit;legacy_block,
H9592001_S_S032__78,H9592001_S_S063__88,0.01778154,brand_unit,
H9592001_S_S032__78,H9592001_S_S070__98,,brand_unit,
H9592001_S_S032__78,H9592001_S_S076__88,0.07835232,brand_unit;legacy_block,
H9592001_S_S034__88,H9592001_S_S045B__88,0.13354119,brand_unit;legacy_block,
H9592001_S_S034__88,H9592001_S_S053B__78,,brand_unit,
H9592001_S_S034__88,H9592001_S_S057__78,0.01607266,brand_unit,
H9592001_S_S034__88,H9592001_S_S063__88,0.03390826,brand_unit;legacy_block,
H9592001_S_S034__88,H9592001_S_S070__98,0.13338417,brand_unit;legacy_block,
H9592001_S_S034__88,H9592001_S_S076__88,0.00828494,brand_unit,
H9592001_S_S045B__88,H9592001_S_S053B__78,0.00740512,brand_unit,
H9592001_S_S045B__88,H9592001_S_S057__78,0.01697311,brand_unit,
H9592001_S_S045B__88,H9592001_S_S063__88,0.05493701,brand_unit;legacy_block,
H9592001_S_S045B__88,H9592001_S_S070__98,0.03390826,brand_unit;legacy_block,
H9592001_S_S045B__88,H9592001_S_S076__88,0.00148125,brand_unit,
H9592001_S_S049__78,H9592001_S_S062__88,0.00230898,brand_unit;legacy_block,
H9592001_S_S049__78,H9592001_S_S065__88,0.01313865,brand_unit,
H9592001_S_S049__78,H9592001_S_S066__88,0.00230898,brand_unit;legacy_block,
H9592001_S_S053B__78,H9592001_S_S057__78,0.00916118,brand_unit;legacy_block,
H9592001_S_S053B__78,H9592001_S_S063__88,0.02402539,brand_unit,
H9592001_S_S053B__78,H9592001_S_S070__98,,brand_unit,
H9592001_S_S053B__78,H9592001_S_S076__88,0.00734915,brand_unit;legacy_block,
H9592001_S_S057__78,H9592001_S_S063__88,0.00740512,brand_unit,
H9592001_S_S057__78,H9592001_S_S070__98,0.00770151,brand_unit,
H9592001_S_S057__78,H9592001_S_S076__88,0.03937377,brand_unit;legacy_block,
H9592001_S_S062__88,H9592001_S_S065__88,0.00177469,brand_unit,
H9592001_S_S062__88,H9592001_S_S066__88,0.02650558,brand_unit;legacy_block,
H9592001_S_S063__88,H9592001_S_S070__98,0.03149555,brand_unit;legacy_block,
H9592001_S_S063__88,H9592001_S_S076__88,0.00308332,brand_unit,
H9592001_S_S065__88,H9592001_S_S066__88,0.00177469,brand_unit,
H9592001_S_S070__98,H9592001_S_S076__88,0.00130688,brand_unit,
H9601001_S_YFN1001,H9601001_S_YFN1002,0.01131921,brand_unit;legacy_block,
H9601001_S_YFN1001,H9601001_S_YFN1003,0.03390242,brand_unit;legacy_block,
H9601001_S_YFN1001,H9601001_S_YFN1004,,brand_unit;legacy_block,
H9601001_S_YFN1001,H9601001_S_YFN1005,,brand_unit;legacy_block,
H9601001_S_YFN1002,H9601001_S_YFN1003,0.01449097,brand_unit;legacy_block,
H9601001_S_YFN1002,H9601001_S_YFN1004,0.02695497,brand_unit;legacy_block,
H9601001_S_YFN1002,H9601001_S_YFN1005,0.00490887,brand_unit;legacy_block,
H9601001_S_YFN1003,H9601001_S_YFN1004,0.00821630,brand_unit;legacy_block,
H9601001_S_YFN1003,H9601001_S_YFN1005,0.00782587,brand_unit;legacy_block,
H9601001_S_YFN1004,H9601001_S_YFN1005,,brand_unit;legacy_block,
H9653001_S_60888,S6324001_S_nj-aleppo12,0.22680606,brand_unit,
H9653001_S_60888,S6324001_S_nj-aleppo40,0.23473905,brand_unit,
H9737001_S_natural_Olivos_milksoap_goat_150,H9737001_S_natural_Olivos_milksoap_wholemilk_150,0.00683987,brand_unit;legacy_block,
H9737001_S_natural_Olivos_soap_honey_250,H9737001_S_natural_Olivos_spasoap_seaweed_250,0.09506104,brand_unit;legacy_block,
H9737001_S_natural_nesossoap_nettle,H9737001_S_natural_nesossoap_sage,,brand_unit;legacy_block,
H9737001_S_natural_zeyna_aleppo_soap_25_,H9737001_S_natural_zeyna_aleppo_soap_40_,0.99846628,brand_unit;legacy_block,
H9737001_S_natural_zeyna_aleppo_soap_25_,H9737001_S_natural_zeyna_aleppo_soap_5_,0.99909525,brand_unit;legacy_block,
H9737001_S_natural_zeyna_aleppo_soap_40_,H9737001_S_natural_zeyna_aleppo_soap_5_,0.99874164,brand_unit;legacy_block,
H9737001_S_nm_alepia_aleppo_soap_25,S6114001_S_ALEPIA-001,0.05379872,brand_unit;legacy_block,
H9737001_S_nm_alepia_aleppo_soap_25,S6114001_S_ALEPIA-002,0.01391240,brand_unit;legacy_block,
H9737001_S_nm_alepia_aleppo_soap_25,S6114001_S_ALEPIA-005,0.05379872,brand_unit;legacy_block,
H9737001_S_nm_alepia_aleppo_soap_25,S6114001_S_ALEPIA-107,,brand_unit;legacy_block,
H9801001_S_B1383,H9801001_S_B1384,0.05199619,brand_unit;legacy_block,
H9822001_S_WW084-MiteSulfurSoap,S1061001_S_MON-624-153-0000,0.87882089,legacy_block,
H9942001_S_CLN_005,H9942001_S_CLN_006,0.03286682,brand_unit;legacy_block,
H9942001_S_CLN_007,S1061001_S_MON-624-581-0000,0.32791401,legacy_block,
H9942001_S_CLN_008,H9942001_S_CLN_009,0.84764128,legacy_block,
H9942001_S_CLN_008,H9942001_S_CLN_010,0.82656505,legacy_block,
H9942001_S_CLN_009,H9942001_S_CLN_010,0.65434092,legacy_block,
H9990001_S_344,H9990001_S_355,,legacy_block,
H9990001_S_344,H9990001_S_406,0.05057319,legacy_block,
H9990001_S_344,H9990001_S_438,,legacy_block,
H9990001_S_344,H9990001_S_471,,legacy_block,
H9990001_S_344,H9990001_S_486,0.35074947,legacy_block,
H9990001_S_344,H9990001_S_545,0.35659526,legacy_block,
H9990001_S_344,H9990001_S_546,,legacy_block,
H9990001_S_344,H9990001_S_551,0.66515083,legacy_block,
H9990001_S_344,H9990001_S_552,0.62061263,legacy_block,
H9990001_S_344,H9990001_S_553,0.65674215,legacy_block,
H9990001_S_344,H9990001_S_554,0.04917228,legacy_block,
H9990001_S_344,S1061001_S_MON-624-581-0000,0.88944180,legacy_block,
H9990001_S_355,H9990001_S_406,0.02928156,legacy_block,
H9990001_S_355,H9990001_S_438,,legacy_block,
H9990001_S_355,H9990001_S_471,,legacy_block,
H9990001_S_355,H9990001_S_486,,legacy_block,
H9990001_S_355,H9990001_S_545,,legacy_block,
H9990001_S_355,H9990001_S_546,0.09367671,legacy_block,
H9990001_S_355,H9990001_S_551,,legacy_block,
H9990001_S_355,H9990001_S_552,,legacy_block,
H9990001_S_355,H9990001_S_553,,legacy_block,
H9990001_S_355,H9990001_S_554,0.04645803,legacy_block,
H9990001_S_355,S1061001_S_MON-624-581-0000,0.69793184,legacy_block,
H9990001_S_360,H9990001_S_511,0.98803438,legacy_block,
H9990001_S_406,H9990001_S_438,0.04821964,legacy_block,
H9990001_S_406,H9990001_S_471,0.00958665,legacy_block,
H9990001_S_406,H9990001_S_486,0.08166794,legacy_block,
H9990001_S_406,H9990001_S_545,0.18433434,legacy_block,
H9990001_S_406,H9990001_S_546,0.13044683,legacy_block,
H9990001_S_406,H9990001_S_551,0.08498583,legacy_block,
H9990001_S_406,H9990001_S_552,0.11070454,legacy_block,
H9990001_S_406,H9990001_S_553,0.08498583,legacy_block,
H9990001_S_406,H9990001_S_554,0.05431933,legacy_block,
H9990001_S_406,S1061001_S_MON-624-581-0000,0.45701240,legacy_block,
H9990001_S_438,H9990001_S_471,0.68628496,legacy_block,
H9990001_S_438,H9990001_S_486,,legacy_block,
H9990001_S_438,H9990001_S_545,,legacy_block,
H9990001_S_438,H9990001_S_546,,legacy_block,
H9990001_S_438,H9990001_S_551,,legacy_block,
H9990001_S_438,H9990001_S_552,,legacy_block,
H9990001_S_438,H9990001_S_553,,legacy_block,
H9990001_S_438,H9990001_S_554,0.07194503,legacy_block,
H9990001_S_438,S1061001_S_MON-624-581-0000,0.40605603,legacy_block,
H9990001_S_471,H9990001_S_486,,legacy_block,
H9990001_S_471,H9990001_S_545,,legacy_block,
H9990001_S_471,H9990001_S_546,,legacy_block,
H9990001_S_471,H9990001_S_551,,legacy_block,
H9990001_S_471,H9990001_S_552,,legacy_block,
H9990001_S_471,H9990001_S_553,,legacy_block,
H9990001_S_471,H9990001_S_554,0.00958665,legacy_block,
H9990001_S_471,S1061001_S_MON-624-581-0000,0.29437683,legacy_block,
H9990001_S_486,H9990001_S_545,0.56490194,legacy_block,
H9990001_S_486,H9990001_S_546,,legacy_block,
H9990001_S_486,H9990001_S_551,,legacy_block,
H9990001_S_486,H9990001_S_552,,legacy_block,
H9990001_S_486,H9990001_S_553,0.64087059,legacy_block,
H9990001_S_486,H9990001_S_554,0.01669828,legacy_block,
H9990001_S_486,S1061001_S_MON-624-581-0000,0.76961050,legacy_block,
H9990001_S_492,H9990001_S_532,0.02166279,legacy_block,
H9990001_S_508,H9990001_S_520,0.40097108,legacy_block,
H9990001_S_529,H9990001_S_557,0.98301104,brand_unit;legacy_block,
H9990001_S_529,S2214001_S_RW383035,1.00000000,brand_unit;legacy_block;packfree_exact,
H9990001_S_544,S6478006_S_478272_4976631478272,0.50827872,brand_unit,
H9990001_S_544,S6478006_S_481166_4976631481166,0.65064733,brand_unit,
H9990001_S_545,H9990001_S_546,,legacy_block,
H9990001_S_545,H9990001_S_551,,legacy_block,
H9990001_S_545,H9990001_S_552,,legacy_block,
H9990001_S_545,H9990001_S_553,,legacy_block,
H9990001_S_545,H9990001_S_554,0.02553481,legacy_block,
H9990001_S_545,S1061001_S_MON-624-581-0000,0.51032388,legacy_block,
H9990001_S_546,H9990001_S_551,,legacy_block,
H9990001_S_546,H9990001_S_552,,legacy_block,
H9990001_S_546,H9990001_S_553,,legacy_block,
H9990001_S_546,H9990001_S_554,0.02245578,legacy_block,
H9990001_S_546,S1061001_S_MON-624-581-0000,0.34195678,legacy_block,
H9990001_S_551,H9990001_S_552,,legacy_block,
H9990001_S_551,H9990001_S_553,,legacy_block,
H9990001_S_551,H9990001_S_554,0.01610525,legacy_block,
H9990001_S_551,S1061001_S_MON-624-581-0000,0.76961050,legacy_block,
H9990001_S_552,H9990001_S_553,,legacy_block,
H9990001_S_552,H9990001_S_554,0.01116858,legacy_block,
H9990001_S_552,S1061001_S_MON-624-581-0000,0.38290731,legacy_block,
H9990001_S_553,H9990001_S_554,0.01610525,legacy_block,
H9990001_S_553,S1061001_S_MON-624-581-0000,0.82037692,legacy_block,
H9990001_S_554,S1061001_S_MON-624-581-0000,0.45701240,legacy_block,
H9990001_S_557,S2214001_S_RW383035,0.97665041,brand_unit;legacy_block,
H9990001_S_563,H9990001_S_564,,legacy_block,
H9990001_S_563,H9990001_S_565,0.74618000,legacy_block,
H9990001_S_564,H9990001_S_565,0.65542386,legacy_block,
S1052001_S_AWC-CMS-NS,S1052001_S_AWC-CMS-RG,0.72657824,brand_unit;legacy_block,
S1052001_S_AWC-CMS-NS,S1052001_S_AWC-CMS-SO,0.65419740,brand_unit;legacy_block,
S1052001_S_AWC-CMS-NS,S1052001_S_AWC-SET3-MIXED,0.97785361,brand_unit;legacy_block,
S1052001_S_AWC-CMS-RG,S1052001_S_AWC-CMS-SO,,brand_unit;legacy_block,
S1052001_S_AWC-CMS-RG,S1052001_S_AWC-SET3-MIXED,0.47636505,brand_unit;legacy_block,
S1052001_S_AWC-CMS-SO,S1052001_S_AWC-SET3-MIXED,0.96567123,brand_unit;legacy_block,
S1061001_S_MON-030-158-0000,S2652002_S_PelicanSoap-1124536462,0.71274718,legacy_block,
S1061001_S_MON-030-165-0000,S1061001_S_MON-CHI-PSC-10239,0.15720342,brand_unit,
S1061001_S_MON-030-165-0000,S1061001_S_MON-CHI-PSC-11135a,0.59291403,brand_unit,
S1061001_S_MON-030-165-0000,S1061001_S_MON-CHI-PSC-11531a,0.12392430,brand_unit,
S1061001_S_MON-624-581-0000,U0049001_S_Natures_Beauty_Gentle_Soap,0.29968253,legacy_block,
S1061001_S_MON-748-027-0000,S6429001_S_CC8809338505032,0.00704953,legacy_block,
S1061001_S_MON-CHI-PSC-10239,S1061001_S_MON-CHI-PSC-11135a,0.64747193,brand_unit;legacy_block,
S1061001_S_MON-CHI-PSC-10239,S1061001_S_MON-CHI-PSC-11531a,0.71545477,brand_unit;legacy_block,
S1061001_S_MON-CHI-PSC-10239,S1061001_S_MON-CHI-PSC-11968,0.13355594,brand_unit,
S1061001_S_MON-CHI-PSC-11135a,S1061001_S_MON-CHI-PSC-11531a,0.62860344,brand_unit;legacy_block,
S1061001_S_MON-CHI-PSC-11135a,S1061001_S_MON-CHI-PSC-11968,0.21254811,brand_unit,
S1061001_S_MON-CHI-PSC-11531a,S1061001_S_MON-CHI-PSC-11968,0.14706734,brand_unit,
S1061001_S_MON-CHI-PSC-11647,S1061001_S_MON-CHI-PSC-11951,,brand_unit;legacy_block,
S1061001_S_MON-CHI-PSC-11647,S2214001_S_RW911647_2,0.92289431,brand_unit;legacy_block,
S1061001_S_MON-CHI-PSC-11951,S2214001_S_RW911647_2,0.67681923,brand_unit;legacy_block,
S1161001_S_7070,S1161001_S_70703,0.00441092,brand_unit,
S1161001_S_78842,S1161001_S_78844,0.01765205,brand_unit;legacy_block,
S1275001_S_EGARDEN_BugRepellentSoap,S1275001_S_EGARDEN_LAVENDER,,brand_unit,
S1275001_S_EGARDEN_BugRepellentSoap,S1275001_S_EGARDEN_LIME,0.00294325,brand_unit,
S1275001_S_EGARDEN_BugRepellentSoap,S1275001_S_EGARDEN_PEPPERMINT,0.00294325,brand_unit,
S1275001_S_EGARDEN_BugRepellentSoap,S1275001_S_TTGarden_Soap_Papaya,0.00308066,brand_unit,
S1275001_S_EGARDEN_LAVENDER,S1275001_S_EGARDEN_LIME,0.80713105,brand_unit;legacy_block,
S1275001_S_EGARDEN_LAVENDER,S1275001_S_EGARDEN_PEPPERMINT,,brand_unit;legacy_block,
S1275001_S_EGARDEN_LAVENDER,S1275001_S_TTGarden_Soap_Papaya,,brand_unit,
S1275001_S_EGARDEN_LIME,S1275001_S_EGARDEN_PEPPERMINT,0.84278439,brand_unit;legacy_block,
S1275001_S_EGARDEN_LIME,S1275001_S_TTGarden_Soap_Papaya,,brand_unit,
S1275001_S_EGARDEN_PEPPERMINT,S1275001_S_TTGarden_Soap_Papaya,,brand_unit,
S2070001_S_1001,S2070001_S_1002,,brand_unit,
S2070001_S_1001,S2070001_S_1014,0.02515571,brand_unit,
S2070001_S_1001,S2070001_S_1030,0.02999684,brand_unit;legacy_block,
S2070001_S_1001,S2070001_S_P10145025,0.04634809,brand_unit;legacy_block,
S2070001_S_1001,S2070001_S_P10145025-30,0.02404121,brand_unit,
S2070001_S_1002,S2070001_S_1030,,brand_unit,
S2070001_S_1002,S2070001_S_P10145025,0.03481445,brand_unit,
S2070001_S_1002,S2070001_S_P10145025-30,0.76945628,brand_unit;legacy_block,
S2070001_S_1014,S2070001_S_1030,0.00214712,brand_unit,
S2070001_S_1014,S2070001_S_P10145025,0.00997902,brand_unit,
S2070001_S_1030,S2070001_S_P10145025,0.05028400,brand_unit;legacy_block,
S2070001_S_1030,S2070001_S_P10145025-30,0.00991177,brand_unit,
S2070001_S_P10145025,S2070001_S_P10145025-30,0.83284458,brand_unit,
S2090001_S_4NO5A,S6136001_S_4NO5A,1.00000000,brand_unit;legacy_block;packfree_exact,
S2090001_S_4NO5B1,S6136001_S_4NO5B1,1.00000000,brand_unit;legacy_block;packfree_exact,
S2090001_S_4NO5C,S2552001_S_10091DOV_BAR_SOA_MD,,brand_unit;legacy_block,
S2090001_S_4NO5C,S2552002_S_10091_HHL,,brand_unit;legacy_block,
S2090001_S_4NO5C,S6136001_S_4NO5C,1.00000000,brand_unit;legacy_block;packfree_exact,
S2171001_S_RYG-HONEY-2,S2171001_S_RYG-SANWD-2,0.14104271,brand_unit;legacy_block,
S2171001_S_RYG-HONEY-2,S2171001_S_Sulphur_soap,0.00550266,brand_unit;legacy_block,
S2171001_S_RYG-SANWD-2,S2171001_S_Sulphur_soap,0.01606406,brand_unit;legacy_block,
S2188001_S_AVNbarXERACALM100g0684,S2188001_S_AVNcleananceSOLID100g8021,0.03443657,brand_unit;legacy_block,
S2188001_S_AVNbarXERACALM100g0684,S2188001_S_AVNcoldBARsoap100g8992,0.68728498,brand_unit;legacy_block,
S2188001_S_AVNbarXERACALM100g0684,S2188001_S_AVNxeraADultracleansBar100g8472,0.09951351,brand_unit;legacy_block,
S2188001_S_AVNcleananceSOLID100g8021,S2188001_S_AVNcoldBARsoap100g8992,0.56825083,brand_unit;legacy_block,
S2188001_S_AVNcleananceSOLID100g8021,S2188001_S_AVNxeraADultracleansBar100g8472,0.51552811,brand_unit;legacy_block,
S2188001_S_AVNcoldBARsoap100g8992,S2188001_S_AVNxeraADultracleansBar100g8472,0.58664475,brand_unit;legacy_block,
S2188001_S_SBMDcleansingBAR100g1180,S2188001_S_SBMDcleansingBAR100g3672,0.62274371,brand_unit;legacy_block,
S2188001_S_SBMDcleansingBAR100g1180,S2188001_S_SBMDclearfaceCleanBAR100g8548BIS,0.96246057,brand_unit;legacy_block,
S2188001_S_SBMDcleansingBAR100g3672,S2188001_S_SBMDclearfaceCleanBAR100g8548BIS,0.93697698,brand_unit;legacy_block,
S2232001_S_GOS2011X2,S2232001_S_GOS2028X2,,brand_unit;legacy_block,
S2232001_S_GOS2011X2,S2232001_S_GOS2042X2,,brand_unit;legacy_block,
S2232001_S_GOS2011X2,S2232001_S_GOS2053X2,,brand_unit;legacy_block,
S2232001_S_GOS2011X2,S2232001_S_GOS2059X2,,brand_unit;legacy_block,
S2232001_S_GOS2011X2,S2232001_S_GOS2066X2,,brand_unit;legacy_block,
S2232001_S_GOS2011X2,S2232001_S_GOS4053X2,,brand_unit;legacy_block,
S2232001_S_GOS2011X2,S6258001_S_GOS2011X2,1.00000000,brand_unit;legacy_block;packfree_exact,
S2232001_S_GOS2011X2,S6258001_S_GOS2028X2,,brand_unit;legacy_block,
S2232001_S_GOS2011X2,S6258001_S_GOS2042X2,,brand_unit;legacy_block,
S2232001_S_GOS2011X2,S6258001_S_GOS2059X2,,brand_unit;legacy_block,
S2232001_S_GOS2011X2,S6375001_S_9349254004053,0.99255721,brand_unit,
S2232001_S_GOS2011X2,S6375001_S_9349254006286,,brand_unit,
S2232001_S_GOS2028X2,S2232001_S_GOS2042X2,0.58236490,brand_unit;legacy_block,
S2232001_S_GOS2028X2,S2232001_S_GOS2053X2,,brand_unit;legacy_block,
S2232001_S_GOS2028X2,S2232001_S_GOS2059X2,,brand_unit;legacy_block,
S2232001_S_GOS2028X2,S2232001_S_GOS2066X2,,brand_unit;legacy_block,
S2232001_S_GOS2028X2,S2232001_S_GOS4053X2,,brand_unit;legacy_block,
S2232001_S_GOS2028X2,S6258001_S_GOS2011X2,,brand_unit;legacy_block,
S2232001_S_GOS2028X2,S6258001_S_GOS2028X2,1.00000000,brand_unit;legacy_block;packfree_exact,
S2232001_S_GOS2028X2,S6258001_S_GOS2042X2,0.58236490,brand_unit;legacy_block,
S2232001_S_GOS2028X2,S6258001_S_GOS2059X2,,brand_unit;legacy_block,
S2232001_S_GOS2028X2,S6375001_S_9349254004053,0.76728888,brand_unit,
S2232001_S_GOS2028X2,S6375001_S_9349254006286,,brand_unit,
S2232001_S_GOS2042X2,S2232001_S_GOS2053X2,,brand_unit;legacy_block,
S2232001_S_GOS2042X2,S2232001_S_GOS2059X2,0.16098762,brand_unit;legacy_block,
S2232001_S_GOS2042X2,S2232001_S_GOS2066X2,,brand_unit;legacy_block,
S2232001_S_GOS2042X2,S2232001_S_GOS4053X2,,brand_unit;legacy_block,
S2232001_S_GOS2042X2,S6258001_S_GOS2011X2,,brand_unit;legacy_block,
S2232001_S_GOS2042X2,S6258001_S_GOS2028X2,0.58236490,brand_unit;legacy_block,
S2232001_S_GOS2042X2,S6258001_S_GOS2042X2,1.00000000,brand_unit;legacy_block;packfree_exact,
S2232001_S_GOS2042X2,S6258001_S_GOS2059X2,0.39354567,brand_unit;legacy_block,
S2232001_S_GOS2042X2,S6375001_S_9349254004053,0.99259407,brand_unit,
S2232001_S_GOS2042X2,S6375001_S_9349254006286,0.03427496,brand_unit,
S2232001_S_GOS2053X2,S2232001_S_GOS2059X2,0.06429672,brand_unit;legacy_block,
S2232001_S_GOS2053X2,S2232001_S_GOS2066X2,,brand_unit;legacy_block,
S2232001_S_GOS2053X2,S2232001_S_GOS4053X2,,brand_unit;legacy_block,
S2232001_S_GOS2053X2,S6258001_S_GOS2011X2,,brand_unit;legacy_block,
S2232001_S_GOS2053X2,S6258001_S_GOS2028X2,,brand_unit;legacy_block,
S2232001_S_GOS2053X2,S6258001_S_GOS2042X2,,brand_unit;legacy_block,
S2232001_S_GOS2053X2,S6258001_S_GOS2059X2,0.40871570,brand_unit;legacy_block,
S2232001_S_GOS2053X2,S6375001_S_9349254004053,0.99417771,brand_unit,
S2232001_S_GOS2053X2,S6375001_S_9349254006286,,brand_unit,
S2232001_S_GOS2059X2,S2232001_S_GOS2066X2,0.23686374,brand_unit;legacy_block,
S2232001_S_GOS2059X2,S2232001_S_GOS4053X2,,brand_unit;legacy_block,
S2232001_S_GOS2059X2,S6258001_S_GOS2011X2,,brand_unit;legacy_block,
S2232001_S_GOS2059X2,S6258001_S_GOS2028X2,,brand_unit;legacy_block,
S2232001_S_GOS2059X2,S6258001_S_GOS2042X2,0.16098762,brand_unit;legacy_block,
S2232001_S_GOS2059X2,S6258001_S_GOS2059X2,0.99942630,brand_unit;legacy_block,
S2232001_S_GOS2059X2,S6375001_S_9349254004053,0.95371752,brand_unit,
S2232001_S_GOS2059X2,S6375001_S_9349254006286,0.03427496,brand_unit,
S2232001_S_GOS2066X2,S2232001_S_GOS4053X2,,brand_unit;legacy_block,
S2232001_S_GOS2066X2,S6258001_S_GOS2011X2,,brand_unit;legacy_block,
S2232001_S_GOS2066X2,S6258001_S_GOS2028X2,,brand_unit;legacy_block,
S2232001_S_GOS2066X2,S6258001_S_GOS2042X2,,brand_unit;legacy_block,
S2232001_S_GOS2066X2,S6258001_S_GOS2059X2,0.50774006,brand_unit;legacy_block,
S2232001_S_GOS2066X2,S6375001_S_9349254004053,0.99507694,brand_unit,
S2232001_S_GOS2066X2,S6375001_S_9349254006286,,brand_unit,
S2232001_S_GOS4053X2,S6258001_S_GOS2011X2,,brand_unit;legacy_block,
S2232001_S_GOS4053X2,S6258001_S_GOS2028X2,,brand_unit;legacy_block,
S2232001_S_GOS4053X2,S6258001_S_GOS2042X2,,brand_unit;legacy_block,
S2232001_S_GOS4053X2,S6258001_S_GOS2059X2,,brand_unit;legacy_block,
S2232001_S_GOS4053X2,S6375001_S_9349254004053,,brand_unit,
S2232001_S_GOS4053X2,S6375001_S_9349254006286,,brand_unit,
S2232001_S_PEA05176X2,S2232001_S_PEA08321X2,0.07323256,brand_unit;legacy_block,
S2232001_S_PEA05176X2,S2232001_S_PEA24023X2,,brand_unit;legacy_block,
S2232001_S_PEA08321X2,S2232001_S_PEA24023X2,0.06587914,brand_unit;legacy_block,
S2232001_S_TDP06602,S6375001_S_9312146006602,0.48887405,brand_unit,
S2262001_S_Bountypepper,S2262001_S_bountyblack,0.89416387,brand_unit;legacy_block,
S2262001_S_Bountypepper,S2262001_S_bountyoil,0.87027285,brand_unit;legacy_block,
S2262001_S_bountyblack,S2262001_S_bountyoil,0.89358043,brand_unit;legacy_block,
S2270001_S_TV-050080100,S2270001_S_TV-050270100,0.05276007,brand_unit;legacy_block,
S2552001_S_10091DOV_BAR_SOA_MD,S2552002_S_10091_HHL,1.00000000,brand_unit;legacy_block;packfree_exact,
S2552001_S_10091DOV_BAR_SOA_MD,S6136001_S_4NO5C,,brand_unit;legacy_block,
S2552002_S_10091_HHL,S6136001_S_4NO5C,,brand_unit;legacy_block,
S2802001_S_CussonsBathSoap,S6136001_S_4NO5,0.00549090,brand_unit,
S2802001_S_DettolOriginalSoap,S2802001_S_DettolSkinCareSoap,0.02986798,brand_unit;legacy_block,
S2858001_S_10037,S2858001_S_10037A,,brand_unit;legacy_block,
S2858001_S_10037,S2858001_S_10038,0.07671649,brand_unit;legacy_block,
S2858001_S_10037,S2858001_S_10038A,0.72692231,brand_unit;legacy_block,
S2858001_S_10037,S2858001_S_10039,0.98108959,brand_unit;legacy_block,
S2858001_S_10037,S2858001_S_10039A,,brand_unit;legacy_block,
S2858001_S_10037,S2858001_S_10040,,brand_unit;legacy_block,
S2858001_S_10037,S2858001_S_10040A,,brand_unit;legacy_block,
S2858001_S_10037,S2858001_S_10041,,brand_unit;legacy_block,
S2858001_S_10037,S2858001_S_10041A,,brand_unit;legacy_block,
S2858001_S_10037,S2858001_S_10042,0.98234140,brand_unit;legacy_block,
S2858001_S_10037,S2858001_S_10043,,brand_unit;legacy_block,
S2858001_S_10037,S2858001_S_10043A,,brand_unit;legacy_block,
S2858001_S_10037,S2858001_S_10044,,brand_unit;legacy_block,
S2858001_S_10037,S2858001_S_10044A,,brand_unit;legacy_block,
S2858001_S_10037,S2858001_S_10046,,brand_unit;legacy_block,
S2858001_S_10037,S2858001_S_10046A,,brand_unit;legacy_block,
S2858001_S_10037,S2858001_S_10047,,brand_unit;legacy_block,
S2858001_S_10037,S2858001_S_10047A,,brand_unit;legacy_block,
S2858001_S_10037,S2858001_S_10048,,brand_unit,
S2858001_S_10037,S2858001_S_10048A,,brand_unit;legacy_block,
S2858001_S_10037,S2858001_S_Gift-NSP-A,,brand_unit;legacy_block,
S2858001_S_10037A,S2858001_S_10038,0.07671649,brand_unit;legacy_block,
S2858001_S_10037A,S2858001_S_10038A,0.81706456,brand_unit;legacy_block,
S2858001_S_10037A,S2858001_S_10039,0.20829764,brand_unit;legacy_block,
S2858001_S_10037A,S2858001_S_10039A,0.32418526,brand_unit;legacy_block,
S2858001_S_10037A,S2858001_S_10040,,brand_unit;legacy_block,
S2858001_S_10037A,S2858001_S_10040A,,brand_unit;legacy_block,
S2858001_S_10037A,S2858001_S_10041,,brand_unit;legacy_block,
S2858001_S_10037A,S2858001_S_10041A,,brand_unit;legacy_block,
S2858001_S_10037A,S2858001_S_10042,,brand_unit;legacy_block,
S2858001_S_10037A,S2858001_S_10043,,brand_unit;legacy_block,
S2858001_S_10037A,S2858001_S_10043A,,brand_unit;legacy_block,
S2858001_S_10037A,S2858001_S_10044,,brand_unit;legacy_block,
S2858001_S_10037A,S2858001_S_10044A,,brand_unit;legacy_block,
S2858001_S_10037A,S2858001_S_10046,,brand_unit;legacy_block,
S2858001_S_10037A,S2858001_S_10046A,,brand_unit;legacy_block,
S2858001_S_10037A,S2858001_S_10047,,brand_unit;legacy_block,
S2858001_S_10037A,S2858001_S_10047A,,brand_unit;legacy_block,
S2858001_S_10037A,S2858001_S_10048,,brand_unit,
S2858001_S_10037A,S2858001_S_10048A,,brand_unit;legacy_block,
S2858001_S_10037A,S2858001_S_Gift-NSP-A,0.95251055,brand_unit;legacy_block,
S2858001_S_10038,S2858001_S_10038A,0.91063144,brand_unit;legacy_block,
S2858001_S_10038,S2858001_S_10039,0.10593600,brand_unit;legacy_block,
S2858001_S_10038,S2858001_S_10039A,0.07451919,brand_unit;legacy_block,
S2858001_S_10038,S2858001_S_10040,0.10593600,brand_unit;legacy_block,
S2858001_S_10038,S2858001_S_10040A,0.01971244,brand_unit;legacy_block,
S2858001_S_10038,S2858001_S_10041,0.08320314,brand_unit;legacy_block,
S2858001_S_10038,S2858001_S_10041A,0.10593600,brand_unit;legacy_block,
S2858001_S_10038,S2858001_S_10042,0.11872458,brand_unit;legacy_block,
S2858001_S_10038,S2858001_S_10043,0.10593600,brand_unit;legacy_block,
S2858001_S_10038,S2858001_S_10043A,0.06870902,brand_unit;legacy_block,
S2858001_S_10038,S2858001_S_10044,0.06792590,brand_unit;legacy_block,
S2858001_S_10038,S2858001_S_10044A,0.08320314,brand_unit;legacy_block,
S2858001_S_10038,S2858001_S_10046,0.06870902,brand_unit;legacy_block,
S2858001_S_10038,S2858001_S_10046A,0.01746800,brand_unit;legacy_block,
S2858001_S_10038,S2858001_S_10047,0.01746800,brand_unit;legacy_block,
S2858001_S_10038,S2858001_S_10047A,0.06870902,brand_unit;legacy_block,
S2858001_S_10038,S2858001_S_10048,0.01450001,brand_unit,
S2858001_S_10038,S2858001_S_10048A,0.08320314,brand_unit;legacy_block,
S2858001_S_10038,S2858001_S_Gift-NSP-A,0.18626303,brand_unit;legacy_block,
S2858001_S_10038A,S2858001_S_10039,0.92159002,brand_unit;legacy_block,
S2858001_S_10038A,S2858001_S_10039A,0.72101320,brand_unit;legacy_block,
S2858001_S_10038A,S2858001_S_10040,0.81889641,brand_unit;legacy_block,
S2858001_S_10038A,S2858001_S_10040A,0.90950177,brand_unit;legacy_block,
S2858001_S_10038A,S2858001_S_10041,0.88360505,brand_unit;legacy_block,
S2858001_S_10038A,S2858001_S_10041A,0.88582410,brand_unit;legacy_block,
S2858001_S_10038A,S2858001_S_10042,0.95576201,brand_unit;legacy_block,
S2858001_S_10038A,S2858001_S_10043,0.97733029,brand_unit;legacy_block,
S2858001_S_10038A,S2858001_S_10043A,0.23609450,brand_unit;legacy_block,
S2858001_S_10038A,S2858001_S_10044,0.16264074,brand_unit;legacy_block,
S2858001_S_10038A,S2858001_S_10044A,0.80799587,brand_unit;legacy_block,
S2858001_S_10038A,S2858001_S_10046,0.63648592,brand_unit;legacy_block,
S2858001_S_10038A,S2858001_S_10046A,0.84736523,brand_unit;legacy_block,
S2858001_S_10038A,S2858001_S_10047,0.61428001,brand_unit;legacy_block,
S2858001_S_10038A,S2858001_S_10047A,0.21915497,brand_unit;legacy_block,
S2858001_S_10038A,S2858001_S_10048,0.52503364,brand_unit,
S2858001_S_10038A,S2858001_S_10048A,0.97912352,brand_unit;legacy_block,
S2858001_S_10038A,S2858001_S_Gift-NSP-A,0.96123971,brand_unit;legacy_block,
S2858001_S_10039,S2858001_S_10039A,0.80863616,brand_unit;legacy_block,
S2858001_S_10039,S2858001_S_10040,0.72133268,brand_unit;legacy_block,
S2858001_S_10039,S2858001_S_10040A,0.75113771,brand_unit;legacy_block,
S2858001_S_10039,S2858001_S_10041,0.89500027,brand_unit;legacy_block,
S2858001_S_10039,S2858001_S_10041A,0.44498445,brand_unit;legacy_block,
S2858001_S_10039,S2858001_S_10042,0.95330406,brand_unit;legacy_block,
S2858001_S_10039,S2858001_S_10043,0.77517243,brand_unit;legacy_block,
S2858001_S_10039,S2858001_S_10043A,0.82501826,brand_unit;legacy_block,
S2858001_S_10039,S2858001_S_10044,0.40714073,brand_unit;legacy_block,
S2858001_S_10039,S2858001_S_10044A,0.47597006,brand_unit;legacy_block,
S2858001_S_10039,S2858001_S_10046,,brand_unit;legacy_block,
S2858001_S_10039,S2858001_S_10046A,,brand_unit;legacy_block,
S2858001_S_10039,S2858001_S_10047,0.76522286,brand_unit;legacy_block,
S2858001_S_10039,S2858001_S_10047A,0.27807654,brand_unit;legacy_block,
S2858001_S_10039,S2858001_S_10048,0.05591553,brand_unit,
S2858001_S_10039,S2858001_S_10048A,0.80034188,brand_unit;legacy_block,
S2858001_S_10039,S2858001_S_Gift-NSP-A,0.95240129,brand_unit;legacy_block,
S2858001_S_10039A,S2858001_S_10040,,brand_unit;legacy_block,
S2858001_S_10039A,S2858001_S_10040A,0.23263456,brand_unit;legacy_block,
S2858001_S_10039A,S2858001_S_10041,,brand_unit;legacy_block,
S2858001_S_10039A,S2858001_S_10041A,0.82021811,brand_unit;legacy_block,
S2858001_S_10039A,S2858001_S_10042,,brand_unit;legacy_block,
S2858001_S_10039A,S2858001_S_10043,,brand_unit;legacy_block,
S2858001_S_10039A,S2858001_S_10043A,0.73025129,brand_unit;legacy_block,
S2858001_S_10039A,S2858001_S_10044,,brand_unit;legacy_block,
S2858001_S_10039A,S2858001_S_10044A,,brand_unit;legacy_block,
S2858001_S_10039A,S2858001_S_10046,,brand_unit;legacy_block,
S2858001_S_10039A,S2858001_S_10046A,0.33176837,brand_unit;legacy_block,
S2858001_S_10039A,S2858001_S_10047,0.41608710,brand_unit;legacy_block,
S2858001_S_10039A,S2858001_S_10047A,0.57228501,brand_unit;legacy_block,
S2858001_S_10039A,S2858001_S_10048,0.05804497,brand_unit,
S2858001_S_10039A,S2858001_S_10048A,0.73610694,brand_unit;legacy_block,
S2858001_S_10039A,S2858001_S_Gift-NSP-A,0.92979768,brand_unit;legacy_block,
S2858001_S_10040,S2858001_S_10040A,,brand_unit;legacy_block,
S2858001_S_10040,S2858001_S_10041,,brand_unit;legacy_block,
S2858001_S_10040,S2858001_S_10041A,,brand_unit;legacy_block,
S2858001_S_10040,S2858001_S_10042,0.97894203,brand_unit;legacy_block,
S2858001_S_10040,S2858001_S_10043,,brand_unit;legacy_block,
S2858001_S_10040,S2858001_S_10043A,,brand_unit;legacy_block,
S2858001_S_10040,S2858001_S_10044,,brand_unit;legacy_block,
S2858001_S_10040,S2858001_S_10044A,,brand_unit;legacy_block,
S2858001_S_10040,S2858001_S_10046,0.96682216,brand_unit;legacy_block,
S2858001_S_10040,S2858001_S_10046A,,brand_unit;legacy_block,
S2858001_S_10040,S2858001_S_10047,,brand_unit;legacy_block,
S2858001_S_10040,S2858001_S_10047A,,brand_unit;legacy_block,
S2858001_S_10040,S2858001_S_10048,,brand_unit,
S2858001_S_10040,S2858001_S_10048A,,brand_unit;legacy_block,
S2858001_S_10040,S2858001_S_Gift-NSP-A,,brand_unit;legacy_block,
S2858001_S_10040A,S2858001_S_10041,,brand_unit;legacy_block,
S2858001_S_10040A,S2858001_S_10041A,,brand_unit;legacy_block,
S2858001_S_10040A,S2858001_S_10042,,brand_unit;legacy_block,
S2858001_S_10040A,S2858001_S_10043,,brand_unit;legacy_block,
S2858001_S_10040A,S2858001_S_10043A,,brand_unit;legacy_block,
S2858001_S_10040A,S2858001_S_10044,,brand_unit;legacy_block,
S2858001_S_10040A,S2858001_S_10044A,,brand_unit;legacy_block,
S2858001_S_10040A,S2858001_S_10046,,brand_unit;legacy_block,
S2858001_S_10040A,S2858001_S_10046A,0.64157974,brand_unit;legacy_block,
S2858001_S_10040A,S2858001_S_10047,,brand_unit;legacy_block,
S2858001_S_10040A,S2858001_S_10047A,,brand_unit;legacy_block,
S2858001_S_10040A,S2858001_S_10048,0.23255205,brand_unit,
S2858001_S_10040A,S2858001_S_10048A,0.86608776,brand_unit;legacy_block,
S2858001_S_10040A,S2858001_S_Gift-NSP-A,,brand_unit;legacy_block,
S2858001_S_10041,S2858001_S_10041A,,brand_unit;legacy_block,
S2858001_S_10041,S2858001_S_10042,0.93464790,brand_unit;legacy_block,
S2858001_S_10041,S2858001_S_10043,,brand_unit;legacy_block,
S2858001_S_10041,S2858001_S_10043A,,brand_unit;legacy_block,
S2858001_S_10041,S2858001_S_10044,,brand_unit;legacy_block,
S2858001_S_10041,S2858001_S_10044A,,brand_unit;legacy_block,
S2858001_S_10041,S2858001_S_10046,0.98629851,brand_unit;legacy_block,
S2858001_S_10041,S2858001_S_10046A,,brand_unit;legacy_block,
S2858001_S_10041,S2858001_S_10047,,brand_unit;legacy_block,
S2858001_S_10041,S2858001_S_10047A,,brand_unit;legacy_block,
S2858001_S_10041,S2858001_S_10048,,brand_unit,
S2858001_S_10041,S2858001_S_10048A,,brand_unit;legacy_block,
S2858001_S_10041,S2858001_S_Gift-NSP-A,,brand_unit;legacy_block,
S2858001_S_10041A,S2858001_S_10042,,brand_unit;legacy_block,
S2858001_S_10041A,S2858001_S_10043,,brand_unit;legacy_block,
S2858001_S_10041A,S2858001_S_10043A,,brand_unit;legacy_block,
S2858001_S_10041A,S2858001_S_10044,,brand_unit;legacy_block,
S2858001_S_10041A,S2858001_S_10044A,,brand_unit;legacy_block,
S2858001_S_10041A,S2858001_S_10046,,brand_unit;legacy_block,
S2858001_S_10041A,S2858001_S_10046A,0.47736095,brand_unit;legacy_block,
S2858001_S_10041A,S2858001_S_10047,,brand_unit;legacy_block,
S2858001_S_10041A,S2858001_S_10047A,,brand_unit;legacy_block,
S2858001_S_10041A,S2858001_S_10048,0.18218515,brand_unit,
S2858001_S_10041A,S2858001_S_10048A,0.84557122,brand_unit;legacy_block,
S2858001_S_10041A,S2858001_S_Gift-NSP-A,,brand_unit;legacy_block,
S2858001_S_10042,S2858001_S_10043,0.93326325,brand_unit;legacy_block,
S2858001_S_10042,S2858001_S_10043A,,brand_unit;legacy_block,
S2858001_S_10042,S2858001_S_10044,0.94023693,brand_unit;legacy_block,
S2858001_S_10042,S2858001_S_10044A,,brand_unit;legacy_block,
S2858001_S_10042,S2858001_S_10046,,brand_unit;legacy_block,
S2858001_S_10042,S2858001_S_10046A,,brand_unit;legacy_block,
S2858001_S_10042,S2858001_S_10047,,brand_unit;legacy_block,
S2858001_S_10042,S2858001_S_10047A,,brand_unit;legacy_block,
S2858001_S_10042,S2858001_S_10048,,brand_unit,
S2858001_S_10042,S2858001_S_10048A,,brand_unit;legacy_block,
S2858001_S_10042,S2858001_S_Gift-NSP-A,,brand_unit;legacy_block,
S2858001_S_10043,S2858001_S_10043A,,brand_unit;legacy_block,
S2858001_S_10043,S2858001_S_10044,,brand_unit;legacy_block,
S2858001_S_10043,S2858001_S_10044A,,brand_unit;legacy_block,
S2858001_S_10043,S2858001_S_10046,,brand_unit;legacy_block,
S2858001_S_10043,S2858001_S_10046A,,brand_unit;legacy_block,
S2858001_S_10043,S2858001_S_10047,,brand_unit;legacy_block,
S2858001_S_10043,S2858001_S_10047A,,brand_unit;legacy_block,
S2858001_S_10043,S2858001_S_10048,,brand_unit,
S2858001_S_10043,S2858001_S_10048A,,brand_unit;legacy_block,
S2858001_S_10043,S2858001_S_Gift-NSP-A,,brand_unit;legacy_block,
S2858001_S_10043A,S2858001_S_10044,,brand_unit;legacy_block,
S2858001_S_10043A,S2858001_S_10044A,,brand_unit;legacy_block,
S2858001_S_10043A,S2858001_S_10046,,brand_unit;legacy_block,
S2858001_S_10043A,S2858001_S_10046A,,brand_unit;legacy_block,
S2858001_S_10043A,S2858001_S_10047,,brand_unit;legacy_block,
S2858001_S_10043A,S2858001_S_10047A,,brand_unit;legacy_block,
S2858001_S_10043A,S2858001_S_10048,,brand_unit,
S2858001_S_10043A,S2858001_S_10048A,,brand_unit;legacy_block,
S2858001_S_10043A,S2858001_S_Gift-NSP-A,,brand_unit;legacy_block,
S2858001_S_10044,S2858001_S_10044A,0.24577136,brand_unit;legacy_block,
S2858001_S_10044,S2858001_S_10046,,brand_unit;legacy_block,
S2858001_S_10044,S2858001_S_10046A,,brand_unit;legacy_block,
S2858001_S_10044,S2858001_S_10047,,brand_unit;legacy_block,
S2858001_S_10044,S2858001_S_10047A,,brand_unit;legacy_block,
S2858001_S_10044,S2858001_S_10048,,brand_unit,
S2858001_S_10044,S2858001_S_10048A,,brand_unit;legacy_block,
S2858001_S_10044,S2858001_S_Gift-NSP-A,,brand_unit;legacy_block,
S2858001_S_10044A,S2858001_S_10046,,brand_unit;legacy_block,
S2858001_S_10044A,S2858001_S_10046A,0.72462141,brand_unit;legacy_block,
S2858001_S_10044A,S2858001_S_10047,,brand_unit;legacy_block,
S2858001_S_10044A,S2858001_S_10047A,,brand_unit;legacy_block,
S2858001_S_10044A,S2858001_S_10048,0.23185421,brand_unit,
S2858001_S_10044A,S2858001_S_10048A,,brand_unit;legacy_block,
S2858001_S_10044A,S2858001_S_Gift-NSP-A,,brand_unit;legacy_block,
S2858001_S_10046,S2858001_S_10046A,0.94355377,brand_unit;legacy_block,
S2858001_S_10046,S2858001_S_10047,,brand_unit;legacy_block,
S2858001_S_10046,S2858001_S_10047A,,brand_unit;legacy_block,
S2858001_S_10046,S2858001_S_10048,,brand_unit,
S2858001_S_10046,S2858001_S_10048A,,brand_unit;legacy_block,
S2858001_S_10046,S2858001_S_Gift-NSP-A,,brand_unit;legacy_block,
S2858001_S_10046A,S2858001_S_10047,,brand_unit;legacy_block,
S2858001_S_10046A,S2858001_S_10047A,,brand_unit;legacy_block,
S2858001_S_10046A,S2858001_S_10048,,brand_unit,
S2858001_S_10046A,S2858001_S_10048A,,brand_unit;legacy_block,
S2858001_S_10046A,S2858001_S_Gift-NSP-A,,brand_unit;legacy_block,
S2858001_S_10047,S2858001_S_10047A,0.63395126,brand_unit;legacy_block,
S2858001_S_10047,S2858001_S_10048,,brand_unit,
S2858001_S_10047,S2858001_S_10048A,,brand_unit;legacy_block,
S2858001_S_10047,S2858001_S_Gift-NSP-A,,brand_unit;legacy_block,
S2858001_S_10047A,S2858001_S_10048,,brand_unit,
S2858001_S_10047A,S2858001_S_10048A,,brand_unit;legacy_block,
S2858001_S_10047A,S2858001_S_Gift-NSP-A,,brand_unit;legacy_block,
S2858001_S_10048,S2858001_S_10048A,0.28942752,brand_unit,
S2858001_S_10048,S2858001_S_Gift-NSP-A,,brand_unit,
S2858001_S_10048,S2858001_S_NOM-SOAP-MIX-A,,brand_unit,
S2858001_S_10048,S2858001_S_NOM-SOAP-MIX-B,,brand_unit,
S2858001_S_10048A,S2858001_S_Gift-NSP-A,,brand_unit;legacy_block,
S3046001_S_Aleppo_1_20,S3046001_S_Aleppo_1_30,0.99920614,brand_unit;legacy_block,
S3046001_S_Aleppo_1_20,S3046001_S_Aleppo_2_20,1.00000000,brand_unit;legacy_block;packfree_exact,
S3046001_S_Aleppo_1_20,S3046001_S_Aleppo_2_30,1.00000000,brand_unit;legacy_block,
S3046001_S_Aleppo_1_20,S3046001_S_Aleppo_4_20,1.00000000,brand_unit;legacy_block;packfree_exact,
S3046001_S_Aleppo_1_20,S3046001_S_Aleppo_4_30,1.00000000,brand_unit;legacy_block,
S3046001_S_Aleppo_1_30,S3046001_S_Aleppo_2_20,1.00000000,brand_unit;legacy_block,
S3046001_S_Aleppo_1_30,S3046001_S_Aleppo_2_30,1.00000000,brand_unit;legacy_block;packfree_exact,
S3046001_S_Aleppo_1_30,S3046001_S_Aleppo_4_20,1.00000000,brand_unit;legacy_block,
S3046001_S_Aleppo_1_30,S3046001_S_Aleppo_4_30,1.00000000,brand_unit;legacy_block;packfree_exact,
S3046001_S_Aleppo_1_40,S3046001_S_Aleppo_2_40,1.00000000,brand_unit;legacy_block;packfree_exact,
S3046001_S_Aleppo_1_40,S3046001_S_Aleppo_4_40,1.00000000,brand_unit;legacy_block;packfree_exact,
S3046001_S_Aleppo_2_20,S3046001_S_Aleppo_2_30,0.99920614,brand_unit;legacy_block,
S3046001_S_Aleppo_2_20,S3046001_S_Aleppo_4_20,1.00000000,brand_unit;legacy_block;packfree_exact,
S3046001_S_Aleppo_2_20,S3046001_S_Aleppo_4_30,1.00000000,brand_unit;legacy_block,
S3046001_S_Aleppo_2_30,S3046001_S_Aleppo_4_20,1.00000000,brand_unit;legacy_block,
S3046001_S_Aleppo_2_30,S3046001_S_Aleppo_4_30,1.00000000,brand_unit;legacy_block;packfree_exact,
S3046001_S_Aleppo_2_40,S3046001_S_Aleppo_4_40,1.00000000,brand_unit;legacy_block;packfree_exact,
S3046001_S_Aleppo_4_20,S3046001_S_Aleppo_4_30,0.99920614,brand_unit;legacy_block,
S3046001_S_GN-SB-AC-01,S3046001_S_GN-SB-AC-04,1.00000000,brand_unit;legacy_block,
S3046001_S_GN-SB-AC-01,S3046001_S_GN-SB-AC-10,1.00000000,brand_unit;legacy_block,
S3046001_S_GN-SB-AC-01,S3046001_S_GN-SB-AP-01,,brand_unit;legacy_block,
S3046001_S_GN-SB-AC-01,S3046001_S_GN-SB-AP-04,0.00855054,brand_unit;legacy_block,
S3046001_S_GN-SB-AC-01,S3046001_S_GN-SB-AP-10,,brand_unit;legacy_block,
S3046001_S_GN-SB-AC-01,S3046001_S_GN-SB-AR-01,0.02927750,brand_unit;legacy_block,
S3046001_S_GN-SB-AC-01,S3046001_S_GN-SB-AR-04,0.01707660,brand_unit;legacy_block,
S3046001_S_GN-SB-AC-01,S3046001_S_GN-SB-AS-01,,brand_unit;legacy_block,
S3046001_S_GN-SB-AC-01,S3046001_S_GN-SB-AS-04,,brand_unit;legacy_block,
S3046001_S_GN-SB-AC-01,S3046001_S_GN-SB-AS-10,,brand_unit;legacy_block,
S3046001_S_GN-SB-AC-01,S3046001_S_GN-SB-AV-01,,brand_unit;legacy_block,
S3046001_S_GN-SB-AC-01,S3046001_S_GN-SB-AV-04,,brand_unit;legacy_block,
S3046001_S_GN-SB-AC-01,S3046001_S_GN-SB-AV-10,,brand_unit;legacy_block,
S3046001_S_GN-SB-AC-01,S3046001_S_GN-SB-BS-01,0.01113079,brand_unit;legacy_block,
S3046001_S_GN-SB-AC-01,S3046001_S_GN-SB-BS-04,,brand_unit;legacy_block,
S3046001_S_GN-SB-AC-01,S3046001_S_GN-SB-BS-10,,brand_unit;legacy_block,
S3046001_S_GN-SB-AC-01,S3046001_S_GN-SB-CA-01,,brand_unit;legacy_block,
S3046001_S_GN-SB-AC-01,S3046001_S_GN-SB-CA-04,,brand_unit;legacy_block,
S3046001_S_GN-SB-AC-01,S3046001_S_GN-SB-CA-10,,brand_unit;legacy_block,
S3046001_S_GN-SB-AC-01,S3046001_S_GN-SB-CB-01,,brand_unit;legacy_block,
S3046001_S_GN-SB-AC-01,S3046001_S_GN-SB-CB-04,,brand_unit;legacy_block,
S3046001_S_GN-SB-AC-01,S3046001_S_GN-SB-CH-01,,brand_unit;legacy_block,
S3046001_S_GN-SB-AC-01,S3046001_S_GN-SB-CH-04-02,,brand_unit;legacy_block,
S3046001_S_GN-SB-AC-01,S3046001_S_GN-SB-CH-10,,brand_unit;legacy_block,
S3046001_S_GN-SB-AC-01,S3046001_S_GN-SB-CI-01,0.03542413,brand_unit;legacy_block,
S3046001_S_GN-SB-AC-01,S3046001_S_GN-SB-CI-04,0.03104196,brand_unit;legacy_block,
S3046001_S_GN-SB-AC-01,S3046001_S_GN-SB-CM-01,0.00729086,brand_unit;legacy_block,
S3046001_S_GN-SB-AC-01,S3046001_S_GN-SB-CM-04,,brand_unit;legacy_block,
S3046001_S_GN-SB-AC-01,S3046001_S_GN-SB-CM-10,,brand_unit;legacy_block,
S3046001_S_GN-SB-AC-01,S3046001_S_GN-SB-CN-01,0.00527510,brand_unit;legacy_block,
S3046001_S_GN-SB-AC-01,S3046001_S_GN-SB-CN-04,0.00565308,brand_unit;legacy_block,
S3046001_S_GN-SB-AC-01,S3046001_S_GN-SB-CO-01,0.01421259,brand_unit;legacy_block,
S3046001_S_GN-SB-AC-01,S3046001_S_GN-SB-CR-01,,brand_unit;legacy_block,
S3046001_S_GN-SB-AC-01,S3046001_S_GN-SB-CR-04,,brand_unit;legacy_block,
S3046001_S_GN-SB-AC-01,S3046001_S_GN-SB-CR-10,0.03161558,brand_unit;legacy_block,
S3046001_S_GN-SB-AC-01,S3046001_S_GN-SB-CS-05,0.00341917,brand_unit;legacy_block,
S3046001_S_GN-SB-AC-01,S3046001_S_GN-SB-DA-01,0.00729086,brand_unit;legacy_block,
S3046001_S_GN-SB-AC-01,S3046001_S_GN-SB-DM-01,,brand_unit;legacy_block,
S3046001_S_GN-SB-AC-01,S3046001_S_GN-SB-DM-04,,brand_unit;legacy_block,
S3046001_S_GN-SB-AC-01,S3046001_S_GN-SB-FL-01,,brand_unit;legacy_block,
S3046001_S_GN-SB-AC-01,S3046001_S_GN-SB-FL-04,,brand_unit;legacy_block,
S3046001_S_GN-SB-AC-01,S3046001_S_GN-SB-GE-05,0.00341917,brand_unit;legacy_block,
S3046001_S_GN-SB-AC-01,S3046001_S_GN-SB-GL-01,0.04921375,brand_unit;legacy_block,
S3046001_S_GN-SB-AC-01,S3046001_S_GN-SB-GL-04,,brand_unit;legacy_block,
S3046001_S_GN-SB-AC-01,S3046001_S_GN-SB-GM-01,0.04247194,brand_unit;legacy_block,
S3046001_S_GN-SB-AC-01,S3046001_S_GN-SB-GM-04,0.04058484,brand_unit;legacy_block,
S3046001_S_GN-SB-AC-01,S3046001_S_GN-SB-GR-01,,brand_unit;legacy_block,
S3046001_S_GN-SB-AC-01,S3046001_S_GN-SB-GR-04,,brand_unit;legacy_block,
S3046001_S_GN-SB-AC-01,S3046001_S_GN-SB-KE-01,0.01921495,brand_unit;legacy_block,
S3046001_S_GN-SB-AC-01,S3046001_S_GN-SB-LA-01,,brand_unit;legacy_block,
S3046001_S_GN-SB-AC-01,S3046001_S_GN-SB-LA-04,,brand_unit;legacy_block,
S3046001_S_GN-SB-AC-01,S3046001_S_GN-SB-LE-01,,brand_unit;legacy_block,
S3046001_S_GN-SB-AC-01,S3046001_S_GN-SB-LE-04,,brand_unit;legacy_block,
S3046001_S_GN-SB-AC-01,S3046001_S_GN-SB-MA-01,0.00994627,brand_unit;legacy_block,
S3046001_S_GN-SB-AC-01,S3046001_S_GN-SB-MA-04,0.01260379,brand_unit;legacy_block,
S3046001_S_GN-SB-AC-01,S3046001_S_GN-SB-NE-01,,brand_unit;legacy_block,
S3046001_S_GN-SB-AC-01,S3046001_S_GN-SB-NE-04,,brand_unit;legacy_block,
S3046001_S_GN-SB-AC-01,S3046001_S_GN-SB-NO-05,0.00341917,brand_unit;legacy_block,
S3046001_S_GN-SB-AC-01,S3046001_S_GN-SB-OO-01,,brand_unit;legacy_block,
S3046001_S_GN-SB-AC-01,S3046001_S_GN-SB-OO-04,,brand_unit;legacy_block,
S3046001_S_GN-SB-AC-01,S3046001_S_GN-SB-PF-05,0.01447158,brand_unit;legacy_block,
S3046001_S_GN-SB-AC-01,S3046001_S_GN-SB-PL-01,,brand_unit;legacy_block,
S3046001_S_GN-SB-AC-01,S3046001_S_GN-SB-PL-04,,brand_unit;legacy_block,
S3046001_S_GN-SB-AC-01,S3046001_S_GN-SB-PO-01,0.00729086,brand_unit;legacy_block,
S3046001_S_GN-SB-AC-01,S3046001_S_GN-SB-PP-05,0.01144497,brand_unit;legacy_block,
S3046001_S_GN-SB-AC-01,S3046001_S_GN-SB-RO-01,,brand_unit;legacy_block,
S3046001_S_GN-SB-AC-01,S3046001_S_GN-SB-RO-04,,brand_unit;legacy_block,
S3046001_S_GN-SB-AC-01,S3046001_S_GN-SB-RS-01,,brand_unit;legacy_block,
S3046001_S_GN-SB-AC-01,S3046001_S_GN-SB-RS-04,,brand_unit;legacy_block,
S3046001_S_GN-SB-AC-01,S3046001_S_GN-SB-SB-01,,brand_unit;legacy_block,
S3046001_S_GN-SB-AC-01,S3046001_S_GN-SB-SB-04,,brand_unit;legacy_block,
S3046001_S_GN-SB-AC-01,S3046001_S_GN-SB-SJ-01,0.00232491,brand_unit;legacy_block,
S3046001_S_GN-SB-AC-01,S3046001_S_GN-SB-SJ-04,0.01256146,brand_unit;legacy_block,
S3046001_S_GN-SB-AC-01,S3046001_S_GN-SB-SS-01,0.03702760,brand_unit;legacy_block,
S3046001_S_GN-SB-AC-01,S3046001_S_GN-SB-SS-04,0.06051953,brand_unit;legacy_block,
S3046001_S_GN-SB-AC-01,S3046001_S_GN-SB-SW-04,0.03374017,brand_unit;legacy_block,
S3046001_S_GN-SB-AC-01,S3046001_S_GN-SB-TA-01,,brand_unit;legacy_block,
S3046001_S_GN-SB-AC-01,S3046001_S_GN-SB-TA-04,,brand_unit;legacy_block,
S3046001_S_GN-SB-AC-01,S3046001_S_GN-SB-TM-01,,brand_unit;legacy_block,
S3046001_S_GN-SB-AC-01,S3046001_S_GN-SB-TM-04,,brand_unit;legacy_block,
S3046001_S_GN-SB-AC-01,S3046001_S_GN-SB-TT-01,,brand_unit;legacy_block,
S3046001_S_GN-SB-AC-01,S3046001_S_GN-SB-TT-04,,brand_unit;legacy_block,
S3046001_S_GN-SB-AC-01,S3046001_S_GN-SB-TU-01,0.00171306,brand_unit;legacy_block,
S3046001_S_GN-SB-AC-01,S3046001_S_GN-SB-TU-04,,brand_unit;legacy_block,
S3046001_S_GN-SB-AC-01,S3046001_S_GN-SB-WP-01,0.00353515,brand_unit;legacy_block,
S3046001_S_GN-SB-AC-01,S3046001_S_GN-SB-WP-04,0.00232928,brand_unit;legacy_block,
S3046001_S_GN-SB-AC-01,S3046001_S_GN10667,0.07204269,brand_unit;legacy_block,
S3046001_S_GN-SB-AC-04,S3046001_S_GN-SB-AC-10,1.00000000,brand_unit;legacy_block,
S3046001_S_GN-SB-AC-04,S3046001_S_GN-SB-AP-01,,brand_unit;legacy_block,
S3046001_S_GN-SB-AC-04,S3046001_S_GN-SB-AP-04,0.23748656,brand_unit;legacy_block,
S3046001_S_GN-SB-AC-04,S3046001_S_GN-SB-AP-10,,brand_unit;legacy_block,
S3046001_S_GN-SB-AC-04,S3046001_S_GN-SB-AR-01,0.03171712,brand_unit;legacy_block,
S3046001_S_GN-SB-AC-04,S3046001_S_GN-SB-AR-04,0.31232945,brand_unit;legacy_block,
S3046001_S_GN-SB-AC-04,S3046001_S_GN-SB-AS-01,,brand_unit;legacy_block,
S3046001_S_GN-SB-AC-04,S3046001_S_GN-SB-AS-04,,brand_unit;legacy_block,
S3046001_S_GN-SB-AC-04,S3046001_S_GN-SB-AS-10,,brand_unit;legacy_block,
S3046001_S_GN-SB-AC-04,S3046001_S_GN-SB-AV-01,,brand_unit;legacy_block,
S3046001_S_GN-SB-AC-04,S3046001_S_GN-SB-AV-04,,brand_unit;legacy_block,
S3046001_S_GN-SB-AC-04,S3046001_S_GN-SB-AV-10,,brand_unit;legacy_block,
S3046001_S_GN-SB-AC-04,S3046001_S_GN-SB-BS-01,0.00677859,brand_unit;legacy_block,
S3046001_S_GN-SB-AC-04,S3046001_S_GN-SB-BS-04,,brand_unit;legacy_block,
S3046001_S_GN-SB-AC-04,S3046001_S_GN-SB-BS-10,,brand_unit;legacy_block,
S3046001_S_GN-SB-AC-04,S3046001_S_GN-SB-CA-01,,brand_unit;legacy_block,
S3046001_S_GN-SB-AC-04,S3046001_S_GN-SB-CA-04,,brand_unit;legacy_block,
S3046001_S_GN-SB-AC-04,S3046001_S_GN-SB-CA-10,,brand_unit;legacy_block,
S3046001_S_GN-SB-AC-04,S3046001_S_GN-SB-CB-01,,brand_unit;legacy_block,
S3046001_S_GN-SB-AC-04,S3046001_S_GN-SB-CB-04,,brand_unit;legacy_block,
S3046001_S_GN-SB-AC-04,S3046001_S_GN-SB-CH-01,,brand_unit;legacy_block,
S3046001_S_GN-SB-AC-04,S3046001_S_GN-SB-CH-04-02,,brand_unit;legacy_block,
S3046001_S_GN-SB-AC-04,S3046001_S_GN-SB-CH-10,,brand_unit;legacy_block,
S3046001_S_GN-SB-AC-04,S3046001_S_GN-SB-CI-01,0.01633528,brand_unit;legacy_block,
S3046001_S_GN-SB-AC-04,S3046001_S_GN-SB-CI-04,0.04666240,brand_unit;legacy_block,
S3046001_S_GN-SB-AC-04,S3046001_S_GN-SB-CM-01,0.01598791,brand_unit;legacy_block,
S3046001_S_GN-SB-AC-04,S3046001_S_GN-SB-CM-04,,brand_unit;legacy_block,
S3046001_S_GN-SB-AC-04,S3046001_S_GN-SB-CM-10,,brand_unit;legacy_block,
S3046001_S_GN-SB-AC-04,S3046001_S_GN-SB-CN-01,0.16829296,brand_unit;legacy_block,
S3046001_S_GN-SB-AC-04,S3046001_S_GN-SB-CN-04,0.07694800,brand_unit;legacy_block,
S3046001_S_GN-SB-AC-04,S3046001_S_GN-SB-CO-01,0.02104090,brand_unit;legacy_block,
S3046001_S_GN-SB-AC-04,S3046001_S_GN-SB-CR-01,,brand_unit;legacy_block,
S3046001_S_GN-SB-AC-04,S3046001_S_GN-SB-CR-04,,brand_unit;legacy_block,
S3046001_S_GN-SB-AC-04,S3046001_S_GN-SB-CR-10,0.35991376,brand_unit;legacy_block,
S3046001_S_GN-SB-AC-04,S3046001_S_GN-SB-CS-05,0.00849362,brand_unit;legacy_block,
S3046001_S_GN-SB-AC-04,S3046001_S_GN-SB-DA-01,0.01598791,brand_unit;legacy_block,
S3046001_S_GN-SB-AC-04,S3046001_S_GN-SB-DM-01,,brand_unit;legacy_block,
S3046001_S_GN-SB-AC-04,S3046001_S_GN-SB-DM-04,,brand_unit;legacy_block,
S3046001_S_GN-SB-AC-04,S3046001_S_GN-SB-FL-01,,brand_unit;legacy_block,
S3046001_S_GN-SB-AC-04,S3046001_S_GN-SB-FL-04,,brand_unit;legacy_block,
S3046001_S_GN-SB-AC-04,S3046001_S_GN-SB-GE-05,0.00849362,brand_unit;legacy_block,
S3046001_S_GN-SB-AC-04,S3046001_S_GN-SB-GL-01,0.02766772,brand_unit;legacy_block,
S3046001_S_GN-SB-AC-04,S3046001_S_GN-SB-GL-04,,brand_unit;legacy_block,
S3046001_S_GN-SB-AC-04,S3046001_S_GN-SB-GM-01,0.01733908,brand_unit;legacy_block,
S3046001_S_GN-SB-AC-04,S3046001_S_GN-SB-GM-04,0.34431155,brand_unit;legacy_block,
S3046001_S_GN-SB-AC-04,S3046001_S_GN-SB-GR-01,,brand_unit;legacy_block,
S3046001_S_GN-SB-AC-04,S3046001_S_GN-SB-GR-04,,brand_unit;legacy_block,
S3046001_S_GN-SB-AC-04,S3046001_S_GN-SB-KE-01,0.00864808,brand_unit;legacy_block,
S3046001_S_GN-SB-AC-04,S3046001_S_GN-SB-LA-01,,brand_unit;legacy_block,
S3046001_S_GN-SB-AC-04,S3046001_S_GN-SB-LA-04,,brand_unit;legacy_block,
S3046001_S_GN-SB-AC-04,S3046001_S_GN-SB-LE-01,,brand_unit;legacy_block,
S3046001_S_GN-SB-AC-04,S3046001_S_GN-SB-LE-04,,brand_unit;legacy_block,
S3046001_S_GN-SB-AC-04,S3046001_S_GN-SB-MA-01,0.00903072,brand_unit;legacy_block,
S3046001_S_GN-SB-AC-04,S3046001_S_GN-SB-MA-04,0.11347813,brand_unit;legacy_block,
S3046001_S_GN-SB-AC-04,S3046001_S_GN-SB-NE-01,,brand_unit;legacy_block,
S3046001_S_GN-SB-AC-04,S3046001_S_GN-SB-NE-04,,brand_unit;legacy_block,
S3046001_S_GN-SB-AC-04,S3046001_S_GN-SB-NO-05,0.00849362,brand_unit;legacy_block,
S3046001_S_GN-SB-AC-04,S3046001_S_GN-SB-OO-01,,brand_unit;legacy_block,
S3046001_S_GN-SB-AC-04,S3046001_S_GN-SB-OO-04,,brand_unit;legacy_block,
S3046001_S_GN-SB-AC-04,S3046001_S_GN-SB-PF-05,0.03171712,brand_unit;legacy_block,
S3046001_S_GN-SB-AC-04,S3046001_S_GN-SB-PL-01,,brand_unit;legacy_block,
S3046001_S_GN-SB-AC-04,S3046001_S_GN-SB-PL-04,,brand_unit;legacy_block,
S3046001_S_GN-SB-AC-04,S3046001_S_GN-SB-PO-01,0.01598791,brand_unit;legacy_block,
S3046001_S_GN-SB-AC-04,S3046001_S_GN-SB-PP-05,0.02517588,brand_unit;legacy_block,
S3046001_S_GN-SB-AC-04,S3046001_S_GN-SB-RO-01,,brand_unit;legacy_block,
S3046001_S_GN-SB-AC-04,S3046001_S_GN-SB-RO-04,,brand_unit;legacy_block,
S3046001_S_GN-SB-AC-04,S3046001_S_GN-SB-RS-01,,brand_unit;legacy_block,
S3046001_S_GN-SB-AC-04,S3046001_S_GN-SB-RS-04,,brand_unit;legacy_block,
S3046001_S_GN-SB-AC-04,S3046001_S_GN-SB-SB-01,,brand_unit;legacy_block,
S3046001_S_GN-SB-AC-04,S3046001_S_GN-SB-SB-04,,brand_unit;legacy_block,
S3046001_S_GN-SB-AC-04,S3046001_S_GN-SB-SJ-01,0.00716267,brand_unit;legacy_block,
S3046001_S_GN-SB-AC-04,S3046001_S_GN-SB-SJ-04,0.28851885,brand_unit;legacy_block,
S3046001_S_GN-SB-AC-04,S3046001_S_GN-SB-SS-01,0.47532496,brand_unit;legacy_block,
S3046001_S_GN-SB-AC-04,S3046001_S_GN-SB-SS-04,0.35493475,brand_unit;legacy_block,
S3046001_S_GN-SB-AC-04,S3046001_S_GN-SB-SW-04,0.07297370,brand_unit;legacy_block,
S3046001_S_GN-SB-AC-04,S3046001_S_GN-SB-TA-01,,brand_unit;legacy_block,
S3046001_S_GN-SB-AC-04,S3046001_S_GN-SB-TA-04,,brand_unit;legacy_block,
S3046001_S_GN-SB-AC-04,S3046001_S_GN-SB-TM-01,,brand_unit;legacy_block,
S3046001_S_GN-SB-AC-04,S3046001_S_GN-SB-TM-04,,brand_unit;legacy_block,
S3046001_S_GN-SB-AC-04,S3046001_S_GN-SB-TT-01,,brand_unit;legacy_block,
S3046001_S_GN-SB-AC-04,S3046001_S_GN-SB-TT-04,,brand_unit;legacy_block,
S3046001_S_GN-SB-AC-04,S3046001_S_GN-SB-TU-01,0.00104163,brand_unit;legacy_block,
S3046001_S_GN-SB-AC-04,S3046001_S_GN-SB-TU-04,,brand_unit;legacy_block,
S3046001_S_GN-SB-AC-04,S3046001_S_GN-SB-WP-01,0.00459122,brand_unit;legacy_block,
S3046001_S_GN-SB-AC-04,S3046001_S_GN-SB-WP-04,0.12728795,brand_unit;legacy_block,
S3046001_S_GN-SB-AC-04,S3046001_S_GN10667,0.10606158,brand_unit;legacy_block,
S3046001_S_GN-SB-AC-10,S3046001_S_GN-SB-AP-01,,brand_unit;legacy_block,
S3046001_S_GN-SB-AC-10,S3046001_S_GN-SB-AP-04,0.03401766,brand_unit;legacy_block,
S3046001_S_GN-SB-AC-10,S3046001_S_GN-SB-AP-10,,brand_unit;legacy_block,
S3046001_S_GN-SB-AC-10,S3046001_S_GN-SB-AR-01,0.10957768,brand_unit;legacy_block,
S3046001_S_GN-SB-AC-10,S3046001_S_GN-SB-AR-04,0.06656404,brand_unit;legacy_block,
S3046001_S_GN-SB-AC-10,S3046001_S_GN-SB-AS-01,,brand_unit;legacy_block,
S3046001_S_GN-SB-AC-10,S3046001_S_GN-SB-AS-04,,brand_unit;legacy_block,
S3046001_S_GN-SB-AC-10,S3046001_S_GN-SB-AS-10,,brand_unit;legacy_block,
S3046001_S_GN-SB-AC-10,S3046001_S_GN-SB-AV-01,,brand_unit;legacy_block,
S3046001_S_GN-SB-AC-10,S3046001_S_GN-SB-AV-04,,brand_unit;legacy_block,
S3046001_S_GN-SB-AC-10,S3046001_S_GN-SB-AV-10,,brand_unit;legacy_block,
S3046001_S_GN-SB-AC-10,S3046001_S_GN-SB-BS-01,0.00273371,brand_unit;legacy_block,
S3046001_S_GN-SB-AC-10,S3046001_S_GN-SB-BS-04,,brand_unit;legacy_block,
S3046001_S_GN-SB-AC-10,S3046001_S_GN-SB-BS-10,,brand_unit;legacy_block,
S3046001_S_GN-SB-AC-10,S3046001_S_GN-SB-CA-01,,brand_unit;legacy_block,
S3046001_S_GN-SB-AC-10,S3046001_S_GN-SB-CA-04,,brand_unit;legacy_block,
S3046001_S_GN-SB-AC-10,S3046001_S_GN-SB-CA-10,,brand_unit;legacy_block,
S3046001_S_GN-SB-AC-10,S3046001_S_GN-SB-CB-01,,brand_unit;legacy_block,
S3046001_S_GN-SB-AC-10,S3046001_S_GN-SB-CB-04,,brand_unit;legacy_block,
S3046001_S_GN-SB-AC-10,S3046001_S_GN-SB-CH-01,,brand_unit;legacy_block,
S3046001_S_GN-SB-AC-10,S3046001_S_GN-SB-CH-04-02,,brand_unit;legacy_block,
S3046001_S_GN-SB-AC-10,S3046001_S_GN-SB-CH-10,,brand_unit;legacy_block,
S3046001_S_GN-SB-AC-10,S3046001_S_GN-SB-CI-01,0.00451391,brand_unit;legacy_block,
S3046001_S_GN-SB-AC-10,S3046001_S_GN-SB-CI-04,0.12296367,brand_unit;legacy_block,
S3046001_S_GN-SB-AC-10,S3046001_S_GN-SB-CM-01,0.00451391,brand_unit;legacy_block,
S3046001_S_GN-SB-AC-10,S3046001_S_GN-SB-CM-04,,brand_unit;legacy_block,
S3046001_S_GN-SB-AC-10,S3046001_S_GN-SB-CM-10,,brand_unit;legacy_block,
S3046001_S_GN-SB-AC-10,S3046001_S_GN-SB-CN-01,0.01339343,brand_unit;legacy_block,
S3046001_S_GN-SB-AC-10,S3046001_S_GN-SB-CN-04,0.01702410,brand_unit;legacy_block,
S3046001_S_GN-SB-AC-10,S3046001_S_GN-SB-CO-01,0.00492466,brand_unit;legacy_block,
S3046001_S_GN-SB-AC-10,S3046001_S_GN-SB-CR-01,,brand_unit;legacy_block,
S3046001_S_GN-SB-AC-10,S3046001_S_GN-SB-CR-04,,brand_unit;legacy_block,
S3046001_S_GN-SB-AC-10,S3046001_S_GN-SB-CR-10,0.02205246,brand_unit;legacy_block,
S3046001_S_GN-SB-AC-10,S3046001_S_GN-SB-CS-05,0.02861460,brand_unit;legacy_block,
S3046001_S_GN-SB-AC-10,S3046001_S_GN-SB-DA-01,0.00451391,brand_unit;legacy_block,
S3046001_S_GN-SB-AC-10,S3046001_S_GN-SB-DM-01,,brand_unit;legacy_block,
S3046001_S_GN-SB-AC-10,S3046001_S_GN-SB-DM-04,,brand_unit;legacy_block,
S3046001_S_GN-SB-AC-10,S3046001_S_GN-SB-FL-01,,brand_unit;legacy_block,
S3046001_S_GN-SB-AC-10,S3046001_S_GN-SB-FL-04,,brand_unit;legacy_block,
S3046001_S_GN-SB-AC-10,S3046001_S_GN-SB-GE-05,0.04545267,brand_unit;legacy_block,
S3046001_S_GN-SB-AC-10,S3046001_S_GN-SB-GL-01,0.00708463,brand_unit;legacy_block,
S3046001_S_GN-SB-AC-10,S3046001_S_GN-SB-GL-04,,brand_unit;legacy_block,
S3046001_S_GN-SB-AC-10,S3046001_S_GN-SB-GM-01,0.04756309,brand_unit;legacy_block,
S3046001_S_GN-SB-AC-10,S3046001_S_GN-SB-GM-04,0.16829296,brand_unit;legacy_block,
S3046001_S_GN-SB-AC-10,S3046001_S_GN-SB-GR-01,,brand_unit;legacy_block,
S3046001_S_GN-SB-AC-10,S3046001_S_GN-SB-GR-04,,brand_unit;legacy_block,
S3046001_S_GN-SB-AC-10,S3046001_S_GN-SB-KE-01,0.02820883,brand_unit;legacy_block,
S3046001_S_GN-SB-AC-10,S3046001_S_GN-SB-LA-01,,brand_unit;legacy_block,
S3046001_S_GN-SB-AC-10,S3046001_S_GN-SB-LA-04,,brand_unit;legacy_block,
S3046001_S_GN-SB-AC-10,S3046001_S_GN-SB-LE-01,,brand_unit;legacy_block,
S3046001_S_GN-SB-AC-10,S3046001_S_GN-SB-LE-04,,brand_unit;legacy_block,
S3046001_S_GN-SB-AC-10,S3046001_S_GN-SB-MA-01,0.00370308,brand_unit;legacy_block,
S3046001_S_GN-SB-AC-10,S3046001_S_GN-SB-MA-04,0.06593211,brand_unit;legacy_block,
S3046001_S_GN-SB-AC-10,S3046001_S_GN-SB-NE-01,,brand_unit;legacy_block,
S3046001_S_GN-SB-AC-10,S3046001_S_GN-SB-NE-04,,brand_unit;legacy_block,
S3046001_S_GN-SB-AC-10,S3046001_S_GN-SB-NO-05,0.02861460,brand_unit;legacy_block,
S3046001_S_GN-SB-AC-10,S3046001_S_GN-SB-OO-01,,brand_unit;legacy_block,
S3046001_S_GN-SB-AC-10,S3046001_S_GN-SB-OO-04,,brand_unit;legacy_block,
S3046001_S_GN-SB-AC-10,S3046001_S_GN-SB-PF-05,0.06582588,brand_unit;legacy_block,
S3046001_S_GN-SB-AC-10,S3046001_S_GN-SB-PL-01,,brand_unit;legacy_block,
S3046001_S_GN-SB-AC-10,S3046001_S_GN-SB-PL-04,,brand_unit;legacy_block,
S3046001_S_GN-SB-AC-10,S3046001_S_GN-SB-PO-01,0.00451391,brand_unit;legacy_block,
S3046001_S_GN-SB-AC-10,S3046001_S_GN-SB-PP-05,0.05436651,brand_unit;legacy_block,
S3046001_S_GN-SB-AC-10,S3046001_S_GN-SB-RO-01,,brand_unit;legacy_block,
S3046001_S_GN-SB-AC-10,S3046001_S_GN-SB-RO-04,,brand_unit;legacy_block,
S3046001_S_GN-SB-AC-10,S3046001_S_GN-SB-RS-01,,brand_unit;legacy_block,
S3046001_S_GN-SB-AC-10,S3046001_S_GN-SB-RS-04,,brand_unit;legacy_block,
S3046001_S_GN-SB-AC-10,S3046001_S_GN-SB-SB-01,,brand_unit;legacy_block,
S3046001_S_GN-SB-AC-10,S3046001_S_GN-SB-SB-04,,brand_unit;legacy_block,
S3046001_S_GN-SB-AC-10,S3046001_S_GN-SB-SJ-01,0.00273371,brand_unit;legacy_block,
S3046001_S_GN-SB-AC-10,S3046001_S_GN-SB-SJ-04,0.06370387,brand_unit;legacy_block,
S3046001_S_GN-SB-AC-10,S3046001_S_GN-SB-SS-01,0.03661153,brand_unit;legacy_block,
S3046001_S_GN-SB-AC-10,S3046001_S_GN-SB-SS-04,0.03989691,brand_unit;legacy_block,
S3046001_S_GN-SB-AC-10,S3046001_S_GN-SB-SW-04,0.00415782,brand_unit;legacy_block,
S3046001_S_GN-SB-AC-10,S3046001_S_GN-SB-TA-01,,brand_unit;legacy_block,
S3046001_S_GN-SB-AC-10,S3046001_S_GN-SB-TA-04,,brand_unit;legacy_block,
S3046001_S_GN-SB-AC-10,S3046001_S_GN-SB-TM-01,,brand_unit;legacy_block,
S3046001_S_GN-SB-AC-10,S3046001_S_GN-SB-TM-04,,brand_unit;legacy_block,
S3046001_S_GN-SB-AC-10,S3046001_S_GN-SB-TT-01,,brand_unit;legacy_block,
S3046001_S_GN-SB-AC-10,S3046001_S_GN-SB-TT-04,,brand_unit;legacy_block,
S3046001_S_GN-SB-AC-10,S3046001_S_GN-SB-TU-01,0.00201449,brand_unit;legacy_block,
S3046001_S_GN-SB-AC-10,S3046001_S_GN-SB-TU-04,,brand_unit;legacy_block,
S3046001_S_GN-SB-AC-10,S3046001_S_GN-SB-WP-01,0.04154922,brand_unit;legacy_block,
S3046001_S_GN-SB-AC-10,S3046001_S_GN-SB-WP-04,0.23542034,brand_unit;legacy_block,
S3046001_S_GN-SB-AC-10,S3046001_S_GN10667,0.15944028,brand_unit;legacy_block,
S3046001_S_GN-SB-AP-01,S3046001_S_GN-SB-AP-04,0.00828196,brand_unit;legacy_block,
S3046001_S_GN-SB-AP-01,S3046001_S_GN-SB-AP-10,1.00000000,brand_unit;legacy_block,
S3046001_S_GN-SB-AP-01,S3046001_S_GN-SB-AR-01,0.01741786,brand_unit;legacy_block,
S3046001_S_GN-SB-AP-01,S3046001_S_GN-SB-AR-04,0.00528441,brand_unit;legacy_block,
S3046001_S_GN-SB-AP-01,S3046001_S_GN-SB-AS-01,,brand_unit;legacy_block,
S3046001_S_GN-SB-AP-01,S3046001_S_GN-SB-AS-04,,brand_unit;legacy_block,
S3046001_S_GN-SB-AP-01,S3046001_S_GN-SB-AS-10,,brand_unit;legacy_block,
S3046001_S_GN-SB-AP-01,S3046001_S_GN-SB-AV-01,,brand_unit;legacy_block,
S3046001_S_GN-SB-AP-01,S3046001_S_GN-SB-AV-04,,brand_unit;legacy_block,
S3046001_S_GN-SB-AP-01,S3046001_S_GN-SB-AV-10,,brand_unit;legacy_block,
S3046001_S_GN-SB-AP-01,S3046001_S_GN-SB-BS-01,0.00338508,brand_unit;legacy_block,
S3046001_S_GN-SB-AP-01,S3046001_S_GN-SB-BS-04,0.01315630,brand_unit;legacy_block,
S3046001_S_GN-SB-AP-01,S3046001_S_GN-SB-BS-10,0.00565308,brand_unit;legacy_block,
S3046001_S_GN-SB-AP-01,S3046001_S_GN-SB-CA-01,,brand_unit;legacy_block,
S3046001_S_GN-SB-AP-01,S3046001_S_GN-SB-CA-04,,brand_unit;legacy_block,
S3046001_S_GN-SB-AP-01,S3046001_S_GN-SB-CA-10,,brand_unit;legacy_block,
S3046001_S_GN-SB-AP-01,S3046001_S_GN-SB-CB-01,0.01413879,brand_unit;legacy_block,
S3046001_S_GN-SB-AP-01,S3046001_S_GN-SB-CB-04,0.01777629,brand_unit;legacy_block,
S3046001_S_GN-SB-AP-01,S3046001_S_GN-SB-CH-01,,brand_unit;legacy_block,
S3046001_S_GN-SB-AP-01,S3046001_S_GN-SB-CH-04-02,,brand_unit;legacy_block,
S3046001_S_GN-SB-AP-01,S3046001_S_GN-SB-CH-10,,brand_unit;legacy_block,
S3046001_S_GN-SB-AP-01,S3046001_S_GN-SB-CI-01,0.02132998,brand_unit;legacy_block,
S3046001_S_GN-SB-AP-01,S3046001_S_GN-SB-CI-04,0.01625483,brand_unit;legacy_block,
S3046001_S_GN-SB-AP-01,S3046001_S_GN-SB-CM-01,,brand_unit;legacy_block,
S3046001_S_GN-SB-AP-01,S3046001_S_GN-SB-CM-04,,brand_unit;legacy_block,
S3046001_S_GN-SB-AP-01,S3046001_S_GN-SB-CM-10,,brand_unit;legacy_block,
S3046001_S_GN-SB-AP-01,S3046001_S_GN-SB-CN-01,0.00527510,brand_unit;legacy_block,
S3046001_S_GN-SB-AP-01,S3046001_S_GN-SB-CN-04,0.00565308,brand_unit;legacy_block,
S3046001_S_GN-SB-AP-01,S3046001_S_GN-SB-CO-01,,brand_unit;legacy_block,
S3046001_S_GN-SB-AP-01,S3046001_S_GN-SB-CR-01,0.01606084,brand_unit;legacy_block,
S3046001_S_GN-SB-AP-01,S3046001_S_GN-SB-CR-04,0.01689510,brand_unit;legacy_block,
S3046001_S_GN-SB-AP-01,S3046001_S_GN-SB-CR-10,0.01015390,brand_unit;legacy_block,
S3046001_S_GN-SB-AP-01,S3046001_S_GN-SB-CS-05,0.00336288,brand_unit;legacy_block,
S3046001_S_GN-SB-AP-01,S3046001_S_GN-SB-DA-01,,brand_unit;legacy_block,
S3046001_S_GN-SB-AP-01,S3046001_S_GN-SB-DM-01,,brand_unit;legacy_block,
S3046001_S_GN-SB-AP-01,S3046001_S_GN-SB-DM-04,,brand_unit;legacy_block,
S3046001_S_GN-SB-AP-01,S3046001_S_GN-SB-FL-01,,brand_unit;legacy_block,
S3046001_S_GN-SB-AP-01,S3046001_S_GN-SB-FL-04,,brand_unit;legacy_block,
S3046001_S_GN-SB-AP-01,S3046001_S_GN-SB-GE-05,0.00309724,brand_unit;legacy_block,
S3046001_S_GN-SB-AP-01,S3046001_S_GN-SB-GL-01,,brand_unit;legacy_block,
S3046001_S_GN-SB-AP-01,S3046001_S_GN-SB-GL-04,,brand_unit;legacy_block,
S3046001_S_GN-SB-AP-01,S3046001_S_GN-SB-GM-01,0.00665765,brand_unit;legacy_block,
S3046001_S_GN-SB-AP-01,S3046001_S_GN-SB-GM-04,0.00336044,brand_unit;legacy_block,
S3046001_S_GN-SB-AP-01,S3046001_S_GN-SB-GR-01,,brand_unit;legacy_block,
S3046001_S_GN-SB-AP-01,S3046001_S_GN-SB-GR-04,,brand_unit;legacy_block,
S3046001_S_GN-SB-AP-01,S3046001_S_GN-SB-KE-01,0.00434802,brand_unit;legacy_block,
S3046001_S_GN-SB-AP-01,S3046001_S_GN-SB-LA-01,,brand_unit;legacy_block,
S3046001_S_GN-SB-AP-01,S3046001_S_GN-SB-LA-04,,brand_unit;legacy_block,
S3046001_S_GN-SB-AP-01,S3046001_S_GN-SB-LE-01,,brand_unit;legacy_block,
S3046001_S_GN-SB-AP-01,S3046001_S_GN-SB-LE-04,,brand_unit;legacy_block,
S3046001_S_GN-SB-AP-01,S3046001_S_GN-SB-MA-01,0.00097642,brand_unit;legacy_block,
S3046001_S_GN-SB-AP-01,S3046001_S_GN-SB-MA-04,0.00132077,brand_unit;legacy_block,
S3046001_S_GN-SB-AP-01,S3046001_S_GN-SB-NE-01,,brand_unit;legacy_block,
S3046001_S_GN-SB-AP-01,S3046001_S_GN-SB-NE-04,,brand_unit;legacy_block,
S3046001_S_GN-SB-AP-01,S3046001_S_GN-SB-NO-05,0.00336288,brand_unit;legacy_block,
S3046001_S_GN-SB-AP-01,S3046001_S_GN-SB-OO-01,,brand_unit;legacy_block,
S3046001_S_GN-SB-AP-01,S3046001_S_GN-SB-OO-04,,brand_unit;legacy_block,
S3046001_S_GN-SB-AP-01,S3046001_S_GN-SB-PF-05,0.01515452,brand_unit;legacy_block,
S3046001_S_GN-SB-AP-01,S3046001_S_GN-SB-PL-01,,brand_unit;legacy_block,
S3046001_S_GN-SB-AP-01,S3046001_S_GN-SB-PL-04,,brand_unit;legacy_block,
S3046001_S_GN-SB-AP-01,S3046001_S_GN-SB-PO-01,,brand_unit;legacy_block,
S3046001_S_GN-SB-AP-01,S3046001_S_GN-SB-PP-05,0.01588968,brand_unit;legacy_block,
S3046001_S_GN-SB-AP-01,S3046001_S_GN-SB-RO-01,,brand_unit;legacy_block,
S3046001_S_GN-SB-AP-01,S3046001_S_GN-SB-RO-04,,brand_unit;legacy_block,
S3046001_S_GN-SB-AP-01,S3046001_S_GN-SB-RS-01,,brand_unit;legacy_block,
S3046001_S_GN-SB-AP-01,S3046001_S_GN-SB-RS-04,,brand_unit;legacy_block,
S3046001_S_GN-SB-AP-01,S3046001_S_GN-SB-SB-01,,brand_unit;legacy_block,
S3046001_S_GN-SB-AP-01,S3046001_S_GN-SB-SB-04,0.01876065,brand_unit;legacy_block,
S3046001_S_GN-SB-AP-01,S3046001_S_GN-SB-SJ-01,0.00303120,brand_unit;legacy_block,
S3046001_S_GN-SB-AP-01,S3046001_S_GN-SB-SJ-04,0.00429865,brand_unit;legacy_block,
S3046001_S_GN-SB-AP-01,S3046001_S_GN-SB-SS-01,0.03702760,brand_unit;legacy_block,
S3046001_S_GN-SB-AP-01,S3046001_S_GN-SB-SS-04,0.06051953,brand_unit;legacy_block,
S3046001_S_GN-SB-AP-01,S3046001_S_GN-SB-SW-04,0.00682326,brand_unit;legacy_block,
S3046001_S_GN-SB-AP-01,S3046001_S_GN-SB-TA-01,,brand_unit;legacy_block,
S3046001_S_GN-SB-AP-01,S3046001_S_GN-SB-TA-04,,brand_unit;legacy_block,
S3046001_S_GN-SB-AP-01,S3046001_S_GN-SB-TM-01,0.00669120,brand_unit;legacy_block,
S3046001_S_GN-SB-AP-01,S3046001_S_GN-SB-TM-04,0.00565308,brand_unit;legacy_block,
S3046001_S_GN-SB-AP-01,S3046001_S_GN-SB-TT-01,,brand_unit;legacy_block,
S3046001_S_GN-SB-AP-01,S3046001_S_GN-SB-TT-04,,brand_unit;legacy_block,
S3046001_S_GN-SB-AP-01,S3046001_S_GN-SB-TU-01,0.00113208,brand_unit;legacy_block,
S3046001_S_GN-SB-AP-01,S3046001_S_GN-SB-TU-04,0.02514026,brand_unit;legacy_block,
S3046001_S_GN-SB-AP-01,S3046001_S_GN-SB-WP-01,0.00172162,brand_unit;legacy_block,
S3046001_S_GN-SB-AP-01,S3046001_S_GN-SB-WP-04,0.00157102,brand_unit;legacy_block,
S3046001_S_GN-SB-AP-01,S3046001_S_GN10667,0.07392426,brand_unit;legacy_block,
S3046001_S_GN-SB-AP-04,S3046001_S_GN-SB-AP-10,0.03560849,brand_unit;legacy_block,
S3046001_S_GN-SB-AP-04,S3046001_S_GN-SB-AR-01,0.00849362,brand_unit;legacy_block,
S3046001_S_GN-SB-AP-04,S3046001_S_GN-SB-AR-04,0.23748656,brand_unit;legacy_block,
S3046001_S_GN-SB-AP-04,S3046001_S_GN-SB-AS-01,0.57457764,brand_unit;legacy_block,
S3046001_S_GN-SB-AP-04,S3046001_S_GN-SB-AS-04,0.02767879,brand_unit;legacy_block,
S3046001_S_GN-SB-AP-04,S3046001_S_GN-SB-AS-10,0.03560849,brand_unit;legacy_block,
S3046001_S_GN-SB-AP-04,S3046001_S_GN-SB-AV-01,0.00828196,brand_unit;legacy_block,
S3046001_S_GN-SB-AP-04,S3046001_S_GN-SB-AV-04,0.31080674,brand_unit;legacy_block,
S3046001_S_GN-SB-AP-04,S3046001_S_GN-SB-AV-10,0.03560849,brand_unit;legacy_block,
S3046001_S_GN-SB-AP-04,S3046001_S_GN-SB-BS-01,0.00709527,brand_unit;legacy_block,
S3046001_S_GN-SB-AP-04,S3046001_S_GN-SB-BS-04,0.11347813,brand_unit;legacy_block,
S3046001_S_GN-SB-AP-04,S3046001_S_GN-SB-BS-10,0.06370387,brand_unit;legacy_block,
S3046001_S_GN-SB-AP-04,S3046001_S_GN-SB-CA-01,0.00713378,brand_unit;legacy_block,
S3046001_S_GN-SB-AP-04,S3046001_S_GN-SB-CA-04,0.23748656,brand_unit;legacy_block,
S3046001_S_GN-SB-AP-04,S3046001_S_GN-SB-CA-10,0.03401766,brand_unit;legacy_block,
S3046001_S_GN-SB-AP-04,S3046001_S_GN-SB-CB-01,0.00678734,brand_unit;legacy_block,
S3046001_S_GN-SB-AP-04,S3046001_S_GN-SB-CB-04,0.23748656,brand_unit;legacy_block,
S3046001_S_GN-SB-AP-04,S3046001_S_GN-SB-CH-01,0.00678734,brand_unit;legacy_block,
S3046001_S_GN-SB-AP-04,S3046001_S_GN-SB-CH-04-02,0.23748656,brand_unit;legacy_block,
S3046001_S_GN-SB-AP-04,S3046001_S_GN-SB-CH-10,0.11079931,brand_unit;legacy_block,
S3046001_S_GN-SB-AP-04,S3046001_S_GN-SB-CI-01,0.00964374,brand_unit;legacy_block,
S3046001_S_GN-SB-AP-04,S3046001_S_GN-SB-CI-04,0.00607317,brand_unit;legacy_block,
S3046001_S_GN-SB-AP-04,S3046001_S_GN-SB-CM-01,0.00828196,brand_unit;legacy_block,
S3046001_S_GN-SB-AP-04,S3046001_S_GN-SB-CM-04,0.23748656,brand_unit;legacy_block,
S3046001_S_GN-SB-AP-04,S3046001_S_GN-SB-CM-10,0.03401766,brand_unit;legacy_block,
S3046001_S_GN-SB-AP-04,S3046001_S_GN-SB-CN-01,0.06527104,brand_unit;legacy_block,
S3046001_S_GN-SB-AP-04,S3046001_S_GN-SB-CN-04,0.01863917,brand_unit;legacy_block,
S3046001_S_GN-SB-AP-04,S3046001_S_GN-SB-CO-01,0.00713378,brand_unit;legacy_block,
S3046001_S_GN-SB-AP-04,S3046001_S_GN-SB-CR-01,0.00678734,brand_unit;legacy_block,
S3046001_S_GN-SB-AP-04,S3046001_S_GN-SB-CR-04,0.23748656,brand_unit;legacy_block,
S3046001_S_GN-SB-AP-04,S3046001_S_GN-SB-CR-10,0.10982069,brand_unit;legacy_block,
S3046001_S_GN-SB-AP-04,S3046001_S_GN-SB-CS-05,0.00967860,brand_unit;legacy_block,
S3046001_S_GN-SB-AP-04,S3046001_S_GN-SB-DA-01,0.00917746,brand_unit;legacy_block,
S3046001_S_GN-SB-AP-04,S3046001_S_GN-SB-DM-01,0.00828196,brand_unit;legacy_block,
S3046001_S_GN-SB-AP-04,S3046001_S_GN-SB-DM-04,0.31080674,brand_unit;legacy_block,
S3046001_S_GN-SB-AP-04,S3046001_S_GN-SB-FL-01,0.03181946,brand_unit;legacy_block,
S3046001_S_GN-SB-AP-04,S3046001_S_GN-SB-FL-04,0.02471192,brand_unit;legacy_block,
S3046001_S_GN-SB-AP-04,S3046001_S_GN-SB-GE-05,0.00849362,brand_unit;legacy_block,
S3046001_S_GN-SB-AP-04,S3046001_S_GN-SB-GL-01,0.00903072,brand_unit;legacy_block,
S3046001_S_GN-SB-AP-04,S3046001_S_GN-SB-GL-04,0.08959976,brand_unit;legacy_block,
S3046001_S_GN-SB-AP-04,S3046001_S_GN-SB-GM-01,0.00474677,brand_unit;legacy_block,
S3046001_S_GN-SB-AP-04,S3046001_S_GN-SB-GM-04,0.08959976,brand_unit;legacy_block,
S3046001_S_GN-SB-AP-04,S3046001_S_GN-SB-GR-01,0.00713378,brand_unit;legacy_block,
S3046001_S_GN-SB-AP-04,S3046001_S_GN-SB-GR-04,0.23748656,brand_unit;legacy_block,
S3046001_S_GN-SB-AP-04,S3046001_S_GN-SB-KE-01,0.00985440,brand_unit;legacy_block,
S3046001_S_GN-SB-AP-04,S3046001_S_GN-SB-LA-01,0.00753333,brand_unit;legacy_block,
S3046001_S_GN-SB-AP-04,S3046001_S_GN-SB-LA-04,0.24757076,brand_unit;legacy_block,
S3046001_S_GN-SB-AP-04,S3046001_S_GN-SB-LE-01,0.00917746,brand_unit;legacy_block,
S3046001_S_GN-SB-AP-04,S3046001_S_GN-SB-LE-04,0.33341580,brand_unit;legacy_block,
S3046001_S_GN-SB-AP-04,S3046001_S_GN-SB-MA-01,0.00903072,brand_unit;legacy_block,
S3046001_S_GN-SB-AP-04,S3046001_S_GN-SB-MA-04,0.08959976,brand_unit;legacy_block,
S3046001_S_GN-SB-AP-04,S3046001_S_GN-SB-NE-01,0.00828196,brand_unit;legacy_block,
S3046001_S_GN-SB-AP-04,S3046001_S_GN-SB-NE-04,0.31080674,brand_unit;legacy_block,
S3046001_S_GN-SB-AP-04,S3046001_S_GN-SB-NO-05,0.00967860,brand_unit;legacy_block,
S3046001_S_GN-SB-AP-04,S3046001_S_GN-SB-OO-01,0.00753333,brand_unit;legacy_block,
S3046001_S_GN-SB-AP-04,S3046001_S_GN-SB-OO-04,0.24757076,brand_unit;legacy_block,
S3046001_S_GN-SB-AP-04,S3046001_S_GN-SB-PF-05,0.01035576,brand_unit;legacy_block,
S3046001_S_GN-SB-AP-04,S3046001_S_GN-SB-PL-01,0.00474677,brand_unit;legacy_block,
S3046001_S_GN-SB-AP-04,S3046001_S_GN-SB-PL-04,0.00599248,brand_unit;legacy_block,
S3046001_S_GN-SB-AP-04,S3046001_S_GN-SB-PO-01,0.00828196,brand_unit;legacy_block,
S3046001_S_GN-SB-AP-04,S3046001_S_GN-SB-PP-05,0.01086070,brand_unit;legacy_block,
S3046001_S_GN-SB-AP-04,S3046001_S_GN-SB-RO-01,0.00582653,brand_unit;legacy_block,
S3046001_S_GN-SB-AP-04,S3046001_S_GN-SB-RO-04,0.23748656,brand_unit;legacy_block,
S3046001_S_GN-SB-AP-04,S3046001_S_GN-SB-RS-01,0.00917746,brand_unit;legacy_block,
S3046001_S_GN-SB-AP-04,S3046001_S_GN-SB-RS-04,0.33341580,brand_unit;legacy_block,
S3046001_S_GN-SB-AP-04,S3046001_S_GN-SB-SB-01,0.00966299,brand_unit;legacy_block,
S3046001_S_GN-SB-AP-04,S3046001_S_GN-SB-SB-04,0.24757076,brand_unit;legacy_block,
S3046001_S_GN-SB-AP-04,S3046001_S_GN-SB-SJ-01,0.00816349,brand_unit;legacy_block,
S3046001_S_GN-SB-AP-04,S3046001_S_GN-SB-SJ-04,0.14252380,brand_unit;legacy_block,
S3046001_S_GN-SB-AP-04,S3046001_S_GN-SB-SS-01,0.22904544,brand_unit;legacy_block,
S3046001_S_GN-SB-AP-04,S3046001_S_GN-SB-SS-04,0.11348808,brand_unit;legacy_block,
S3046001_S_GN-SB-AP-04,S3046001_S_GN-SB-SW-04,0.03145546,brand_unit;legacy_block,
S3046001_S_GN-SB-AP-04,S3046001_S_GN-SB-TA-01,0.00828196,brand_unit;legacy_block,
S3046001_S_GN-SB-AP-04,S3046001_S_GN-SB-TA-04,0.31080674,brand_unit;legacy_block,
S3046001_S_GN-SB-AP-04,S3046001_S_GN-SB-TM-01,0.03181946,brand_unit;legacy_block,
S3046001_S_GN-SB-AP-04,S3046001_S_GN-SB-TM-04,0.02471192,brand_unit;legacy_block,
S3046001_S_GN-SB-AP-04,S3046001_S_GN-SB-TT-01,0.00828196,brand_unit;legacy_block,
S3046001_S_GN-SB-AP-04,S3046001_S_GN-SB-TT-04,0.31080674,brand_unit;legacy_block,
S3046001_S_GN-SB-AP-04,S3046001_S_GN-SB-TU-01,0.00512340,brand_unit;legacy_block,
S3046001_S_GN-SB-AP-04,S3046001_S_GN-SB-TU-04,0.31080674,brand_unit;legacy_block,
S3046001_S_GN-SB-AP-04,S3046001_S_GN-SB-WP-01,0.00459122,brand_unit;legacy_block,
S3046001_S_GN-SB-AP-04,S3046001_S_GN-SB-WP-04,0.13162067,brand_unit;legacy_block,
S3046001_S_GN-SB-AP-04,S3046001_S_GN10667,0.09329314,brand_unit;legacy_block,
S3046001_S_GN-SB-AP-10,S3046001_S_GN-SB-AR-01,0.12413373,brand_unit;legacy_block,
S3046001_S_GN-SB-AP-10,S3046001_S_GN-SB-AR-04,0.03401766,brand_unit;legacy_block,
S3046001_S_GN-SB-AP-10,S3046001_S_GN-SB-AS-01,,brand_unit;legacy_block,
S3046001_S_GN-SB-AP-10,S3046001_S_GN-SB-AS-04,,brand_unit;legacy_block,
S3046001_S_GN-SB-AP-10,S3046001_S_GN-SB-AS-10,,brand_unit;legacy_block,
S3046001_S_GN-SB-AP-10,S3046001_S_GN-SB-AV-01,,brand_unit;legacy_block,
S3046001_S_GN-SB-AP-10,S3046001_S_GN-SB-AV-04,,brand_unit;legacy_block,
S3046001_S_GN-SB-AP-10,S3046001_S_GN-SB-AV-10,,brand_unit;legacy_block,
S3046001_S_GN-SB-AP-10,S3046001_S_GN-SB-BS-01,0.00201449,brand_unit;legacy_block,
S3046001_S_GN-SB-AP-10,S3046001_S_GN-SB-BS-04,0.17196055,brand_unit;legacy_block,
S3046001_S_GN-SB-AP-10,S3046001_S_GN-SB-BS-10,0.07235485,brand_unit;legacy_block,
S3046001_S_GN-SB-AP-10,S3046001_S_GN-SB-CA-01,,brand_unit;legacy_block,
S3046001_S_GN-SB-AP-10,S3046001_S_GN-SB-CA-04,,brand_unit;legacy_block,
S3046001_S_GN-SB-AP-10,S3046001_S_GN-SB-CA-10,,brand_unit;legacy_block,
S3046001_S_GN-SB-AP-10,S3046001_S_GN-SB-CB-01,0.00850228,brand_unit;legacy_block,
S3046001_S_GN-SB-AP-10,S3046001_S_GN-SB-CB-04,0.10570795,brand_unit;legacy_block,
S3046001_S_GN-SB-AP-10,S3046001_S_GN-SB-CH-01,,brand_unit;legacy_block,
S3046001_S_GN-SB-AP-10,S3046001_S_GN-SB-CH-04-02,,brand_unit;legacy_block,
S3046001_S_GN-SB-AP-10,S3046001_S_GN-SB-CH-10,,brand_unit;legacy_block,
S3046001_S_GN-SB-AP-10,S3046001_S_GN-SB-CI-01,0.00682326,brand_unit;legacy_block,
S3046001_S_GN-SB-AP-10,S3046001_S_GN-SB-CI-04,0.14415232,brand_unit;legacy_block,
S3046001_S_GN-SB-AP-10,S3046001_S_GN-SB-CM-01,,brand_unit;legacy_block,
S3046001_S_GN-SB-AP-10,S3046001_S_GN-SB-CM-04,,brand_unit;legacy_block,
S3046001_S_GN-SB-AP-10,S3046001_S_GN-SB-CM-10,,brand_unit;legacy_block,
S3046001_S_GN-SB-AP-10,S3046001_S_GN-SB-CN-01,0.00529953,brand_unit;legacy_block,
S3046001_S_GN-SB-AP-10,S3046001_S_GN-SB-CN-04,0.00707187,brand_unit;legacy_block,
S3046001_S_GN-SB-AP-10,S3046001_S_GN-SB-CO-01,,brand_unit;legacy_block,
S3046001_S_GN-SB-AP-10,S3046001_S_GN-SB-CR-01,0.00738162,brand_unit;legacy_block,
S3046001_S_GN-SB-AP-10,S3046001_S_GN-SB-CR-04,0.10570795,brand_unit;legacy_block,
S3046001_S_GN-SB-AP-10,S3046001_S_GN-SB-CR-10,0.02685723,brand_unit;legacy_block,
S3046001_S_GN-SB-AP-10,S3046001_S_GN-SB-CS-05,0.02861460,brand_unit;legacy_block,
S3046001_S_GN-SB-AP-10,S3046001_S_GN-SB-DA-01,,brand_unit;legacy_block,
S3046001_S_GN-SB-AP-10,S3046001_S_GN-SB-DM-01,,brand_unit;legacy_block,
S3046001_S_GN-SB-AP-10,S3046001_S_GN-SB-DM-04,,brand_unit;legacy_block,
S3046001_S_GN-SB-AP-10,S3046001_S_GN-SB-FL-01,,brand_unit;legacy_block,
S3046001_S_GN-SB-AP-10,S3046001_S_GN-SB-FL-04,,brand_unit;legacy_block,
S3046001_S_GN-SB-AP-10,S3046001_S_GN-SB-GE-05,0.04692205,brand_unit;legacy_block,
S3046001_S_GN-SB-AP-10,S3046001_S_GN-SB-GL-01,,brand_unit;legacy_block,
S3046001_S_GN-SB-AP-10,S3046001_S_GN-SB-GL-04,,brand_unit;legacy_block,
S3046001_S_GN-SB-AP-10,S3046001_S_GN-SB-GM-01,0.05133119,brand_unit;legacy_block,
S3046001_S_GN-SB-AP-10,S3046001_S_GN-SB-GM-04,0.18466227,brand_unit;legacy_block,
S3046001_S_GN-SB-AP-10,S3046001_S_GN-SB-GR-01,,brand_unit;legacy_block,
S3046001_S_GN-SB-AP-10,S3046001_S_GN-SB-GR-04,,brand_unit;legacy_block,
S3046001_S_GN-SB-AP-10,S3046001_S_GN-SB-KE-01,0.02976396,brand_unit;legacy_block,
S3046001_S_GN-SB-AP-10,S3046001_S_GN-SB-LA-01,,brand_unit;legacy_block,
S3046001_S_GN-SB-AP-10,S3046001_S_GN-SB-LA-04,,brand_unit;legacy_block,
S3046001_S_GN-SB-AP-10,S3046001_S_GN-SB-LE-01,,brand_unit;legacy_block,
S3046001_S_GN-SB-AP-10,S3046001_S_GN-SB-LE-04,,brand_unit;legacy_block,
S3046001_S_GN-SB-AP-10,S3046001_S_GN-SB-MA-01,0.00426761,brand_unit;legacy_block,
S3046001_S_GN-SB-AP-10,S3046001_S_GN-SB-MA-04,0.06370387,brand_unit;legacy_block,
S3046001_S_GN-SB-AP-10,S3046001_S_GN-SB-NE-01,,brand_unit;legacy_block,
S3046001_S_GN-SB-AP-10,S3046001_S_GN-SB-NE-04,,brand_unit;legacy_block,
S3046001_S_GN-SB-AP-10,S3046001_S_GN-SB-NO-05,0.02861460,brand_unit;legacy_block,
S3046001_S_GN-SB-AP-10,S3046001_S_GN-SB-OO-01,,brand_unit;legacy_block,
S3046001_S_GN-SB-AP-10,S3046001_S_GN-SB-OO-04,,brand_unit;legacy_block,
S3046001_S_GN-SB-AP-10,S3046001_S_GN-SB-PF-05,0.07752291,brand_unit;legacy_block,
S3046001_S_GN-SB-AP-10,S3046001_S_GN-SB-PL-01,,brand_unit;legacy_block,
S3046001_S_GN-SB-AP-10,S3046001_S_GN-SB-PL-04,,brand_unit;legacy_block,
S3046001_S_GN-SB-AP-10,S3046001_S_GN-SB-PO-01,,brand_unit;legacy_block,
S3046001_S_GN-SB-AP-10,S3046001_S_GN-SB-PP-05,0.08362182,brand_unit;legacy_block,
S3046001_S_GN-SB-AP-10,S3046001_S_GN-SB-RO-01,,brand_unit;legacy_block,
S3046001_S_GN-SB-AP-10,S3046001_S_GN-SB-RO-04,,brand_unit;legacy_block,
S3046001_S_GN-SB-AP-10,S3046001_S_GN-SB-RS-01,,brand_unit;legacy_block,
S3046001_S_GN-SB-AP-10,S3046001_S_GN-SB-RS-04,,brand_unit;legacy_block,
S3046001_S_GN-SB-AP-10,S3046001_S_GN-SB-SB-01,,brand_unit;legacy_block,
S3046001_S_GN-SB-AP-10,S3046001_S_GN-SB-SB-04,0.11101118,brand_unit;legacy_block,
S3046001_S_GN-SB-AP-10,S3046001_S_GN-SB-SJ-01,0.00223461,brand_unit;legacy_block,
S3046001_S_GN-SB-AP-10,S3046001_S_GN-SB-SJ-04,0.06527104,brand_unit;legacy_block,
S3046001_S_GN-SB-AP-10,S3046001_S_GN-SB-SS-01,0.03734285,brand_unit;legacy_block,
S3046001_S_GN-SB-AP-10,S3046001_S_GN-SB-SS-04,0.05725810,brand_unit;legacy_block,
S3046001_S_GN-SB-AP-10,S3046001_S_GN-SB-SW-04,0.02220625,brand_unit;legacy_block,
S3046001_S_GN-SB-AP-10,S3046001_S_GN-SB-TA-01,,brand_unit;legacy_block,
S3046001_S_GN-SB-AP-10,S3046001_S_GN-SB-TA-04,,brand_unit;legacy_block,
S3046001_S_GN-SB-AP-10,S3046001_S_GN-SB-TM-01,0.00684777,brand_unit;legacy_block,
S3046001_S_GN-SB-AP-10,S3046001_S_GN-SB-TM-04,0.02873642,brand_unit;legacy_block,
S3046001_S_GN-SB-AP-10,S3046001_S_GN-SB-TT-01,,brand_unit;legacy_block,
S3046001_S_GN-SB-AP-10,S3046001_S_GN-SB-TT-04,,brand_unit;legacy_block,
S3046001_S_GN-SB-AP-10,S3046001_S_GN-SB-TU-01,0.00293960,brand_unit;legacy_block,
S3046001_S_GN-SB-AP-10,S3046001_S_GN-SB-TU-04,0.11948175,brand_unit;legacy_block,
S3046001_S_GN-SB-AP-10,S3046001_S_GN-SB-WP-01,0.03192682,brand_unit;legacy_block,
S3046001_S_GN-SB-AP-10,S3046001_S_GN-SB-WP-04,0.14937209,brand_unit;legacy_block,
S3046001_S_GN-SB-AP-10,S3046001_S_GN10667,0.15944028,brand_unit;legacy_block,
S3046001_S_GN-SB-AR-01,S3046001_S_GN-SB-AR-04,0.00849362,brand_unit;legacy_block,
S3046001_S_GN-SB-AR-01,S3046001_S_GN-SB-AS-01,0.15502954,brand_unit;legacy_block,
S3046001_S_GN-SB-AR-01,S3046001_S_GN-SB-AS-04,0.08917555,brand_unit;legacy_block,
S3046001_S_GN-SB-AR-01,S3046001_S_GN-SB-AS-10,0.11761405,brand_unit;legacy_block,
S3046001_S_GN-SB-AR-01,S3046001_S_GN-SB-AV-01,0.01734763,brand_unit;legacy_block,
S3046001_S_GN-SB-AR-01,S3046001_S_GN-SB-AV-04,0.03506263,brand_unit;legacy_block,
S3046001_S_GN-SB-AR-01,S3046001_S_GN-SB-AV-10,0.11747198,brand_unit;legacy_block,
S3046001_S_GN-SB-AR-01,S3046001_S_GN-SB-BS-01,0.01132125,brand_unit;legacy_block,
S3046001_S_GN-SB-AR-01,S3046001_S_GN-SB-BS-04,0.03540523,brand_unit;legacy_block,
S3046001_S_GN-SB-AR-01,S3046001_S_GN-SB-BS-10,0.21107625,brand_unit;legacy_block,
S3046001_S_GN-SB-AR-01,S3046001_S_GN-SB-CA-01,0.01808737,brand_unit;legacy_block,
S3046001_S_GN-SB-AR-01,S3046001_S_GN-SB-CA-04,0.03506263,brand_unit;legacy_block,
S3046001_S_GN-SB-AR-01,S3046001_S_GN-SB-CA-10,0.11405772,brand_unit;legacy_block,
S3046001_S_GN-SB-AR-01,S3046001_S_GN-SB-CB-01,0.15359373,brand_unit;legacy_block,
S3046001_S_GN-SB-AR-01,S3046001_S_GN-SB-CB-04,0.03506263,brand_unit;legacy_block,
S3046001_S_GN-SB-AR-01,S3046001_S_GN-SB-CH-01,0.04243806,brand_unit;legacy_block,
S3046001_S_GN-SB-AR-01,S3046001_S_GN-SB-CH-04-02,0.03506263,brand_unit;legacy_block,
S3046001_S_GN-SB-AR-01,S3046001_S_GN-SB-CH-10,0.00587175,brand_unit;legacy_block,
S3046001_S_GN-SB-AR-01,S3046001_S_GN-SB-CI-01,0.14058632,brand_unit;legacy_block,
S3046001_S_GN-SB-AR-01,S3046001_S_GN-SB-CI-04,0.03021316,brand_unit;legacy_block,
S3046001_S_GN-SB-AR-01,S3046001_S_GN-SB-CM-01,0.01734763,brand_unit;legacy_block,
S3046001_S_GN-SB-AR-01,S3046001_S_GN-SB-CM-04,0.03506263,brand_unit;legacy_block,
S3046001_S_GN-SB-AR-01,S3046001_S_GN-SB-CM-10,0.11405772,brand_unit;legacy_block,
S3046001_S_GN-SB-AR-01,S3046001_S_GN-SB-CN-01,0.12913563,brand_unit;legacy_block,
S3046001_S_GN-SB-AR-01,S3046001_S_GN-SB-CN-04,0.15544762,brand_unit;legacy_block,
S3046001_S_GN-SB-AR-01,S3046001_S_GN-SB-CO-01,0.01808737,brand_unit;legacy_block,
S3046001_S_GN-SB-AR-01,S3046001_S_GN-SB-CR-01,0.13952899,brand_unit;legacy_block,
S3046001_S_GN-SB-AR-01,S3046001_S_GN-SB-CR-04,0.03520200,brand_unit;legacy_block,
S3046001_S_GN-SB-AR-01,S3046001_S_GN-SB-CR-10,0.00561418,brand_unit;legacy_block,
S3046001_S_GN-SB-AR-01,S3046001_S_GN-SB-CS-05,0.01962176,brand_unit;legacy_block,
S3046001_S_GN-SB-AR-01,S3046001_S_GN-SB-DA-01,0.01734763,brand_unit;legacy_block,
S3046001_S_GN-SB-AR-01,S3046001_S_GN-SB-DM-01,0.01734763,brand_unit;legacy_block,
S3046001_S_GN-SB-AR-01,S3046001_S_GN-SB-DM-04,0.03506263,brand_unit;legacy_block,
S3046001_S_GN-SB-AR-01,S3046001_S_GN-SB-FL-01,0.14902713,brand_unit;legacy_block,
S3046001_S_GN-SB-AR-01,S3046001_S_GN-SB-FL-04,0.14135762,brand_unit;legacy_block,
S3046001_S_GN-SB-AR-01,S3046001_S_GN-SB-GE-05,0.02259779,brand_unit;legacy_block,
S3046001_S_GN-SB-AR-01,S3046001_S_GN-SB-GL-01,0.02673164,brand_unit;legacy_block,
S3046001_S_GN-SB-AR-01,S3046001_S_GN-SB-GL-04,0.00849362,brand_unit;legacy_block,
S3046001_S_GN-SB-AR-01,S3046001_S_GN-SB-GM-01,0.02982552,brand_unit;legacy_block,
S3046001_S_GN-SB-AR-01,S3046001_S_GN-SB-GM-04,0.03605486,brand_unit;legacy_block,
S3046001_S_GN-SB-AR-01,S3046001_S_GN-SB-GR-01,0.01816054,brand_unit;legacy_block,
S3046001_S_GN-SB-AR-01,S3046001_S_GN-SB-GR-04,0.03520200,brand_unit;legacy_block,
S3046001_S_GN-SB-AR-01,S3046001_S_GN-SB-KE-01,0.04478633,brand_unit;legacy_block,
S3046001_S_GN-SB-AR-01,S3046001_S_GN-SB-LA-01,0.01808737,brand_unit;legacy_block,
S3046001_S_GN-SB-AR-01,S3046001_S_GN-SB-LA-04,0.03506263,brand_unit;legacy_block,
S3046001_S_GN-SB-AR-01,S3046001_S_GN-SB-LE-01,0.01734763,brand_unit;legacy_block,
S3046001_S_GN-SB-AR-01,S3046001_S_GN-SB-LE-04,0.03506263,brand_unit;legacy_block,
S3046001_S_GN-SB-AR-01,S3046001_S_GN-SB-MA-01,0.00599248,brand_unit;legacy_block,
S3046001_S_GN-SB-AR-01,S3046001_S_GN-SB-MA-04,0.00959622,brand_unit;legacy_block,
S3046001_S_GN-SB-AR-01,S3046001_S_GN-SB-NE-01,0.01639811,brand_unit;legacy_block,
S3046001_S_GN-SB-AR-01,S3046001_S_GN-SB-NE-04,0.03317622,brand_unit;legacy_block,
S3046001_S_GN-SB-AR-01,S3046001_S_GN-SB-NO-05,0.01962176,brand_unit;legacy_block,
S3046001_S_GN-SB-AR-01,S3046001_S_GN-SB-OO-01,0.01808737,brand_unit;legacy_block,
S3046001_S_GN-SB-AR-01,S3046001_S_GN-SB-OO-04,0.03506263,brand_unit;legacy_block,
S3046001_S_GN-SB-AR-01,S3046001_S_GN-SB-PF-05,0.09010354,brand_unit;legacy_block,
S3046001_S_GN-SB-AR-01,S3046001_S_GN-SB-PL-01,0.00599248,brand_unit;legacy_block,
S3046001_S_GN-SB-AR-01,S3046001_S_GN-SB-PL-04,0.01610437,brand_unit;legacy_block,
S3046001_S_GN-SB-AR-01,S3046001_S_GN-SB-PO-01,0.01734763,brand_unit;legacy_block,
S3046001_S_GN-SB-AR-01,S3046001_S_GN-SB-PP-05,0.08171656,brand_unit;legacy_block,
S3046001_S_GN-SB-AR-01,S3046001_S_GN-SB-RO-01,0.01734763,brand_unit;legacy_block,
S3046001_S_GN-SB-AR-01,S3046001_S_GN-SB-RO-04,0.03506263,brand_unit;legacy_block,
S3046001_S_GN-SB-AR-01,S3046001_S_GN-SB-RS-01,,brand_unit;legacy_block,
S3046001_S_GN-SB-AR-01,S3046001_S_GN-SB-RS-04,,brand_unit;legacy_block,
S3046001_S_GN-SB-AR-01,S3046001_S_GN-SB-SB-01,0.02493437,brand_unit;legacy_block,
S3046001_S_GN-SB-AR-01,S3046001_S_GN-SB-SB-04,0.03506263,brand_unit;legacy_block,
S3046001_S_GN-SB-AR-01,S3046001_S_GN-SB-SJ-01,0.00473686,brand_unit;legacy_block,
S3046001_S_GN-SB-AR-01,S3046001_S_GN-SB-SJ-04,0.00849362,brand_unit;legacy_block,
S3046001_S_GN-SB-AR-01,S3046001_S_GN-SB-SS-01,0.04017894,brand_unit;legacy_block,
S3046001_S_GN-SB-AR-01,S3046001_S_GN-SB-SS-04,0.06553416,brand_unit;legacy_block,
S3046001_S_GN-SB-AR-01,S3046001_S_GN-SB-SW-04,0.08906436,brand_unit;legacy_block,
S3046001_S_GN-SB-AR-01,S3046001_S_GN-SB-TA-01,0.01734763,brand_unit;legacy_block,
S3046001_S_GN-SB-AR-01,S3046001_S_GN-SB-TA-04,0.03506263,brand_unit;legacy_block,
S3046001_S_GN-SB-AR-01,S3046001_S_GN-SB-TM-01,0.14902713,brand_unit;legacy_block,
S3046001_S_GN-SB-AR-01,S3046001_S_GN-SB-TM-04,0.10408876,brand_unit;legacy_block,
S3046001_S_GN-SB-AR-01,S3046001_S_GN-SB-TT-01,0.01734763,brand_unit;legacy_block,
S3046001_S_GN-SB-AR-01,S3046001_S_GN-SB-TT-04,0.03506263,brand_unit;legacy_block,
S3046001_S_GN-SB-AR-01,S3046001_S_GN-SB-TU-01,0.00901195,brand_unit;legacy_block,
S3046001_S_GN-SB-AR-01,S3046001_S_GN-SB-TU-04,0.03506263,brand_unit;legacy_block,
S3046001_S_GN-SB-AR-01,S3046001_S_GN-SB-WP-01,0.10062482,brand_unit;legacy_block,
S3046001_S_GN-SB-AR-01,S3046001_S_GN-SB-WP-04,0.07136997,brand_unit;legacy_block,
S3046001_S_GN-SB-AR-01,S3046001_S_GN10667,0.06127957,brand_unit;legacy_block,
S3046001_S_GN-SB-AR-04,S3046001_S_GN-SB-AS-01,0.73609974,brand_unit;legacy_block,
S3046001_S_GN-SB-AR-04,S3046001_S_GN-SB-AS-04,0.01958618,brand_unit;legacy_block,
S3046001_S_GN-SB-AR-04,S3046001_S_GN-SB-AS-10,0.03401766,brand_unit;legacy_block,
S3046001_S_GN-SB-AR-04,S3046001_S_GN-SB-AV-01,0.00528441,brand_unit;legacy_block,
S3046001_S_GN-SB-AR-04,S3046001_S_GN-SB-AV-04,0.23748656,brand_unit;legacy_block,
S3046001_S_GN-SB-AR-04,S3046001_S_GN-SB-AV-10,0.03401766,brand_unit;legacy_block,
S3046001_S_GN-SB-AR-04,S3046001_S_GN-SB-BS-01,0.00677859,brand_unit;legacy_block,
S3046001_S_GN-SB-AR-04,S3046001_S_GN-SB-BS-04,0.28851885,brand_unit;legacy_block,
S3046001_S_GN-SB-AR-04,S3046001_S_GN-SB-BS-10,0.06593211,brand_unit;legacy_block,
S3046001_S_GN-SB-AR-04,S3046001_S_GN-SB-CA-01,0.00712459,brand_unit;legacy_block,
S3046001_S_GN-SB-AR-04,S3046001_S_GN-SB-CA-04,0.31232945,brand_unit;legacy_block,
S3046001_S_GN-SB-AR-04,S3046001_S_GN-SB-CA-10,0.06656404,brand_unit;legacy_block,
S3046001_S_GN-SB-AR-04,S3046001_S_GN-SB-CB-01,0.00919486,brand_unit;legacy_block,
S3046001_S_GN-SB-AR-04,S3046001_S_GN-SB-CB-04,0.31232945,brand_unit;legacy_block,
S3046001_S_GN-SB-AR-04,S3046001_S_GN-SB-CH-01,0.00677859,brand_unit;legacy_block,
S3046001_S_GN-SB-AR-04,S3046001_S_GN-SB-CH-04-02,0.31232945,brand_unit;legacy_block,
S3046001_S_GN-SB-AR-04,S3046001_S_GN-SB-CH-10,0.17177507,brand_unit;legacy_block,
S3046001_S_GN-SB-AR-04,S3046001_S_GN-SB-CI-01,0.00500054,brand_unit;legacy_block,
S3046001_S_GN-SB-AR-04,S3046001_S_GN-SB-CI-04,0.01146432,brand_unit;legacy_block,
S3046001_S_GN-SB-AR-04,S3046001_S_GN-SB-CM-01,0.00528441,brand_unit;legacy_block,
S3046001_S_GN-SB-AR-04,S3046001_S_GN-SB-CM-04,0.31232945,brand_unit;legacy_block,
S3046001_S_GN-SB-AR-04,S3046001_S_GN-SB-CM-10,0.06656404,brand_unit;legacy_block,
S3046001_S_GN-SB-AR-04,S3046001_S_GN-SB-CN-01,0.06370387,brand_unit;legacy_block,
S3046001_S_GN-SB-AR-04,S3046001_S_GN-SB-CN-04,0.01863917,brand_unit;legacy_block,
S3046001_S_GN-SB-AR-04,S3046001_S_GN-SB-CO-01,0.00712459,brand_unit;legacy_block,
S3046001_S_GN-SB-AR-04,S3046001_S_GN-SB-CR-01,0.00966299,brand_unit;legacy_block,
S3046001_S_GN-SB-AR-04,S3046001_S_GN-SB-CR-04,0.31232945,brand_unit;legacy_block,
S3046001_S_GN-SB-AR-04,S3046001_S_GN-SB-CR-10,0.16256984,brand_unit;legacy_block,
S3046001_S_GN-SB-AR-04,S3046001_S_GN-SB-CS-05,0.00849362,brand_unit;legacy_block,
S3046001_S_GN-SB-AR-04,S3046001_S_GN-SB-DA-01,0.00582653,brand_unit;legacy_block,
S3046001_S_GN-SB-AR-04,S3046001_S_GN-SB-DM-01,0.00528441,brand_unit;legacy_block,
S3046001_S_GN-SB-AR-04,S3046001_S_GN-SB-DM-04,0.23748656,brand_unit;legacy_block,
S3046001_S_GN-SB-AR-04,S3046001_S_GN-SB-FL-01,0.04275544,brand_unit;legacy_block,
S3046001_S_GN-SB-AR-04,S3046001_S_GN-SB-FL-04,0.02744145,brand_unit;legacy_block,
S3046001_S_GN-SB-AR-04,S3046001_S_GN-SB-GE-05,0.00849362,brand_unit;legacy_block,
S3046001_S_GN-SB-AR-04,S3046001_S_GN-SB-GL-01,0.00903072,brand_unit;legacy_block,
S3046001_S_GN-SB-AR-04,S3046001_S_GN-SB-GL-04,,brand_unit;legacy_block,
S3046001_S_GN-SB-AR-04,S3046001_S_GN-SB-GM-01,0.00430406,brand_unit;legacy_block,
S3046001_S_GN-SB-AR-04,S3046001_S_GN-SB-GM-04,0.11347813,brand_unit;legacy_block,
S3046001_S_GN-SB-AR-04,S3046001_S_GN-SB-GR-01,0.00712459,brand_unit;legacy_block,
S3046001_S_GN-SB-AR-04,S3046001_S_GN-SB-GR-04,0.31232945,brand_unit;legacy_block,
S3046001_S_GN-SB-AR-04,S3046001_S_GN-SB-KE-01,0.00864808,brand_unit;legacy_block,
S3046001_S_GN-SB-AR-04,S3046001_S_GN-SB-LA-01,0.00712459,brand_unit;legacy_block,
S3046001_S_GN-SB-AR-04,S3046001_S_GN-SB-LA-04,0.31232945,brand_unit;legacy_block,
S3046001_S_GN-SB-AR-04,S3046001_S_GN-SB-LE-01,,brand_unit;legacy_block,
S3046001_S_GN-SB-AR-04,S3046001_S_GN-SB-LE-04,,brand_unit;legacy_block,
S3046001_S_GN-SB-AR-04,S3046001_S_GN-SB-MA-01,0.00903072,brand_unit;legacy_block,
S3046001_S_GN-SB-AR-04,S3046001_S_GN-SB-MA-04,0.11347813,brand_unit;legacy_block,
S3046001_S_GN-SB-AR-04,S3046001_S_GN-SB-NE-01,0.00528441,brand_unit;legacy_block,
S3046001_S_GN-SB-AR-04,S3046001_S_GN-SB-NE-04,0.23748656,brand_unit;legacy_block,
S3046001_S_GN-SB-AR-04,S3046001_S_GN-SB-NO-05,0.00849362,brand_unit;legacy_block,
S3046001_S_GN-SB-AR-04,S3046001_S_GN-SB-OO-01,0.00712459,brand_unit;legacy_block,
S3046001_S_GN-SB-AR-04,S3046001_S_GN-SB-OO-04,0.31232945,brand_unit;legacy_block,
S3046001_S_GN-SB-AR-04,S3046001_S_GN-SB-PF-05,0.00849362,brand_unit;legacy_block,
S3046001_S_GN-SB-AR-04,S3046001_S_GN-SB-PL-01,,brand_unit;legacy_block,
S3046001_S_GN-SB-AR-04,S3046001_S_GN-SB-PL-04,,brand_unit;legacy_block,
S3046001_S_GN-SB-AR-04,S3046001_S_GN-SB-PO-01,0.00528441,brand_unit;legacy_block,
S3046001_S_GN-SB-AR-04,S3046001_S_GN-SB-PP-05,0.00670874,brand_unit;legacy_block,
S3046001_S_GN-SB-AR-04,S3046001_S_GN-SB-RO-01,0.00716267,brand_unit;legacy_block,
S3046001_S_GN-SB-AR-04,S3046001_S_GN-SB-RO-04,0.31232945,brand_unit;legacy_block,
S3046001_S_GN-SB-AR-04,S3046001_S_GN-SB-RS-01,0.00582653,brand_unit;legacy_block,
S3046001_S_GN-SB-AR-04,S3046001_S_GN-SB-RS-04,0.23748656,brand_unit;legacy_block,
S3046001_S_GN-SB-AR-04,S3046001_S_GN-SB-SB-01,0.00665730,brand_unit;legacy_block,
S3046001_S_GN-SB-AR-04,S3046001_S_GN-SB-SB-04,0.31232945,brand_unit;legacy_block,
S3046001_S_GN-SB-AR-04,S3046001_S_GN-SB-SJ-01,0.00716267,brand_unit;legacy_block,
S3046001_S_GN-SB-AR-04,S3046001_S_GN-SB-SJ-04,0.28851885,brand_unit;legacy_block,
S3046001_S_GN-SB-AR-04,S3046001_S_GN-SB-SS-01,0.22784283,brand_unit;legacy_block,
S3046001_S_GN-SB-AR-04,S3046001_S_GN-SB-SS-04,0.15197821,brand_unit;legacy_block,
S3046001_S_GN-SB-AR-04,S3046001_S_GN-SB-SW-04,0.01958618,brand_unit;legacy_block,
S3046001_S_GN-SB-AR-04,S3046001_S_GN-SB-TA-01,0.00528441,brand_unit;legacy_block,
S3046001_S_GN-SB-AR-04,S3046001_S_GN-SB-TA-04,0.23748656,brand_unit;legacy_block,
S3046001_S_GN-SB-AR-04,S3046001_S_GN-SB-TM-01,0.03181946,brand_unit;legacy_block,
S3046001_S_GN-SB-AR-04,S3046001_S_GN-SB-TM-04,0.02471192,brand_unit;legacy_block,
S3046001_S_GN-SB-AR-04,S3046001_S_GN-SB-TT-01,0.00528441,brand_unit;legacy_block,
S3046001_S_GN-SB-AR-04,S3046001_S_GN-SB-TT-04,0.23748656,brand_unit;legacy_block,
S3046001_S_GN-SB-AR-04,S3046001_S_GN-SB-TU-01,0.00104163,brand_unit;legacy_block,
S3046001_S_GN-SB-AR-04,S3046001_S_GN-SB-TU-04,0.23748656,brand_unit;legacy_block,
S3046001_S_GN-SB-AR-04,S3046001_S_GN-SB-WP-01,0.00459122,brand_unit;legacy_block,
S3046001_S_GN-SB-AR-04,S3046001_S_GN-SB-WP-04,0.12728795,brand_unit;legacy_block,
S3046001_S_GN-SB-AR-04,S3046001_S_GN10667,0.10606158,brand_unit;legacy_block,
S3046001_S_GN-SB-AS-01,S3046001_S_GN-SB-AS-04,0.01964172,brand_unit;legacy_block,
S3046001_S_GN-SB-AS-01,S3046001_S_GN-SB-AS-10,0.01964172,brand_unit;legacy_block,
S3046001_S_GN-SB-AS-01,S3046001_S_GN-SB-AV-01,,brand_unit;legacy_block,
S3046001_S_GN-SB-AS-01,S3046001_S_GN-SB-AV-04,,brand_unit;legacy_block,
S3046001_S_GN-SB-AS-01,S3046001_S_GN-SB-AV-10,,brand_unit;legacy_block,
S3046001_S_GN-SB-AS-01,S3046001_S_GN-SB-BS-01,0.10484516,brand_unit;legacy_block,
S3046001_S_GN-SB-AS-01,S3046001_S_GN-SB-BS-04,,brand_unit;legacy_block,
S3046001_S_GN-SB-AS-01,S3046001_S_GN-SB-BS-10,,brand_unit;legacy_block,
S3046001_S_GN-SB-AS-01,S3046001_S_GN-SB-CA-01,,brand_unit;legacy_block,
S3046001_S_GN-SB-AS-01,S3046001_S_GN-SB-CA-04,,brand_unit;legacy_block,
S3046001_S_GN-SB-AS-01,S3046001_S_GN-SB-CA-10,,brand_unit;legacy_block,
S3046001_S_GN-SB-AS-01,S3046001_S_GN-SB-CB-01,,brand_unit;legacy_block,
S3046001_S_GN-SB-AS-01,S3046001_S_GN-SB-CB-04,,brand_unit;legacy_block,
S3046001_S_GN-SB-AS-01,S3046001_S_GN-SB-CH-01,,brand_unit;legacy_block,
S3046001_S_GN-SB-AS-01,S3046001_S_GN-SB-CH-04-02,,brand_unit;legacy_block,
S3046001_S_GN-SB-AS-01,S3046001_S_GN-SB-CH-10,,brand_unit;legacy_block,
S3046001_S_GN-SB-AS-01,S3046001_S_GN-SB-CI-01,0.05477430,brand_unit;legacy_block,
S3046001_S_GN-SB-AS-01,S3046001_S_GN-SB-CI-04,0.62145016,brand_unit;legacy_block,
S3046001_S_GN-SB-AS-01,S3046001_S_GN-SB-CM-01,0.05477430,brand_unit;legacy_block,
S3046001_S_GN-SB-AS-01,S3046001_S_GN-SB-CM-04,,brand_unit;legacy_block,
S3046001_S_GN-SB-AS-01,S3046001_S_GN-SB-CM-10,,brand_unit;legacy_block,
S3046001_S_GN-SB-AS-01,S3046001_S_GN-SB-CN-01,0.05550992,brand_unit;legacy_block,
S3046001_S_GN-SB-AS-01,S3046001_S_GN-SB-CN-04,0.07099299,brand_unit;legacy_block,
S3046001_S_GN-SB-AS-01,S3046001_S_GN-SB-CO-01,0.07012474,brand_unit;legacy_block,
S3046001_S_GN-SB-AS-01,S3046001_S_GN-SB-CR-01,,brand_unit;legacy_block,
S3046001_S_GN-SB-AS-01,S3046001_S_GN-SB-CR-04,,brand_unit;legacy_block,
S3046001_S_GN-SB-AS-01,S3046001_S_GN-SB-CR-10,0.03441156,brand_unit;legacy_block,
S3046001_S_GN-SB-AS-01,S3046001_S_GN-SB-CS-05,0.18626303,brand_unit;legacy_block,
S3046001_S_GN-SB-AS-01,S3046001_S_GN-SB-DA-01,,brand_unit;legacy_block,
S3046001_S_GN-SB-AS-01,S3046001_S_GN-SB-DM-01,,brand_unit;legacy_block,
S3046001_S_GN-SB-AS-01,S3046001_S_GN-SB-DM-04,,brand_unit;legacy_block,
S3046001_S_GN-SB-AS-01,S3046001_S_GN-SB-FL-01,,brand_unit;legacy_block,
S3046001_S_GN-SB-AS-01,S3046001_S_GN-SB-FL-04,,brand_unit;legacy_block,
S3046001_S_GN-SB-AS-01,S3046001_S_GN-SB-GE-05,0.24036964,brand_unit;legacy_block,
S3046001_S_GN-SB-AS-01,S3046001_S_GN-SB-GL-01,0.10484516,brand_unit;legacy_block,
S3046001_S_GN-SB-AS-01,S3046001_S_GN-SB-GL-04,,brand_unit;legacy_block,
S3046001_S_GN-SB-AS-01,S3046001_S_GN-SB-GM-01,0.07204269,brand_unit;legacy_block,
S3046001_S_GN-SB-AS-01,S3046001_S_GN-SB-GM-04,0.47518123,brand_unit;legacy_block,
S3046001_S_GN-SB-AS-01,S3046001_S_GN-SB-GR-01,,brand_unit;legacy_block,
S3046001_S_GN-SB-AS-01,S3046001_S_GN-SB-GR-04,,brand_unit;legacy_block,
S3046001_S_GN-SB-AS-01,S3046001_S_GN-SB-KE-01,0.10484516,brand_unit;legacy_block,
S3046001_S_GN-SB-AS-01,S3046001_S_GN-SB-LA-01,,brand_unit;legacy_block,
S3046001_S_GN-SB-AS-01,S3046001_S_GN-SB-LA-04,,brand_unit;legacy_block,
S3046001_S_GN-SB-AS-01,S3046001_S_GN-SB-LE-01,,brand_unit;legacy_block,
S3046001_S_GN-SB-AS-01,S3046001_S_GN-SB-LE-04,,brand_unit;legacy_block,
S3046001_S_GN-SB-AS-01,S3046001_S_GN-SB-MA-01,0.10484516,brand_unit;legacy_block,
S3046001_S_GN-SB-AS-01,S3046001_S_GN-SB-MA-04,0.47518123,brand_unit;legacy_block,
S3046001_S_GN-SB-AS-01,S3046001_S_GN-SB-NE-01,,brand_unit;legacy_block,
S3046001_S_GN-SB-AS-01,S3046001_S_GN-SB-NE-04,,brand_unit;legacy_block,
S3046001_S_GN-SB-AS-01,S3046001_S_GN-SB-NO-05,0.18626303,brand_unit;legacy_block,
S3046001_S_GN-SB-AS-01,S3046001_S_GN-SB-OO-01,,brand_unit;legacy_block,
S3046001_S_GN-SB-AS-01,S3046001_S_GN-SB-OO-04,,brand_unit;legacy_block,
S3046001_S_GN-SB-AS-01,S3046001_S_GN-SB-PF-05,0.18626303,brand_unit;legacy_block,
S3046001_S_GN-SB-AS-01,S3046001_S_GN-SB-PL-01,,brand_unit;legacy_block,
S3046001_S_GN-SB-AS-01,S3046001_S_GN-SB-PL-04,,brand_unit;legacy_block,
S3046001_S_GN-SB-AS-01,S3046001_S_GN-SB-PO-01,0.05477430,brand_unit;legacy_block,
S3046001_S_GN-SB-AS-01,S3046001_S_GN-SB-PP-05,0.11872458,brand_unit;legacy_block,
S3046001_S_GN-SB-AS-01,S3046001_S_GN-SB-RO-01,,brand_unit;legacy_block,
S3046001_S_GN-SB-AS-01,S3046001_S_GN-SB-RO-04,,brand_unit;legacy_block,
S3046001_S_GN-SB-AS-01,S3046001_S_GN-SB-RS-01,,brand_unit;legacy_block,
S3046001_S_GN-SB-AS-01,S3046001_S_GN-SB-RS-04,,brand_unit;legacy_block,
S3046001_S_GN-SB-AS-01,S3046001_S_GN-SB-SB-01,0.31060431,brand_unit;legacy_block,
S3046001_S_GN-SB-AS-01,S3046001_S_GN-SB-SB-04,0.89145590,brand_unit;legacy_block,
S3046001_S_GN-SB-AS-01,S3046001_S_GN-SB-SJ-01,0.10484516,brand_unit;legacy_block,
S3046001_S_GN-SB-AS-01,S3046001_S_GN-SB-SJ-04,0.74608449,brand_unit;legacy_block,
S3046001_S_GN-SB-AS-01,S3046001_S_GN-SB-SS-01,0.04012989,brand_unit;legacy_block,
S3046001_S_GN-SB-AS-01,S3046001_S_GN-SB-SS-04,0.04717544,brand_unit;legacy_block,
S3046001_S_GN-SB-AS-01,S3046001_S_GN-SB-SW-04,0.02921382,brand_unit;legacy_block,
S3046001_S_GN-SB-AS-01,S3046001_S_GN-SB-TA-01,,brand_unit;legacy_block,
S3046001_S_GN-SB-AS-01,S3046001_S_GN-SB-TA-04,,brand_unit;legacy_block,
S3046001_S_GN-SB-AS-01,S3046001_S_GN-SB-TM-01,,brand_unit;legacy_block,
S3046001_S_GN-SB-AS-01,S3046001_S_GN-SB-TM-04,,brand_unit;legacy_block,
S3046001_S_GN-SB-AS-01,S3046001_S_GN-SB-TT-01,,brand_unit;legacy_block,
S3046001_S_GN-SB-AS-01,S3046001_S_GN-SB-TT-04,,brand_unit;legacy_block,
S3046001_S_GN-SB-AS-01,S3046001_S_GN-SB-TU-01,0.05477430,brand_unit;legacy_block,
S3046001_S_GN-SB-AS-01,S3046001_S_GN-SB-TU-04,,brand_unit;legacy_block,
S3046001_S_GN-SB-AS-01,S3046001_S_GN-SB-WP-01,0.09329314,brand_unit;legacy_block,
S3046001_S_GN-SB-AS-01,S3046001_S_GN-SB-WP-04,0.45948767,brand_unit;legacy_block,
S3046001_S_GN-SB-AS-01,S3046001_S_GN10667,0.07904239,brand_unit;legacy_block,
S3046001_S_GN-SB-AS-04,S3046001_S_GN-SB-AS-10,1.00000000,brand_unit;legacy_block,
S3046001_S_GN-SB-AS-04,S3046001_S_GN-SB-AV-01,,brand_unit;legacy_block,
S3046001_S_GN-SB-AS-04,S3046001_S_GN-SB-AV-04,,brand_unit;legacy_block,
S3046001_S_GN-SB-AS-04,S3046001_S_GN-SB-AV-10,,brand_unit;legacy_block,
S3046001_S_GN-SB-AS-04,S3046001_S_GN-SB-BS-01,0.00292194,brand_unit;legacy_block,
S3046001_S_GN-SB-AS-04,S3046001_S_GN-SB-BS-04,0.10479986,brand_unit;legacy_block,
S3046001_S_GN-SB-AS-04,S3046001_S_GN-SB-BS-10,0.00426163,brand_unit;legacy_block,
S3046001_S_GN-SB-AS-04,S3046001_S_GN-SB-CA-01,,brand_unit;legacy_block,
S3046001_S_GN-SB-AS-04,S3046001_S_GN-SB-CA-04,,brand_unit;legacy_block,
S3046001_S_GN-SB-AS-04,S3046001_S_GN-SB-CA-10,,brand_unit;legacy_block,
S3046001_S_GN-SB-AS-04,S3046001_S_GN-SB-CB-01,0.03528894,brand_unit;legacy_block,
S3046001_S_GN-SB-AS-04,S3046001_S_GN-SB-CB-04,0.07618141,brand_unit;legacy_block,
S3046001_S_GN-SB-AS-04,S3046001_S_GN-SB-CH-01,0.00653984,brand_unit;legacy_block,
S3046001_S_GN-SB-AS-04,S3046001_S_GN-SB-CH-04-02,0.07618141,brand_unit;legacy_block,
S3046001_S_GN-SB-AS-04,S3046001_S_GN-SB-CH-10,0.02523995,brand_unit;legacy_block,
S3046001_S_GN-SB-AS-04,S3046001_S_GN-SB-CI-01,0.00929307,brand_unit;legacy_block,
S3046001_S_GN-SB-AS-04,S3046001_S_GN-SB-CI-04,0.15060181,brand_unit;legacy_block,
S3046001_S_GN-SB-AS-04,S3046001_S_GN-SB-CM-01,0.00641974,brand_unit;legacy_block,
S3046001_S_GN-SB-AS-04,S3046001_S_GN-SB-CM-04,,brand_unit;legacy_block,
S3046001_S_GN-SB-AS-04,S3046001_S_GN-SB-CM-10,,brand_unit;legacy_block,
S3046001_S_GN-SB-AS-04,S3046001_S_GN-SB-CN-01,0.00437264,brand_unit;legacy_block,
S3046001_S_GN-SB-AS-04,S3046001_S_GN-SB-CN-04,0.00248989,brand_unit;legacy_block,
S3046001_S_GN-SB-AS-04,S3046001_S_GN-SB-CO-01,0.00690636,brand_unit;legacy_block,
S3046001_S_GN-SB-AS-04,S3046001_S_GN-SB-CR-01,0.03542560,brand_unit;legacy_block,
S3046001_S_GN-SB-AS-04,S3046001_S_GN-SB-CR-04,0.08061418,brand_unit;legacy_block,
S3046001_S_GN-SB-AS-04,S3046001_S_GN-SB-CR-10,0.03560398,brand_unit;legacy_block,
S3046001_S_GN-SB-AS-04,S3046001_S_GN-SB-CS-05,0.02846575,brand_unit;legacy_block,
S3046001_S_GN-SB-AS-04,S3046001_S_GN-SB-DA-01,0.01348621,brand_unit;legacy_block,
S3046001_S_GN-SB-AS-04,S3046001_S_GN-SB-DM-01,0.00641974,brand_unit;legacy_block,
S3046001_S_GN-SB-AS-04,S3046001_S_GN-SB-DM-04,0.10515003,brand_unit;legacy_block,
S3046001_S_GN-SB-AS-04,S3046001_S_GN-SB-FL-01,0.02354028,brand_unit;legacy_block,
S3046001_S_GN-SB-AS-04,S3046001_S_GN-SB-FL-04,0.04844388,brand_unit;legacy_block,
S3046001_S_GN-SB-AS-04,S3046001_S_GN-SB-GE-05,0.03720244,brand_unit;legacy_block,
S3046001_S_GN-SB-AS-04,S3046001_S_GN-SB-GL-01,0.04550174,brand_unit;legacy_block,
S3046001_S_GN-SB-AS-04,S3046001_S_GN-SB-GL-04,0.02471192,brand_unit;legacy_block,
S3046001_S_GN-SB-AS-04,S3046001_S_GN-SB-GM-01,0.07597536,brand_unit;legacy_block,
S3046001_S_GN-SB-AS-04,S3046001_S_GN-SB-GM-04,0.11069832,brand_unit;legacy_block,
S3046001_S_GN-SB-AS-04,S3046001_S_GN-SB-GR-01,0.00559417,brand_unit;legacy_block,
S3046001_S_GN-SB-AS-04,S3046001_S_GN-SB-GR-04,0.08061418,brand_unit;legacy_block,
S3046001_S_GN-SB-AS-04,S3046001_S_GN-SB-KE-01,0.02788409,brand_unit;legacy_block,
S3046001_S_GN-SB-AS-04,S3046001_S_GN-SB-LA-01,0.00690636,brand_unit;legacy_block,
S3046001_S_GN-SB-AS-04,S3046001_S_GN-SB-LA-04,0.08013607,brand_unit;legacy_block,
S3046001_S_GN-SB-AS-04,S3046001_S_GN-SB-LE-01,0.01348621,brand_unit;legacy_block,
S3046001_S_GN-SB-AS-04,S3046001_S_GN-SB-LE-04,0.19911419,brand_unit;legacy_block,
S3046001_S_GN-SB-AS-04,S3046001_S_GN-SB-MA-01,0.01640829,brand_unit;legacy_block,
S3046001_S_GN-SB-AS-04,S3046001_S_GN-SB-MA-04,0.02471192,brand_unit;legacy_block,
S3046001_S_GN-SB-AS-04,S3046001_S_GN-SB-NE-01,0.00641974,brand_unit;legacy_block,
S3046001_S_GN-SB-AS-04,S3046001_S_GN-SB-NE-04,0.10515003,brand_unit;legacy_block,
S3046001_S_GN-SB-AS-04,S3046001_S_GN-SB-NO-05,0.02846575,brand_unit;legacy_block,
S3046001_S_GN-SB-AS-04,S3046001_S_GN-SB-OO-01,0.00785097,brand_unit;legacy_block,
S3046001_S_GN-SB-AS-04,S3046001_S_GN-SB-OO-04,0.09018695,brand_unit;legacy_block,
S3046001_S_GN-SB-AS-04,S3046001_S_GN-SB-PF-05,0.07828518,brand_unit;legacy_block,
S3046001_S_GN-SB-AS-04,S3046001_S_GN-SB-PL-01,0.02673228,brand_unit;legacy_block,
S3046001_S_GN-SB-AS-04,S3046001_S_GN-SB-PL-04,0.10578768,brand_unit;legacy_block,
S3046001_S_GN-SB-AS-04,S3046001_S_GN-SB-PO-01,0.00641974,brand_unit;legacy_block,
S3046001_S_GN-SB-AS-04,S3046001_S_GN-SB-PP-05,0.08443857,brand_unit;legacy_block,
S3046001_S_GN-SB-AS-04,S3046001_S_GN-SB-RO-01,0.00451391,brand_unit;legacy_block,
S3046001_S_GN-SB-AS-04,S3046001_S_GN-SB-RO-04,0.07618141,brand_unit;legacy_block,
S3046001_S_GN-SB-AS-04,S3046001_S_GN-SB-RS-01,0.01348621,brand_unit;legacy_block,
S3046001_S_GN-SB-AS-04,S3046001_S_GN-SB-RS-04,0.19911419,brand_unit;legacy_block,
S3046001_S_GN-SB-AS-04,S3046001_S_GN-SB-SB-01,0.00713363,brand_unit;legacy_block,
S3046001_S_GN-SB-AS-04,S3046001_S_GN-SB-SB-04,0.08013607,brand_unit;legacy_block,
S3046001_S_GN-SB-AS-04,S3046001_S_GN-SB-SJ-01,0.00266655,brand_unit;legacy_block,
S3046001_S_GN-SB-AS-04,S3046001_S_GN-SB-SJ-04,0.02471192,brand_unit;legacy_block,
S3046001_S_GN-SB-AS-04,S3046001_S_GN-SB-SS-01,0.03989691,brand_unit;legacy_block,
S3046001_S_GN-SB-AS-04,S3046001_S_GN-SB-SS-04,0.04470301,brand_unit;legacy_block,
S3046001_S_GN-SB-AS-04,S3046001_S_GN-SB-SW-04,0.29458674,brand_unit;legacy_block,
S3046001_S_GN-SB-AS-04,S3046001_S_GN-SB-TA-01,0.00641974,brand_unit;legacy_block,
S3046001_S_GN-SB-AS-04,S3046001_S_GN-SB-TA-04,0.10515003,brand_unit;legacy_block,
S3046001_S_GN-SB-AS-04,S3046001_S_GN-SB-TM-01,,brand_unit;legacy_block,
S3046001_S_GN-SB-AS-04,S3046001_S_GN-SB-TM-04,,brand_unit;legacy_block,
S3046001_S_GN-SB-AS-04,S3046001_S_GN-SB-TT-01,0.00641974,brand_unit;legacy_block,
S3046001_S_GN-SB-AS-04,S3046001_S_GN-SB-TT-04,0.10515003,brand_unit;legacy_block,
S3046001_S_GN-SB-AS-04,S3046001_S_GN-SB-TU-01,0.00293960,brand_unit;legacy_block,
S3046001_S_GN-SB-AS-04,S3046001_S_GN-SB-TU-04,0.10515003,brand_unit;legacy_block,
S3046001_S_GN-SB-AS-04,S3046001_S_GN-SB-WP-01,0.03854187,brand_unit;legacy_block,
S3046001_S_GN-SB-AS-04,S3046001_S_GN-SB-WP-04,0.03043863,brand_unit;legacy_block,
S3046001_S_GN-SB-AS-04,S3046001_S_GN10667,0.16256716,brand_unit;legacy_block,
S3046001_S_GN-SB-AS-10,S3046001_S_GN-SB-AV-01,,brand_unit;legacy_block,
S3046001_S_GN-SB-AS-10,S3046001_S_GN-SB-AV-04,,brand_unit;legacy_block,
S3046001_S_GN-SB-AS-10,S3046001_S_GN-SB-AV-10,,brand_unit;legacy_block,
S3046001_S_GN-SB-AS-10,S3046001_S_GN-SB-BS-01,0.00201449,brand_unit;legacy_block,
S3046001_S_GN-SB-AS-10,S3046001_S_GN-SB-BS-04,0.16339756,brand_unit;legacy_block,
S3046001_S_GN-SB-AS-10,S3046001_S_GN-SB-BS-10,0.07235485,brand_unit;legacy_block,
S3046001_S_GN-SB-AS-10,S3046001_S_GN-SB-CA-01,,brand_unit;legacy_block,
S3046001_S_GN-SB-AS-10,S3046001_S_GN-SB-CA-04,,brand_unit;legacy_block,
S3046001_S_GN-SB-AS-10,S3046001_S_GN-SB-CA-10,,brand_unit;legacy_block,
S3046001_S_GN-SB-AS-10,S3046001_S_GN-SB-CB-01,0.00800025,brand_unit;legacy_block,
S3046001_S_GN-SB-AS-10,S3046001_S_GN-SB-CB-04,0.10004548,brand_unit;legacy_block,
S3046001_S_GN-SB-AS-10,S3046001_S_GN-SB-CH-01,0.00451391,brand_unit;legacy_block,
S3046001_S_GN-SB-AS-10,S3046001_S_GN-SB-CH-04-02,0.10004548,brand_unit;legacy_block,
S3046001_S_GN-SB-AS-10,S3046001_S_GN-SB-CH-10,0.01912840,brand_unit;legacy_block,
S3046001_S_GN-SB-AS-10,S3046001_S_GN-SB-CI-01,0.00641974,brand_unit;legacy_block,
S3046001_S_GN-SB-AS-10,S3046001_S_GN-SB-CI-04,0.13674539,brand_unit;legacy_block,
S3046001_S_GN-SB-AS-10,S3046001_S_GN-SB-CM-01,0.00641974,brand_unit;legacy_block,
S3046001_S_GN-SB-AS-10,S3046001_S_GN-SB-CM-04,,brand_unit;legacy_block,
S3046001_S_GN-SB-AS-10,S3046001_S_GN-SB-CM-10,,brand_unit;legacy_block,
S3046001_S_GN-SB-AS-10,S3046001_S_GN-SB-CN-01,0.00529953,brand_unit;legacy_block,
S3046001_S_GN-SB-AS-10,S3046001_S_GN-SB-CN-04,0.00707187,brand_unit;legacy_block,
S3046001_S_GN-SB-AS-10,S3046001_S_GN-SB-CO-01,0.00476743,brand_unit;legacy_block,
S3046001_S_GN-SB-AS-10,S3046001_S_GN-SB-CR-01,0.00738162,brand_unit;legacy_block,
S3046001_S_GN-SB-AS-10,S3046001_S_GN-SB-CR-04,0.10570795,brand_unit;legacy_block,
S3046001_S_GN-SB-AS-10,S3046001_S_GN-SB-CR-10,0.02529908,brand_unit;legacy_block,
S3046001_S_GN-SB-AS-10,S3046001_S_GN-SB-CS-05,0.02861460,brand_unit;legacy_block,
S3046001_S_GN-SB-AS-10,S3046001_S_GN-SB-DA-01,0.01348621,brand_unit;legacy_block,
S3046001_S_GN-SB-AS-10,S3046001_S_GN-SB-DM-01,0.00641974,brand_unit;legacy_block,
S3046001_S_GN-SB-AS-10,S3046001_S_GN-SB-DM-04,0.11317483,brand_unit;legacy_block,
S3046001_S_GN-SB-AS-10,S3046001_S_GN-SB-FL-01,0.02032203,brand_unit;legacy_block,
S3046001_S_GN-SB-AS-10,S3046001_S_GN-SB-FL-04,0.01044988,brand_unit;legacy_block,
S3046001_S_GN-SB-AS-10,S3046001_S_GN-SB-GE-05,0.04692205,brand_unit;legacy_block,
S3046001_S_GN-SB-AS-10,S3046001_S_GN-SB-GL-01,0.00866563,brand_unit;legacy_block,
S3046001_S_GN-SB-AS-10,S3046001_S_GN-SB-GL-04,0.06370387,brand_unit;legacy_block,
S3046001_S_GN-SB-AS-10,S3046001_S_GN-SB-GM-01,0.05133119,brand_unit;legacy_block,
S3046001_S_GN-SB-AS-10,S3046001_S_GN-SB-GM-04,0.18466227,brand_unit;legacy_block,
S3046001_S_GN-SB-AS-10,S3046001_S_GN-SB-GR-01,0.00386005,brand_unit;legacy_block,
S3046001_S_GN-SB-AS-10,S3046001_S_GN-SB-GR-04,0.10570795,brand_unit;legacy_block,
S3046001_S_GN-SB-AS-10,S3046001_S_GN-SB-KE-01,0.02976396,brand_unit;legacy_block,
S3046001_S_GN-SB-AS-10,S3046001_S_GN-SB-LA-01,0.00476743,brand_unit;legacy_block,
S3046001_S_GN-SB-AS-10,S3046001_S_GN-SB-LA-04,0.10509801,brand_unit;legacy_block,
S3046001_S_GN-SB-AS-10,S3046001_S_GN-SB-LE-01,0.01348621,brand_unit;legacy_block,
S3046001_S_GN-SB-AS-10,S3046001_S_GN-SB-LE-04,0.21260633,brand_unit;legacy_block,
S3046001_S_GN-SB-AS-10,S3046001_S_GN-SB-MA-01,0.00426761,brand_unit;legacy_block,
S3046001_S_GN-SB-AS-10,S3046001_S_GN-SB-MA-04,0.06370387,brand_unit;legacy_block,
S3046001_S_GN-SB-AS-10,S3046001_S_GN-SB-NE-01,0.00641974,brand_unit;legacy_block,
S3046001_S_GN-SB-AS-10,S3046001_S_GN-SB-NE-04,0.11317483,brand_unit;legacy_block,
S3046001_S_GN-SB-AS-10,S3046001_S_GN-SB-NO-05,0.02861460,brand_unit;legacy_block,
S3046001_S_GN-SB-AS-10,S3046001_S_GN-SB-OO-01,0.00542108,brand_unit;legacy_block,
S3046001_S_GN-SB-AS-10,S3046001_S_GN-SB-OO-04,0.11787848,brand_unit;legacy_block,
S3046001_S_GN-SB-AS-10,S3046001_S_GN-SB-PF-05,0.07324658,brand_unit;legacy_block,
S3046001_S_GN-SB-AS-10,S3046001_S_GN-SB-PL-01,0.01775421,brand_unit;legacy_block,
S3046001_S_GN-SB-AS-10,S3046001_S_GN-SB-PL-04,0.18219830,brand_unit;legacy_block,
S3046001_S_GN-SB-AS-10,S3046001_S_GN-SB-PO-01,0.00641974,brand_unit;legacy_block,
S3046001_S_GN-SB-AS-10,S3046001_S_GN-SB-PP-05,0.07903788,brand_unit;legacy_block,
S3046001_S_GN-SB-AS-10,S3046001_S_GN-SB-RO-01,0.00451391,brand_unit;legacy_block,
S3046001_S_GN-SB-AS-10,S3046001_S_GN-SB-RO-04,0.10004548,brand_unit;legacy_block,
S3046001_S_GN-SB-AS-10,S3046001_S_GN-SB-RS-01,0.01348621,brand_unit;legacy_block,
S3046001_S_GN-SB-AS-10,S3046001_S_GN-SB-RS-04,0.21260633,brand_unit;legacy_block,
S3046001_S_GN-SB-AS-10,S3046001_S_GN-SB-SB-01,0.00492466,brand_unit;legacy_block,
S3046001_S_GN-SB-AS-10,S3046001_S_GN-SB-SB-04,0.10509801,brand_unit;legacy_block,
S3046001_S_GN-SB-AS-10,S3046001_S_GN-SB-SJ-01,0.00266655,brand_unit;legacy_block,
S3046001_S_GN-SB-AS-10,S3046001_S_GN-SB-SJ-04,0.06527104,brand_unit;legacy_block,
S3046001_S_GN-SB-AS-10,S3046001_S_GN-SB-SS-01,0.03734285,brand_unit;legacy_block,
S3046001_S_GN-SB-AS-10,S3046001_S_GN-SB-SS-04,0.05725810,brand_unit;legacy_block,
S3046001_S_GN-SB-AS-10,S3046001_S_GN-SB-SW-04,0.02091213,brand_unit;legacy_block,
S3046001_S_GN-SB-AS-10,S3046001_S_GN-SB-TA-01,0.00641974,brand_unit;legacy_block,
S3046001_S_GN-SB-AS-10,S3046001_S_GN-SB-TA-04,0.11317483,brand_unit;legacy_block,
S3046001_S_GN-SB-AS-10,S3046001_S_GN-SB-TM-01,,brand_unit;legacy_block,
S3046001_S_GN-SB-AS-10,S3046001_S_GN-SB-TM-04,,brand_unit;legacy_block,
S3046001_S_GN-SB-AS-10,S3046001_S_GN-SB-TT-01,0.00641974,brand_unit;legacy_block,
S3046001_S_GN-SB-AS-10,S3046001_S_GN-SB-TT-04,0.11317483,brand_unit;legacy_block,
S3046001_S_GN-SB-AS-10,S3046001_S_GN-SB-TU-01,0.00293960,brand_unit;legacy_block,
S3046001_S_GN-SB-AS-10,S3046001_S_GN-SB-TU-04,0.11317483,brand_unit;legacy_block,
S3046001_S_GN-SB-AS-10,S3046001_S_GN-SB-WP-01,0.03192682,brand_unit;legacy_block,
S3046001_S_GN-SB-AS-10,S3046001_S_GN-SB-WP-04,0.14937209,brand_unit;legacy_block,
S3046001_S_GN-SB-AS-10,S3046001_S_GN10667,0.15944028,brand_unit;legacy_block,
S3046001_S_GN-SB-AV-01,S3046001_S_GN-SB-AV-04,1.00000000,brand_unit;legacy_block,
S3046001_S_GN-SB-AV-01,S3046001_S_GN-SB-AV-10,1.00000000,brand_unit;legacy_block,
S3046001_S_GN-SB-AV-01,S3046001_S_GN-SB-BS-01,0.00338508,brand_unit;legacy_block,
S3046001_S_GN-SB-AV-01,S3046001_S_GN-SB-BS-04,,brand_unit;legacy_block,
S3046001_S_GN-SB-AV-01,S3046001_S_GN-SB-BS-10,,brand_unit;legacy_block,
S3046001_S_GN-SB-AV-01,S3046001_S_GN-SB-CA-01,,brand_unit;legacy_block,
S3046001_S_GN-SB-AV-01,S3046001_S_GN-SB-CA-04,,brand_unit;legacy_block,
S3046001_S_GN-SB-AV-01,S3046001_S_GN-SB-CA-10,,brand_unit;legacy_block,
S3046001_S_GN-SB-AV-01,S3046001_S_GN-SB-CB-01,,brand_unit;legacy_block,
S3046001_S_GN-SB-AV-01,S3046001_S_GN-SB-CB-04,,brand_unit;legacy_block,
S3046001_S_GN-SB-AV-01,S3046001_S_GN-SB-CH-01,,brand_unit;legacy_block,
S3046001_S_GN-SB-AV-01,S3046001_S_GN-SB-CH-04-02,,brand_unit;legacy_block,
S3046001_S_GN-SB-AV-01,S3046001_S_GN-SB-CH-10,,brand_unit;legacy_block,
S3046001_S_GN-SB-AV-01,S3046001_S_GN-SB-CI-01,0.02124087,brand_unit;legacy_block,
S3046001_S_GN-SB-AV-01,S3046001_S_GN-SB-CI-04,0.01618658,brand_unit;legacy_block,
S3046001_S_GN-SB-AV-01,S3046001_S_GN-SB-CM-01,,brand_unit;legacy_block,
S3046001_S_GN-SB-AV-01,S3046001_S_GN-SB-CM-04,,brand_unit;legacy_block,
S3046001_S_GN-SB-AV-01,S3046001_S_GN-SB-CM-10,,brand_unit;legacy_block,
S3046001_S_GN-SB-AV-01,S3046001_S_GN-SB-CN-01,0.00527510,brand_unit;legacy_block,
S3046001_S_GN-SB-AV-01,S3046001_S_GN-SB-CN-04,0.00565308,brand_unit;legacy_block,
S3046001_S_GN-SB-AV-01,S3046001_S_GN-SB-CO-01,,brand_unit;legacy_block,
S3046001_S_GN-SB-AV-01,S3046001_S_GN-SB-CR-01,,brand_unit;legacy_block,
S3046001_S_GN-SB-AV-01,S3046001_S_GN-SB-CR-04,,brand_unit;legacy_block,
S3046001_S_GN-SB-AV-01,S3046001_S_GN-SB-CR-10,0.00955529,brand_unit;legacy_block,
S3046001_S_GN-SB-AV-01,S3046001_S_GN-SB-CS-05,0.00336288,brand_unit;legacy_block,
S3046001_S_GN-SB-AV-01,S3046001_S_GN-SB-DA-01,,brand_unit;legacy_block,
S3046001_S_GN-SB-AV-01,S3046001_S_GN-SB-DM-01,,brand_unit;legacy_block,
S3046001_S_GN-SB-AV-01,S3046001_S_GN-SB-DM-04,,brand_unit;legacy_block,
S3046001_S_GN-SB-AV-01,S3046001_S_GN-SB-FL-01,,brand_unit;legacy_block,
S3046001_S_GN-SB-AV-01,S3046001_S_GN-SB-FL-04,,brand_unit;legacy_block,
S3046001_S_GN-SB-AV-01,S3046001_S_GN-SB-GE-05,0.00331547,brand_unit;legacy_block,
S3046001_S_GN-SB-AV-01,S3046001_S_GN-SB-GL-01,,brand_unit;legacy_block,
S3046001_S_GN-SB-AV-01,S3046001_S_GN-SB-GL-04,,brand_unit;legacy_block,
S3046001_S_GN-SB-AV-01,S3046001_S_GN-SB-GM-01,,brand_unit;legacy_block,
S3046001_S_GN-SB-AV-01,S3046001_S_GN-SB-GM-04,,brand_unit;legacy_block,
S3046001_S_GN-SB-AV-01,S3046001_S_GN-SB-GR-01,,brand_unit;legacy_block,
S3046001_S_GN-SB-AV-01,S3046001_S_GN-SB-GR-04,,brand_unit;legacy_block,
S3046001_S_GN-SB-AV-01,S3046001_S_GN-SB-KE-01,0.00328615,brand_unit;legacy_block,
S3046001_S_GN-SB-AV-01,S3046001_S_GN-SB-LA-01,,brand_unit;legacy_block,
S3046001_S_GN-SB-AV-01,S3046001_S_GN-SB-LA-04,,brand_unit;legacy_block,
S3046001_S_GN-SB-AV-01,S3046001_S_GN-SB-LE-01,,brand_unit;legacy_block,
S3046001_S_GN-SB-AV-01,S3046001_S_GN-SB-LE-04,,brand_unit;legacy_block,
S3046001_S_GN-SB-AV-01,S3046001_S_GN-SB-MA-01,,brand_unit;legacy_block,
S3046001_S_GN-SB-AV-01,S3046001_S_GN-SB-MA-04,,brand_unit;legacy_block,
S3046001_S_GN-SB-AV-01,S3046001_S_GN-SB-NE-01,,brand_unit;legacy_block,
S3046001_S_GN-SB-AV-01,S3046001_S_GN-SB-NE-04,,brand_unit;legacy_block,
S3046001_S_GN-SB-AV-01,S3046001_S_GN-SB-NO-05,0.00336288,brand_unit;legacy_block,
S3046001_S_GN-SB-AV-01,S3046001_S_GN-SB-OO-01,,brand_unit;legacy_block,
S3046001_S_GN-SB-AV-01,S3046001_S_GN-SB-OO-04,,brand_unit;legacy_block,
S3046001_S_GN-SB-AV-01,S3046001_S_GN-SB-PF-05,0.01362624,brand_unit;legacy_block,
S3046001_S_GN-SB-AV-01,S3046001_S_GN-SB-PL-01,,brand_unit;legacy_block,
S3046001_S_GN-SB-AV-01,S3046001_S_GN-SB-PL-04,,brand_unit;legacy_block,
S3046001_S_GN-SB-AV-01,S3046001_S_GN-SB-PO-01,,brand_unit;legacy_block,
S3046001_S_GN-SB-AV-01,S3046001_S_GN-SB-PP-05,0.01781930,brand_unit;legacy_block,
S3046001_S_GN-SB-AV-01,S3046001_S_GN-SB-RO-01,,brand_unit;legacy_block,
S3046001_S_GN-SB-AV-01,S3046001_S_GN-SB-RO-04,,brand_unit;legacy_block,
S3046001_S_GN-SB-AV-01,S3046001_S_GN-SB-RS-01,,brand_unit;legacy_block,
S3046001_S_GN-SB-AV-01,S3046001_S_GN-SB-RS-04,,brand_unit;legacy_block,
S3046001_S_GN-SB-AV-01,S3046001_S_GN-SB-SB-01,,brand_unit;legacy_block,
S3046001_S_GN-SB-AV-01,S3046001_S_GN-SB-SB-04,,brand_unit;legacy_block,
S3046001_S_GN-SB-AV-01,S3046001_S_GN-SB-SJ-01,0.00255445,brand_unit;legacy_block,
S3046001_S_GN-SB-AV-01,S3046001_S_GN-SB-SJ-04,0.00429865,brand_unit;legacy_block,
S3046001_S_GN-SB-AV-01,S3046001_S_GN-SB-SS-01,0.03702760,brand_unit;legacy_block,
S3046001_S_GN-SB-AV-01,S3046001_S_GN-SB-SS-04,0.06051953,brand_unit;legacy_block,
S3046001_S_GN-SB-AV-01,S3046001_S_GN-SB-SW-04,0.00744124,brand_unit;legacy_block,
S3046001_S_GN-SB-AV-01,S3046001_S_GN-SB-TA-01,,brand_unit;legacy_block,
S3046001_S_GN-SB-AV-01,S3046001_S_GN-SB-TA-04,,brand_unit;legacy_block,
S3046001_S_GN-SB-AV-01,S3046001_S_GN-SB-TM-01,,brand_unit;legacy_block,
S3046001_S_GN-SB-AV-01,S3046001_S_GN-SB-TM-04,,brand_unit;legacy_block,
S3046001_S_GN-SB-AV-01,S3046001_S_GN-SB-TT-01,,brand_unit;legacy_block,
S3046001_S_GN-SB-AV-01,S3046001_S_GN-SB-TT-04,,brand_unit;legacy_block,
S3046001_S_GN-SB-AV-01,S3046001_S_GN-SB-TU-01,0.00113208,brand_unit;legacy_block,
S3046001_S_GN-SB-AV-01,S3046001_S_GN-SB-TU-04,,brand_unit;legacy_block,
S3046001_S_GN-SB-AV-01,S3046001_S_GN-SB-WP-01,0.00172162,brand_unit;legacy_block,
S3046001_S_GN-SB-AV-01,S3046001_S_GN-SB-WP-04,0.00157102,brand_unit;legacy_block,
S3046001_S_GN-SB-AV-01,S3046001_S_GN10667,0.07392426,brand_unit;legacy_block,
S3046001_S_GN-SB-AV-04,S3046001_S_GN-SB-AV-10,1.00000000,brand_unit;legacy_block,
S3046001_S_GN-SB-AV-04,S3046001_S_GN-SB-BS-01,0.00678734,brand_unit;legacy_block,
S3046001_S_GN-SB-AV-04,S3046001_S_GN-SB-BS-04,,brand_unit;legacy_block,
S3046001_S_GN-SB-AV-04,S3046001_S_GN-SB-BS-10,,brand_unit;legacy_block,
S3046001_S_GN-SB-AV-04,S3046001_S_GN-SB-CA-01,,brand_unit;legacy_block,
S3046001_S_GN-SB-AV-04,S3046001_S_GN-SB-CA-04,,brand_unit;legacy_block,
S3046001_S_GN-SB-AV-04,S3046001_S_GN-SB-CA-10,,brand_unit;legacy_block,
S3046001_S_GN-SB-AV-04,S3046001_S_GN-SB-CB-01,,brand_unit;legacy_block,
S3046001_S_GN-SB-AV-04,S3046001_S_GN-SB-CB-04,,brand_unit;legacy_block,
S3046001_S_GN-SB-AV-04,S3046001_S_GN-SB-CH-01,,brand_unit;legacy_block,
S3046001_S_GN-SB-AV-04,S3046001_S_GN-SB-CH-04-02,,brand_unit;legacy_block,
S3046001_S_GN-SB-AV-04,S3046001_S_GN-SB-CH-10,,brand_unit;legacy_block,
S3046001_S_GN-SB-AV-04,S3046001_S_GN-SB-CI-01,0.02938594,brand_unit;legacy_block,
S3046001_S_GN-SB-AV-04,S3046001_S_GN-SB-CI-04,0.02666743,brand_unit;legacy_block,
S3046001_S_GN-SB-AV-04,S3046001_S_GN-SB-CM-01,,brand_unit;legacy_block,
S3046001_S_GN-SB-AV-04,S3046001_S_GN-SB-CM-04,,brand_unit;legacy_block,
S3046001_S_GN-SB-AV-04,S3046001_S_GN-SB-CM-10,,brand_unit;legacy_block,
S3046001_S_GN-SB-AV-04,S3046001_S_GN-SB-CN-01,0.16599154,brand_unit;legacy_block,
S3046001_S_GN-SB-AV-04,S3046001_S_GN-SB-CN-04,0.07398235,brand_unit;legacy_block,
S3046001_S_GN-SB-AV-04,S3046001_S_GN-SB-CO-01,,brand_unit;legacy_block,
S3046001_S_GN-SB-AV-04,S3046001_S_GN-SB-CR-01,,brand_unit;legacy_block,
S3046001_S_GN-SB-AV-04,S3046001_S_GN-SB-CR-04,,brand_unit;legacy_block,
S3046001_S_GN-SB-AV-04,S3046001_S_GN-SB-CR-10,0.28628648,brand_unit;legacy_block,
S3046001_S_GN-SB-AV-04,S3046001_S_GN-SB-CS-05,0.00849362,brand_unit;legacy_block,
S3046001_S_GN-SB-AV-04,S3046001_S_GN-SB-DA-01,,brand_unit;legacy_block,
S3046001_S_GN-SB-AV-04,S3046001_S_GN-SB-DM-01,,brand_unit;legacy_block,
S3046001_S_GN-SB-AV-04,S3046001_S_GN-SB-DM-04,,brand_unit;legacy_block,
S3046001_S_GN-SB-AV-04,S3046001_S_GN-SB-FL-01,,brand_unit;legacy_block,
S3046001_S_GN-SB-AV-04,S3046001_S_GN-SB-FL-04,,brand_unit;legacy_block,
S3046001_S_GN-SB-AV-04,S3046001_S_GN-SB-GE-05,0.00908863,brand_unit;legacy_block,
S3046001_S_GN-SB-AV-04,S3046001_S_GN-SB-GL-01,,brand_unit;legacy_block,
S3046001_S_GN-SB-AV-04,S3046001_S_GN-SB-GL-04,,brand_unit;legacy_block,
S3046001_S_GN-SB-AV-04,S3046001_S_GN-SB-GM-01,,brand_unit;legacy_block,
S3046001_S_GN-SB-AV-04,S3046001_S_GN-SB-GM-04,,brand_unit;legacy_block,
S3046001_S_GN-SB-AV-04,S3046001_S_GN-SB-GR-01,,brand_unit;legacy_block,
S3046001_S_GN-SB-AV-04,S3046001_S_GN-SB-GR-04,,brand_unit;legacy_block,
S3046001_S_GN-SB-AV-04,S3046001_S_GN-SB-KE-01,0.00638281,brand_unit;legacy_block,
S3046001_S_GN-SB-AV-04,S3046001_S_GN-SB-LA-01,,brand_unit;legacy_block,
S3046001_S_GN-SB-AV-04,S3046001_S_GN-SB-LA-04,,brand_unit;legacy_block,
S3046001_S_GN-SB-AV-04,S3046001_S_GN-SB-LE-01,,brand_unit;legacy_block,
S3046001_S_GN-SB-AV-04,S3046001_S_GN-SB-LE-04,,brand_unit;legacy_block,
S3046001_S_GN-SB-AV-04,S3046001_S_GN-SB-MA-01,,brand_unit;legacy_block,
S3046001_S_GN-SB-AV-04,S3046001_S_GN-SB-MA-04,,brand_unit;legacy_block,
S3046001_S_GN-SB-AV-04,S3046001_S_GN-SB-NE-01,,brand_unit;legacy_block,
S3046001_S_GN-SB-AV-04,S3046001_S_GN-SB-NE-04,,brand_unit;legacy_block,
S3046001_S_GN-SB-AV-04,S3046001_S_GN-SB-NO-05,0.00849362,brand_unit;legacy_block,
S3046001_S_GN-SB-AV-04,S3046001_S_GN-SB-OO-01,,brand_unit;legacy_block,
S3046001_S_GN-SB-AV-04,S3046001_S_GN-SB-OO-04,,brand_unit;legacy_block,
S3046001_S_GN-SB-AV-04,S3046001_S_GN-SB-PF-05,0.03388343,brand_unit;legacy_block,
S3046001_S_GN-SB-AV-04,S3046001_S_GN-SB-PL-01,,brand_unit;legacy_block,
S3046001_S_GN-SB-AV-04,S3046001_S_GN-SB-PL-04,,brand_unit;legacy_block,
S3046001_S_GN-SB-AV-04,S3046001_S_GN-SB-PO-01,,brand_unit;legacy_block,
S3046001_S_GN-SB-AV-04,S3046001_S_GN-SB-PP-05,0.03921595,brand_unit;legacy_block,
S3046001_S_GN-SB-AV-04,S3046001_S_GN-SB-RO-01,,brand_unit;legacy_block,
S3046001_S_GN-SB-AV-04,S3046001_S_GN-SB-RO-04,,brand_unit;legacy_block,
S3046001_S_GN-SB-AV-04,S3046001_S_GN-SB-RS-01,,brand_unit;legacy_block,
S3046001_S_GN-SB-AV-04,S3046001_S_GN-SB-RS-04,,brand_unit;legacy_block,
S3046001_S_GN-SB-AV-04,S3046001_S_GN-SB-SB-01,,brand_unit;legacy_block,
S3046001_S_GN-SB-AV-04,S3046001_S_GN-SB-SB-04,,brand_unit;legacy_block,
S3046001_S_GN-SB-AV-04,S3046001_S_GN-SB-SJ-01,0.00528441,brand_unit;legacy_block,
S3046001_S_GN-SB-AV-04,S3046001_S_GN-SB-SJ-04,0.11347813,brand_unit;legacy_block,
S3046001_S_GN-SB-AV-04,S3046001_S_GN-SB-SS-01,0.44429342,brand_unit;legacy_block,
S3046001_S_GN-SB-AV-04,S3046001_S_GN-SB-SS-04,0.09836658,brand_unit;legacy_block,
S3046001_S_GN-SB-AV-04,S3046001_S_GN-SB-SW-04,0.11516215,brand_unit;legacy_block,
S3046001_S_GN-SB-AV-04,S3046001_S_GN-SB-TA-01,,brand_unit;legacy_block,
S3046001_S_GN-SB-AV-04,S3046001_S_GN-SB-TA-04,,brand_unit;legacy_block,
S3046001_S_GN-SB-AV-04,S3046001_S_GN-SB-TM-01,,brand_unit;legacy_block,
S3046001_S_GN-SB-AV-04,S3046001_S_GN-SB-TM-04,,brand_unit;legacy_block,
S3046001_S_GN-SB-AV-04,S3046001_S_GN-SB-TT-01,,brand_unit;legacy_block,
S3046001_S_GN-SB-AV-04,S3046001_S_GN-SB-TT-04,,brand_unit;legacy_block,
S3046001_S_GN-SB-AV-04,S3046001_S_GN-SB-TU-01,0.00532230,brand_unit;legacy_block,
S3046001_S_GN-SB-AV-04,S3046001_S_GN-SB-TU-04,,brand_unit;legacy_block,
S3046001_S_GN-SB-AV-04,S3046001_S_GN-SB-WP-01,0.00459122,brand_unit;legacy_block,
S3046001_S_GN-SB-AV-04,S3046001_S_GN-SB-WP-04,0.11889285,brand_unit;legacy_block,
S3046001_S_GN-SB-AV-04,S3046001_S_GN10667,0.09329314,brand_unit;legacy_block,
S3046001_S_GN-SB-AV-10,S3046001_S_GN-SB-BS-01,0.00201449,brand_unit;legacy_block,
S3046001_S_GN-SB-AV-10,S3046001_S_GN-SB-BS-04,,brand_unit;legacy_block,
S3046001_S_GN-SB-AV-10,S3046001_S_GN-SB-BS-10,,brand_unit;legacy_block,
S3046001_S_GN-SB-AV-10,S3046001_S_GN-SB-CA-01,,brand_unit;legacy_block,
S3046001_S_GN-SB-AV-10,S3046001_S_GN-SB-CA-04,,brand_unit;legacy_block,
S3046001_S_GN-SB-AV-10,S3046001_S_GN-SB-CA-10,,brand_unit;legacy_block,
S3046001_S_GN-SB-AV-10,S3046001_S_GN-SB-CB-01,,brand_unit;legacy_block,
S3046001_S_GN-SB-AV-10,S3046001_S_GN-SB-CB-04,,brand_unit;legacy_block,
S3046001_S_GN-SB-AV-10,S3046001_S_GN-SB-CH-01,,brand_unit;legacy_block,
S3046001_S_GN-SB-AV-10,S3046001_S_GN-SB-CH-04-02,,brand_unit;legacy_block,
S3046001_S_GN-SB-AV-10,S3046001_S_GN-SB-CH-10,,brand_unit;legacy_block,
S3046001_S_GN-SB-AV-10,S3046001_S_GN-SB-CI-01,0.00711533,brand_unit;legacy_block,
S3046001_S_GN-SB-AV-10,S3046001_S_GN-SB-CI-04,0.14362541,brand_unit;legacy_block,
S3046001_S_GN-SB-AV-10,S3046001_S_GN-SB-CM-01,,brand_unit;legacy_block,
S3046001_S_GN-SB-AV-10,S3046001_S_GN-SB-CM-04,,brand_unit;legacy_block,
S3046001_S_GN-SB-AV-10,S3046001_S_GN-SB-CM-10,,brand_unit;legacy_block,
S3046001_S_GN-SB-AV-10,S3046001_S_GN-SB-CN-01,0.00529953,brand_unit;legacy_block,
S3046001_S_GN-SB-AV-10,S3046001_S_GN-SB-CN-04,0.00707187,brand_unit;legacy_block,
S3046001_S_GN-SB-AV-10,S3046001_S_GN-SB-CO-01,,brand_unit;legacy_block,
S3046001_S_GN-SB-AV-10,S3046001_S_GN-SB-CR-01,,brand_unit;legacy_block,
S3046001_S_GN-SB-AV-10,S3046001_S_GN-SB-CR-04,,brand_unit;legacy_block,
S3046001_S_GN-SB-AV-10,S3046001_S_GN-SB-CR-10,0.02417775,brand_unit;legacy_block,
S3046001_S_GN-SB-AV-10,S3046001_S_GN-SB-CS-05,0.02861460,brand_unit;legacy_block,
S3046001_S_GN-SB-AV-10,S3046001_S_GN-SB-DA-01,,brand_unit;legacy_block,
S3046001_S_GN-SB-AV-10,S3046001_S_GN-SB-DM-01,,brand_unit;legacy_block,
S3046001_S_GN-SB-AV-10,S3046001_S_GN-SB-DM-04,,brand_unit;legacy_block,
S3046001_S_GN-SB-AV-10,S3046001_S_GN-SB-FL-01,,brand_unit;legacy_block,
S3046001_S_GN-SB-AV-10,S3046001_S_GN-SB-FL-04,,brand_unit;legacy_block,
S3046001_S_GN-SB-AV-10,S3046001_S_GN-SB-GE-05,0.05007316,brand_unit;legacy_block,
S3046001_S_GN-SB-AV-10,S3046001_S_GN-SB-GL-01,,brand_unit;legacy_block,
S3046001_S_GN-SB-AV-10,S3046001_S_GN-SB-GL-04,,brand_unit;legacy_block,
S3046001_S_GN-SB-AV-10,S3046001_S_GN-SB-GM-01,,brand_unit;legacy_block,
S3046001_S_GN-SB-AV-10,S3046001_S_GN-SB-GM-04,,brand_unit;legacy_block,
S3046001_S_GN-SB-AV-10,S3046001_S_GN-SB-GR-01,,brand_unit;legacy_block,
S3046001_S_GN-SB-AV-10,S3046001_S_GN-SB-GR-04,,brand_unit;legacy_block,
S3046001_S_GN-SB-AV-10,S3046001_S_GN-SB-KE-01,0.02263611,brand_unit;legacy_block,
S3046001_S_GN-SB-AV-10,S3046001_S_GN-SB-LA-01,,brand_unit;legacy_block,
S3046001_S_GN-SB-AV-10,S3046001_S_GN-SB-LA-04,,brand_unit;legacy_block,
S3046001_S_GN-SB-AV-10,S3046001_S_GN-SB-LE-01,,brand_unit;legacy_block,
S3046001_S_GN-SB-AV-10,S3046001_S_GN-SB-LE-04,,brand_unit;legacy_block,
S3046001_S_GN-SB-AV-10,S3046001_S_GN-SB-MA-01,,brand_unit;legacy_block,
S3046001_S_GN-SB-AV-10,S3046001_S_GN-SB-MA-04,,brand_unit;legacy_block,
S3046001_S_GN-SB-AV-10,S3046001_S_GN-SB-NE-01,,brand_unit;legacy_block,
S3046001_S_GN-SB-AV-10,S3046001_S_GN-SB-NE-04,,brand_unit;legacy_block,
S3046001_S_GN-SB-AV-10,S3046001_S_GN-SB-NO-05,0.02861460,brand_unit;legacy_block,
S3046001_S_GN-SB-AV-10,S3046001_S_GN-SB-OO-01,,brand_unit;legacy_block,
S3046001_S_GN-SB-AV-10,S3046001_S_GN-SB-OO-04,,brand_unit;legacy_block,
S3046001_S_GN-SB-AV-10,S3046001_S_GN-SB-PF-05,0.07015305,brand_unit;legacy_block,
S3046001_S_GN-SB-AV-10,S3046001_S_GN-SB-PL-01,,brand_unit;legacy_block,
S3046001_S_GN-SB-AV-10,S3046001_S_GN-SB-PL-04,,brand_unit;legacy_block,
S3046001_S_GN-SB-AV-10,S3046001_S_GN-SB-PO-01,,brand_unit;legacy_block,
S3046001_S_GN-SB-AV-10,S3046001_S_GN-SB-PP-05,0.08329464,brand_unit;legacy_block,
S3046001_S_GN-SB-AV-10,S3046001_S_GN-SB-RO-01,,brand_unit;legacy_block,
S3046001_S_GN-SB-AV-10,S3046001_S_GN-SB-RO-04,,brand_unit;legacy_block,
S3046001_S_GN-SB-AV-10,S3046001_S_GN-SB-RS-01,,brand_unit;legacy_block,
S3046001_S_GN-SB-AV-10,S3046001_S_GN-SB-RS-04,,brand_unit;legacy_block,
S3046001_S_GN-SB-AV-10,S3046001_S_GN-SB-SB-01,,brand_unit;legacy_block,
S3046001_S_GN-SB-AV-10,S3046001_S_GN-SB-SB-04,,brand_unit;legacy_block,
S3046001_S_GN-SB-AV-10,S3046001_S_GN-SB-SJ-01,0.00201449,brand_unit;legacy_block,
S3046001_S_GN-SB-AV-10,S3046001_S_GN-SB-SJ-04,0.06527104,brand_unit;legacy_block,
S3046001_S_GN-SB-AV-10,S3046001_S_GN-SB-SS-01,0.04059186,brand_unit;legacy_block,
S3046001_S_GN-SB-AV-10,S3046001_S_GN-SB-SS-04,0.06212800,brand_unit;legacy_block,
S3046001_S_GN-SB-AV-10,S3046001_S_GN-SB-SW-04,0.02752875,brand_unit;legacy_block,
S3046001_S_GN-SB-AV-10,S3046001_S_GN-SB-TA-01,,brand_unit;legacy_block,
S3046001_S_GN-SB-AV-10,S3046001_S_GN-SB-TA-04,,brand_unit;legacy_block,
S3046001_S_GN-SB-AV-10,S3046001_S_GN-SB-TM-01,,brand_unit;legacy_block,
S3046001_S_GN-SB-AV-10,S3046001_S_GN-SB-TM-04,,brand_unit;legacy_block,
S3046001_S_GN-SB-AV-10,S3046001_S_GN-SB-TT-01,,brand_unit;legacy_block,
S3046001_S_GN-SB-AV-10,S3046001_S_GN-SB-TT-04,,brand_unit;legacy_block,
S3046001_S_GN-SB-AV-10,S3046001_S_GN-SB-TU-01,0.00293960,brand_unit;legacy_block,
S3046001_S_GN-SB-AV-10,S3046001_S_GN-SB-TU-04,,brand_unit;legacy_block,
S3046001_S_GN-SB-AV-10,S3046001_S_GN-SB-WP-01,0.03192682,brand_unit;legacy_block,
S3046001_S_GN-SB-AV-10,S3046001_S_GN-SB-WP-04,0.14937209,brand_unit;legacy_block,
S3046001_S_GN-SB-AV-10,S3046001_S_GN10667,0.15944028,brand_unit;legacy_block,
S3046001_S_GN-SB-BM-05,S3046001_S_GN10483,,brand_unit,
S3046001_S_GN-SB-BM-05,S3046001_S_GN10490,0.01419524,brand_unit,
S3046001_S_GN-SB-BS-01,S3046001_S_GN-SB-BS-04,0.08005310,brand_unit;legacy_block,
S3046001_S_GN-SB-BS-01,S3046001_S_GN-SB-BS-10,0.01800440,brand_unit;legacy_block,
S3046001_S_GN-SB-BS-01,S3046001_S_GN-SB-CA-01,0.01620744,brand_unit;legacy_block,
S3046001_S_GN-SB-BS-01,S3046001_S_GN-SB-CA-04,0.00677859,brand_unit;legacy_block,
S3046001_S_GN-SB-BS-01,S3046001_S_GN-SB-CA-10,0.00273371,brand_unit;legacy_block,
S3046001_S_GN-SB-BS-01,S3046001_S_GN-SB-CB-01,0.00470375,brand_unit;legacy_block,
S3046001_S_GN-SB-BS-01,S3046001_S_GN-SB-CB-04,0.00677859,brand_unit;legacy_block,
S3046001_S_GN-SB-BS-01,S3046001_S_GN-SB-CH-01,0.01329775,brand_unit;legacy_block,
S3046001_S_GN-SB-BS-01,S3046001_S_GN-SB-CH-04-02,0.00677859,brand_unit;legacy_block,
S3046001_S_GN-SB-BS-01,S3046001_S_GN-SB-CH-10,,brand_unit;legacy_block,
S3046001_S_GN-SB-BS-01,S3046001_S_GN-SB-CI-01,0.00982661,brand_unit;legacy_block,
S3046001_S_GN-SB-BS-01,S3046001_S_GN-SB-CI-04,0.00502732,brand_unit;legacy_block,
S3046001_S_GN-SB-BS-01,S3046001_S_GN-SB-CM-01,0.00338508,brand_unit;legacy_block,
S3046001_S_GN-SB-BS-01,S3046001_S_GN-SB-CM-04,0.00677859,brand_unit;legacy_block,
S3046001_S_GN-SB-BS-01,S3046001_S_GN-SB-CM-10,0.00273371,brand_unit;legacy_block,
S3046001_S_GN-SB-BS-01,S3046001_S_GN-SB-CN-01,0.00213997,brand_unit;legacy_block,
S3046001_S_GN-SB-BS-01,S3046001_S_GN-SB-CN-04,0.00255367,brand_unit;legacy_block,
S3046001_S_GN-SB-BS-01,S3046001_S_GN-SB-CO-01,0.01620744,brand_unit;legacy_block,
S3046001_S_GN-SB-BS-01,S3046001_S_GN-SB-CR-01,0.00492771,brand_unit;legacy_block,
S3046001_S_GN-SB-BS-01,S3046001_S_GN-SB-CR-04,0.00677859,brand_unit;legacy_block,
S3046001_S_GN-SB-BS-01,S3046001_S_GN-SB-CR-10,,brand_unit;legacy_block,
S3046001_S_GN-SB-BS-01,S3046001_S_GN-SB-CS-05,0.00849362,brand_unit;legacy_block,
S3046001_S_GN-SB-BS-01,S3046001_S_GN-SB-DA-01,,brand_unit;legacy_block,
S3046001_S_GN-SB-BS-01,S3046001_S_GN-SB-DM-01,0.00338508,brand_unit;legacy_block,
S3046001_S_GN-SB-BS-01,S3046001_S_GN-SB-DM-04,0.00678734,brand_unit;legacy_block,
S3046001_S_GN-SB-BS-01,S3046001_S_GN-SB-FL-01,,brand_unit;legacy_block,
S3046001_S_GN-SB-BS-01,S3046001_S_GN-SB-FL-04,,brand_unit;legacy_block,
S3046001_S_GN-SB-BS-01,S3046001_S_GN-SB-GE-05,,brand_unit;legacy_block,
S3046001_S_GN-SB-BS-01,S3046001_S_GN-SB-GL-01,0.00610364,brand_unit;legacy_block,
S3046001_S_GN-SB-BS-01,S3046001_S_GN-SB-GL-04,,brand_unit;legacy_block,
S3046001_S_GN-SB-BS-01,S3046001_S_GN-SB-GM-01,0.00473686,brand_unit;legacy_block,
S3046001_S_GN-SB-BS-01,S3046001_S_GN-SB-GM-04,0.00623399,brand_unit;legacy_block,
S3046001_S_GN-SB-BS-01,S3046001_S_GN-SB-GR-01,0.01620744,brand_unit;legacy_block,
S3046001_S_GN-SB-BS-01,S3046001_S_GN-SB-GR-04,0.00677859,brand_unit;legacy_block,
S3046001_S_GN-SB-BS-01,S3046001_S_GN-SB-KE-01,0.00993007,brand_unit;legacy_block,
S3046001_S_GN-SB-BS-01,S3046001_S_GN-SB-LA-01,,brand_unit;legacy_block,
S3046001_S_GN-SB-BS-01,S3046001_S_GN-SB-LA-04,,brand_unit;legacy_block,
S3046001_S_GN-SB-BS-01,S3046001_S_GN-SB-LE-01,,brand_unit;legacy_block,
S3046001_S_GN-SB-BS-01,S3046001_S_GN-SB-LE-04,,brand_unit;legacy_block,
S3046001_S_GN-SB-BS-01,S3046001_S_GN-SB-MA-01,0.00610364,brand_unit;legacy_block,
S3046001_S_GN-SB-BS-01,S3046001_S_GN-SB-MA-04,0.00623399,brand_unit;legacy_block,
S3046001_S_GN-SB-BS-01,S3046001_S_GN-SB-NE-01,0.00338508,brand_unit;legacy_block,
S3046001_S_GN-SB-BS-01,S3046001_S_GN-SB-NE-04,0.00678734,brand_unit;legacy_block,
S3046001_S_GN-SB-BS-01,S3046001_S_GN-SB-NO-05,0.00849362,brand_unit;legacy_block,
S3046001_S_GN-SB-BS-01,S3046001_S_GN-SB-OO-01,,brand_unit;legacy_block,
S3046001_S_GN-SB-BS-01,S3046001_S_GN-SB-OO-04,,brand_unit;legacy_block,
S3046001_S_GN-SB-BS-01,S3046001_S_GN-SB-PF-05,0.00849362,brand_unit;legacy_block,
S3046001_S_GN-SB-BS-01,S3046001_S_GN-SB-PL-01,,brand_unit;legacy_block,
S3046001_S_GN-SB-BS-01,S3046001_S_GN-SB-PL-04,,brand_unit;legacy_block,
S3046001_S_GN-SB-BS-01,S3046001_S_GN-SB-PO-01,0.00338508,brand_unit;legacy_block,
S3046001_S_GN-SB-BS-01,S3046001_S_GN-SB-PP-05,0.00670874,brand_unit;legacy_block,
S3046001_S_GN-SB-BS-01,S3046001_S_GN-SB-RO-01,0.00535218,brand_unit;legacy_block,
S3046001_S_GN-SB-BS-01,S3046001_S_GN-SB-RO-04,0.00677859,brand_unit;legacy_block,
S3046001_S_GN-SB-BS-01,S3046001_S_GN-SB-RS-01,,brand_unit;legacy_block,
S3046001_S_GN-SB-BS-01,S3046001_S_GN-SB-RS-04,,brand_unit;legacy_block,
S3046001_S_GN-SB-BS-01,S3046001_S_GN-SB-SB-01,0.01721109,brand_unit;legacy_block,
S3046001_S_GN-SB-BS-01,S3046001_S_GN-SB-SB-04,0.00677859,brand_unit;legacy_block,
S3046001_S_GN-SB-BS-01,S3046001_S_GN-SB-SJ-01,0.00535218,brand_unit;legacy_block,
S3046001_S_GN-SB-BS-01,S3046001_S_GN-SB-SJ-04,0.00636773,brand_unit;legacy_block,
S3046001_S_GN-SB-BS-01,S3046001_S_GN-SB-SS-01,0.01325251,brand_unit;legacy_block,
S3046001_S_GN-SB-BS-01,S3046001_S_GN-SB-SS-04,0.02895606,brand_unit;legacy_block,
S3046001_S_GN-SB-BS-01,S3046001_S_GN-SB-SW-04,0.00292194,brand_unit;legacy_block,
S3046001_S_GN-SB-BS-01,S3046001_S_GN-SB-TA-01,0.00338508,brand_unit;legacy_block,
S3046001_S_GN-SB-BS-01,S3046001_S_GN-SB-TA-04,0.00678734,brand_unit;legacy_block,
S3046001_S_GN-SB-BS-01,S3046001_S_GN-SB-TM-01,0.00455172,brand_unit;legacy_block,
S3046001_S_GN-SB-BS-01,S3046001_S_GN-SB-TM-04,0.00255367,brand_unit;legacy_block,
S3046001_S_GN-SB-BS-01,S3046001_S_GN-SB-TT-01,0.00338508,brand_unit;legacy_block,
S3046001_S_GN-SB-BS-01,S3046001_S_GN-SB-TT-04,0.00678734,brand_unit;legacy_block,
S3046001_S_GN-SB-BS-01,S3046001_S_GN-SB-TU-01,0.00372942,brand_unit;legacy_block,
S3046001_S_GN-SB-BS-01,S3046001_S_GN-SB-TU-04,0.00678734,brand_unit;legacy_block,
S3046001_S_GN-SB-BS-01,S3046001_S_GN-SB-WP-01,0.00599248,brand_unit;legacy_block,
S3046001_S_GN-SB-BS-01,S3046001_S_GN-SB-WP-04,0.00078511,brand_unit;legacy_block,
S3046001_S_GN-SB-BS-01,S3046001_S_GN10667,,brand_unit;legacy_block,
S3046001_S_GN-SB-BS-04,S3046001_S_GN-SB-BS-10,0.99048165,brand_unit;legacy_block,
S3046001_S_GN-SB-BS-04,S3046001_S_GN-SB-CA-01,,brand_unit;legacy_block,
S3046001_S_GN-SB-BS-04,S3046001_S_GN-SB-CA-04,,brand_unit;legacy_block,
S3046001_S_GN-SB-BS-04,S3046001_S_GN-SB-CA-10,,brand_unit;legacy_block,
S3046001_S_GN-SB-BS-04,S3046001_S_GN-SB-CB-01,,brand_unit;legacy_block,
S3046001_S_GN-SB-BS-04,S3046001_S_GN-SB-CB-04,,brand_unit;legacy_block,
S3046001_S_GN-SB-BS-04,S3046001_S_GN-SB-CH-01,,brand_unit;legacy_block,
S3046001_S_GN-SB-BS-04,S3046001_S_GN-SB-CH-04-02,,brand_unit;legacy_block,
S3046001_S_GN-SB-BS-04,S3046001_S_GN-SB-CH-10,,brand_unit;legacy_block,
S3046001_S_GN-SB-BS-04,S3046001_S_GN-SB-CI-01,0.01827180,brand_unit;legacy_block,
S3046001_S_GN-SB-BS-04,S3046001_S_GN-SB-CI-04,0.07186411,brand_unit;legacy_block,
S3046001_S_GN-SB-BS-04,S3046001_S_GN-SB-CM-01,0.01238290,brand_unit;legacy_block,
S3046001_S_GN-SB-BS-04,S3046001_S_GN-SB-CM-04,,brand_unit;legacy_block,
S3046001_S_GN-SB-BS-04,S3046001_S_GN-SB-CM-10,,brand_unit;legacy_block,
S3046001_S_GN-SB-BS-04,S3046001_S_GN-SB-CN-01,0.18337052,brand_unit;legacy_block,
S3046001_S_GN-SB-BS-04,S3046001_S_GN-SB-CN-04,0.08467503,brand_unit;legacy_block,
S3046001_S_GN-SB-BS-04,S3046001_S_GN-SB-CO-01,0.01919310,brand_unit;legacy_block,
S3046001_S_GN-SB-BS-04,S3046001_S_GN-SB-CR-01,,brand_unit;legacy_block,
S3046001_S_GN-SB-BS-04,S3046001_S_GN-SB-CR-04,,brand_unit;legacy_block,
S3046001_S_GN-SB-BS-04,S3046001_S_GN-SB-CR-10,,brand_unit;legacy_block,
S3046001_S_GN-SB-BS-04,S3046001_S_GN-SB-CS-05,0.00849362,brand_unit;legacy_block,
S3046001_S_GN-SB-BS-04,S3046001_S_GN-SB-DA-01,,brand_unit;legacy_block,
S3046001_S_GN-SB-BS-04,S3046001_S_GN-SB-DM-01,,brand_unit;legacy_block,
S3046001_S_GN-SB-BS-04,S3046001_S_GN-SB-DM-04,,brand_unit;legacy_block,
S3046001_S_GN-SB-BS-04,S3046001_S_GN-SB-FL-01,,brand_unit;legacy_block,
S3046001_S_GN-SB-BS-04,S3046001_S_GN-SB-FL-04,,brand_unit;legacy_block,
S3046001_S_GN-SB-BS-04,S3046001_S_GN-SB-GE-05,,brand_unit;legacy_block,
S3046001_S_GN-SB-BS-04,S3046001_S_GN-SB-GL-01,0.02121722,brand_unit;legacy_block,
S3046001_S_GN-SB-BS-04,S3046001_S_GN-SB-GL-04,,brand_unit;legacy_block,
S3046001_S_GN-SB-BS-04,S3046001_S_GN-SB-GM-01,0.02684540,brand_unit;legacy_block,
S3046001_S_GN-SB-BS-04,S3046001_S_GN-SB-GM-04,0.67866636,brand_unit;legacy_block,
S3046001_S_GN-SB-BS-04,S3046001_S_GN-SB-GR-01,,brand_unit;legacy_block,
S3046001_S_GN-SB-BS-04,S3046001_S_GN-SB-GR-04,,brand_unit;legacy_block,
S3046001_S_GN-SB-BS-04,S3046001_S_GN-SB-KE-01,0.01610437,brand_unit;legacy_block,
S3046001_S_GN-SB-BS-04,S3046001_S_GN-SB-LA-01,,brand_unit;legacy_block,
S3046001_S_GN-SB-BS-04,S3046001_S_GN-SB-LA-04,,brand_unit;legacy_block,
S3046001_S_GN-SB-BS-04,S3046001_S_GN-SB-LE-01,,brand_unit;legacy_block,
S3046001_S_GN-SB-BS-04,S3046001_S_GN-SB-LE-04,,brand_unit;legacy_block,
S3046001_S_GN-SB-BS-04,S3046001_S_GN-SB-MA-01,0.00603748,brand_unit;legacy_block,
S3046001_S_GN-SB-BS-04,S3046001_S_GN-SB-MA-04,0.32492235,brand_unit;legacy_block,
S3046001_S_GN-SB-BS-04,S3046001_S_GN-SB-NE-01,,brand_unit;legacy_block,
S3046001_S_GN-SB-BS-04,S3046001_S_GN-SB-NE-04,,brand_unit;legacy_block,
S3046001_S_GN-SB-BS-04,S3046001_S_GN-SB-NO-05,0.00849362,brand_unit;legacy_block,
S3046001_S_GN-SB-BS-04,S3046001_S_GN-SB-OO-01,,brand_unit;legacy_block,
S3046001_S_GN-SB-BS-04,S3046001_S_GN-SB-OO-04,,brand_unit;legacy_block,
S3046001_S_GN-SB-BS-04,S3046001_S_GN-SB-PF-05,0.03183938,brand_unit;legacy_block,
S3046001_S_GN-SB-BS-04,S3046001_S_GN-SB-PL-01,,brand_unit;legacy_block,
S3046001_S_GN-SB-BS-04,S3046001_S_GN-SB-PL-04,,brand_unit;legacy_block,
S3046001_S_GN-SB-BS-04,S3046001_S_GN-SB-PO-01,0.01238290,brand_unit;legacy_block,
S3046001_S_GN-SB-BS-04,S3046001_S_GN-SB-PP-05,0.03183938,brand_unit;legacy_block,
S3046001_S_GN-SB-BS-04,S3046001_S_GN-SB-RO-01,,brand_unit;legacy_block,
S3046001_S_GN-SB-BS-04,S3046001_S_GN-SB-RO-04,,brand_unit;legacy_block,
S3046001_S_GN-SB-BS-04,S3046001_S_GN-SB-RS-01,,brand_unit;legacy_block,
S3046001_S_GN-SB-BS-04,S3046001_S_GN-SB-RS-04,,brand_unit;legacy_block,
S3046001_S_GN-SB-BS-04,S3046001_S_GN-SB-SB-01,,brand_unit;legacy_block,
S3046001_S_GN-SB-BS-04,S3046001_S_GN-SB-SB-04,,brand_unit;legacy_block,
S3046001_S_GN-SB-BS-04,S3046001_S_GN-SB-SJ-01,0.00429865,brand_unit;legacy_block,
S3046001_S_GN-SB-BS-04,S3046001_S_GN-SB-SJ-04,0.30618480,brand_unit;legacy_block,
S3046001_S_GN-SB-BS-04,S3046001_S_GN-SB-SS-01,0.50292165,brand_unit;legacy_block,
S3046001_S_GN-SB-BS-04,S3046001_S_GN-SB-SS-04,0.49654427,brand_unit;legacy_block,
S3046001_S_GN-SB-BS-04,S3046001_S_GN-SB-SW-04,0.10479986,brand_unit;legacy_block,
S3046001_S_GN-SB-BS-04,S3046001_S_GN-SB-TA-01,,brand_unit;legacy_block,
S3046001_S_GN-SB-BS-04,S3046001_S_GN-SB-TA-04,,brand_unit;legacy_block,
S3046001_S_GN-SB-BS-04,S3046001_S_GN-SB-TM-01,,brand_unit;legacy_block,
S3046001_S_GN-SB-BS-04,S3046001_S_GN-SB-TM-04,,brand_unit;legacy_block,
S3046001_S_GN-SB-BS-04,S3046001_S_GN-SB-TT-01,,brand_unit;legacy_block,
S3046001_S_GN-SB-BS-04,S3046001_S_GN-SB-TT-04,,brand_unit;legacy_block,
S3046001_S_GN-SB-BS-04,S3046001_S_GN-SB-TU-01,0.00119793,brand_unit;legacy_block,
S3046001_S_GN-SB-BS-04,S3046001_S_GN-SB-TU-04,,brand_unit;legacy_block,
S3046001_S_GN-SB-BS-04,S3046001_S_GN-SB-WP-01,0.02615826,brand_unit;legacy_block,
S3046001_S_GN-SB-BS-04,S3046001_S_GN-SB-WP-04,0.38031116,brand_unit;legacy_block,
S3046001_S_GN-SB-BS-04,S3046001_S_GN10667,,brand_unit;legacy_block,
S3046001_S_GN-SB-BS-10,S3046001_S_GN-SB-CA-01,,brand_unit;legacy_block,
S3046001_S_GN-SB-BS-10,S3046001_S_GN-SB-CA-04,,brand_unit;legacy_block,
S3046001_S_GN-SB-BS-10,S3046001_S_GN-SB-CA-10,,brand_unit;legacy_block,
S3046001_S_GN-SB-BS-10,S3046001_S_GN-SB-CB-01,,brand_unit;legacy_block,
S3046001_S_GN-SB-BS-10,S3046001_S_GN-SB-CB-04,,brand_unit;legacy_block,
S3046001_S_GN-SB-BS-10,S3046001_S_GN-SB-CH-01,,brand_unit;legacy_block,
S3046001_S_GN-SB-BS-10,S3046001_S_GN-SB-CH-04-02,,brand_unit;legacy_block,
S3046001_S_GN-SB-BS-10,S3046001_S_GN-SB-CH-10,,brand_unit;legacy_block,
S3046001_S_GN-SB-BS-10,S3046001_S_GN-SB-CI-01,0.00565308,brand_unit;legacy_block,
S3046001_S_GN-SB-BS-10,S3046001_S_GN-SB-CI-04,0.16829296,brand_unit;legacy_block,
S3046001_S_GN-SB-BS-10,S3046001_S_GN-SB-CM-01,0.00565308,brand_unit;legacy_block,
S3046001_S_GN-SB-BS-10,S3046001_S_GN-SB-CM-04,,brand_unit;legacy_block,
S3046001_S_GN-SB-BS-10,S3046001_S_GN-SB-CM-10,,brand_unit;legacy_block,
S3046001_S_GN-SB-BS-10,S3046001_S_GN-SB-CN-01,0.02007310,brand_unit;legacy_block,
S3046001_S_GN-SB-BS-10,S3046001_S_GN-SB-CN-04,0.02278323,brand_unit;legacy_block,
S3046001_S_GN-SB-BS-10,S3046001_S_GN-SB-CO-01,,brand_unit;legacy_block,
S3046001_S_GN-SB-BS-10,S3046001_S_GN-SB-CR-01,,brand_unit;legacy_block,
S3046001_S_GN-SB-BS-10,S3046001_S_GN-SB-CR-04,,brand_unit;legacy_block,
S3046001_S_GN-SB-BS-10,S3046001_S_GN-SB-CR-10,,brand_unit;legacy_block,
S3046001_S_GN-SB-BS-10,S3046001_S_GN-SB-CS-05,0.03973970,brand_unit;legacy_block,
S3046001_S_GN-SB-BS-10,S3046001_S_GN-SB-DA-01,,brand_unit;legacy_block,
S3046001_S_GN-SB-BS-10,S3046001_S_GN-SB-DM-01,,brand_unit;legacy_block,
S3046001_S_GN-SB-BS-10,S3046001_S_GN-SB-DM-04,,brand_unit;legacy_block,
S3046001_S_GN-SB-BS-10,S3046001_S_GN-SB-FL-01,,brand_unit;legacy_block,
S3046001_S_GN-SB-BS-10,S3046001_S_GN-SB-FL-04,,brand_unit;legacy_block,
S3046001_S_GN-SB-BS-10,S3046001_S_GN-SB-GE-05,,brand_unit;legacy_block,
S3046001_S_GN-SB-BS-10,S3046001_S_GN-SB-GL-01,0.00657689,brand_unit;legacy_block,
S3046001_S_GN-SB-BS-10,S3046001_S_GN-SB-GL-04,,brand_unit;legacy_block,
S3046001_S_GN-SB-BS-10,S3046001_S_GN-SB-GM-01,0.05495791,brand_unit;legacy_block,
S3046001_S_GN-SB-BS-10,S3046001_S_GN-SB-GM-04,0.53098164,brand_unit;legacy_block,
S3046001_S_GN-SB-BS-10,S3046001_S_GN-SB-GR-01,,brand_unit;legacy_block,
S3046001_S_GN-SB-BS-10,S3046001_S_GN-SB-GR-04,,brand_unit;legacy_block,
S3046001_S_GN-SB-BS-10,S3046001_S_GN-SB-KE-01,0.00667608,brand_unit;legacy_block,
S3046001_S_GN-SB-BS-10,S3046001_S_GN-SB-LA-01,,brand_unit;legacy_block,
S3046001_S_GN-SB-BS-10,S3046001_S_GN-SB-LA-04,,brand_unit;legacy_block,
S3046001_S_GN-SB-BS-10,S3046001_S_GN-SB-LE-01,,brand_unit;legacy_block,
S3046001_S_GN-SB-BS-10,S3046001_S_GN-SB-LE-04,,brand_unit;legacy_block,
S3046001_S_GN-SB-BS-10,S3046001_S_GN-SB-MA-01,0.00298035,brand_unit;legacy_block,
S3046001_S_GN-SB-BS-10,S3046001_S_GN-SB-MA-04,0.25072877,brand_unit;legacy_block,
S3046001_S_GN-SB-BS-10,S3046001_S_GN-SB-NE-01,,brand_unit;legacy_block,
S3046001_S_GN-SB-BS-10,S3046001_S_GN-SB-NE-04,,brand_unit;legacy_block,
S3046001_S_GN-SB-BS-10,S3046001_S_GN-SB-NO-05,0.03973970,brand_unit;legacy_block,
S3046001_S_GN-SB-BS-10,S3046001_S_GN-SB-OO-01,,brand_unit;legacy_block,
S3046001_S_GN-SB-BS-10,S3046001_S_GN-SB-OO-04,,brand_unit;legacy_block,
S3046001_S_GN-SB-BS-10,S3046001_S_GN-SB-PF-05,0.05495722,brand_unit;legacy_block,
S3046001_S_GN-SB-BS-10,S3046001_S_GN-SB-PL-01,,brand_unit;legacy_block,
S3046001_S_GN-SB-BS-10,S3046001_S_GN-SB-PL-04,,brand_unit;legacy_block,
S3046001_S_GN-SB-BS-10,S3046001_S_GN-SB-PO-01,0.00565308,brand_unit;legacy_block,
S3046001_S_GN-SB-BS-10,S3046001_S_GN-SB-PP-05,0.07907453,brand_unit;legacy_block,
S3046001_S_GN-SB-BS-10,S3046001_S_GN-SB-RO-01,,brand_unit;legacy_block,
S3046001_S_GN-SB-BS-10,S3046001_S_GN-SB-RO-04,,brand_unit;legacy_block,
S3046001_S_GN-SB-BS-10,S3046001_S_GN-SB-RS-01,,brand_unit;legacy_block,
S3046001_S_GN-SB-BS-10,S3046001_S_GN-SB-RS-04,,brand_unit;legacy_block,
S3046001_S_GN-SB-BS-10,S3046001_S_GN-SB-SB-01,,brand_unit;legacy_block,
S3046001_S_GN-SB-BS-10,S3046001_S_GN-SB-SB-04,,brand_unit;legacy_block,
S3046001_S_GN-SB-BS-10,S3046001_S_GN-SB-SJ-01,0.00284052,brand_unit;legacy_block,
S3046001_S_GN-SB-BS-10,S3046001_S_GN-SB-SJ-04,0.06593211,brand_unit;legacy_block,
S3046001_S_GN-SB-BS-10,S3046001_S_GN-SB-SS-01,0.15510191,brand_unit;legacy_block,
S3046001_S_GN-SB-BS-10,S3046001_S_GN-SB-SS-04,0.15510191,brand_unit;legacy_block,
S3046001_S_GN-SB-BS-10,S3046001_S_GN-SB-SW-04,0.00426163,brand_unit;legacy_block,
S3046001_S_GN-SB-BS-10,S3046001_S_GN-SB-TA-01,,brand_unit;legacy_block,
S3046001_S_GN-SB-BS-10,S3046001_S_GN-SB-TA-04,,brand_unit;legacy_block,
S3046001_S_GN-SB-BS-10,S3046001_S_GN-SB-TM-01,,brand_unit;legacy_block,
S3046001_S_GN-SB-BS-10,S3046001_S_GN-SB-TM-04,,brand_unit;legacy_block,
S3046001_S_GN-SB-BS-10,S3046001_S_GN-SB-TT-01,,brand_unit;legacy_block,
S3046001_S_GN-SB-BS-10,S3046001_S_GN-SB-TT-04,,brand_unit;legacy_block,
S3046001_S_GN-SB-BS-10,S3046001_S_GN-SB-TU-01,0.00255367,brand_unit;legacy_block,
S3046001_S_GN-SB-BS-10,S3046001_S_GN-SB-TU-04,,brand_unit;legacy_block,
S3046001_S_GN-SB-BS-10,S3046001_S_GN-SB-WP-01,0.24087459,brand_unit;legacy_block,
S3046001_S_GN-SB-BS-10,S3046001_S_GN-SB-WP-04,0.57334208,brand_unit;legacy_block,
S3046001_S_GN-SB-BS-10,S3046001_S_GN10667,,brand_unit;legacy_block,
S3046001_S_GN-SB-CA-01,S3046001_S_GN-SB-CA-04,1.00000000,brand_unit;legacy_block,
S3046001_S_GN-SB-CA-01,S3046001_S_GN-SB-CA-10,1.00000000,brand_unit;legacy_block,
S3046001_S_GN-SB-CA-01,S3046001_S_GN-SB-CB-01,,brand_unit;legacy_block,
S3046001_S_GN-SB-CA-01,S3046001_S_GN-SB-CB-04,,brand_unit;legacy_block,
S3046001_S_GN-SB-CA-01,S3046001_S_GN-SB-CH-01,,brand_unit;legacy_block,
S3046001_S_GN-SB-CA-01,S3046001_S_GN-SB-CH-04-02,,brand_unit;legacy_block,
S3046001_S_GN-SB-CA-01,S3046001_S_GN-SB-CH-10,,brand_unit;legacy_block,
S3046001_S_GN-SB-CA-01,S3046001_S_GN-SB-CI-01,0.04870686,brand_unit;legacy_block,
S3046001_S_GN-SB-CA-01,S3046001_S_GN-SB-CI-04,0.01598791,brand_unit;legacy_block,
S3046001_S_GN-SB-CA-01,S3046001_S_GN-SB-CM-01,,brand_unit;legacy_block,
S3046001_S_GN-SB-CA-01,S3046001_S_GN-SB-CM-04,,brand_unit;legacy_block,
S3046001_S_GN-SB-CA-01,S3046001_S_GN-SB-CM-10,,brand_unit;legacy_block,
S3046001_S_GN-SB-CA-01,S3046001_S_GN-SB-CN-01,0.00527510,brand_unit;legacy_block,
S3046001_S_GN-SB-CA-01,S3046001_S_GN-SB-CN-04,0.00565308,brand_unit;legacy_block,
S3046001_S_GN-SB-CA-01,S3046001_S_GN-SB-CO-01,,brand_unit;legacy_block,
S3046001_S_GN-SB-CA-01,S3046001_S_GN-SB-CR-01,,brand_unit;legacy_block,
S3046001_S_GN-SB-CA-01,S3046001_S_GN-SB-CR-04,,brand_unit;legacy_block,
S3046001_S_GN-SB-CA-01,S3046001_S_GN-SB-CR-10,0.02405529,brand_unit;legacy_block,
S3046001_S_GN-SB-CA-01,S3046001_S_GN-SB-CS-05,0.00353515,brand_unit;legacy_block,
S3046001_S_GN-SB-CA-01,S3046001_S_GN-SB-DA-01,,brand_unit;legacy_block,
S3046001_S_GN-SB-CA-01,S3046001_S_GN-SB-DM-01,,brand_unit;legacy_block,
S3046001_S_GN-SB-CA-01,S3046001_S_GN-SB-DM-04,,brand_unit;legacy_block,
S3046001_S_GN-SB-CA-01,S3046001_S_GN-SB-FL-01,,brand_unit;legacy_block,
S3046001_S_GN-SB-CA-01,S3046001_S_GN-SB-FL-04,,brand_unit;legacy_block,
S3046001_S_GN-SB-CA-01,S3046001_S_GN-SB-GE-05,0.00325594,brand_unit;legacy_block,
S3046001_S_GN-SB-CA-01,S3046001_S_GN-SB-GL-01,,brand_unit;legacy_block,
S3046001_S_GN-SB-CA-01,S3046001_S_GN-SB-GL-04,,brand_unit;legacy_block,
S3046001_S_GN-SB-CA-01,S3046001_S_GN-SB-GM-01,,brand_unit;legacy_block,
S3046001_S_GN-SB-CA-01,S3046001_S_GN-SB-GM-04,,brand_unit;legacy_block,
S3046001_S_GN-SB-CA-01,S3046001_S_GN-SB-GR-01,,brand_unit;legacy_block,
S3046001_S_GN-SB-CA-01,S3046001_S_GN-SB-GR-04,,brand_unit;legacy_block,
S3046001_S_GN-SB-CA-01,S3046001_S_GN-SB-KE-01,0.00507004,brand_unit;legacy_block,
S3046001_S_GN-SB-CA-01,S3046001_S_GN-SB-LA-01,,brand_unit;legacy_block,
S3046001_S_GN-SB-CA-01,S3046001_S_GN-SB-LA-04,,brand_unit;legacy_block,
S3046001_S_GN-SB-CA-01,S3046001_S_GN-SB-LE-01,,brand_unit;legacy_block,
S3046001_S_GN-SB-CA-01,S3046001_S_GN-SB-LE-04,,brand_unit;legacy_block,
S3046001_S_GN-SB-CA-01,S3046001_S_GN-SB-MA-01,0.00142214,brand_unit;legacy_block,
S3046001_S_GN-SB-CA-01,S3046001_S_GN-SB-MA-04,0.00565336,brand_unit;legacy_block,
S3046001_S_GN-SB-CA-01,S3046001_S_GN-SB-NE-01,,brand_unit;legacy_block,
S3046001_S_GN-SB-CA-01,S3046001_S_GN-SB-NE-04,,brand_unit;legacy_block,
S3046001_S_GN-SB-CA-01,S3046001_S_GN-SB-NO-05,0.00353515,brand_unit;legacy_block,
S3046001_S_GN-SB-CA-01,S3046001_S_GN-SB-OO-01,,brand_unit;legacy_block,
S3046001_S_GN-SB-CA-01,S3046001_S_GN-SB-OO-04,,brand_unit;legacy_block,
S3046001_S_GN-SB-CA-01,S3046001_S_GN-SB-PF-05,0.01338407,brand_unit;legacy_block,
S3046001_S_GN-SB-CA-01,S3046001_S_GN-SB-PL-01,,brand_unit;legacy_block,
S3046001_S_GN-SB-CA-01,S3046001_S_GN-SB-PL-04,,brand_unit;legacy_block,
S3046001_S_GN-SB-CA-01,S3046001_S_GN-SB-PO-01,,brand_unit;legacy_block,
S3046001_S_GN-SB-CA-01,S3046001_S_GN-SB-PP-05,0.01058245,brand_unit;legacy_block,
S3046001_S_GN-SB-CA-01,S3046001_S_GN-SB-RO-01,,brand_unit;legacy_block,
S3046001_S_GN-SB-CA-01,S3046001_S_GN-SB-RO-04,,brand_unit;legacy_block,
S3046001_S_GN-SB-CA-01,S3046001_S_GN-SB-RS-01,,brand_unit;legacy_block,
S3046001_S_GN-SB-CA-01,S3046001_S_GN-SB-RS-04,,brand_unit;legacy_block,
S3046001_S_GN-SB-CA-01,S3046001_S_GN-SB-SB-01,,brand_unit;legacy_block,
S3046001_S_GN-SB-CA-01,S3046001_S_GN-SB-SB-04,,brand_unit;legacy_block,
S3046001_S_GN-SB-CA-01,S3046001_S_GN-SB-SJ-01,0.00083202,brand_unit;legacy_block,
S3046001_S_GN-SB-CA-01,S3046001_S_GN-SB-SJ-04,0.00669289,brand_unit;legacy_block,
S3046001_S_GN-SB-CA-01,S3046001_S_GN-SB-SS-01,0.03702760,brand_unit;legacy_block,
S3046001_S_GN-SB-CA-01,S3046001_S_GN-SB-SS-04,0.06051953,brand_unit;legacy_block,
S3046001_S_GN-SB-CA-01,S3046001_S_GN-SB-SW-04,0.00683958,brand_unit;legacy_block,
S3046001_S_GN-SB-CA-01,S3046001_S_GN-SB-TA-01,,brand_unit;legacy_block,
S3046001_S_GN-SB-CA-01,S3046001_S_GN-SB-TA-04,,brand_unit;legacy_block,
S3046001_S_GN-SB-CA-01,S3046001_S_GN-SB-TM-01,,brand_unit;legacy_block,
S3046001_S_GN-SB-CA-01,S3046001_S_GN-SB-TM-04,,brand_unit;legacy_block,
S3046001_S_GN-SB-CA-01,S3046001_S_GN-SB-TT-01,,brand_unit;legacy_block,
S3046001_S_GN-SB-CA-01,S3046001_S_GN-SB-TT-04,,brand_unit;legacy_block,
S3046001_S_GN-SB-CA-01,S3046001_S_GN-SB-TU-01,0.00053996,brand_unit;legacy_block,
S3046001_S_GN-SB-CA-01,S3046001_S_GN-SB-TU-04,,brand_unit;legacy_block,
S3046001_S_GN-SB-CA-01,S3046001_S_GN-SB-WP-01,0.00230898,brand_unit;legacy_block,
S3046001_S_GN-SB-CA-01,S3046001_S_GN-SB-WP-04,0.00164846,brand_unit;legacy_block,
S3046001_S_GN-SB-CA-01,S3046001_S_GN10667,0.09218291,brand_unit;legacy_block,
S3046001_S_GN-SB-CA-04,S3046001_S_GN-SB-CA-10,1.00000000,brand_unit;legacy_block,
S3046001_S_GN-SB-CA-04,S3046001_S_GN-SB-CB-01,,brand_unit;legacy_block,
S3046001_S_GN-SB-CA-04,S3046001_S_GN-SB-CB-04,,brand_unit;legacy_block,
S3046001_S_GN-SB-CA-04,S3046001_S_GN-SB-CH-01,,brand_unit;legacy_block,
S3046001_S_GN-SB-CA-04,S3046001_S_GN-SB-CH-04-02,,brand_unit;legacy_block,
S3046001_S_GN-SB-CA-04,S3046001_S_GN-SB-CH-10,,brand_unit;legacy_block,
S3046001_S_GN-SB-CA-04,S3046001_S_GN-SB-CI-01,0.01633528,brand_unit;legacy_block,
S3046001_S_GN-SB-CA-04,S3046001_S_GN-SB-CI-04,0.04666240,brand_unit;legacy_block,
S3046001_S_GN-SB-CA-04,S3046001_S_GN-SB-CM-01,,brand_unit;legacy_block,
S3046001_S_GN-SB-CA-04,S3046001_S_GN-SB-CM-04,,brand_unit;legacy_block,
S3046001_S_GN-SB-CA-04,S3046001_S_GN-SB-CM-10,,brand_unit;legacy_block,
S3046001_S_GN-SB-CA-04,S3046001_S_GN-SB-CN-01,0.16829296,brand_unit;legacy_block,
S3046001_S_GN-SB-CA-04,S3046001_S_GN-SB-CN-04,0.07694800,brand_unit;legacy_block,
S3046001_S_GN-SB-CA-04,S3046001_S_GN-SB-CO-01,,brand_unit;legacy_block,
S3046001_S_GN-SB-CA-04,S3046001_S_GN-SB-CR-01,,brand_unit;legacy_block,
S3046001_S_GN-SB-CA-04,S3046001_S_GN-SB-CR-04,,brand_unit;legacy_block,
S3046001_S_GN-SB-CA-04,S3046001_S_GN-SB-CR-10,0.29800621,brand_unit;legacy_block,
S3046001_S_GN-SB-CA-04,S3046001_S_GN-SB-CS-05,0.00849362,brand_unit;legacy_block,
S3046001_S_GN-SB-CA-04,S3046001_S_GN-SB-DA-01,,brand_unit;legacy_block,
S3046001_S_GN-SB-CA-04,S3046001_S_GN-SB-DM-01,,brand_unit;legacy_block,
S3046001_S_GN-SB-CA-04,S3046001_S_GN-SB-DM-04,,brand_unit;legacy_block,
S3046001_S_GN-SB-CA-04,S3046001_S_GN-SB-FL-01,,brand_unit;legacy_block,
S3046001_S_GN-SB-CA-04,S3046001_S_GN-SB-FL-04,,brand_unit;legacy_block,
S3046001_S_GN-SB-CA-04,S3046001_S_GN-SB-GE-05,0.00849362,brand_unit;legacy_block,
S3046001_S_GN-SB-CA-04,S3046001_S_GN-SB-GL-01,,brand_unit;legacy_block,
S3046001_S_GN-SB-CA-04,S3046001_S_GN-SB-GL-04,,brand_unit;legacy_block,
S3046001_S_GN-SB-CA-04,S3046001_S_GN-SB-GM-01,,brand_unit;legacy_block,
S3046001_S_GN-SB-CA-04,S3046001_S_GN-SB-GM-04,,brand_unit;legacy_block,
S3046001_S_GN-SB-CA-04,S3046001_S_GN-SB-GR-01,,brand_unit;legacy_block,
S3046001_S_GN-SB-CA-04,S3046001_S_GN-SB-GR-04,,brand_unit;legacy_block,
S3046001_S_GN-SB-CA-04,S3046001_S_GN-SB-KE-01,0.00864808,brand_unit;legacy_block,
S3046001_S_GN-SB-CA-04,S3046001_S_GN-SB-LA-01,,brand_unit;legacy_block,
S3046001_S_GN-SB-CA-04,S3046001_S_GN-SB-LA-04,,brand_unit;legacy_block,
S3046001_S_GN-SB-CA-04,S3046001_S_GN-SB-LE-01,,brand_unit;legacy_block,
S3046001_S_GN-SB-CA-04,S3046001_S_GN-SB-LE-04,,brand_unit;legacy_block,
S3046001_S_GN-SB-CA-04,S3046001_S_GN-SB-MA-01,0.00903072,brand_unit;legacy_block,
S3046001_S_GN-SB-CA-04,S3046001_S_GN-SB-MA-04,0.11347813,brand_unit;legacy_block,
S3046001_S_GN-SB-CA-04,S3046001_S_GN-SB-NE-01,,brand_unit;legacy_block,
S3046001_S_GN-SB-CA-04,S3046001_S_GN-SB-NE-04,,brand_unit;legacy_block,
S3046001_S_GN-SB-CA-04,S3046001_S_GN-SB-NO-05,0.00849362,brand_unit;legacy_block,
S3046001_S_GN-SB-CA-04,S3046001_S_GN-SB-OO-01,,brand_unit;legacy_block,
S3046001_S_GN-SB-CA-04,S3046001_S_GN-SB-OO-04,,brand_unit;legacy_block,
S3046001_S_GN-SB-CA-04,S3046001_S_GN-SB-PF-05,0.03171712,brand_unit;legacy_block,
S3046001_S_GN-SB-CA-04,S3046001_S_GN-SB-PL-01,,brand_unit;legacy_block,
S3046001_S_GN-SB-CA-04,S3046001_S_GN-SB-PL-04,,brand_unit;legacy_block,
S3046001_S_GN-SB-CA-04,S3046001_S_GN-SB-PO-01,,brand_unit;legacy_block,
S3046001_S_GN-SB-CA-04,S3046001_S_GN-SB-PP-05,0.02517588,brand_unit;legacy_block,
S3046001_S_GN-SB-CA-04,S3046001_S_GN-SB-RO-01,,brand_unit;legacy_block,
S3046001_S_GN-SB-CA-04,S3046001_S_GN-SB-RO-04,,brand_unit;legacy_block,
S3046001_S_GN-SB-CA-04,S3046001_S_GN-SB-RS-01,,brand_unit;legacy_block,
S3046001_S_GN-SB-CA-04,S3046001_S_GN-SB-RS-04,,brand_unit;legacy_block,
S3046001_S_GN-SB-CA-04,S3046001_S_GN-SB-SB-01,,brand_unit;legacy_block,
S3046001_S_GN-SB-CA-04,S3046001_S_GN-SB-SB-04,,brand_unit;legacy_block,
S3046001_S_GN-SB-CA-04,S3046001_S_GN-SB-SJ-01,0.00716267,brand_unit;legacy_block,
S3046001_S_GN-SB-CA-04,S3046001_S_GN-SB-SJ-04,0.28851885,brand_unit;legacy_block,
S3046001_S_GN-SB-CA-04,S3046001_S_GN-SB-SS-01,0.47532496,brand_unit;legacy_block,
S3046001_S_GN-SB-CA-04,S3046001_S_GN-SB-SS-04,0.35493475,brand_unit;legacy_block,
S3046001_S_GN-SB-CA-04,S3046001_S_GN-SB-SW-04,0.07608507,brand_unit;legacy_block,
S3046001_S_GN-SB-CA-04,S3046001_S_GN-SB-TA-01,,brand_unit;legacy_block,
S3046001_S_GN-SB-CA-04,S3046001_S_GN-SB-TA-04,,brand_unit;legacy_block,
S3046001_S_GN-SB-CA-04,S3046001_S_GN-SB-TM-01,,brand_unit;legacy_block,
S3046001_S_GN-SB-CA-04,S3046001_S_GN-SB-TM-04,,brand_unit;legacy_block,
S3046001_S_GN-SB-CA-04,S3046001_S_GN-SB-TT-01,,brand_unit;legacy_block,
S3046001_S_GN-SB-CA-04,S3046001_S_GN-SB-TT-04,,brand_unit;legacy_block,
S3046001_S_GN-SB-CA-04,S3046001_S_GN-SB-TU-01,0.00126719,brand_unit;legacy_block,
S3046001_S_GN-SB-CA-04,S3046001_S_GN-SB-TU-04,,brand_unit;legacy_block,
S3046001_S_GN-SB-CA-04,S3046001_S_GN-SB-WP-01,0.00459122,brand_unit;legacy_block,
S3046001_S_GN-SB-CA-04,S3046001_S_GN-SB-WP-04,0.12728795,brand_unit;legacy_block,
S3046001_S_GN-SB-CA-04,S3046001_S_GN10667,0.10606158,brand_unit;legacy_block,
S3046001_S_GN-SB-CA-10,S3046001_S_GN-SB-CB-01,,brand_unit;legacy_block,
S3046001_S_GN-SB-CA-10,S3046001_S_GN-SB-CB-04,,brand_unit;legacy_block,
S3046001_S_GN-SB-CA-10,S3046001_S_GN-SB-CH-01,,brand_unit;legacy_block,
S3046001_S_GN-SB-CA-10,S3046001_S_GN-SB-CH-04-02,,brand_unit;legacy_block,
S3046001_S_GN-SB-CA-10,S3046001_S_GN-SB-CH-10,,brand_unit;legacy_block,
S3046001_S_GN-SB-CA-10,S3046001_S_GN-SB-CI-01,0.00451391,brand_unit;legacy_block,
S3046001_S_GN-SB-CA-10,S3046001_S_GN-SB-CI-04,0.12296367,brand_unit;legacy_block,
S3046001_S_GN-SB-CA-10,S3046001_S_GN-SB-CM-01,,brand_unit;legacy_block,
S3046001_S_GN-SB-CA-10,S3046001_S_GN-SB-CM-04,,brand_unit;legacy_block,
S3046001_S_GN-SB-CA-10,S3046001_S_GN-SB-CM-10,,brand_unit;legacy_block,
S3046001_S_GN-SB-CA-10,S3046001_S_GN-SB-CN-01,0.01339343,brand_unit;legacy_block,
S3046001_S_GN-SB-CA-10,S3046001_S_GN-SB-CN-04,0.01702410,brand_unit;legacy_block,
S3046001_S_GN-SB-CA-10,S3046001_S_GN-SB-CO-01,,brand_unit;legacy_block,
S3046001_S_GN-SB-CA-10,S3046001_S_GN-SB-CR-01,,brand_unit;legacy_block,
S3046001_S_GN-SB-CA-10,S3046001_S_GN-SB-CR-04,,brand_unit;legacy_block,
S3046001_S_GN-SB-CA-10,S3046001_S_GN-SB-CR-10,0.01673949,brand_unit;legacy_block,
S3046001_S_GN-SB-CA-10,S3046001_S_GN-SB-CS-05,0.02861460,brand_unit;legacy_block,
S3046001_S_GN-SB-CA-10,S3046001_S_GN-SB-DA-01,,brand_unit;legacy_block,
S3046001_S_GN-SB-CA-10,S3046001_S_GN-SB-DM-01,,brand_unit;legacy_block,
S3046001_S_GN-SB-CA-10,S3046001_S_GN-SB-DM-04,,brand_unit;legacy_block,
S3046001_S_GN-SB-CA-10,S3046001_S_GN-SB-FL-01,,brand_unit;legacy_block,
S3046001_S_GN-SB-CA-10,S3046001_S_GN-SB-FL-04,,brand_unit;legacy_block,
S3046001_S_GN-SB-CA-10,S3046001_S_GN-SB-GE-05,0.04545267,brand_unit;legacy_block,
S3046001_S_GN-SB-CA-10,S3046001_S_GN-SB-GL-01,,brand_unit;legacy_block,
S3046001_S_GN-SB-CA-10,S3046001_S_GN-SB-GL-04,,brand_unit;legacy_block,
S3046001_S_GN-SB-CA-10,S3046001_S_GN-SB-GM-01,,brand_unit;legacy_block,
S3046001_S_GN-SB-CA-10,S3046001_S_GN-SB-GM-04,,brand_unit;legacy_block,
S3046001_S_GN-SB-CA-10,S3046001_S_GN-SB-GR-01,,brand_unit;legacy_block,
S3046001_S_GN-SB-CA-10,S3046001_S_GN-SB-GR-04,,brand_unit;legacy_block,
S3046001_S_GN-SB-CA-10,S3046001_S_GN-SB-KE-01,0.02820883,brand_unit;legacy_block,
S3046001_S_GN-SB-CA-10,S3046001_S_GN-SB-LA-01,,brand_unit;legacy_block,
S3046001_S_GN-SB-CA-10,S3046001_S_GN-SB-LA-04,,brand_unit;legacy_block,
S3046001_S_GN-SB-CA-10,S3046001_S_GN-SB-LE-01,,brand_unit;legacy_block,
S3046001_S_GN-SB-CA-10,S3046001_S_GN-SB-LE-04,,brand_unit;legacy_block,
S3046001_S_GN-SB-CA-10,S3046001_S_GN-SB-MA-01,0.00370308,brand_unit;legacy_block,
S3046001_S_GN-SB-CA-10,S3046001_S_GN-SB-MA-04,0.06593211,brand_unit;legacy_block,
S3046001_S_GN-SB-CA-10,S3046001_S_GN-SB-NE-01,,brand_unit;legacy_block,
S3046001_S_GN-SB-CA-10,S3046001_S_GN-SB-NE-04,,brand_unit;legacy_block,
S3046001_S_GN-SB-CA-10,S3046001_S_GN-SB-NO-05,0.02861460,brand_unit;legacy_block,
S3046001_S_GN-SB-CA-10,S3046001_S_GN-SB-OO-01,,brand_unit;legacy_block,
S3046001_S_GN-SB-CA-10,S3046001_S_GN-SB-OO-04,,brand_unit;legacy_block,
S3046001_S_GN-SB-CA-10,S3046001_S_GN-SB-PF-05,0.06582588,brand_unit;legacy_block,
S3046001_S_GN-SB-CA-10,S3046001_S_GN-SB-PL-01,,brand_unit;legacy_block,
S3046001_S_GN-SB-CA-10,S3046001_S_GN-SB-PL-04,,brand_unit;legacy_block,
S3046001_S_GN-SB-CA-10,S3046001_S_GN-SB-PO-01,,brand_unit;legacy_block,
S3046001_S_GN-SB-CA-10,S3046001_S_GN-SB-PP-05,0.05436651,brand_unit;legacy_block,
S3046001_S_GN-SB-CA-10,S3046001_S_GN-SB-RO-01,,brand_unit;legacy_block,
S3046001_S_GN-SB-CA-10,S3046001_S_GN-SB-RO-04,,brand_unit;legacy_block,
S3046001_S_GN-SB-CA-10,S3046001_S_GN-SB-RS-01,,brand_unit;legacy_block,
S3046001_S_GN-SB-CA-10,S3046001_S_GN-SB-RS-04,,brand_unit;legacy_block,
S3046001_S_GN-SB-CA-10,S3046001_S_GN-SB-SB-01,,brand_unit;legacy_block,
S3046001_S_GN-SB-CA-10,S3046001_S_GN-SB-SB-04,,brand_unit;legacy_block,
S3046001_S_GN-SB-CA-10,S3046001_S_GN-SB-SJ-01,0.00273371,brand_unit;legacy_block,
S3046001_S_GN-SB-CA-10,S3046001_S_GN-SB-SJ-04,0.06370387,brand_unit;legacy_block,
S3046001_S_GN-SB-CA-10,S3046001_S_GN-SB-SS-01,0.03661153,brand_unit;legacy_block,
S3046001_S_GN-SB-CA-10,S3046001_S_GN-SB-SS-04,0.03989691,brand_unit;legacy_block,
S3046001_S_GN-SB-CA-10,S3046001_S_GN-SB-SW-04,0.00461023,brand_unit;legacy_block,
S3046001_S_GN-SB-CA-10,S3046001_S_GN-SB-TA-01,,brand_unit;legacy_block,
S3046001_S_GN-SB-CA-10,S3046001_S_GN-SB-TA-04,,brand_unit;legacy_block,
S3046001_S_GN-SB-CA-10,S3046001_S_GN-SB-TM-01,,brand_unit;legacy_block,
S3046001_S_GN-SB-CA-10,S3046001_S_GN-SB-TM-04,,brand_unit;legacy_block,
S3046001_S_GN-SB-CA-10,S3046001_S_GN-SB-TT-01,,brand_unit;legacy_block,
S3046001_S_GN-SB-CA-10,S3046001_S_GN-SB-TT-04,,brand_unit;legacy_block,
S3046001_S_GN-SB-CA-10,S3046001_S_GN-SB-TU-01,0.00229873,brand_unit;legacy_block,
S3046001_S_GN-SB-CA-10,S3046001_S_GN-SB-TU-04,,brand_unit;legacy_block,
S3046001_S_GN-SB-CA-10,S3046001_S_GN-SB-WP-01,0.04154922,brand_unit;legacy_block,
S3046001_S_GN-SB-CA-10,S3046001_S_GN-SB-WP-04,0.23542034,brand_unit;legacy_block,
S3046001_S_GN-SB-CA-10,S3046001_S_GN10667,0.15944028,brand_unit;legacy_block,
S3046001_S_GN-SB-CB-01,S3046001_S_GN-SB-CB-04,1.00000000,brand_unit;legacy_block,
S3046001_S_GN-SB-CB-01,S3046001_S_GN-SB-CH-01,,brand_unit;legacy_block,
S3046001_S_GN-SB-CB-01,S3046001_S_GN-SB-CH-04-02,,brand_unit;legacy_block,
S3046001_S_GN-SB-CB-01,S3046001_S_GN-SB-CH-10,,brand_unit;legacy_block,
S3046001_S_GN-SB-CB-01,S3046001_S_GN-SB-CI-01,,brand_unit;legacy_block,
S3046001_S_GN-SB-CB-01,S3046001_S_GN-SB-CI-04,,brand_unit;legacy_block,
S3046001_S_GN-SB-CB-01,S3046001_S_GN-SB-CM-01,0.01408160,brand_unit;legacy_block,
S3046001_S_GN-SB-CB-01,S3046001_S_GN-SB-CM-04,,brand_unit;legacy_block,
S3046001_S_GN-SB-CB-01,S3046001_S_GN-SB-CM-10,,brand_unit;legacy_block,
S3046001_S_GN-SB-CB-01,S3046001_S_GN-SB-CN-01,0.00527510,brand_unit;legacy_block,
S3046001_S_GN-SB-CB-01,S3046001_S_GN-SB-CN-04,0.00565308,brand_unit;legacy_block,
S3046001_S_GN-SB-CB-01,S3046001_S_GN-SB-CO-01,0.02864335,brand_unit;legacy_block,
S3046001_S_GN-SB-CB-01,S3046001_S_GN-SB-CR-01,,brand_unit;legacy_block,
S3046001_S_GN-SB-CB-01,S3046001_S_GN-SB-CR-04,,brand_unit;legacy_block,
S3046001_S_GN-SB-CB-01,S3046001_S_GN-SB-CR-10,,brand_unit;legacy_block,
S3046001_S_GN-SB-CB-01,S3046001_S_GN-SB-CS-05,0.00849362,brand_unit;legacy_block,
S3046001_S_GN-SB-CB-01,S3046001_S_GN-SB-DA-01,0.01408160,brand_unit;legacy_block,
S3046001_S_GN-SB-CB-01,S3046001_S_GN-SB-DM-01,,brand_unit;legacy_block,
S3046001_S_GN-SB-CB-01,S3046001_S_GN-SB-DM-04,,brand_unit;legacy_block,
S3046001_S_GN-SB-CB-01,S3046001_S_GN-SB-FL-01,,brand_unit;legacy_block,
S3046001_S_GN-SB-CB-01,S3046001_S_GN-SB-FL-04,,brand_unit;legacy_block,
S3046001_S_GN-SB-CB-01,S3046001_S_GN-SB-GE-05,0.00782587,brand_unit;legacy_block,
S3046001_S_GN-SB-CB-01,S3046001_S_GN-SB-GL-01,,brand_unit;legacy_block,
S3046001_S_GN-SB-CB-01,S3046001_S_GN-SB-GL-04,,brand_unit;legacy_block,
S3046001_S_GN-SB-CB-01,S3046001_S_GN-SB-GM-01,0.04158979,brand_unit;legacy_block,
S3046001_S_GN-SB-CB-01,S3046001_S_GN-SB-GM-04,0.02187101,brand_unit;legacy_block,
S3046001_S_GN-SB-CB-01,S3046001_S_GN-SB-GR-01,,brand_unit;legacy_block,
S3046001_S_GN-SB-CB-01,S3046001_S_GN-SB-GR-04,,brand_unit;legacy_block,
S3046001_S_GN-SB-CB-01,S3046001_S_GN-SB-KE-01,0.10639462,brand_unit;legacy_block,
S3046001_S_GN-SB-CB-01,S3046001_S_GN-SB-LA-01,,brand_unit;legacy_block,
S3046001_S_GN-SB-CB-01,S3046001_S_GN-SB-LA-04,,brand_unit;legacy_block,
S3046001_S_GN-SB-CB-01,S3046001_S_GN-SB-LE-01,,brand_unit;legacy_block,
S3046001_S_GN-SB-CB-01,S3046001_S_GN-SB-LE-04,,brand_unit;legacy_block,
S3046001_S_GN-SB-CB-01,S3046001_S_GN-SB-MA-01,0.01721109,brand_unit;legacy_block,
S3046001_S_GN-SB-CB-01,S3046001_S_GN-SB-MA-04,0.00665730,brand_unit;legacy_block,
S3046001_S_GN-SB-CB-01,S3046001_S_GN-SB-NE-01,,brand_unit;legacy_block,
S3046001_S_GN-SB-CB-01,S3046001_S_GN-SB-NE-04,,brand_unit;legacy_block,
S3046001_S_GN-SB-CB-01,S3046001_S_GN-SB-NO-05,0.00849362,brand_unit;legacy_block,
S3046001_S_GN-SB-CB-01,S3046001_S_GN-SB-OO-01,,brand_unit;legacy_block,
S3046001_S_GN-SB-CB-01,S3046001_S_GN-SB-OO-04,,brand_unit;legacy_block,
S3046001_S_GN-SB-CB-01,S3046001_S_GN-SB-PF-05,0.03536704,brand_unit;legacy_block,
S3046001_S_GN-SB-CB-01,S3046001_S_GN-SB-PL-01,,brand_unit;legacy_block,
S3046001_S_GN-SB-CB-01,S3046001_S_GN-SB-PL-04,,brand_unit;legacy_block,
S3046001_S_GN-SB-CB-01,S3046001_S_GN-SB-PO-01,0.01408160,brand_unit;legacy_block,
S3046001_S_GN-SB-CB-01,S3046001_S_GN-SB-PP-05,0.02809488,brand_unit;legacy_block,
S3046001_S_GN-SB-CB-01,S3046001_S_GN-SB-RO-01,,brand_unit;legacy_block,
S3046001_S_GN-SB-CB-01,S3046001_S_GN-SB-RO-04,,brand_unit;legacy_block,
S3046001_S_GN-SB-CB-01,S3046001_S_GN-SB-RS-01,,brand_unit;legacy_block,
S3046001_S_GN-SB-CB-01,S3046001_S_GN-SB-RS-04,,brand_unit;legacy_block,
S3046001_S_GN-SB-CB-01,S3046001_S_GN-SB-SB-01,,brand_unit;legacy_block,
S3046001_S_GN-SB-CB-01,S3046001_S_GN-SB-SB-04,,brand_unit;legacy_block,
S3046001_S_GN-SB-CB-01,S3046001_S_GN-SB-SJ-01,0.00507004,brand_unit;legacy_block,
S3046001_S_GN-SB-CB-01,S3046001_S_GN-SB-SJ-04,0.00665730,brand_unit;legacy_block,
S3046001_S_GN-SB-CB-01,S3046001_S_GN-SB-SS-01,0.03702760,brand_unit;legacy_block,
S3046001_S_GN-SB-CB-01,S3046001_S_GN-SB-SS-04,0.06051953,brand_unit;legacy_block,
S3046001_S_GN-SB-CB-01,S3046001_S_GN-SB-SW-04,0.03524234,brand_unit;legacy_block,
S3046001_S_GN-SB-CB-01,S3046001_S_GN-SB-TA-01,,brand_unit;legacy_block,
S3046001_S_GN-SB-CB-01,S3046001_S_GN-SB-TA-04,,brand_unit;legacy_block,
S3046001_S_GN-SB-CB-01,S3046001_S_GN-SB-TM-01,,brand_unit;legacy_block,
S3046001_S_GN-SB-CB-01,S3046001_S_GN-SB-TM-04,,brand_unit;legacy_block,
S3046001_S_GN-SB-CB-01,S3046001_S_GN-SB-TT-01,,brand_unit;legacy_block,
S3046001_S_GN-SB-CB-01,S3046001_S_GN-SB-TT-04,,brand_unit;legacy_block,
S3046001_S_GN-SB-CB-01,S3046001_S_GN-SB-TU-01,0.00328615,brand_unit;legacy_block,
S3046001_S_GN-SB-CB-01,S3046001_S_GN-SB-TU-04,,brand_unit;legacy_block,
S3046001_S_GN-SB-CB-01,S3046001_S_GN-SB-WP-01,0.00599248,brand_unit;legacy_block,
S3046001_S_GN-SB-CB-01,S3046001_S_GN-SB-WP-04,0.00078511,brand_unit;legacy_block,
S3046001_S_GN-SB-CB-01,S3046001_S_GN10667,0.07204269,brand_unit;legacy_block,
S3046001_S_GN-SB-CB-04,S3046001_S_GN-SB-CH-01,,brand_unit;legacy_block,
S3046001_S_GN-SB-CB-04,S3046001_S_GN-SB-CH-04-02,,brand_unit;legacy_block,
S3046001_S_GN-SB-CB-04,S3046001_S_GN-SB-CH-10,,brand_unit;legacy_block,
S3046001_S_GN-SB-CB-04,S3046001_S_GN-SB-CI-01,,brand_unit;legacy_block,
S3046001_S_GN-SB-CB-04,S3046001_S_GN-SB-CI-04,,brand_unit;legacy_block,
S3046001_S_GN-SB-CB-04,S3046001_S_GN-SB-CM-01,0.01770464,brand_unit;legacy_block,
S3046001_S_GN-SB-CB-04,S3046001_S_GN-SB-CM-04,,brand_unit;legacy_block,
S3046001_S_GN-SB-CB-04,S3046001_S_GN-SB-CM-10,,brand_unit;legacy_block,
S3046001_S_GN-SB-CB-04,S3046001_S_GN-SB-CN-01,0.16829296,brand_unit;legacy_block,
S3046001_S_GN-SB-CB-04,S3046001_S_GN-SB-CN-04,0.07694800,brand_unit;legacy_block,
S3046001_S_GN-SB-CB-04,S3046001_S_GN-SB-CO-01,0.02328736,brand_unit;legacy_block,
S3046001_S_GN-SB-CB-04,S3046001_S_GN-SB-CR-01,,brand_unit;legacy_block,
S3046001_S_GN-SB-CB-04,S3046001_S_GN-SB-CR-04,,brand_unit;legacy_block,
S3046001_S_GN-SB-CB-04,S3046001_S_GN-SB-CR-10,,brand_unit;legacy_block,
S3046001_S_GN-SB-CB-04,S3046001_S_GN-SB-CS-05,0.00849362,brand_unit;legacy_block,
S3046001_S_GN-SB-CB-04,S3046001_S_GN-SB-DA-01,0.01770464,brand_unit;legacy_block,
S3046001_S_GN-SB-CB-04,S3046001_S_GN-SB-DM-01,,brand_unit;legacy_block,
S3046001_S_GN-SB-CB-04,S3046001_S_GN-SB-DM-04,,brand_unit;legacy_block,
S3046001_S_GN-SB-CB-04,S3046001_S_GN-SB-FL-01,,brand_unit;legacy_block,
S3046001_S_GN-SB-CB-04,S3046001_S_GN-SB-FL-04,,brand_unit;legacy_block,
S3046001_S_GN-SB-CB-04,S3046001_S_GN-SB-GE-05,0.00849362,brand_unit;legacy_block,
S3046001_S_GN-SB-CB-04,S3046001_S_GN-SB-GL-01,,brand_unit;legacy_block,
S3046001_S_GN-SB-CB-04,S3046001_S_GN-SB-GL-04,,brand_unit;legacy_block,
S3046001_S_GN-SB-CB-04,S3046001_S_GN-SB-GM-01,0.01733908,brand_unit;legacy_block,
S3046001_S_GN-SB-CB-04,S3046001_S_GN-SB-GM-04,0.34431155,brand_unit;legacy_block,
S3046001_S_GN-SB-CB-04,S3046001_S_GN-SB-GR-01,,brand_unit;legacy_block,
S3046001_S_GN-SB-CB-04,S3046001_S_GN-SB-GR-04,,brand_unit;legacy_block,
S3046001_S_GN-SB-CB-04,S3046001_S_GN-SB-KE-01,0.00864808,brand_unit;legacy_block,
S3046001_S_GN-SB-CB-04,S3046001_S_GN-SB-LA-01,,brand_unit;legacy_block,
S3046001_S_GN-SB-CB-04,S3046001_S_GN-SB-LA-04,,brand_unit;legacy_block,
S3046001_S_GN-SB-CB-04,S3046001_S_GN-SB-LE-01,,brand_unit;legacy_block,
S3046001_S_GN-SB-CB-04,S3046001_S_GN-SB-LE-04,,brand_unit;legacy_block,
S3046001_S_GN-SB-CB-04,S3046001_S_GN-SB-MA-01,0.00903072,brand_unit;legacy_block,
S3046001_S_GN-SB-CB-04,S3046001_S_GN-SB-MA-04,0.11347813,brand_unit;legacy_block,
S3046001_S_GN-SB-CB-04,S3046001_S_GN-SB-NE-01,,brand_unit;legacy_block,
S3046001_S_GN-SB-CB-04,S3046001_S_GN-SB-NE-04,,brand_unit;legacy_block,
S3046001_S_GN-SB-CB-04,S3046001_S_GN-SB-NO-05,0.00849362,brand_unit;legacy_block,
S3046001_S_GN-SB-CB-04,S3046001_S_GN-SB-OO-01,,brand_unit;legacy_block,
S3046001_S_GN-SB-CB-04,S3046001_S_GN-SB-OO-04,,brand_unit;legacy_block,
S3046001_S_GN-SB-CB-04,S3046001_S_GN-SB-PF-05,0.03171712,brand_unit;legacy_block,
S3046001_S_GN-SB-CB-04,S3046001_S_GN-SB-PL-01,,brand_unit;legacy_block,
S3046001_S_GN-SB-CB-04,S3046001_S_GN-SB-PL-04,,brand_unit;legacy_block,
S3046001_S_GN-SB-CB-04,S3046001_S_GN-SB-PO-01,0.01770464,brand_unit;legacy_block,
S3046001_S_GN-SB-CB-04,S3046001_S_GN-SB-PP-05,0.02517588,brand_unit;legacy_block,
S3046001_S_GN-SB-CB-04,S3046001_S_GN-SB-RO-01,,brand_unit;legacy_block,
S3046001_S_GN-SB-CB-04,S3046001_S_GN-SB-RO-04,,brand_unit;legacy_block,
S3046001_S_GN-SB-CB-04,S3046001_S_GN-SB-RS-01,,brand_unit;legacy_block,
S3046001_S_GN-SB-CB-04,S3046001_S_GN-SB-RS-04,,brand_unit;legacy_block,
S3046001_S_GN-SB-CB-04,S3046001_S_GN-SB-SB-01,,brand_unit;legacy_block,
S3046001_S_GN-SB-CB-04,S3046001_S_GN-SB-SB-04,,brand_unit;legacy_block,
S3046001_S_GN-SB-CB-04,S3046001_S_GN-SB-SJ-01,0.00716267,brand_unit;legacy_block,
S3046001_S_GN-SB-CB-04,S3046001_S_GN-SB-SJ-04,0.28851885,brand_unit;legacy_block,
S3046001_S_GN-SB-CB-04,S3046001_S_GN-SB-SS-01,0.47532496,brand_unit;legacy_block,
S3046001_S_GN-SB-CB-04,S3046001_S_GN-SB-SS-04,0.35493475,brand_unit;legacy_block,
S3046001_S_GN-SB-CB-04,S3046001_S_GN-SB-SW-04,0.07608507,brand_unit;legacy_block,
S3046001_S_GN-SB-CB-04,S3046001_S_GN-SB-TA-01,,brand_unit;legacy_block,
S3046001_S_GN-SB-CB-04,S3046001_S_GN-SB-TA-04,,brand_unit;legacy_block,
S3046001_S_GN-SB-CB-04,S3046001_S_GN-SB-TM-01,,brand_unit;legacy_block,
S3046001_S_GN-SB-CB-04,S3046001_S_GN-SB-TM-04,,brand_unit;legacy_block,
S3046001_S_GN-SB-CB-04,S3046001_S_GN-SB-TT-01,,brand_unit;legacy_block,
S3046001_S_GN-SB-CB-04,S3046001_S_GN-SB-TT-04,,brand_unit;legacy_block,
S3046001_S_GN-SB-CB-04,S3046001_S_GN-SB-TU-01,0.00104163,brand_unit;legacy_block,
S3046001_S_GN-SB-CB-04,S3046001_S_GN-SB-TU-04,,brand_unit;legacy_block,
S3046001_S_GN-SB-CB-04,S3046001_S_GN-SB-WP-01,0.00459122,brand_unit;legacy_block,
S3046001_S_GN-SB-CB-04,S3046001_S_GN-SB-WP-04,0.12728795,brand_unit;legacy_block,
S3046001_S_GN-SB-CB-04,S3046001_S_GN10667,0.10606158,brand_unit;legacy_block,
S3046001_S_GN-SB-CH-01,S3046001_S_GN-SB-CH-04-02,1.00000000,brand_unit;legacy_block,
S3046001_S_GN-SB-CH-01,S3046001_S_GN-SB-CH-10,0.98997748,brand_unit;legacy_block,
S3046001_S_GN-SB-CH-01,S3046001_S_GN-SB-CI-01,,brand_unit;legacy_block,
S3046001_S_GN-SB-CH-01,S3046001_S_GN-SB-CI-04,,brand_unit;legacy_block,
S3046001_S_GN-SB-CH-01,S3046001_S_GN-SB-CM-01,,brand_unit;legacy_block,
S3046001_S_GN-SB-CH-01,S3046001_S_GN-SB-CM-04,,brand_unit;legacy_block,
S3046001_S_GN-SB-CH-01,S3046001_S_GN-SB-CM-10,,brand_unit;legacy_block,
S3046001_S_GN-SB-CH-01,S3046001_S_GN-SB-CN-01,0.00527510,brand_unit;legacy_block,
S3046001_S_GN-SB-CH-01,S3046001_S_GN-SB-CN-04,0.00565308,brand_unit;legacy_block,
S3046001_S_GN-SB-CH-01,S3046001_S_GN-SB-CO-01,,brand_unit;legacy_block,
S3046001_S_GN-SB-CH-01,S3046001_S_GN-SB-CR-01,,brand_unit;legacy_block,
S3046001_S_GN-SB-CH-01,S3046001_S_GN-SB-CR-04,,brand_unit;legacy_block,
S3046001_S_GN-SB-CH-01,S3046001_S_GN-SB-CR-10,,brand_unit;legacy_block,
S3046001_S_GN-SB-CH-01,S3046001_S_GN-SB-CS-05,0.00849362,brand_unit;legacy_block,
S3046001_S_GN-SB-CH-01,S3046001_S_GN-SB-DA-01,,brand_unit;legacy_block,
S3046001_S_GN-SB-CH-01,S3046001_S_GN-SB-DM-01,,brand_unit;legacy_block,
S3046001_S_GN-SB-CH-01,S3046001_S_GN-SB-DM-04,,brand_unit;legacy_block,
S3046001_S_GN-SB-CH-01,S3046001_S_GN-SB-FL-01,,brand_unit;legacy_block,
S3046001_S_GN-SB-CH-01,S3046001_S_GN-SB-FL-04,,brand_unit;legacy_block,
S3046001_S_GN-SB-CH-01,S3046001_S_GN-SB-GE-05,0.00782587,brand_unit;legacy_block,
S3046001_S_GN-SB-CH-01,S3046001_S_GN-SB-GL-01,,brand_unit;legacy_block,
S3046001_S_GN-SB-CH-01,S3046001_S_GN-SB-GL-04,,brand_unit;legacy_block,
S3046001_S_GN-SB-CH-01,S3046001_S_GN-SB-GM-01,0.02028308,brand_unit;legacy_block,
S3046001_S_GN-SB-CH-01,S3046001_S_GN-SB-GM-04,0.01988936,brand_unit;legacy_block,
S3046001_S_GN-SB-CH-01,S3046001_S_GN-SB-GR-01,,brand_unit;legacy_block,
S3046001_S_GN-SB-CH-01,S3046001_S_GN-SB-GR-04,,brand_unit;legacy_block,
S3046001_S_GN-SB-CH-01,S3046001_S_GN-SB-KE-01,0.00993007,brand_unit;legacy_block,
S3046001_S_GN-SB-CH-01,S3046001_S_GN-SB-LA-01,,brand_unit;legacy_block,
S3046001_S_GN-SB-CH-01,S3046001_S_GN-SB-LA-04,,brand_unit;legacy_block,
S3046001_S_GN-SB-CH-01,S3046001_S_GN-SB-LE-01,,brand_unit;legacy_block,
S3046001_S_GN-SB-CH-01,S3046001_S_GN-SB-LE-04,,brand_unit;legacy_block,
S3046001_S_GN-SB-CH-01,S3046001_S_GN-SB-MA-01,0.00610364,brand_unit;legacy_block,
S3046001_S_GN-SB-CH-01,S3046001_S_GN-SB-MA-04,0.00623399,brand_unit;legacy_block,
S3046001_S_GN-SB-CH-01,S3046001_S_GN-SB-NE-01,,brand_unit;legacy_block,
S3046001_S_GN-SB-CH-01,S3046001_S_GN-SB-NE-04,,brand_unit;legacy_block,
S3046001_S_GN-SB-CH-01,S3046001_S_GN-SB-NO-05,0.00849362,brand_unit;legacy_block,
S3046001_S_GN-SB-CH-01,S3046001_S_GN-SB-OO-01,,brand_unit;legacy_block,
S3046001_S_GN-SB-CH-01,S3046001_S_GN-SB-OO-04,,brand_unit;legacy_block,
S3046001_S_GN-SB-CH-01,S3046001_S_GN-SB-PF-05,0.03171712,brand_unit;legacy_block,
S3046001_S_GN-SB-CH-01,S3046001_S_GN-SB-PL-01,,brand_unit;legacy_block,
S3046001_S_GN-SB-CH-01,S3046001_S_GN-SB-PL-04,,brand_unit;legacy_block,
S3046001_S_GN-SB-CH-01,S3046001_S_GN-SB-PO-01,,brand_unit;legacy_block,
S3046001_S_GN-SB-CH-01,S3046001_S_GN-SB-PP-05,0.02517588,brand_unit;legacy_block,
S3046001_S_GN-SB-CH-01,S3046001_S_GN-SB-RO-01,,brand_unit;legacy_block,
S3046001_S_GN-SB-CH-01,S3046001_S_GN-SB-RO-04,,brand_unit;legacy_block,
S3046001_S_GN-SB-CH-01,S3046001_S_GN-SB-RS-01,,brand_unit;legacy_block,
S3046001_S_GN-SB-CH-01,S3046001_S_GN-SB-RS-04,,brand_unit;legacy_block,
S3046001_S_GN-SB-CH-01,S3046001_S_GN-SB-SB-01,,brand_unit;legacy_block,
S3046001_S_GN-SB-CH-01,S3046001_S_GN-SB-SB-04,,brand_unit;legacy_block,
S3046001_S_GN-SB-CH-01,S3046001_S_GN-SB-SJ-01,0.00535218,brand_unit;legacy_block,
S3046001_S_GN-SB-CH-01,S3046001_S_GN-SB-SJ-04,0.00636773,brand_unit;legacy_block,
S3046001_S_GN-SB-CH-01,S3046001_S_GN-SB-SS-01,0.03702760,brand_unit;legacy_block,
S3046001_S_GN-SB-CH-01,S3046001_S_GN-SB-SS-04,0.06051953,brand_unit;legacy_block,
S3046001_S_GN-SB-CH-01,S3046001_S_GN-SB-SW-04,0.00683958,brand_unit;legacy_block,
S3046001_S_GN-SB-CH-01,S3046001_S_GN-SB-TA-01,,brand_unit;legacy_block,
S3046001_S_GN-SB-CH-01,S3046001_S_GN-SB-TA-04,,brand_unit;legacy_block,
S3046001_S_GN-SB-CH-01,S3046001_S_GN-SB-TM-01,,brand_unit;legacy_block,
S3046001_S_GN-SB-CH-01,S3046001_S_GN-SB-TM-04,,brand_unit;legacy_block,
S3046001_S_GN-SB-CH-01,S3046001_S_GN-SB-TT-01,,brand_unit;legacy_block,
S3046001_S_GN-SB-CH-01,S3046001_S_GN-SB-TT-04,,brand_unit;legacy_block,
S3046001_S_GN-SB-CH-01,S3046001_S_GN-SB-TU-01,0.00281819,brand_unit;legacy_block,
S3046001_S_GN-SB-CH-01,S3046001_S_GN-SB-TU-04,,brand_unit;legacy_block,
S3046001_S_GN-SB-CH-01,S3046001_S_GN-SB-WP-01,0.00599248,brand_unit;legacy_block,
S3046001_S_GN-SB-CH-01,S3046001_S_GN-SB-WP-04,0.00078511,brand_unit;legacy_block,
S3046001_S_GN-SB-CH-01,S3046001_S_GN10667,0.07204269,brand_unit;legacy_block,
S3046001_S_GN-SB-CH-04-02,S3046001_S_GN-SB-CH-10,0.99950416,brand_unit;legacy_block,
S3046001_S_GN-SB-CH-04-02,S3046001_S_GN-SB-CI-01,,brand_unit;legacy_block,
S3046001_S_GN-SB-CH-04-02,S3046001_S_GN-SB-CI-04,,brand_unit;legacy_block,
S3046001_S_GN-SB-CH-04-02,S3046001_S_GN-SB-CM-01,,brand_unit;legacy_block,
S3046001_S_GN-SB-CH-04-02,S3046001_S_GN-SB-CM-04,,brand_unit;legacy_block,
S3046001_S_GN-SB-CH-04-02,S3046001_S_GN-SB-CM-10,,brand_unit;legacy_block,
S3046001_S_GN-SB-CH-04-02,S3046001_S_GN-SB-CN-01,0.16829296,brand_unit;legacy_block,
S3046001_S_GN-SB-CH-04-02,S3046001_S_GN-SB-CN-04,0.07694800,brand_unit;legacy_block,
S3046001_S_GN-SB-CH-04-02,S3046001_S_GN-SB-CO-01,,brand_unit;legacy_block,
S3046001_S_GN-SB-CH-04-02,S3046001_S_GN-SB-CR-01,,brand_unit;legacy_block,
S3046001_S_GN-SB-CH-04-02,S3046001_S_GN-SB-CR-04,,brand_unit;legacy_block,
S3046001_S_GN-SB-CH-04-02,S3046001_S_GN-SB-CR-10,,brand_unit;legacy_block,
S3046001_S_GN-SB-CH-04-02,S3046001_S_GN-SB-CS-05,0.00849362,brand_unit;legacy_block,
S3046001_S_GN-SB-CH-04-02,S3046001_S_GN-SB-DA-01,,brand_unit;legacy_block,
S3046001_S_GN-SB-CH-04-02,S3046001_S_GN-SB-DM-01,,brand_unit;legacy_block,
S3046001_S_GN-SB-CH-04-02,S3046001_S_GN-SB-DM-04,,brand_unit;legacy_block,
S3046001_S_GN-SB-CH-04-02,S3046001_S_GN-SB-FL-01,,brand_unit;legacy_block,
S3046001_S_GN-SB-CH-04-02,S3046001_S_GN-SB-FL-04,,brand_unit;legacy_block,
S3046001_S_GN-SB-CH-04-02,S3046001_S_GN-SB-GE-05,0.00849362,brand_unit;legacy_block,
S3046001_S_GN-SB-CH-04-02,S3046001_S_GN-SB-GL-01,,brand_unit;legacy_block,
S3046001_S_GN-SB-CH-04-02,S3046001_S_GN-SB-GL-04,,brand_unit;legacy_block,
S3046001_S_GN-SB-CH-04-02,S3046001_S_GN-SB-GM-01,0.01733908,brand_unit;legacy_block,
S3046001_S_GN-SB-CH-04-02,S3046001_S_GN-SB-GM-04,0.34431155,brand_unit;legacy_block,
S3046001_S_GN-SB-CH-04-02,S3046001_S_GN-SB-GR-01,,brand_unit;legacy_block,
S3046001_S_GN-SB-CH-04-02,S3046001_S_GN-SB-GR-04,,brand_unit;legacy_block,
S3046001_S_GN-SB-CH-04-02,S3046001_S_GN-SB-KE-01,0.00864808,brand_unit;legacy_block,
S3046001_S_GN-SB-CH-04-02,S3046001_S_GN-SB-LA-01,,brand_unit;legacy_block,
S3046001_S_GN-SB-CH-04-02,S3046001_S_GN-SB-LA-04,,brand_unit;legacy_block,
S3046001_S_GN-SB-CH-04-02,S3046001_S_GN-SB-LE-01,,brand_unit;legacy_block,
S3046001_S_GN-SB-CH-04-02,S3046001_S_GN-SB-LE-04,,brand_unit;legacy_block,
S3046001_S_GN-SB-CH-04-02,S3046001_S_GN-SB-MA-01,0.00903072,brand_unit;legacy_block,
S3046001_S_GN-SB-CH-04-02,S3046001_S_GN-SB-MA-04,0.11347813,brand_unit;legacy_block,
S3046001_S_GN-SB-CH-04-02,S3046001_S_GN-SB-NE-01,,brand_unit;legacy_block,
S3046001_S_GN-SB-CH-04-02,S3046001_S_GN-SB-NE-04,,brand_unit;legacy_block,
S3046001_S_GN-SB-CH-04-02,S3046001_S_GN-SB-NO-05,0.00849362,brand_unit;legacy_block,
S3046001_S_GN-SB-CH-04-02,S3046001_S_GN-SB-OO-01,,brand_unit;legacy_block,
S3046001_S_GN-SB-CH-04-02,S3046001_S_GN-SB-OO-04,,brand_unit;legacy_block,
S3046001_S_GN-SB-CH-04-02,S3046001_S_GN-SB-PF-05,0.03171712,brand_unit;legacy_block,
S3046001_S_GN-SB-CH-04-02,S3046001_S_GN-SB-PL-01,,brand_unit;legacy_block,
S3046001_S_GN-SB-CH-04-02,S3046001_S_GN-SB-PL-04,,brand_unit;legacy_block,
S3046001_S_GN-SB-CH-04-02,S3046001_S_GN-SB-PO-01,,brand_unit;legacy_block,
S3046001_S_GN-SB-CH-04-02,S3046001_S_GN-SB-PP-05,0.02517588,brand_unit;legacy_block,
S3046001_S_GN-SB-CH-04-02,S3046001_S_GN-SB-RO-01,,brand_unit;legacy_block,
S3046001_S_GN-SB-CH-04-02,S3046001_S_GN-SB-RO-04,,brand_unit;legacy_block,
S3046001_S_GN-SB-CH-04-02,S3046001_S_GN-SB-RS-01,,brand_unit;legacy_block,
S3046001_S_GN-SB-CH-04-02,S3046001_S_GN-SB-RS-04,,brand_unit;legacy_block,
S3046001_S_GN-SB-CH-04-02,S3046001_S_GN-SB-SB-01,,brand_unit;legacy_block,
S3046001_S_GN-SB-CH-04-02,S3046001_S_GN-SB-SB-04,,brand_unit;legacy_block,
S3046001_S_GN-SB-CH-04-02,S3046001_S_GN-SB-SJ-01,0.00716267,brand_unit;legacy_block,
S3046001_S_GN-SB-CH-04-02,S3046001_S_GN-SB-SJ-04,0.28851885,brand_unit;legacy_block,
S3046001_S_GN-SB-CH-04-02,S3046001_S_GN-SB-SS-01,0.47532496,brand_unit;legacy_block,
S3046001_S_GN-SB-CH-04-02,S3046001_S_GN-SB-SS-04,0.35493475,brand_unit;legacy_block,
S3046001_S_GN-SB-CH-04-02,S3046001_S_GN-SB-SW-04,0.07608507,brand_unit;legacy_block,
S3046001_S_GN-SB-CH-04-02,S3046001_S_GN-SB-TA-01,,brand_unit;legacy_block,
S3046001_S_GN-SB-CH-04-02,S3046001_S_GN-SB-TA-04,,brand_unit;legacy_block,
S3046001_S_GN-SB-CH-04-02,S3046001_S_GN-SB-TM-01,,brand_unit;legacy_block,
S3046001_S_GN-SB-CH-04-02,S3046001_S_GN-SB-TM-04,,brand_unit;legacy_block,
S3046001_S_GN-SB-CH-04-02,S3046001_S_GN-SB-TT-01,,brand_unit;legacy_block,
S3046001_S_GN-SB-CH-04-02,S3046001_S_GN-SB-TT-04,,brand_unit;legacy_block,
S3046001_S_GN-SB-CH-04-02,S3046001_S_GN-SB-TU-01,0.00126719,brand_unit;legacy_block,
S3046001_S_GN-SB-CH-04-02,S3046001_S_GN-SB-TU-04,,brand_unit;legacy_block,
S3046001_S_GN-SB-CH-04-02,S3046001_S_GN-SB-WP-01,0.00459122,brand_unit;legacy_block,
S3046001_S_GN-SB-CH-04-02,S3046001_S_GN-SB-WP-04,0.12728795,brand_unit;legacy_block,
S3046001_S_GN-SB-CH-04-02,S3046001_S_GN10667,0.10606158,brand_unit;legacy_block,
S3046001_S_GN-SB-CH-10,S3046001_S_GN-SB-CI-01,,brand_unit;legacy_block,
S3046001_S_GN-SB-CH-10,S3046001_S_GN-SB-CI-04,,brand_unit;legacy_block,
S3046001_S_GN-SB-CH-10,S3046001_S_GN-SB-CM-01,,brand_unit;legacy_block,
S3046001_S_GN-SB-CH-10,S3046001_S_GN-SB-CM-04,,brand_unit;legacy_block,
S3046001_S_GN-SB-CH-10,S3046001_S_GN-SB-CM-10,,brand_unit;legacy_block,
S3046001_S_GN-SB-CH-10,S3046001_S_GN-SB-CN-01,0.02844705,brand_unit;legacy_block,
S3046001_S_GN-SB-CH-10,S3046001_S_GN-SB-CN-04,0.03661153,brand_unit;legacy_block,
S3046001_S_GN-SB-CH-10,S3046001_S_GN-SB-CO-01,,brand_unit;legacy_block,
S3046001_S_GN-SB-CH-10,S3046001_S_GN-SB-CR-01,,brand_unit;legacy_block,
S3046001_S_GN-SB-CH-10,S3046001_S_GN-SB-CR-04,,brand_unit;legacy_block,
S3046001_S_GN-SB-CH-10,S3046001_S_GN-SB-CR-10,,brand_unit;legacy_block,
S3046001_S_GN-SB-CH-10,S3046001_S_GN-SB-CS-05,0.01419952,brand_unit;legacy_block,
S3046001_S_GN-SB-CH-10,S3046001_S_GN-SB-DA-01,,brand_unit;legacy_block,
S3046001_S_GN-SB-CH-10,S3046001_S_GN-SB-DM-01,,brand_unit;legacy_block,
S3046001_S_GN-SB-CH-10,S3046001_S_GN-SB-DM-04,,brand_unit;legacy_block,
S3046001_S_GN-SB-CH-10,S3046001_S_GN-SB-FL-01,,brand_unit;legacy_block,
S3046001_S_GN-SB-CH-10,S3046001_S_GN-SB-FL-04,,brand_unit;legacy_block,
S3046001_S_GN-SB-CH-10,S3046001_S_GN-SB-GE-05,0.01419952,brand_unit;legacy_block,
S3046001_S_GN-SB-CH-10,S3046001_S_GN-SB-GL-01,,brand_unit;legacy_block,
S3046001_S_GN-SB-CH-10,S3046001_S_GN-SB-GL-04,,brand_unit;legacy_block,
S3046001_S_GN-SB-CH-10,S3046001_S_GN-SB-GM-01,,brand_unit;legacy_block,
S3046001_S_GN-SB-CH-10,S3046001_S_GN-SB-GM-04,,brand_unit;legacy_block,
S3046001_S_GN-SB-CH-10,S3046001_S_GN-SB-GR-01,,brand_unit;legacy_block,
S3046001_S_GN-SB-CH-10,S3046001_S_GN-SB-GR-04,,brand_unit;legacy_block,
S3046001_S_GN-SB-CH-10,S3046001_S_GN-SB-KE-01,0.00333709,brand_unit;legacy_block,
S3046001_S_GN-SB-CH-10,S3046001_S_GN-SB-LA-01,,brand_unit;legacy_block,
S3046001_S_GN-SB-CH-10,S3046001_S_GN-SB-LA-04,,brand_unit;legacy_block,
S3046001_S_GN-SB-CH-10,S3046001_S_GN-SB-LE-01,,brand_unit;legacy_block,
S3046001_S_GN-SB-CH-10,S3046001_S_GN-SB-LE-04,,brand_unit;legacy_block,
S3046001_S_GN-SB-CH-10,S3046001_S_GN-SB-MA-01,0.01325251,brand_unit;legacy_block,
S3046001_S_GN-SB-CH-10,S3046001_S_GN-SB-MA-04,0.23943470,brand_unit;legacy_block,
S3046001_S_GN-SB-CH-10,S3046001_S_GN-SB-NE-01,,brand_unit;legacy_block,
S3046001_S_GN-SB-CH-10,S3046001_S_GN-SB-NE-04,,brand_unit;legacy_block,
S3046001_S_GN-SB-CH-10,S3046001_S_GN-SB-NO-05,0.01419952,brand_unit;legacy_block,
S3046001_S_GN-SB-CH-10,S3046001_S_GN-SB-OO-01,,brand_unit;legacy_block,
S3046001_S_GN-SB-CH-10,S3046001_S_GN-SB-OO-04,,brand_unit;legacy_block,
S3046001_S_GN-SB-CH-10,S3046001_S_GN-SB-PF-05,0.03031444,brand_unit;legacy_block,
S3046001_S_GN-SB-CH-10,S3046001_S_GN-SB-PL-01,,brand_unit;legacy_block,
S3046001_S_GN-SB-CH-10,S3046001_S_GN-SB-PL-04,,brand_unit;legacy_block,
S3046001_S_GN-SB-CH-10,S3046001_S_GN-SB-PO-01,,brand_unit;legacy_block,
S3046001_S_GN-SB-CH-10,S3046001_S_GN-SB-PP-05,0.02405529,brand_unit;legacy_block,
S3046001_S_GN-SB-CH-10,S3046001_S_GN-SB-RO-01,,brand_unit;legacy_block,
S3046001_S_GN-SB-CH-10,S3046001_S_GN-SB-RO-04,,brand_unit;legacy_block,
S3046001_S_GN-SB-CH-10,S3046001_S_GN-SB-RS-01,,brand_unit;legacy_block,
S3046001_S_GN-SB-CH-10,S3046001_S_GN-SB-RS-04,,brand_unit;legacy_block,
S3046001_S_GN-SB-CH-10,S3046001_S_GN-SB-SB-01,,brand_unit;legacy_block,
S3046001_S_GN-SB-CH-10,S3046001_S_GN-SB-SB-04,,brand_unit;legacy_block,
S3046001_S_GN-SB-CH-10,S3046001_S_GN-SB-SJ-01,0.01029285,brand_unit;legacy_block,
S3046001_S_GN-SB-CH-10,S3046001_S_GN-SB-SJ-04,0.23244549,brand_unit;legacy_block,
S3046001_S_GN-SB-CH-10,S3046001_S_GN-SB-SS-01,0.12107827,brand_unit;legacy_block,
S3046001_S_GN-SB-CH-10,S3046001_S_GN-SB-SS-04,0.12316299,brand_unit;legacy_block,
S3046001_S_GN-SB-CH-10,S3046001_S_GN-SB-SW-04,0.02668756,brand_unit;legacy_block,
S3046001_S_GN-SB-CH-10,S3046001_S_GN-SB-TA-01,,brand_unit;legacy_block,
S3046001_S_GN-SB-CH-10,S3046001_S_GN-SB-TA-04,,brand_unit;legacy_block,
S3046001_S_GN-SB-CH-10,S3046001_S_GN-SB-TM-01,,brand_unit;legacy_block,
S3046001_S_GN-SB-CH-10,S3046001_S_GN-SB-TM-04,,brand_unit;legacy_block,
S3046001_S_GN-SB-CH-10,S3046001_S_GN-SB-TT-01,,brand_unit;legacy_block,
S3046001_S_GN-SB-CH-10,S3046001_S_GN-SB-TT-04,,brand_unit;legacy_block,
S3046001_S_GN-SB-CH-10,S3046001_S_GN-SB-TU-01,0.00430396,brand_unit;legacy_block,
S3046001_S_GN-SB-CH-10,S3046001_S_GN-SB-TU-04,,brand_unit;legacy_block,
S3046001_S_GN-SB-CH-10,S3046001_S_GN-SB-WP-01,0.01955756,brand_unit;legacy_block,
S3046001_S_GN-SB-CH-10,S3046001_S_GN-SB-WP-04,0.16479687,brand_unit;legacy_block,
S3046001_S_GN-SB-CH-10,S3046001_S_GN10667,0.44998803,brand_unit;legacy_block,
S3046001_S_GN-SB-CI-01,S3046001_S_GN-SB-CI-04,1.00000000,brand_unit;legacy_block,
S3046001_S_GN-SB-CI-01,S3046001_S_GN-SB-CM-01,0.01919107,brand_unit;legacy_block,
S3046001_S_GN-SB-CI-01,S3046001_S_GN-SB-CM-04,0.01633528,brand_unit;legacy_block,
S3046001_S_GN-SB-CI-01,S3046001_S_GN-SB-CM-10,0.00451391,brand_unit;legacy_block,
S3046001_S_GN-SB-CI-01,S3046001_S_GN-SB-CN-01,0.00527510,brand_unit;legacy_block,
S3046001_S_GN-SB-CI-01,S3046001_S_GN-SB-CN-04,0.00565308,brand_unit;legacy_block,
S3046001_S_GN-SB-CI-01,S3046001_S_GN-SB-CO-01,0.05131450,brand_unit;legacy_block,
S3046001_S_GN-SB-CI-01,S3046001_S_GN-SB-CR-01,0.92190820,brand_unit;legacy_block,
S3046001_S_GN-SB-CI-01,S3046001_S_GN-SB-CR-04,1.00000000,brand_unit;legacy_block,
S3046001_S_GN-SB-CI-01,S3046001_S_GN-SB-CR-10,0.98792610,brand_unit;legacy_block,
S3046001_S_GN-SB-CI-01,S3046001_S_GN-SB-CS-05,0.00849362,brand_unit;legacy_block,
S3046001_S_GN-SB-CI-01,S3046001_S_GN-SB-DA-01,0.03975302,brand_unit;legacy_block,
S3046001_S_GN-SB-CI-01,S3046001_S_GN-SB-DM-01,0.01919107,brand_unit;legacy_block,
S3046001_S_GN-SB-CI-01,S3046001_S_GN-SB-DM-04,0.02657146,brand_unit;legacy_block,
S3046001_S_GN-SB-CI-01,S3046001_S_GN-SB-FL-01,0.01235733,brand_unit;legacy_block,
S3046001_S_GN-SB-CI-01,S3046001_S_GN-SB-FL-04,0.00565308,brand_unit;legacy_block,
S3046001_S_GN-SB-CI-01,S3046001_S_GN-SB-GE-05,0.00782587,brand_unit;legacy_block,
S3046001_S_GN-SB-CI-01,S3046001_S_GN-SB-GL-01,0.02691022,brand_unit;legacy_block,
S3046001_S_GN-SB-CI-01,S3046001_S_GN-SB-GL-04,0.00623399,brand_unit;legacy_block,
S3046001_S_GN-SB-CI-01,S3046001_S_GN-SB-GM-01,0.02028308,brand_unit;legacy_block,
S3046001_S_GN-SB-CI-01,S3046001_S_GN-SB-GM-04,0.01988936,brand_unit;legacy_block,
S3046001_S_GN-SB-CI-01,S3046001_S_GN-SB-GR-01,0.05395444,brand_unit;legacy_block,
S3046001_S_GN-SB-CI-01,S3046001_S_GN-SB-GR-04,0.01649097,brand_unit;legacy_block,
S3046001_S_GN-SB-CI-01,S3046001_S_GN-SB-KE-01,0.04667872,brand_unit;legacy_block,
S3046001_S_GN-SB-CI-01,S3046001_S_GN-SB-LA-01,0.05797835,brand_unit;legacy_block,
S3046001_S_GN-SB-CI-01,S3046001_S_GN-SB-LA-04,0.01957152,brand_unit;legacy_block,
S3046001_S_GN-SB-CI-01,S3046001_S_GN-SB-LE-01,0.03975302,brand_unit;legacy_block,
S3046001_S_GN-SB-CI-01,S3046001_S_GN-SB-LE-04,0.05460079,brand_unit;legacy_block,
S3046001_S_GN-SB-CI-01,S3046001_S_GN-SB-MA-01,0.00610364,brand_unit;legacy_block,
S3046001_S_GN-SB-CI-01,S3046001_S_GN-SB-MA-04,0.00623399,brand_unit;legacy_block,
S3046001_S_GN-SB-CI-01,S3046001_S_GN-SB-NE-01,0.02008587,brand_unit;legacy_block,
S3046001_S_GN-SB-CI-01,S3046001_S_GN-SB-NE-04,0.02780063,brand_unit;legacy_block,
S3046001_S_GN-SB-CI-01,S3046001_S_GN-SB-NO-05,0.00849362,brand_unit;legacy_block,
S3046001_S_GN-SB-CI-01,S3046001_S_GN-SB-OO-01,0.05797835,brand_unit;legacy_block,
S3046001_S_GN-SB-CI-01,S3046001_S_GN-SB-OO-04,0.01957152,brand_unit;legacy_block,
S3046001_S_GN-SB-CI-01,S3046001_S_GN-SB-PF-05,0.03388343,brand_unit;legacy_block,
S3046001_S_GN-SB-CI-01,S3046001_S_GN-SB-PL-01,0.00473686,brand_unit;legacy_block,
S3046001_S_GN-SB-CI-01,S3046001_S_GN-SB-PL-04,0.00204468,brand_unit;legacy_block,
S3046001_S_GN-SB-CI-01,S3046001_S_GN-SB-PO-01,0.01919107,brand_unit;legacy_block,
S3046001_S_GN-SB-CI-01,S3046001_S_GN-SB-PP-05,0.03549441,brand_unit;legacy_block,
S3046001_S_GN-SB-CI-01,S3046001_S_GN-SB-RO-01,0.01576655,brand_unit;legacy_block,
S3046001_S_GN-SB-CI-01,S3046001_S_GN-SB-RO-04,0.01633528,brand_unit;legacy_block,
S3046001_S_GN-SB-CI-01,S3046001_S_GN-SB-RS-01,0.03975302,brand_unit;legacy_block,
S3046001_S_GN-SB-CI-01,S3046001_S_GN-SB-RS-04,0.05460079,brand_unit;legacy_block,
S3046001_S_GN-SB-CI-01,S3046001_S_GN-SB-SB-01,0.07333347,brand_unit;legacy_block,
S3046001_S_GN-SB-CI-01,S3046001_S_GN-SB-SB-04,0.01724124,brand_unit;legacy_block,
S3046001_S_GN-SB-CI-01,S3046001_S_GN-SB-SJ-01,0.00522103,brand_unit;legacy_block,
S3046001_S_GN-SB-CI-01,S3046001_S_GN-SB-SJ-04,0.00636773,brand_unit;legacy_block,
S3046001_S_GN-SB-CI-01,S3046001_S_GN-SB-SS-01,0.03702760,brand_unit;legacy_block,
S3046001_S_GN-SB-CI-01,S3046001_S_GN-SB-SS-04,0.06051953,brand_unit;legacy_block,
S3046001_S_GN-SB-CI-01,S3046001_S_GN-SB-SW-04,0.00929307,brand_unit;legacy_block,
S3046001_S_GN-SB-CI-01,S3046001_S_GN-SB-TA-01,0.01919107,brand_unit;legacy_block,
S3046001_S_GN-SB-CI-01,S3046001_S_GN-SB-TA-04,0.02657146,brand_unit;legacy_block,
S3046001_S_GN-SB-CI-01,S3046001_S_GN-SB-TM-01,0.01187046,brand_unit;legacy_block,
S3046001_S_GN-SB-CI-01,S3046001_S_GN-SB-TM-04,0.00565308,brand_unit;legacy_block,
S3046001_S_GN-SB-CI-01,S3046001_S_GN-SB-TT-01,0.02124087,brand_unit;legacy_block,
S3046001_S_GN-SB-CI-01,S3046001_S_GN-SB-TT-04,0.02938594,brand_unit;legacy_block,
S3046001_S_GN-SB-CI-01,S3046001_S_GN-SB-TU-01,0.00401095,brand_unit;legacy_block,
S3046001_S_GN-SB-CI-01,S3046001_S_GN-SB-TU-04,0.02938594,brand_unit;legacy_block,
S3046001_S_GN-SB-CI-01,S3046001_S_GN-SB-WP-01,0.00599248,brand_unit;legacy_block,
S3046001_S_GN-SB-CI-01,S3046001_S_GN-SB-WP-04,0.00074819,brand_unit;legacy_block,
S3046001_S_GN-SB-CI-01,S3046001_S_GN10667,0.07204269,brand_unit;legacy_block,
S3046001_S_GN-SB-CI-04,S3046001_S_GN-SB-CM-01,0.01461724,brand_unit;legacy_block,
S3046001_S_GN-SB-CI-04,S3046001_S_GN-SB-CM-04,0.04666240,brand_unit;legacy_block,
S3046001_S_GN-SB-CI-04,S3046001_S_GN-SB-CM-10,0.12296367,brand_unit;legacy_block,
S3046001_S_GN-SB-CI-04,S3046001_S_GN-SB-CN-01,0.16829296,brand_unit;legacy_block,
S3046001_S_GN-SB-CI-04,S3046001_S_GN-SB-CN-04,0.10125507,brand_unit;legacy_block,
S3046001_S_GN-SB-CI-04,S3046001_S_GN-SB-CO-01,0.01687494,brand_unit;legacy_block,
S3046001_S_GN-SB-CI-04,S3046001_S_GN-SB-CR-01,1.00000000,brand_unit;legacy_block,
S3046001_S_GN-SB-CI-04,S3046001_S_GN-SB-CR-04,0.86980101,brand_unit;legacy_block,
S3046001_S_GN-SB-CI-04,S3046001_S_GN-SB-CR-10,0.99955325,brand_unit;legacy_block,
S3046001_S_GN-SB-CI-04,S3046001_S_GN-SB-CS-05,0.00849362,brand_unit;legacy_block,
S3046001_S_GN-SB-CI-04,S3046001_S_GN-SB-DA-01,0.02898590,brand_unit;legacy_block,
S3046001_S_GN-SB-CI-04,S3046001_S_GN-SB-DM-01,0.01461724,brand_unit;legacy_block,
S3046001_S_GN-SB-CI-04,S3046001_S_GN-SB-DM-04,0.02410685,brand_unit;legacy_block,
S3046001_S_GN-SB-CI-04,S3046001_S_GN-SB-FL-01,0.14369312,brand_unit;legacy_block,
S3046001_S_GN-SB-CI-04,S3046001_S_GN-SB-FL-04,0.16829296,brand_unit;legacy_block,
S3046001_S_GN-SB-CI-04,S3046001_S_GN-SB-GE-05,0.00849362,brand_unit;legacy_block,
S3046001_S_GN-SB-CI-04,S3046001_S_GN-SB-GL-01,0.02187101,brand_unit;legacy_block,
S3046001_S_GN-SB-CI-04,S3046001_S_GN-SB-GL-04,0.01646577,brand_unit;legacy_block,
S3046001_S_GN-SB-CI-04,S3046001_S_GN-SB-GM-01,0.02514125,brand_unit;legacy_block,
S3046001_S_GN-SB-CI-04,S3046001_S_GN-SB-GM-04,0.07010407,brand_unit;legacy_block,
S3046001_S_GN-SB-CI-04,S3046001_S_GN-SB-GR-01,0.01614035,brand_unit;legacy_block,
S3046001_S_GN-SB-CI-04,S3046001_S_GN-SB-GR-04,0.05170168,brand_unit;legacy_block,
S3046001_S_GN-SB-CI-04,S3046001_S_GN-SB-KE-01,0.01267230,brand_unit;legacy_block,
S3046001_S_GN-SB-CI-04,S3046001_S_GN-SB-LA-01,0.01915668,brand_unit;legacy_block,
S3046001_S_GN-SB-CI-04,S3046001_S_GN-SB-LA-04,0.05556745,brand_unit;legacy_block,
S3046001_S_GN-SB-CI-04,S3046001_S_GN-SB-LE-01,0.03043069,brand_unit;legacy_block,
S3046001_S_GN-SB-CI-04,S3046001_S_GN-SB-LE-04,0.04966901,brand_unit;legacy_block,
S3046001_S_GN-SB-CI-04,S3046001_S_GN-SB-MA-01,0.00665730,brand_unit;legacy_block,
S3046001_S_GN-SB-CI-04,S3046001_S_GN-SB-MA-04,0.01646577,brand_unit;legacy_block,
S3046001_S_GN-SB-CI-04,S3046001_S_GN-SB-NE-01,0.01530212,brand_unit;legacy_block,
S3046001_S_GN-SB-CI-04,S3046001_S_GN-SB-NE-04,0.02522497,brand_unit;legacy_block,
S3046001_S_GN-SB-CI-04,S3046001_S_GN-SB-NO-05,0.00849362,brand_unit;legacy_block,
S3046001_S_GN-SB-CI-04,S3046001_S_GN-SB-OO-01,0.01915668,brand_unit;legacy_block,
S3046001_S_GN-SB-CI-04,S3046001_S_GN-SB-OO-04,0.05556745,brand_unit;legacy_block,
S3046001_S_GN-SB-CI-04,S3046001_S_GN-SB-PF-05,0.03251906,brand_unit;legacy_block,
S3046001_S_GN-SB-CI-04,S3046001_S_GN-SB-PL-01,0.00819174,brand_unit;legacy_block,
S3046001_S_GN-SB-CI-04,S3046001_S_GN-SB-PL-04,0.04315431,brand_unit;legacy_block,
S3046001_S_GN-SB-CI-04,S3046001_S_GN-SB-PO-01,0.01461724,brand_unit;legacy_block,
S3046001_S_GN-SB-CI-04,S3046001_S_GN-SB-PP-05,0.03406746,brand_unit;legacy_block,
S3046001_S_GN-SB-CI-04,S3046001_S_GN-SB-RO-01,0.01030305,brand_unit;legacy_block,
S3046001_S_GN-SB-CI-04,S3046001_S_GN-SB-RO-04,0.04666240,brand_unit;legacy_block,
S3046001_S_GN-SB-CI-04,S3046001_S_GN-SB-RS-01,0.03043069,brand_unit;legacy_block,
S3046001_S_GN-SB-CI-04,S3046001_S_GN-SB-RS-04,0.04966901,brand_unit;legacy_block,
S3046001_S_GN-SB-CI-04,S3046001_S_GN-SB-SB-01,0.01960828,brand_unit;legacy_block,
S3046001_S_GN-SB-CI-04,S3046001_S_GN-SB-SB-04,0.04916625,brand_unit;legacy_block,
S3046001_S_GN-SB-CI-04,S3046001_S_GN-SB-SJ-01,0.00448832,brand_unit;legacy_block,
S3046001_S_GN-SB-CI-04,S3046001_S_GN-SB-SJ-04,0.01721109,brand_unit;legacy_block,
S3046001_S_GN-SB-CI-04,S3046001_S_GN-SB-SS-01,0.48169057,brand_unit;legacy_block,
S3046001_S_GN-SB-CI-04,S3046001_S_GN-SB-SS-04,0.35096945,brand_unit;legacy_block,
S3046001_S_GN-SB-CI-04,S3046001_S_GN-SB-SW-04,0.14475152,brand_unit;legacy_block,
S3046001_S_GN-SB-CI-04,S3046001_S_GN-SB-TA-01,0.01461724,brand_unit;legacy_block,
S3046001_S_GN-SB-CI-04,S3046001_S_GN-SB-TA-04,0.02410685,brand_unit;legacy_block,
S3046001_S_GN-SB-CI-04,S3046001_S_GN-SB-TM-01,0.11909020,brand_unit;legacy_block,
S3046001_S_GN-SB-CI-04,S3046001_S_GN-SB-TM-04,0.16829296,brand_unit;legacy_block,
S3046001_S_GN-SB-CI-04,S3046001_S_GN-SB-TT-01,0.01618658,brand_unit;legacy_block,
S3046001_S_GN-SB-CI-04,S3046001_S_GN-SB-TT-04,0.02666743,brand_unit;legacy_block,
S3046001_S_GN-SB-CI-04,S3046001_S_GN-SB-TU-01,0.00163693,brand_unit;legacy_block,
S3046001_S_GN-SB-CI-04,S3046001_S_GN-SB-TU-04,0.02666743,brand_unit;legacy_block,
S3046001_S_GN-SB-CI-04,S3046001_S_GN-SB-WP-01,0.00459122,brand_unit;legacy_block,
S3046001_S_GN-SB-CI-04,S3046001_S_GN-SB-WP-04,0.00599248,brand_unit;legacy_block,
S3046001_S_GN-SB-CI-04,S3046001_S_GN10667,0.30589011,brand_unit;legacy_block,
S3046001_S_GN-SB-CM-01,S3046001_S_GN-SB-CM-04,1.00000000,brand_unit;legacy_block,
S3046001_S_GN-SB-CM-01,S3046001_S_GN-SB-CM-10,1.00000000,brand_unit;legacy_block,
S3046001_S_GN-SB-CM-01,S3046001_S_GN-SB-CN-01,0.00527510,brand_unit;legacy_block,
S3046001_S_GN-SB-CM-01,S3046001_S_GN-SB-CN-04,0.00565308,brand_unit;legacy_block,
S3046001_S_GN-SB-CM-01,S3046001_S_GN-SB-CO-01,,brand_unit;legacy_block,
S3046001_S_GN-SB-CM-01,S3046001_S_GN-SB-CR-01,0.01606084,brand_unit;legacy_block,
S3046001_S_GN-SB-CM-01,S3046001_S_GN-SB-CR-04,0.01689510,brand_unit;legacy_block,
S3046001_S_GN-SB-CM-01,S3046001_S_GN-SB-CR-10,0.00955529,brand_unit;legacy_block,
S3046001_S_GN-SB-CM-01,S3046001_S_GN-SB-CS-05,0.00336288,brand_unit;legacy_block,
S3046001_S_GN-SB-CM-01,S3046001_S_GN-SB-DA-01,,brand_unit;legacy_block,
S3046001_S_GN-SB-CM-01,S3046001_S_GN-SB-DM-01,,brand_unit;legacy_block,
S3046001_S_GN-SB-CM-01,S3046001_S_GN-SB-DM-04,,brand_unit;legacy_block,
S3046001_S_GN-SB-CM-01,S3046001_S_GN-SB-FL-01,,brand_unit;legacy_block,
S3046001_S_GN-SB-CM-01,S3046001_S_GN-SB-FL-04,,brand_unit;legacy_block,
S3046001_S_GN-SB-CM-01,S3046001_S_GN-SB-GE-05,0.00309724,brand_unit;legacy_block,
S3046001_S_GN-SB-CM-01,S3046001_S_GN-SB-GL-01,,brand_unit;legacy_block,
S3046001_S_GN-SB-CM-01,S3046001_S_GN-SB-GL-04,,brand_unit;legacy_block,
S3046001_S_GN-SB-CM-01,S3046001_S_GN-SB-GM-01,0.00665765,brand_unit;legacy_block,
S3046001_S_GN-SB-CM-01,S3046001_S_GN-SB-GM-04,0.00336044,brand_unit;legacy_block,
S3046001_S_GN-SB-CM-01,S3046001_S_GN-SB-GR-01,,brand_unit;legacy_block,
S3046001_S_GN-SB-CM-01,S3046001_S_GN-SB-GR-04,,brand_unit;legacy_block,
S3046001_S_GN-SB-CM-01,S3046001_S_GN-SB-KE-01,0.00349221,brand_unit;legacy_block,
S3046001_S_GN-SB-CM-01,S3046001_S_GN-SB-LA-01,,brand_unit;legacy_block,
S3046001_S_GN-SB-CM-01,S3046001_S_GN-SB-LA-04,,brand_unit;legacy_block,
S3046001_S_GN-SB-CM-01,S3046001_S_GN-SB-LE-01,,brand_unit;legacy_block,
S3046001_S_GN-SB-CM-01,S3046001_S_GN-SB-LE-04,,brand_unit;legacy_block,
S3046001_S_GN-SB-CM-01,S3046001_S_GN-SB-MA-01,0.00097642,brand_unit;legacy_block,
S3046001_S_GN-SB-CM-01,S3046001_S_GN-SB-MA-04,0.00132077,brand_unit;legacy_block,
S3046001_S_GN-SB-CM-01,S3046001_S_GN-SB-NE-01,,brand_unit;legacy_block,
S3046001_S_GN-SB-CM-01,S3046001_S_GN-SB-NE-04,,brand_unit;legacy_block,
S3046001_S_GN-SB-CM-01,S3046001_S_GN-SB-NO-05,0.00336288,brand_unit;legacy_block,
S3046001_S_GN-SB-CM-01,S3046001_S_GN-SB-OO-01,,brand_unit;legacy_block,
S3046001_S_GN-SB-CM-01,S3046001_S_GN-SB-OO-04,,brand_unit;legacy_block,
S3046001_S_GN-SB-CM-01,S3046001_S_GN-SB-PF-05,0.01362624,brand_unit;legacy_block,
S3046001_S_GN-SB-CM-01,S3046001_S_GN-SB-PL-01,,brand_unit;legacy_block,
S3046001_S_GN-SB-CM-01,S3046001_S_GN-SB-PL-04,,brand_unit;legacy_block,
S3046001_S_GN-SB-CM-01,S3046001_S_GN-SB-PO-01,,brand_unit;legacy_block,
S3046001_S_GN-SB-CM-01,S3046001_S_GN-SB-PP-05,0.01428834,brand_unit;legacy_block,
S3046001_S_GN-SB-CM-01,S3046001_S_GN-SB-RO-01,,brand_unit;legacy_block,
S3046001_S_GN-SB-CM-01,S3046001_S_GN-SB-RO-04,,brand_unit;legacy_block,
S3046001_S_GN-SB-CM-01,S3046001_S_GN-SB-RS-01,,brand_unit;legacy_block,
S3046001_S_GN-SB-CM-01,S3046001_S_GN-SB-RS-04,,brand_unit;legacy_block,
S3046001_S_GN-SB-CM-01,S3046001_S_GN-SB-SB-01,,brand_unit;legacy_block,
S3046001_S_GN-SB-CM-01,S3046001_S_GN-SB-SB-04,0.01868511,brand_unit;legacy_block,
S3046001_S_GN-SB-CM-01,S3046001_S_GN-SB-SJ-01,0.00271476,brand_unit;legacy_block,
S3046001_S_GN-SB-CM-01,S3046001_S_GN-SB-SJ-04,0.00429865,brand_unit;legacy_block,
S3046001_S_GN-SB-CM-01,S3046001_S_GN-SB-SS-01,0.03702760,brand_unit;legacy_block,
S3046001_S_GN-SB-CM-01,S3046001_S_GN-SB-SS-04,0.06051953,brand_unit;legacy_block,
S3046001_S_GN-SB-CM-01,S3046001_S_GN-SB-SW-04,0.00744124,brand_unit;legacy_block,
S3046001_S_GN-SB-CM-01,S3046001_S_GN-SB-TA-01,,brand_unit;legacy_block,
S3046001_S_GN-SB-CM-01,S3046001_S_GN-SB-TA-04,,brand_unit;legacy_block,
S3046001_S_GN-SB-CM-01,S3046001_S_GN-SB-TM-01,0.00669120,brand_unit;legacy_block,
S3046001_S_GN-SB-CM-01,S3046001_S_GN-SB-TM-04,0.00565308,brand_unit;legacy_block,
S3046001_S_GN-SB-CM-01,S3046001_S_GN-SB-TT-01,,brand_unit;legacy_block,
S3046001_S_GN-SB-CM-01,S3046001_S_GN-SB-TT-04,,brand_unit;legacy_block,
S3046001_S_GN-SB-CM-01,S3046001_S_GN-SB-TU-01,0.00113208,brand_unit;legacy_block,
S3046001_S_GN-SB-CM-01,S3046001_S_GN-SB-TU-04,0.02769654,brand_unit;legacy_block,
S3046001_S_GN-SB-CM-01,S3046001_S_GN-SB-WP-01,0.00172162,brand_unit;legacy_block,
S3046001_S_GN-SB-CM-01,S3046001_S_GN-SB-WP-04,0.00157102,brand_unit;legacy_block,
S3046001_S_GN-SB-CM-01,S3046001_S_GN10667,0.07392426,brand_unit;legacy_block,
S3046001_S_GN-SB-CM-04,S3046001_S_GN-SB-CM-10,1.00000000,brand_unit;legacy_block,
S3046001_S_GN-SB-CM-04,S3046001_S_GN-SB-CN-01,0.16829296,brand_unit;legacy_block,
S3046001_S_GN-SB-CM-04,S3046001_S_GN-SB-CN-04,0.07694800,brand_unit;legacy_block,
S3046001_S_GN-SB-CM-04,S3046001_S_GN-SB-CO-01,,brand_unit;legacy_block,
S3046001_S_GN-SB-CM-04,S3046001_S_GN-SB-CR-01,,brand_unit;legacy_block,
S3046001_S_GN-SB-CM-04,S3046001_S_GN-SB-CR-04,,brand_unit;legacy_block,
S3046001_S_GN-SB-CM-04,S3046001_S_GN-SB-CR-10,0.29800621,brand_unit;legacy_block,
S3046001_S_GN-SB-CM-04,S3046001_S_GN-SB-CS-05,0.00849362,brand_unit;legacy_block,
S3046001_S_GN-SB-CM-04,S3046001_S_GN-SB-DA-01,,brand_unit;legacy_block,
S3046001_S_GN-SB-CM-04,S3046001_S_GN-SB-DM-01,,brand_unit;legacy_block,
S3046001_S_GN-SB-CM-04,S3046001_S_GN-SB-DM-04,,brand_unit;legacy_block,
S3046001_S_GN-SB-CM-04,S3046001_S_GN-SB-FL-01,,brand_unit;legacy_block,
S3046001_S_GN-SB-CM-04,S3046001_S_GN-SB-FL-04,,brand_unit;legacy_block,
S3046001_S_GN-SB-CM-04,S3046001_S_GN-SB-GE-05,0.00849362,brand_unit;legacy_block,
S3046001_S_GN-SB-CM-04,S3046001_S_GN-SB-GL-01,,brand_unit;legacy_block,
S3046001_S_GN-SB-CM-04,S3046001_S_GN-SB-GL-04,,brand_unit;legacy_block,
S3046001_S_GN-SB-CM-04,S3046001_S_GN-SB-GM-01,0.01733908,brand_unit;legacy_block,
S3046001_S_GN-SB-CM-04,S3046001_S_GN-SB-GM-04,0.34431155,brand_unit;legacy_block,
S3046001_S_GN-SB-CM-04,S3046001_S_GN-SB-GR-01,,brand_unit;legacy_block,
S3046001_S_GN-SB-CM-04,S3046001_S_GN-SB-GR-04,,brand_unit;legacy_block,
S3046001_S_GN-SB-CM-04,S3046001_S_GN-SB-KE-01,0.00864808,brand_unit;legacy_block,
S3046001_S_GN-SB-CM-04,S3046001_S_GN-SB-LA-01,,brand_unit;legacy_block,
S3046001_S_GN-SB-CM-04,S3046001_S_GN-SB-LA-04,,brand_unit;legacy_block,
S3046001_S_GN-SB-CM-04,S3046001_S_GN-SB-LE-01,,brand_unit;legacy_block,
S3046001_S_GN-SB-CM-04,S3046001_S_GN-SB-LE-04,,brand_unit;legacy_block,
S3046001_S_GN-SB-CM-04,S3046001_S_GN-SB-MA-01,0.00903072,brand_unit;legacy_block,
S3046001_S_GN-SB-CM-04,S3046001_S_GN-SB-MA-04,0.11347813,brand_unit;legacy_block,
S3046001_S_GN-SB-CM-04,S3046001_S_GN-SB-NE-01,,brand_unit;legacy_block,
S3046001_S_GN-SB-CM-04,S3046001_S_GN-SB-NE-04,,brand_unit;legacy_block,
S3046001_S_GN-SB-CM-04,S3046001_S_GN-SB-NO-05,0.00849362,brand_unit;legacy_block,
S3046001_S_GN-SB-CM-04,S3046001_S_GN-SB-OO-01,,brand_unit;legacy_block,
S3046001_S_GN-SB-CM-04,S3046001_S_GN-SB-OO-04,,brand_unit;legacy_block,
S3046001_S_GN-SB-CM-04,S3046001_S_GN-SB-PF-05,0.03171712,brand_unit;legacy_block,
S3046001_S_GN-SB-CM-04,S3046001_S_GN-SB-PL-01,,brand_unit;legacy_block,
S3046001_S_GN-SB-CM-04,S3046001_S_GN-SB-PL-04,,brand_unit;legacy_block,
S3046001_S_GN-SB-CM-04,S3046001_S_GN-SB-PO-01,,brand_unit;legacy_block,
S3046001_S_GN-SB-CM-04,S3046001_S_GN-SB-PP-05,0.02517588,brand_unit;legacy_block,
S3046001_S_GN-SB-CM-04,S3046001_S_GN-SB-RO-01,,brand_unit;legacy_block,
S3046001_S_GN-SB-CM-04,S3046001_S_GN-SB-RO-04,,brand_unit;legacy_block,
S3046001_S_GN-SB-CM-04,S3046001_S_GN-SB-RS-01,,brand_unit;legacy_block,
S3046001_S_GN-SB-CM-04,S3046001_S_GN-SB-RS-04,,brand_unit;legacy_block,
S3046001_S_GN-SB-CM-04,S3046001_S_GN-SB-SB-01,,brand_unit;legacy_block,
S3046001_S_GN-SB-CM-04,S3046001_S_GN-SB-SB-04,,brand_unit;legacy_block,
S3046001_S_GN-SB-CM-04,S3046001_S_GN-SB-SJ-01,0.00716267,brand_unit;legacy_block,
S3046001_S_GN-SB-CM-04,S3046001_S_GN-SB-SJ-04,0.28851885,brand_unit;legacy_block,
S3046001_S_GN-SB-CM-04,S3046001_S_GN-SB-SS-01,0.47532496,brand_unit;legacy_block,
S3046001_S_GN-SB-CM-04,S3046001_S_GN-SB-SS-04,0.35493475,brand_unit;legacy_block,
S3046001_S_GN-SB-CM-04,S3046001_S_GN-SB-SW-04,0.07608507,brand_unit;legacy_block,
S3046001_S_GN-SB-CM-04,S3046001_S_GN-SB-TA-01,,brand_unit;legacy_block,
S3046001_S_GN-SB-CM-04,S3046001_S_GN-SB-TA-04,,brand_unit;legacy_block,
S3046001_S_GN-SB-CM-04,S3046001_S_GN-SB-TM-01,,brand_unit;legacy_block,
S3046001_S_GN-SB-CM-04,S3046001_S_GN-SB-TM-04,,brand_unit;legacy_block,
S3046001_S_GN-SB-CM-04,S3046001_S_GN-SB-TT-01,,brand_unit;legacy_block,
S3046001_S_GN-SB-CM-04,S3046001_S_GN-SB-TT-04,,brand_unit;legacy_block,
S3046001_S_GN-SB-CM-04,S3046001_S_GN-SB-TU-01,0.00104163,brand_unit;legacy_block,
S3046001_S_GN-SB-CM-04,S3046001_S_GN-SB-TU-04,,brand_unit;legacy_block,
S3046001_S_GN-SB-CM-04,S3046001_S_GN-SB-WP-01,0.00459122,brand_unit;legacy_block,
S3046001_S_GN-SB-CM-04,S3046001_S_GN-SB-WP-04,0.12728795,brand_unit;legacy_block,
S3046001_S_GN-SB-CM-04,S3046001_S_GN10667,0.10606158,brand_unit;legacy_block,
S3046001_S_GN-SB-CM-10,S3046001_S_GN-SB-CN-01,0.01339343,brand_unit;legacy_block,
S3046001_S_GN-SB-CM-10,S3046001_S_GN-SB-CN-04,0.01702410,brand_unit;legacy_block,
S3046001_S_GN-SB-CM-10,S3046001_S_GN-SB-CO-01,,brand_unit;legacy_block,
S3046001_S_GN-SB-CM-10,S3046001_S_GN-SB-CR-01,,brand_unit;legacy_block,
S3046001_S_GN-SB-CM-10,S3046001_S_GN-SB-CR-04,,brand_unit;legacy_block,
S3046001_S_GN-SB-CM-10,S3046001_S_GN-SB-CR-10,0.01673949,brand_unit;legacy_block,
S3046001_S_GN-SB-CM-10,S3046001_S_GN-SB-CS-05,0.02861460,brand_unit;legacy_block,
S3046001_S_GN-SB-CM-10,S3046001_S_GN-SB-DA-01,,brand_unit;legacy_block,
S3046001_S_GN-SB-CM-10,S3046001_S_GN-SB-DM-01,,brand_unit;legacy_block,
S3046001_S_GN-SB-CM-10,S3046001_S_GN-SB-DM-04,,brand_unit;legacy_block,
S3046001_S_GN-SB-CM-10,S3046001_S_GN-SB-FL-01,,brand_unit;legacy_block,
S3046001_S_GN-SB-CM-10,S3046001_S_GN-SB-FL-04,,brand_unit;legacy_block,
S3046001_S_GN-SB-CM-10,S3046001_S_GN-SB-GE-05,0.04545267,brand_unit;legacy_block,
S3046001_S_GN-SB-CM-10,S3046001_S_GN-SB-GL-01,,brand_unit;legacy_block,
S3046001_S_GN-SB-CM-10,S3046001_S_GN-SB-GL-04,,brand_unit;legacy_block,
S3046001_S_GN-SB-CM-10,S3046001_S_GN-SB-GM-01,0.04756309,brand_unit;legacy_block,
S3046001_S_GN-SB-CM-10,S3046001_S_GN-SB-GM-04,0.16829296,brand_unit;legacy_block,
S3046001_S_GN-SB-CM-10,S3046001_S_GN-SB-GR-01,,brand_unit;legacy_block,
S3046001_S_GN-SB-CM-10,S3046001_S_GN-SB-GR-04,,brand_unit;legacy_block,
S3046001_S_GN-SB-CM-10,S3046001_S_GN-SB-KE-01,0.02820883,brand_unit;legacy_block,
S3046001_S_GN-SB-CM-10,S3046001_S_GN-SB-LA-01,,brand_unit;legacy_block,
S3046001_S_GN-SB-CM-10,S3046001_S_GN-SB-LA-04,,brand_unit;legacy_block,
S3046001_S_GN-SB-CM-10,S3046001_S_GN-SB-LE-01,,brand_unit;legacy_block,
S3046001_S_GN-SB-CM-10,S3046001_S_GN-SB-LE-04,,brand_unit;legacy_block,
S3046001_S_GN-SB-CM-10,S3046001_S_GN-SB-MA-01,0.00370308,brand_unit;legacy_block,
S3046001_S_GN-SB-CM-10,S3046001_S_GN-SB-MA-04,0.06593211,brand_unit;legacy_block,
S3046001_S_GN-SB-CM-10,S3046001_S_GN-SB-NE-01,,brand_unit;legacy_block,
S3046001_S_GN-SB-CM-10,S3046001_S_GN-SB-NE-04,,brand_unit;legacy_block,
S3046001_S_GN-SB-CM-10,S3046001_S_GN-SB-NO-05,0.02861460,brand_unit;legacy_block,
S3046001_S_GN-SB-CM-10,S3046001_S_GN-SB-OO-01,,brand_unit;legacy_block,
S3046001_S_GN-SB-CM-10,S3046001_S_GN-SB-OO-04,,brand_unit;legacy_block,
S3046001_S_GN-SB-CM-10,S3046001_S_GN-SB-PF-05,0.06582588,brand_unit;legacy_block,
S3046001_S_GN-SB-CM-10,S3046001_S_GN-SB-PL-01,,brand_unit;legacy_block,
S3046001_S_GN-SB-CM-10,S3046001_S_GN-SB-PL-04,,brand_unit;legacy_block,
S3046001_S_GN-SB-CM-10,S3046001_S_GN-SB-PO-01,,brand_unit;legacy_block,
S3046001_S_GN-SB-CM-10,S3046001_S_GN-SB-PP-05,0.05436651,brand_unit;legacy_block,
S3046001_S_GN-SB-CM-10,S3046001_S_GN-SB-RO-01,,brand_unit;legacy_block,
S3046001_S_GN-SB-CM-10,S3046001_S_GN-SB-RO-04,,brand_unit;legacy_block,
S3046001_S_GN-SB-CM-10,S3046001_S_GN-SB-RS-01,,brand_unit;legacy_block,
S3046001_S_GN-SB-CM-10,S3046001_S_GN-SB-RS-04,,brand_unit;legacy_block,
S3046001_S_GN-SB-CM-10,S3046001_S_GN-SB-SB-01,,brand_unit;legacy_block,
S3046001_S_GN-SB-CM-10,S3046001_S_GN-SB-SB-04,,brand_unit;legacy_block,
S3046001_S_GN-SB-CM-10,S3046001_S_GN-SB-SJ-01,0.00273371,brand_unit;legacy_block,
S3046001_S_GN-SB-CM-10,S3046001_S_GN-SB-SJ-04,0.06370387,brand_unit;legacy_block,
S3046001_S_GN-SB-CM-10,S3046001_S_GN-SB-SS-01,0.03661153,brand_unit;legacy_block,
S3046001_S_GN-SB-CM-10,S3046001_S_GN-SB-SS-04,0.03989691,brand_unit;legacy_block,
S3046001_S_GN-SB-CM-10,S3046001_S_GN-SB-SW-04,0.00461023,brand_unit;legacy_block,
S3046001_S_GN-SB-CM-10,S3046001_S_GN-SB-TA-01,,brand_unit;legacy_block,
S3046001_S_GN-SB-CM-10,S3046001_S_GN-SB-TA-04,,brand_unit;legacy_block,
S3046001_S_GN-SB-CM-10,S3046001_S_GN-SB-TM-01,,brand_unit;legacy_block,
S3046001_S_GN-SB-CM-10,S3046001_S_GN-SB-TM-04,,brand_unit;legacy_block,
S3046001_S_GN-SB-CM-10,S3046001_S_GN-SB-TT-01,,brand_unit;legacy_block,
S3046001_S_GN-SB-CM-10,S3046001_S_GN-SB-TT-04,,brand_unit;legacy_block,
S3046001_S_GN-SB-CM-10,S3046001_S_GN-SB-TU-01,0.00201449,brand_unit;legacy_block,
S3046001_S_GN-SB-CM-10,S3046001_S_GN-SB-TU-04,,brand_unit;legacy_block,
S3046001_S_GN-SB-CM-10,S3046001_S_GN-SB-WP-01,0.04154922,brand_unit;legacy_block,
S3046001_S_GN-SB-CM-10,S3046001_S_GN-SB-WP-04,0.23542034,brand_unit;legacy_block,
S3046001_S_GN-SB-CM-10,S3046001_S_GN10667,0.15944028,brand_unit;legacy_block,
S3046001_S_GN-SB-CN-01,S3046001_S_GN-SB-CN-04,1.00000000,brand_unit;legacy_block,
S3046001_S_GN-SB-CN-01,S3046001_S_GN-SB-CO-01,0.00527510,brand_unit;legacy_block,
S3046001_S_GN-SB-CN-01,S3046001_S_GN-SB-CR-01,0.00373647,brand_unit;legacy_block,
S3046001_S_GN-SB-CN-01,S3046001_S_GN-SB-CR-04,0.16829296,brand_unit;legacy_block,
S3046001_S_GN-SB-CN-01,S3046001_S_GN-SB-CR-10,0.03094696,brand_unit;legacy_block,
S3046001_S_GN-SB-CN-01,S3046001_S_GN-SB-CS-05,0.02660485,brand_unit;legacy_block,
S3046001_S_GN-SB-CN-01,S3046001_S_GN-SB-DA-01,0.00527510,brand_unit;legacy_block,
S3046001_S_GN-SB-CN-01,S3046001_S_GN-SB-DM-01,0.00527510,brand_unit;legacy_block,
S3046001_S_GN-SB-CN-01,S3046001_S_GN-SB-DM-04,0.16599154,brand_unit;legacy_block,
S3046001_S_GN-SB-CN-01,S3046001_S_GN-SB-FL-01,0.00321160,brand_unit;legacy_block,
S3046001_S_GN-SB-CN-01,S3046001_S_GN-SB-FL-04,0.02733901,brand_unit;legacy_block,
S3046001_S_GN-SB-CN-01,S3046001_S_GN-SB-GE-05,,brand_unit;legacy_block,
S3046001_S_GN-SB-CN-01,S3046001_S_GN-SB-GL-01,0.00585044,brand_unit;legacy_block,
S3046001_S_GN-SB-CN-01,S3046001_S_GN-SB-GL-04,,brand_unit;legacy_block,
S3046001_S_GN-SB-CN-01,S3046001_S_GN-SB-GM-01,0.01163797,brand_unit;legacy_block,
S3046001_S_GN-SB-CN-01,S3046001_S_GN-SB-GM-04,0.18337052,brand_unit;legacy_block,
S3046001_S_GN-SB-CN-01,S3046001_S_GN-SB-GR-01,0.00527510,brand_unit;legacy_block,
S3046001_S_GN-SB-CN-01,S3046001_S_GN-SB-GR-04,0.16829296,brand_unit;legacy_block,
S3046001_S_GN-SB-CN-01,S3046001_S_GN-SB-KE-01,0.00580065,brand_unit;legacy_block,
S3046001_S_GN-SB-CN-01,S3046001_S_GN-SB-LA-01,0.00527510,brand_unit;legacy_block,
S3046001_S_GN-SB-CN-01,S3046001_S_GN-SB-LA-04,0.16829296,brand_unit;legacy_block,
S3046001_S_GN-SB-CN-01,S3046001_S_GN-SB-LE-01,,brand_unit;legacy_block,
S3046001_S_GN-SB-CN-01,S3046001_S_GN-SB-LE-04,,brand_unit;legacy_block,
S3046001_S_GN-SB-CN-01,S3046001_S_GN-SB-MA-01,0.00221993,brand_unit;legacy_block,
S3046001_S_GN-SB-CN-01,S3046001_S_GN-SB-MA-04,0.06593211,brand_unit;legacy_block,
S3046001_S_GN-SB-CN-01,S3046001_S_GN-SB-NE-01,0.00527510,brand_unit;legacy_block,
S3046001_S_GN-SB-CN-01,S3046001_S_GN-SB-NE-04,0.16599154,brand_unit;legacy_block,
S3046001_S_GN-SB-CN-01,S3046001_S_GN-SB-NO-05,0.02660485,brand_unit;legacy_block,
S3046001_S_GN-SB-CN-01,S3046001_S_GN-SB-OO-01,0.00527510,brand_unit;legacy_block,
S3046001_S_GN-SB-CN-01,S3046001_S_GN-SB-OO-04,0.16829296,brand_unit;legacy_block,
S3046001_S_GN-SB-CN-01,S3046001_S_GN-SB-PF-05,0.06936151,brand_unit;legacy_block,
S3046001_S_GN-SB-CN-01,S3046001_S_GN-SB-PL-01,,brand_unit;legacy_block,
S3046001_S_GN-SB-CN-01,S3046001_S_GN-SB-PL-04,,brand_unit;legacy_block,
S3046001_S_GN-SB-CN-01,S3046001_S_GN-SB-PO-01,0.00527510,brand_unit;legacy_block,
S3046001_S_GN-SB-CN-01,S3046001_S_GN-SB-PP-05,0.06293583,brand_unit;legacy_block,
S3046001_S_GN-SB-CN-01,S3046001_S_GN-SB-RO-01,0.00527510,brand_unit;legacy_block,
S3046001_S_GN-SB-CN-01,S3046001_S_GN-SB-RO-04,0.16829296,brand_unit;legacy_block,
S3046001_S_GN-SB-CN-01,S3046001_S_GN-SB-RS-01,0.00527510,brand_unit;legacy_block,
S3046001_S_GN-SB-CN-01,S3046001_S_GN-SB-RS-04,0.16599154,brand_unit;legacy_block,
S3046001_S_GN-SB-CN-01,S3046001_S_GN-SB-SB-01,0.00527510,brand_unit;legacy_block,
S3046001_S_GN-SB-CN-01,S3046001_S_GN-SB-SB-04,0.16829296,brand_unit;legacy_block,
S3046001_S_GN-SB-CN-01,S3046001_S_GN-SB-SJ-01,0.00213997,brand_unit;legacy_block,
S3046001_S_GN-SB-CN-01,S3046001_S_GN-SB-SJ-04,0.06593211,brand_unit;legacy_block,
S3046001_S_GN-SB-CN-01,S3046001_S_GN-SB-SS-01,0.02844705,brand_unit;legacy_block,
S3046001_S_GN-SB-CN-01,S3046001_S_GN-SB-SS-04,0.03989691,brand_unit;legacy_block,
S3046001_S_GN-SB-CN-01,S3046001_S_GN-SB-SW-04,0.00437264,brand_unit;legacy_block,
S3046001_S_GN-SB-CN-01,S3046001_S_GN-SB-TA-01,0.00527510,brand_unit;legacy_block,
S3046001_S_GN-SB-CN-01,S3046001_S_GN-SB-TA-04,0.16599154,brand_unit;legacy_block,
S3046001_S_GN-SB-CN-01,S3046001_S_GN-SB-TM-01,0.00321160,brand_unit;legacy_block,
S3046001_S_GN-SB-CN-01,S3046001_S_GN-SB-TM-04,0.03142031,brand_unit;legacy_block,
S3046001_S_GN-SB-CN-01,S3046001_S_GN-SB-TT-01,0.00527510,brand_unit;legacy_block,
S3046001_S_GN-SB-CN-01,S3046001_S_GN-SB-TT-04,0.16599154,brand_unit;legacy_block,
S3046001_S_GN-SB-CN-01,S3046001_S_GN-SB-TU-01,0.00213997,brand_unit;legacy_block,
S3046001_S_GN-SB-CN-01,S3046001_S_GN-SB-TU-04,0.16599154,brand_unit;legacy_block,
S3046001_S_GN-SB-CN-01,S3046001_S_GN-SB-WP-01,0.11422294,brand_unit;legacy_block,
S3046001_S_GN-SB-CN-01,S3046001_S_GN-SB-WP-04,0.49655857,brand_unit;legacy_block,
S3046001_S_GN-SB-CN-01,S3046001_S_GN10667,,brand_unit;legacy_block,
S3046001_S_GN-SB-CN-04,S3046001_S_GN-SB-CO-01,0.00565308,brand_unit;legacy_block,
S3046001_S_GN-SB-CN-04,S3046001_S_GN-SB-CR-01,0.00565308,brand_unit;legacy_block,
S3046001_S_GN-SB-CN-04,S3046001_S_GN-SB-CR-04,0.07694800,brand_unit;legacy_block,
S3046001_S_GN-SB-CN-04,S3046001_S_GN-SB-CR-10,0.03979954,brand_unit;legacy_block,
S3046001_S_GN-SB-CN-04,S3046001_S_GN-SB-CS-05,0.02660485,brand_unit;legacy_block,
S3046001_S_GN-SB-CN-04,S3046001_S_GN-SB-DA-01,0.00565308,brand_unit;legacy_block,
S3046001_S_GN-SB-CN-04,S3046001_S_GN-SB-DM-01,0.00565308,brand_unit;legacy_block,
S3046001_S_GN-SB-CN-04,S3046001_S_GN-SB-DM-04,0.07398235,brand_unit;legacy_block,
S3046001_S_GN-SB-CN-04,S3046001_S_GN-SB-FL-01,0.00529591,brand_unit;legacy_block,
S3046001_S_GN-SB-CN-04,S3046001_S_GN-SB-FL-04,0.01313202,brand_unit;legacy_block,
S3046001_S_GN-SB-CN-04,S3046001_S_GN-SB-GE-05,,brand_unit;legacy_block,
S3046001_S_GN-SB-CN-04,S3046001_S_GN-SB-GL-01,0.00626938,brand_unit;legacy_block,
S3046001_S_GN-SB-CN-04,S3046001_S_GN-SB-GL-04,,brand_unit;legacy_block,
S3046001_S_GN-SB-CN-04,S3046001_S_GN-SB-GM-01,0.01163797,brand_unit;legacy_block,
S3046001_S_GN-SB-CN-04,S3046001_S_GN-SB-GM-04,0.08467503,brand_unit;legacy_block,
S3046001_S_GN-SB-CN-04,S3046001_S_GN-SB-GR-01,0.00565308,brand_unit;legacy_block,
S3046001_S_GN-SB-CN-04,S3046001_S_GN-SB-GR-04,0.07694800,brand_unit;legacy_block,
S3046001_S_GN-SB-CN-04,S3046001_S_GN-SB-KE-01,0.00741481,brand_unit;legacy_block,
S3046001_S_GN-SB-CN-04,S3046001_S_GN-SB-LA-01,0.00565308,brand_unit;legacy_block,
S3046001_S_GN-SB-CN-04,S3046001_S_GN-SB-LA-04,0.07694800,brand_unit;legacy_block,
S3046001_S_GN-SB-CN-04,S3046001_S_GN-SB-LE-01,,brand_unit;legacy_block,
S3046001_S_GN-SB-CN-04,S3046001_S_GN-SB-LE-04,,brand_unit;legacy_block,
S3046001_S_GN-SB-CN-04,S3046001_S_GN-SB-MA-01,0.00284052,brand_unit;legacy_block,
S3046001_S_GN-SB-CN-04,S3046001_S_GN-SB-MA-04,0.01932367,brand_unit;legacy_block,
S3046001_S_GN-SB-CN-04,S3046001_S_GN-SB-NE-01,0.00565308,brand_unit;legacy_block,
S3046001_S_GN-SB-CN-04,S3046001_S_GN-SB-NE-04,0.07398235,brand_unit;legacy_block,
S3046001_S_GN-SB-CN-04,S3046001_S_GN-SB-NO-05,0.02660485,brand_unit;legacy_block,
S3046001_S_GN-SB-CN-04,S3046001_S_GN-SB-OO-01,0.00565308,brand_unit;legacy_block,
S3046001_S_GN-SB-CN-04,S3046001_S_GN-SB-OO-04,0.07694800,brand_unit;legacy_block,
S3046001_S_GN-SB-CN-04,S3046001_S_GN-SB-PF-05,0.06936151,brand_unit;legacy_block,
S3046001_S_GN-SB-CN-04,S3046001_S_GN-SB-PL-01,,brand_unit;legacy_block,
S3046001_S_GN-SB-CN-04,S3046001_S_GN-SB-PL-04,,brand_unit;legacy_block,
S3046001_S_GN-SB-CN-04,S3046001_S_GN-SB-PO-01,0.00565308,brand_unit;legacy_block,
S3046001_S_GN-SB-CN-04,S3046001_S_GN-SB-PP-05,0.06293583,brand_unit;legacy_block,
S3046001_S_GN-SB-CN-04,S3046001_S_GN-SB-RO-01,0.00565308,brand_unit;legacy_block,
S3046001_S_GN-SB-CN-04,S3046001_S_GN-SB-RO-04,0.07694800,brand_unit;legacy_block,
S3046001_S_GN-SB-CN-04,S3046001_S_GN-SB-RS-01,0.00565308,brand_unit;legacy_block,
S3046001_S_GN-SB-CN-04,S3046001_S_GN-SB-RS-04,0.07398235,brand_unit;legacy_block,
S3046001_S_GN-SB-CN-04,S3046001_S_GN-SB-SB-01,0.00565308,brand_unit;legacy_block,
S3046001_S_GN-SB-CN-04,S3046001_S_GN-SB-SB-04,0.07694800,brand_unit;legacy_block,
S3046001_S_GN-SB-CN-04,S3046001_S_GN-SB-SJ-01,0.00255367,brand_unit;legacy_block,
S3046001_S_GN-SB-CN-04,S3046001_S_GN-SB-SJ-04,0.01932367,brand_unit;legacy_block,
S3046001_S_GN-SB-CN-04,S3046001_S_GN-SB-SS-01,0.03661153,brand_unit;legacy_block,
S3046001_S_GN-SB-CN-04,S3046001_S_GN-SB-SS-04,0.03989691,brand_unit;legacy_block,
S3046001_S_GN-SB-CN-04,S3046001_S_GN-SB-SW-04,0.00248989,brand_unit;legacy_block,
S3046001_S_GN-SB-CN-04,S3046001_S_GN-SB-TA-01,0.00565308,brand_unit;legacy_block,
S3046001_S_GN-SB-CN-04,S3046001_S_GN-SB-TA-04,0.07398235,brand_unit;legacy_block,
S3046001_S_GN-SB-CN-04,S3046001_S_GN-SB-TM-01,0.00529591,brand_unit;legacy_block,
S3046001_S_GN-SB-CN-04,S3046001_S_GN-SB-TM-04,0.01541525,brand_unit;legacy_block,
S3046001_S_GN-SB-CN-04,S3046001_S_GN-SB-TT-01,0.00565308,brand_unit;legacy_block,
S3046001_S_GN-SB-CN-04,S3046001_S_GN-SB-TT-04,0.07398235,brand_unit;legacy_block,
S3046001_S_GN-SB-CN-04,S3046001_S_GN-SB-TU-01,0.00255367,brand_unit;legacy_block,
S3046001_S_GN-SB-CN-04,S3046001_S_GN-SB-TU-04,0.07398235,brand_unit;legacy_block,
S3046001_S_GN-SB-CN-04,S3046001_S_GN-SB-WP-01,0.23528674,brand_unit;legacy_block,
S3046001_S_GN-SB-CN-04,S3046001_S_GN-SB-WP-04,0.24879635,brand_unit;legacy_block,
S3046001_S_GN-SB-CN-04,S3046001_S_GN10667,,brand_unit;legacy_block,
S3046001_S_GN-SB-CO-01,S3046001_S_GN-SB-CR-01,0.02875796,brand_unit;legacy_block,
S3046001_S_GN-SB-CO-01,S3046001_S_GN-SB-CR-04,0.02338106,brand_unit;legacy_block,
S3046001_S_GN-SB-CO-01,S3046001_S_GN-SB-CR-10,0.02736415,brand_unit;legacy_block,
S3046001_S_GN-SB-CO-01,S3046001_S_GN-SB-CS-05,0.00353515,brand_unit;legacy_block,
S3046001_S_GN-SB-CO-01,S3046001_S_GN-SB-DA-01,,brand_unit;legacy_block,
S3046001_S_GN-SB-CO-01,S3046001_S_GN-SB-DM-01,,brand_unit;legacy_block,
S3046001_S_GN-SB-CO-01,S3046001_S_GN-SB-DM-04,,brand_unit;legacy_block,
S3046001_S_GN-SB-CO-01,S3046001_S_GN-SB-FL-01,,brand_unit;legacy_block,
S3046001_S_GN-SB-CO-01,S3046001_S_GN-SB-FL-04,,brand_unit;legacy_block,
S3046001_S_GN-SB-CO-01,S3046001_S_GN-SB-GE-05,0.00172162,brand_unit;legacy_block,
S3046001_S_GN-SB-CO-01,S3046001_S_GN-SB-GL-01,,brand_unit;legacy_block,
S3046001_S_GN-SB-CO-01,S3046001_S_GN-SB-GL-04,,brand_unit;legacy_block,
S3046001_S_GN-SB-CO-01,S3046001_S_GN-SB-GM-01,,brand_unit;legacy_block,
S3046001_S_GN-SB-CO-01,S3046001_S_GN-SB-GM-04,,brand_unit;legacy_block,
S3046001_S_GN-SB-CO-01,S3046001_S_GN-SB-GR-01,,brand_unit;legacy_block,
S3046001_S_GN-SB-CO-01,S3046001_S_GN-SB-GR-04,,brand_unit;legacy_block,
S3046001_S_GN-SB-CO-01,S3046001_S_GN-SB-KE-01,0.00507004,brand_unit;legacy_block,
S3046001_S_GN-SB-CO-01,S3046001_S_GN-SB-LA-01,,brand_unit;legacy_block,
S3046001_S_GN-SB-CO-01,S3046001_S_GN-SB-LA-04,,brand_unit;legacy_block,
S3046001_S_GN-SB-CO-01,S3046001_S_GN-SB-LE-01,,brand_unit;legacy_block,
S3046001_S_GN-SB-CO-01,S3046001_S_GN-SB-LE-04,,brand_unit;legacy_block,
S3046001_S_GN-SB-CO-01,S3046001_S_GN-SB-MA-01,,brand_unit;legacy_block,
S3046001_S_GN-SB-CO-01,S3046001_S_GN-SB-MA-04,,brand_unit;legacy_block,
S3046001_S_GN-SB-CO-01,S3046001_S_GN-SB-NE-01,,brand_unit;legacy_block,
S3046001_S_GN-SB-CO-01,S3046001_S_GN-SB-NE-04,,brand_unit;legacy_block,
S3046001_S_GN-SB-CO-01,S3046001_S_GN-SB-NO-05,0.00353515,brand_unit;legacy_block,
S3046001_S_GN-SB-CO-01,S3046001_S_GN-SB-OO-01,,brand_unit;legacy_block,
S3046001_S_GN-SB-CO-01,S3046001_S_GN-SB-OO-04,,brand_unit;legacy_block,
S3046001_S_GN-SB-CO-01,S3046001_S_GN-SB-PF-05,0.00598104,brand_unit;legacy_block,
S3046001_S_GN-SB-CO-01,S3046001_S_GN-SB-PL-01,,brand_unit;legacy_block,
S3046001_S_GN-SB-CO-01,S3046001_S_GN-SB-PL-04,,brand_unit;legacy_block,
S3046001_S_GN-SB-CO-01,S3046001_S_GN-SB-PO-01,,brand_unit;legacy_block,
S3046001_S_GN-SB-CO-01,S3046001_S_GN-SB-PP-05,0.01117298,brand_unit;legacy_block,
S3046001_S_GN-SB-CO-01,S3046001_S_GN-SB-RO-01,,brand_unit;legacy_block,
S3046001_S_GN-SB-CO-01,S3046001_S_GN-SB-RO-04,,brand_unit;legacy_block,
S3046001_S_GN-SB-CO-01,S3046001_S_GN-SB-RS-01,,brand_unit;legacy_block,
S3046001_S_GN-SB-CO-01,S3046001_S_GN-SB-RS-04,,brand_unit;legacy_block,
S3046001_S_GN-SB-CO-01,S3046001_S_GN-SB-SB-01,,brand_unit;legacy_block,
S3046001_S_GN-SB-CO-01,S3046001_S_GN-SB-SB-04,0.01725422,brand_unit;legacy_block,
S3046001_S_GN-SB-CO-01,S3046001_S_GN-SB-SJ-01,0.00111195,brand_unit;legacy_block,
S3046001_S_GN-SB-CO-01,S3046001_S_GN-SB-SJ-04,0.00669289,brand_unit;legacy_block,
S3046001_S_GN-SB-CO-01,S3046001_S_GN-SB-SS-01,0.03702760,brand_unit;legacy_block,
S3046001_S_GN-SB-CO-01,S3046001_S_GN-SB-SS-04,0.06051953,brand_unit;legacy_block,
S3046001_S_GN-SB-CO-01,S3046001_S_GN-SB-SW-04,0.00722278,brand_unit;legacy_block,
S3046001_S_GN-SB-CO-01,S3046001_S_GN-SB-TA-01,,brand_unit;legacy_block,
S3046001_S_GN-SB-CO-01,S3046001_S_GN-SB-TA-04,,brand_unit;legacy_block,
S3046001_S_GN-SB-CO-01,S3046001_S_GN-SB-TM-01,0.01187046,brand_unit;legacy_block,
S3046001_S_GN-SB-CO-01,S3046001_S_GN-SB-TM-04,0.00565308,brand_unit;legacy_block,
S3046001_S_GN-SB-CO-01,S3046001_S_GN-SB-TT-01,,brand_unit;legacy_block,
S3046001_S_GN-SB-CO-01,S3046001_S_GN-SB-TT-04,,brand_unit;legacy_block,
S3046001_S_GN-SB-CO-01,S3046001_S_GN-SB-TU-01,0.00053996,brand_unit;legacy_block,
S3046001_S_GN-SB-CO-01,S3046001_S_GN-SB-TU-04,0.02305951,brand_unit;legacy_block,
S3046001_S_GN-SB-CO-01,S3046001_S_GN-SB-WP-01,0.00230898,brand_unit;legacy_block,
S3046001_S_GN-SB-CO-01,S3046001_S_GN-SB-WP-04,0.00157102,brand_unit;legacy_block,
S3046001_S_GN-SB-CO-01,S3046001_S_GN10667,0.09218291,brand_unit;legacy_block,
S3046001_S_GN-SB-CR-01,S3046001_S_GN-SB-CR-04,1.00000000,brand_unit;legacy_block,
S3046001_S_GN-SB-CR-01,S3046001_S_GN-SB-CR-10,0.96011381,brand_unit;legacy_block,
S3046001_S_GN-SB-CR-01,S3046001_S_GN-SB-CS-05,0.00849362,brand_unit;legacy_block,
S3046001_S_GN-SB-CR-01,S3046001_S_GN-SB-DA-01,0.01606084,brand_unit;legacy_block,
S3046001_S_GN-SB-CR-01,S3046001_S_GN-SB-DM-01,,brand_unit;legacy_block,
S3046001_S_GN-SB-CR-01,S3046001_S_GN-SB-DM-04,,brand_unit;legacy_block,
S3046001_S_GN-SB-CR-01,S3046001_S_GN-SB-FL-01,,brand_unit;legacy_block,
S3046001_S_GN-SB-CR-01,S3046001_S_GN-SB-FL-04,,brand_unit;legacy_block,
S3046001_S_GN-SB-CR-01,S3046001_S_GN-SB-GE-05,0.00849362,brand_unit;legacy_block,
S3046001_S_GN-SB-CR-01,S3046001_S_GN-SB-GL-01,0.07309685,brand_unit;legacy_block,
S3046001_S_GN-SB-CR-01,S3046001_S_GN-SB-GL-04,,brand_unit;legacy_block,
S3046001_S_GN-SB-CR-01,S3046001_S_GN-SB-GM-01,0.05681883,brand_unit;legacy_block,
S3046001_S_GN-SB-CR-01,S3046001_S_GN-SB-GM-04,0.02187101,brand_unit;legacy_block,
S3046001_S_GN-SB-CR-01,S3046001_S_GN-SB-GR-01,,brand_unit;legacy_block,
S3046001_S_GN-SB-CR-01,S3046001_S_GN-SB-GR-04,,brand_unit;legacy_block,
S3046001_S_GN-SB-CR-01,S3046001_S_GN-SB-KE-01,0.08621712,brand_unit;legacy_block,
S3046001_S_GN-SB-CR-01,S3046001_S_GN-SB-LA-01,,brand_unit;legacy_block,
S3046001_S_GN-SB-CR-01,S3046001_S_GN-SB-LA-04,,brand_unit;legacy_block,
S3046001_S_GN-SB-CR-01,S3046001_S_GN-SB-LE-01,,brand_unit;legacy_block,
S3046001_S_GN-SB-CR-01,S3046001_S_GN-SB-LE-04,,brand_unit;legacy_block,
S3046001_S_GN-SB-CR-01,S3046001_S_GN-SB-MA-01,0.01721109,brand_unit;legacy_block,
S3046001_S_GN-SB-CR-01,S3046001_S_GN-SB-MA-04,0.00665730,brand_unit;legacy_block,
S3046001_S_GN-SB-CR-01,S3046001_S_GN-SB-NE-01,,brand_unit;legacy_block,
S3046001_S_GN-SB-CR-01,S3046001_S_GN-SB-NE-04,,brand_unit;legacy_block,
S3046001_S_GN-SB-CR-01,S3046001_S_GN-SB-NO-05,0.00849362,brand_unit;legacy_block,
S3046001_S_GN-SB-CR-01,S3046001_S_GN-SB-OO-01,,brand_unit;legacy_block,
S3046001_S_GN-SB-CR-01,S3046001_S_GN-SB-OO-04,,brand_unit;legacy_block,
S3046001_S_GN-SB-CR-01,S3046001_S_GN-SB-PF-05,0.03923669,brand_unit;legacy_block,
S3046001_S_GN-SB-CR-01,S3046001_S_GN-SB-PL-01,,brand_unit;legacy_block,
S3046001_S_GN-SB-CR-01,S3046001_S_GN-SB-PL-04,,brand_unit;legacy_block,
S3046001_S_GN-SB-CR-01,S3046001_S_GN-SB-PO-01,0.01606084,brand_unit;legacy_block,
S3046001_S_GN-SB-CR-01,S3046001_S_GN-SB-PP-05,0.03119459,brand_unit;legacy_block,
S3046001_S_GN-SB-CR-01,S3046001_S_GN-SB-RO-01,,brand_unit;legacy_block,
S3046001_S_GN-SB-CR-01,S3046001_S_GN-SB-RO-04,,brand_unit;legacy_block,
S3046001_S_GN-SB-CR-01,S3046001_S_GN-SB-RS-01,,brand_unit;legacy_block,
S3046001_S_GN-SB-CR-01,S3046001_S_GN-SB-RS-04,,brand_unit;legacy_block,
S3046001_S_GN-SB-CR-01,S3046001_S_GN-SB-SB-01,,brand_unit;legacy_block,
S3046001_S_GN-SB-CR-01,S3046001_S_GN-SB-SB-04,,brand_unit;legacy_block,
S3046001_S_GN-SB-CR-01,S3046001_S_GN-SB-SJ-01,0.00507004,brand_unit;legacy_block,
S3046001_S_GN-SB-CR-01,S3046001_S_GN-SB-SJ-04,0.00665730,brand_unit;legacy_block,
S3046001_S_GN-SB-CR-01,S3046001_S_GN-SB-SS-01,0.03462491,brand_unit;legacy_block,
S3046001_S_GN-SB-CR-01,S3046001_S_GN-SB-SS-04,0.04276343,brand_unit;legacy_block,
S3046001_S_GN-SB-CR-01,S3046001_S_GN-SB-SW-04,0.03542560,brand_unit;legacy_block,
S3046001_S_GN-SB-CR-01,S3046001_S_GN-SB-TA-01,,brand_unit;legacy_block,
S3046001_S_GN-SB-CR-01,S3046001_S_GN-SB-TA-04,,brand_unit;legacy_block,
S3046001_S_GN-SB-CR-01,S3046001_S_GN-SB-TM-01,,brand_unit;legacy_block,
S3046001_S_GN-SB-CR-01,S3046001_S_GN-SB-TM-04,,brand_unit;legacy_block,
S3046001_S_GN-SB-CR-01,S3046001_S_GN-SB-TT-01,,brand_unit;legacy_block,
S3046001_S_GN-SB-CR-01,S3046001_S_GN-SB-TT-04,,brand_unit;legacy_block,
S3046001_S_GN-SB-CR-01,S3046001_S_GN-SB-TU-01,0.00373846,brand_unit;legacy_block,
S3046001_S_GN-SB-CR-01,S3046001_S_GN-SB-TU-04,,brand_unit;legacy_block,
S3046001_S_GN-SB-CR-01,S3046001_S_GN-SB-WP-01,0.00599248,brand_unit;legacy_block,
S3046001_S_GN-SB-CR-01,S3046001_S_GN-SB-WP-04,0.00086972,brand_unit;legacy_block,
S3046001_S_GN-SB-CR-01,S3046001_S_GN10667,0.07204269,brand_unit;legacy_block,
S3046001_S_GN-SB-CR-04,S3046001_S_GN-SB-CR-10,0.99746497,brand_unit;legacy_block,
S3046001_S_GN-SB-CR-04,S3046001_S_GN-SB-CS-05,0.00849362,brand_unit;legacy_block,
S3046001_S_GN-SB-CR-04,S3046001_S_GN-SB-DA-01,0.01860609,brand_unit;legacy_block,
S3046001_S_GN-SB-CR-04,S3046001_S_GN-SB-DM-01,,brand_unit;legacy_block,
S3046001_S_GN-SB-CR-04,S3046001_S_GN-SB-DM-04,,brand_unit;legacy_block,
S3046001_S_GN-SB-CR-04,S3046001_S_GN-SB-FL-01,,brand_unit;legacy_block,
S3046001_S_GN-SB-CR-04,S3046001_S_GN-SB-FL-04,,brand_unit;legacy_block,
S3046001_S_GN-SB-CR-04,S3046001_S_GN-SB-GE-05,0.00849362,brand_unit;legacy_block,
S3046001_S_GN-SB-CR-04,S3046001_S_GN-SB-GL-01,0.02766772,brand_unit;legacy_block,
S3046001_S_GN-SB-CR-04,S3046001_S_GN-SB-GL-04,,brand_unit;legacy_block,
S3046001_S_GN-SB-CR-04,S3046001_S_GN-SB-GM-01,0.01733908,brand_unit;legacy_block,
S3046001_S_GN-SB-CR-04,S3046001_S_GN-SB-GM-04,0.34431155,brand_unit;legacy_block,
S3046001_S_GN-SB-CR-04,S3046001_S_GN-SB-GR-01,,brand_unit;legacy_block,
S3046001_S_GN-SB-CR-04,S3046001_S_GN-SB-GR-04,,brand_unit;legacy_block,
S3046001_S_GN-SB-CR-04,S3046001_S_GN-SB-KE-01,0.00864808,brand_unit;legacy_block,
S3046001_S_GN-SB-CR-04,S3046001_S_GN-SB-LA-01,,brand_unit;legacy_block,
S3046001_S_GN-SB-CR-04,S3046001_S_GN-SB-LA-04,,brand_unit;legacy_block,
S3046001_S_GN-SB-CR-04,S3046001_S_GN-SB-LE-01,,brand_unit;legacy_block,
S3046001_S_GN-SB-CR-04,S3046001_S_GN-SB-LE-04,,brand_unit;legacy_block,
S3046001_S_GN-SB-CR-04,S3046001_S_GN-SB-MA-01,0.00903072,brand_unit;legacy_block,
S3046001_S_GN-SB-CR-04,S3046001_S_GN-SB-MA-04,0.11347813,brand_unit;legacy_block,
S3046001_S_GN-SB-CR-04,S3046001_S_GN-SB-NE-01,,brand_unit;legacy_block,
S3046001_S_GN-SB-CR-04,S3046001_S_GN-SB-NE-04,,brand_unit;legacy_block,
S3046001_S_GN-SB-CR-04,S3046001_S_GN-SB-NO-05,0.00849362,brand_unit;legacy_block,
S3046001_S_GN-SB-CR-04,S3046001_S_GN-SB-OO-01,,brand_unit;legacy_block,
S3046001_S_GN-SB-CR-04,S3046001_S_GN-SB-OO-04,,brand_unit;legacy_block,
S3046001_S_GN-SB-CR-04,S3046001_S_GN-SB-PF-05,0.03520200,brand_unit;legacy_block,
S3046001_S_GN-SB-CR-04,S3046001_S_GN-SB-PL-01,,brand_unit;legacy_block,
S3046001_S_GN-SB-CR-04,S3046001_S_GN-SB-PL-04,,brand_unit;legacy_block,
S3046001_S_GN-SB-CR-04,S3046001_S_GN-SB-PO-01,0.01689510,brand_unit;legacy_block,
S3046001_S_GN-SB-CR-04,S3046001_S_GN-SB-PP-05,0.02796280,brand_unit;legacy_block,
S3046001_S_GN-SB-CR-04,S3046001_S_GN-SB-RO-01,,brand_unit;legacy_block,
S3046001_S_GN-SB-CR-04,S3046001_S_GN-SB-RO-04,,brand_unit;legacy_block,
S3046001_S_GN-SB-CR-04,S3046001_S_GN-SB-RS-01,,brand_unit;legacy_block,
S3046001_S_GN-SB-CR-04,S3046001_S_GN-SB-RS-04,,brand_unit;legacy_block,
S3046001_S_GN-SB-CR-04,S3046001_S_GN-SB-SB-01,,brand_unit;legacy_block,
S3046001_S_GN-SB-CR-04,S3046001_S_GN-SB-SB-04,,brand_unit;legacy_block,
S3046001_S_GN-SB-CR-04,S3046001_S_GN-SB-SJ-01,0.00716267,brand_unit;legacy_block,
S3046001_S_GN-SB-CR-04,S3046001_S_GN-SB-SJ-04,0.28851885,brand_unit;legacy_block,
S3046001_S_GN-SB-CR-04,S3046001_S_GN-SB-SS-01,0.47532496,brand_unit;legacy_block,
S3046001_S_GN-SB-CR-04,S3046001_S_GN-SB-SS-04,0.35493475,brand_unit;legacy_block,
S3046001_S_GN-SB-CR-04,S3046001_S_GN-SB-SW-04,0.08061418,brand_unit;legacy_block,
S3046001_S_GN-SB-CR-04,S3046001_S_GN-SB-TA-01,,brand_unit;legacy_block,
S3046001_S_GN-SB-CR-04,S3046001_S_GN-SB-TA-04,,brand_unit;legacy_block,
S3046001_S_GN-SB-CR-04,S3046001_S_GN-SB-TM-01,,brand_unit;legacy_block,
S3046001_S_GN-SB-CR-04,S3046001_S_GN-SB-TM-04,,brand_unit;legacy_block,
S3046001_S_GN-SB-CR-04,S3046001_S_GN-SB-TT-01,,brand_unit;legacy_block,
S3046001_S_GN-SB-CR-04,S3046001_S_GN-SB-TT-04,,brand_unit;legacy_block,
S3046001_S_GN-SB-CR-04,S3046001_S_GN-SB-TU-01,0.00104163,brand_unit;legacy_block,
S3046001_S_GN-SB-CR-04,S3046001_S_GN-SB-TU-04,,brand_unit;legacy_block,
S3046001_S_GN-SB-CR-04,S3046001_S_GN-SB-WP-01,0.00459122,brand_unit;legacy_block,
S3046001_S_GN-SB-CR-04,S3046001_S_GN-SB-WP-04,0.12728795,brand_unit;legacy_block,
S3046001_S_GN-SB-CR-04,S3046001_S_GN10667,0.10606158,brand_unit;legacy_block,
S3046001_S_GN-SB-CR-10,S3046001_S_GN-SB-CS-05,0.01419952,brand_unit;legacy_block,
S3046001_S_GN-SB-CR-10,S3046001_S_GN-SB-DA-01,,brand_unit;legacy_block,
S3046001_S_GN-SB-CR-10,S3046001_S_GN-SB-DM-01,0.00955529,brand_unit;legacy_block,
S3046001_S_GN-SB-CR-10,S3046001_S_GN-SB-DM-04,0.28628648,brand_unit;legacy_block,
S3046001_S_GN-SB-CR-10,S3046001_S_GN-SB-FL-01,,brand_unit;legacy_block,
S3046001_S_GN-SB-CR-10,S3046001_S_GN-SB-FL-04,,brand_unit;legacy_block,
S3046001_S_GN-SB-CR-10,S3046001_S_GN-SB-GE-05,0.01419952,brand_unit;legacy_block,
S3046001_S_GN-SB-CR-10,S3046001_S_GN-SB-GL-01,0.03217129,brand_unit;legacy_block,
S3046001_S_GN-SB-CR-10,S3046001_S_GN-SB-GL-04,,brand_unit;legacy_block,
S3046001_S_GN-SB-CR-10,S3046001_S_GN-SB-GM-01,,brand_unit;legacy_block,
S3046001_S_GN-SB-CR-10,S3046001_S_GN-SB-GM-04,,brand_unit;legacy_block,
S3046001_S_GN-SB-CR-10,S3046001_S_GN-SB-GR-01,0.03436752,brand_unit;legacy_block,
S3046001_S_GN-SB-CR-10,S3046001_S_GN-SB-GR-04,0.39103918,brand_unit;legacy_block,
S3046001_S_GN-SB-CR-10,S3046001_S_GN-SB-KE-01,0.00333709,brand_unit;legacy_block,
S3046001_S_GN-SB-CR-10,S3046001_S_GN-SB-LA-01,,brand_unit;legacy_block,
S3046001_S_GN-SB-CR-10,S3046001_S_GN-SB-LA-04,,brand_unit;legacy_block,
S3046001_S_GN-SB-CR-10,S3046001_S_GN-SB-LE-01,,brand_unit;legacy_block,
S3046001_S_GN-SB-CR-10,S3046001_S_GN-SB-LE-04,,brand_unit;legacy_block,
S3046001_S_GN-SB-CR-10,S3046001_S_GN-SB-MA-01,0.01325251,brand_unit;legacy_block,
S3046001_S_GN-SB-CR-10,S3046001_S_GN-SB-MA-04,0.28430296,brand_unit;legacy_block,
S3046001_S_GN-SB-CR-10,S3046001_S_GN-SB-NE-01,0.00955529,brand_unit;legacy_block,
S3046001_S_GN-SB-CR-10,S3046001_S_GN-SB-NE-04,0.29587809,brand_unit;legacy_block,
S3046001_S_GN-SB-CR-10,S3046001_S_GN-SB-NO-05,0.01419952,brand_unit;legacy_block,
S3046001_S_GN-SB-CR-10,S3046001_S_GN-SB-OO-01,,brand_unit;legacy_block,
S3046001_S_GN-SB-CR-10,S3046001_S_GN-SB-OO-04,,brand_unit;legacy_block,
S3046001_S_GN-SB-CR-10,S3046001_S_GN-SB-PF-05,0.03031444,brand_unit;legacy_block,
S3046001_S_GN-SB-CR-10,S3046001_S_GN-SB-PL-01,,brand_unit;legacy_block,
S3046001_S_GN-SB-CR-10,S3046001_S_GN-SB-PL-04,,brand_unit;legacy_block,
S3046001_S_GN-SB-CR-10,S3046001_S_GN-SB-PO-01,0.00955529,brand_unit;legacy_block,
S3046001_S_GN-SB-CR-10,S3046001_S_GN-SB-PP-05,0.03555406,brand_unit;legacy_block,
S3046001_S_GN-SB-CR-10,S3046001_S_GN-SB-RO-01,0.01751388,brand_unit;legacy_block,
S3046001_S_GN-SB-CR-10,S3046001_S_GN-SB-RO-04,0.29800621,brand_unit;legacy_block,
S3046001_S_GN-SB-CR-10,S3046001_S_GN-SB-RS-01,,brand_unit;legacy_block,
S3046001_S_GN-SB-CR-10,S3046001_S_GN-SB-RS-04,,brand_unit;legacy_block,
S3046001_S_GN-SB-CR-10,S3046001_S_GN-SB-SB-01,0.03238815,brand_unit;legacy_block,
S3046001_S_GN-SB-CR-10,S3046001_S_GN-SB-SB-04,0.30521969,brand_unit;legacy_block,
S3046001_S_GN-SB-CR-10,S3046001_S_GN-SB-SJ-01,0.01029285,brand_unit;legacy_block,
S3046001_S_GN-SB-CR-10,S3046001_S_GN-SB-SJ-04,0.16154506,brand_unit;legacy_block,
S3046001_S_GN-SB-CR-10,S3046001_S_GN-SB-SS-01,0.10687066,brand_unit;legacy_block,
S3046001_S_GN-SB-CR-10,S3046001_S_GN-SB-SS-04,0.04587713,brand_unit;legacy_block,
S3046001_S_GN-SB-CR-10,S3046001_S_GN-SB-SW-04,0.03404187,brand_unit;legacy_block,
S3046001_S_GN-SB-CR-10,S3046001_S_GN-SB-TA-01,0.00955529,brand_unit;legacy_block,
S3046001_S_GN-SB-CR-10,S3046001_S_GN-SB-TA-04,0.28628648,brand_unit;legacy_block,
S3046001_S_GN-SB-CR-10,S3046001_S_GN-SB-TM-01,0.06212800,brand_unit;legacy_block,
S3046001_S_GN-SB-CR-10,S3046001_S_GN-SB-TM-04,0.03979954,brand_unit;legacy_block,
S3046001_S_GN-SB-CR-10,S3046001_S_GN-SB-TT-01,0.00955529,brand_unit;legacy_block,
S3046001_S_GN-SB-CR-10,S3046001_S_GN-SB-TT-04,0.28628648,brand_unit;legacy_block,
S3046001_S_GN-SB-CR-10,S3046001_S_GN-SB-TU-01,0.00445767,brand_unit;legacy_block,
S3046001_S_GN-SB-CR-10,S3046001_S_GN-SB-TU-04,0.28628648,brand_unit;legacy_block,
S3046001_S_GN-SB-CR-10,S3046001_S_GN-SB-WP-01,0.01543916,brand_unit;legacy_block,
S3046001_S_GN-SB-CR-10,S3046001_S_GN-SB-WP-04,0.16479687,brand_unit;legacy_block,
S3046001_S_GN-SB-CR-10,S3046001_S_GN10667,0.38614281,brand_unit;legacy_block,
S3046001_S_GN-SB-CS-05,S3046001_S_GN-SB-DA-01,0.00336288,brand_unit;legacy_block,
S3046001_S_GN-SB-CS-05,S3046001_S_GN-SB-DM-01,0.00336288,brand_unit;legacy_block,
S3046001_S_GN-SB-CS-05,S3046001_S_GN-SB-DM-04,0.00849362,brand_unit;legacy_block,
S3046001_S_GN-SB-CS-05,S3046001_S_GN-SB-FL-01,0.03091180,brand_unit;legacy_block,
S3046001_S_GN-SB-CS-05,S3046001_S_GN-SB-FL-04,0.04291593,brand_unit;legacy_block,
S3046001_S_GN-SB-CS-05,S3046001_S_GN-SB-GE-05,0.00899605,brand_unit;legacy_block,
S3046001_S_GN-SB-CS-05,S3046001_S_GN-SB-GL-01,0.00353515,brand_unit;legacy_block,
S3046001_S_GN-SB-CS-05,S3046001_S_GN-SB-GL-04,0.01610437,brand_unit;legacy_block,
S3046001_S_GN-SB-CS-05,S3046001_S_GN-SB-GM-01,0.00926335,brand_unit;legacy_block,
S3046001_S_GN-SB-CS-05,S3046001_S_GN-SB-GM-04,0.01610437,brand_unit;legacy_block,
S3046001_S_GN-SB-CS-05,S3046001_S_GN-SB-GR-01,0.00353515,brand_unit;legacy_block,
S3046001_S_GN-SB-CS-05,S3046001_S_GN-SB-GR-04,0.00849362,brand_unit;legacy_block,
S3046001_S_GN-SB-CS-05,S3046001_S_GN-SB-KE-01,0.01997967,brand_unit;legacy_block,
S3046001_S_GN-SB-CS-05,S3046001_S_GN-SB-LA-01,0.00353515,brand_unit;legacy_block,
S3046001_S_GN-SB-CS-05,S3046001_S_GN-SB-LA-04,0.00849362,brand_unit;legacy_block,
S3046001_S_GN-SB-CS-05,S3046001_S_GN-SB-LE-01,0.00336288,brand_unit;legacy_block,
S3046001_S_GN-SB-CS-05,S3046001_S_GN-SB-LE-04,0.00849362,brand_unit;legacy_block,
S3046001_S_GN-SB-CS-05,S3046001_S_GN-SB-MA-01,0.00353515,brand_unit;legacy_block,
S3046001_S_GN-SB-CS-05,S3046001_S_GN-SB-MA-04,0.01817684,brand_unit;legacy_block,
S3046001_S_GN-SB-CS-05,S3046001_S_GN-SB-NE-01,0.00336288,brand_unit;legacy_block,
S3046001_S_GN-SB-CS-05,S3046001_S_GN-SB-NE-04,0.00849362,brand_unit;legacy_block,
S3046001_S_GN-SB-CS-05,S3046001_S_GN-SB-NO-05,0.01396118,brand_unit;legacy_block,
S3046001_S_GN-SB-CS-05,S3046001_S_GN-SB-OO-01,0.00353515,brand_unit;legacy_block,
S3046001_S_GN-SB-CS-05,S3046001_S_GN-SB-OO-04,0.00849362,brand_unit;legacy_block,
S3046001_S_GN-SB-CS-05,S3046001_S_GN-SB-PF-05,0.01396118,brand_unit;legacy_block,
S3046001_S_GN-SB-CS-05,S3046001_S_GN-SB-PL-01,0.00926335,brand_unit;legacy_block,
S3046001_S_GN-SB-CS-05,S3046001_S_GN-SB-PL-04,0.01247414,brand_unit;legacy_block,
S3046001_S_GN-SB-CS-05,S3046001_S_GN-SB-PO-01,0.00336288,brand_unit;legacy_block,
S3046001_S_GN-SB-CS-05,S3046001_S_GN-SB-PP-05,0.01548924,brand_unit;legacy_block,
S3046001_S_GN-SB-CS-05,S3046001_S_GN-SB-RO-01,0.00353515,brand_unit;legacy_block,
S3046001_S_GN-SB-CS-05,S3046001_S_GN-SB-RO-04,0.00849362,brand_unit;legacy_block,
S3046001_S_GN-SB-CS-05,S3046001_S_GN-SB-RS-01,0.00336288,brand_unit;legacy_block,
S3046001_S_GN-SB-CS-05,S3046001_S_GN-SB-RS-04,0.00849362,brand_unit;legacy_block,
S3046001_S_GN-SB-CS-05,S3046001_S_GN-SB-SB-01,0.00353515,brand_unit;legacy_block,
S3046001_S_GN-SB-CS-05,S3046001_S_GN-SB-SB-04,0.00849362,brand_unit;legacy_block,
S3046001_S_GN-SB-CS-05,S3046001_S_GN-SB-SJ-01,0.00593864,brand_unit;legacy_block,
S3046001_S_GN-SB-CS-05,S3046001_S_GN-SB-SJ-04,0.00838350,brand_unit;legacy_block,
S3046001_S_GN-SB-CS-05,S3046001_S_GN-SB-SS-01,0.08893923,brand_unit;legacy_block,
S3046001_S_GN-SB-CS-05,S3046001_S_GN-SB-SS-04,0.08893923,brand_unit;legacy_block,
S3046001_S_GN-SB-CS-05,S3046001_S_GN-SB-SW-04,0.03234623,brand_unit;legacy_block,
S3046001_S_GN-SB-CS-05,S3046001_S_GN-SB-TA-01,0.00336288,brand_unit;legacy_block,
S3046001_S_GN-SB-CS-05,S3046001_S_GN-SB-TA-04,0.00849362,brand_unit;legacy_block,
S3046001_S_GN-SB-CS-05,S3046001_S_GN-SB-TM-01,0.03603074,brand_unit;legacy_block,
S3046001_S_GN-SB-CS-05,S3046001_S_GN-SB-TM-04,0.03987687,brand_unit;legacy_block,
S3046001_S_GN-SB-CS-05,S3046001_S_GN-SB-TT-01,0.00336288,brand_unit;legacy_block,
S3046001_S_GN-SB-CS-05,S3046001_S_GN-SB-TT-04,0.00849362,brand_unit;legacy_block,
S3046001_S_GN-SB-CS-05,S3046001_S_GN-SB-TU-01,0.00608009,brand_unit;legacy_block,
S3046001_S_GN-SB-CS-05,S3046001_S_GN-SB-TU-04,0.00849362,brand_unit;legacy_block,
S3046001_S_GN-SB-CS-05,S3046001_S_GN-SB-WP-01,0.04976960,brand_unit;legacy_block,
S3046001_S_GN-SB-CS-05,S3046001_S_GN-SB-WP-04,0.05002359,brand_unit;legacy_block,
S3046001_S_GN-SB-CS-05,S3046001_S_GN10667,0.11744330,brand_unit;legacy_block,
S3046001_S_GN-SB-DA-01,S3046001_S_GN-SB-DM-01,,brand_unit;legacy_block,
S3046001_S_GN-SB-DA-01,S3046001_S_GN-SB-DM-04,,brand_unit;legacy_block,
S3046001_S_GN-SB-DA-01,S3046001_S_GN-SB-FL-01,,brand_unit;legacy_block,
S3046001_S_GN-SB-DA-01,S3046001_S_GN-SB-FL-04,,brand_unit;legacy_block,
S3046001_S_GN-SB-DA-01,S3046001_S_GN-SB-GE-05,,brand_unit;legacy_block,
S3046001_S_GN-SB-DA-01,S3046001_S_GN-SB-GL-01,,brand_unit;legacy_block,
S3046001_S_GN-SB-DA-01,S3046001_S_GN-SB-GL-04,,brand_unit;legacy_block,
S3046001_S_GN-SB-DA-01,S3046001_S_GN-SB-GM-01,,brand_unit;legacy_block,
S3046001_S_GN-SB-DA-01,S3046001_S_GN-SB-GM-04,,brand_unit;legacy_block,
S3046001_S_GN-SB-DA-01,S3046001_S_GN-SB-GR-01,,brand_unit;legacy_block,
S3046001_S_GN-SB-DA-01,S3046001_S_GN-SB-GR-04,,brand_unit;legacy_block,
S3046001_S_GN-SB-DA-01,S3046001_S_GN-SB-KE-01,0.00328615,brand_unit;legacy_block,
S3046001_S_GN-SB-DA-01,S3046001_S_GN-SB-LA-01,,brand_unit;legacy_block,
S3046001_S_GN-SB-DA-01,S3046001_S_GN-SB-LA-04,,brand_unit;legacy_block,
S3046001_S_GN-SB-DA-01,S3046001_S_GN-SB-LE-01,,brand_unit;legacy_block,
S3046001_S_GN-SB-DA-01,S3046001_S_GN-SB-LE-04,,brand_unit;legacy_block,
S3046001_S_GN-SB-DA-01,S3046001_S_GN-SB-MA-01,,brand_unit;legacy_block,
S3046001_S_GN-SB-DA-01,S3046001_S_GN-SB-MA-04,,brand_unit;legacy_block,
S3046001_S_GN-SB-DA-01,S3046001_S_GN-SB-NE-01,,brand_unit;legacy_block,
S3046001_S_GN-SB-DA-01,S3046001_S_GN-SB-NE-04,,brand_unit;legacy_block,
S3046001_S_GN-SB-DA-01,S3046001_S_GN-SB-NO-05,0.00336288,brand_unit;legacy_block,
S3046001_S_GN-SB-DA-01,S3046001_S_GN-SB-OO-01,,brand_unit;legacy_block,
S3046001_S_GN-SB-DA-01,S3046001_S_GN-SB-OO-04,,brand_unit;legacy_block,
S3046001_S_GN-SB-DA-01,S3046001_S_GN-SB-PF-05,0.01362624,brand_unit;legacy_block,
S3046001_S_GN-SB-DA-01,S3046001_S_GN-SB-PL-01,,brand_unit;legacy_block,
S3046001_S_GN-SB-DA-01,S3046001_S_GN-SB-PL-04,,brand_unit;legacy_block,
S3046001_S_GN-SB-DA-01,S3046001_S_GN-SB-PO-01,,brand_unit;legacy_block,
S3046001_S_GN-SB-DA-01,S3046001_S_GN-SB-PP-05,0.03546056,brand_unit;legacy_block,
S3046001_S_GN-SB-DA-01,S3046001_S_GN-SB-RO-01,,brand_unit;legacy_block,
S3046001_S_GN-SB-DA-01,S3046001_S_GN-SB-RO-04,,brand_unit;legacy_block,
S3046001_S_GN-SB-DA-01,S3046001_S_GN-SB-RS-01,,brand_unit;legacy_block,
S3046001_S_GN-SB-DA-01,S3046001_S_GN-SB-RS-04,,brand_unit;legacy_block,
S3046001_S_GN-SB-DA-01,S3046001_S_GN-SB-SB-01,,brand_unit;legacy_block,
S3046001_S_GN-SB-DA-01,S3046001_S_GN-SB-SB-04,,brand_unit;legacy_block,
S3046001_S_GN-SB-DA-01,S3046001_S_GN-SB-SJ-01,0.00255445,brand_unit;legacy_block,
S3046001_S_GN-SB-DA-01,S3046001_S_GN-SB-SJ-04,0.00429865,brand_unit;legacy_block,
S3046001_S_GN-SB-DA-01,S3046001_S_GN-SB-SS-01,0.03702760,brand_unit;legacy_block,
S3046001_S_GN-SB-DA-01,S3046001_S_GN-SB-SS-04,0.06051953,brand_unit;legacy_block,
S3046001_S_GN-SB-DA-01,S3046001_S_GN-SB-SW-04,0.01409979,brand_unit;legacy_block,
S3046001_S_GN-SB-DA-01,S3046001_S_GN-SB-TA-01,,brand_unit;legacy_block,
S3046001_S_GN-SB-DA-01,S3046001_S_GN-SB-TA-04,,brand_unit;legacy_block,
S3046001_S_GN-SB-DA-01,S3046001_S_GN-SB-TM-01,0.00716086,brand_unit;legacy_block,
S3046001_S_GN-SB-DA-01,S3046001_S_GN-SB-TM-04,0.00605031,brand_unit;legacy_block,
S3046001_S_GN-SB-DA-01,S3046001_S_GN-SB-TT-01,,brand_unit;legacy_block,
S3046001_S_GN-SB-DA-01,S3046001_S_GN-SB-TT-04,,brand_unit;legacy_block,
S3046001_S_GN-SB-DA-01,S3046001_S_GN-SB-TU-01,0.00141651,brand_unit;legacy_block,
S3046001_S_GN-SB-DA-01,S3046001_S_GN-SB-TU-04,0.06238912,brand_unit;legacy_block,
S3046001_S_GN-SB-DA-01,S3046001_S_GN-SB-WP-01,,brand_unit;legacy_block,
S3046001_S_GN-SB-DA-01,S3046001_S_GN-SB-WP-04,0.00151440,brand_unit;legacy_block,
S3046001_S_GN-SB-DA-01,S3046001_S_GN10667,,brand_unit;legacy_block,
S3046001_S_GN-SB-DM-01,S3046001_S_GN-SB-DM-04,1.00000000,brand_unit;legacy_block,
S3046001_S_GN-SB-DM-01,S3046001_S_GN-SB-FL-01,,brand_unit;legacy_block,
S3046001_S_GN-SB-DM-01,S3046001_S_GN-SB-FL-04,,brand_unit;legacy_block,
S3046001_S_GN-SB-DM-01,S3046001_S_GN-SB-GE-05,0.00309724,brand_unit;legacy_block,
S3046001_S_GN-SB-DM-01,S3046001_S_GN-SB-GL-01,,brand_unit;legacy_block,
S3046001_S_GN-SB-DM-01,S3046001_S_GN-SB-GL-04,,brand_unit;legacy_block,
S3046001_S_GN-SB-DM-01,S3046001_S_GN-SB-GM-01,,brand_unit;legacy_block,
S3046001_S_GN-SB-DM-01,S3046001_S_GN-SB-GM-04,,brand_unit;legacy_block,
S3046001_S_GN-SB-DM-01,S3046001_S_GN-SB-GR-01,,brand_unit;legacy_block,
S3046001_S_GN-SB-DM-01,S3046001_S_GN-SB-GR-04,,brand_unit;legacy_block,
S3046001_S_GN-SB-DM-01,S3046001_S_GN-SB-KE-01,0.00434802,brand_unit;legacy_block,
S3046001_S_GN-SB-DM-01,S3046001_S_GN-SB-LA-01,,brand_unit;legacy_block,
S3046001_S_GN-SB-DM-01,S3046001_S_GN-SB-LA-04,,brand_unit;legacy_block,
S3046001_S_GN-SB-DM-01,S3046001_S_GN-SB-LE-01,,brand_unit;legacy_block,
S3046001_S_GN-SB-DM-01,S3046001_S_GN-SB-LE-04,,brand_unit;legacy_block,
S3046001_S_GN-SB-DM-01,S3046001_S_GN-SB-MA-01,0.00097642,brand_unit;legacy_block,
S3046001_S_GN-SB-DM-01,S3046001_S_GN-SB-MA-04,0.00132077,brand_unit;legacy_block,
S3046001_S_GN-SB-DM-01,S3046001_S_GN-SB-NE-01,,brand_unit;legacy_block,
S3046001_S_GN-SB-DM-01,S3046001_S_GN-SB-NE-04,,brand_unit;legacy_block,
S3046001_S_GN-SB-DM-01,S3046001_S_GN-SB-NO-05,0.00336288,brand_unit;legacy_block,
S3046001_S_GN-SB-DM-01,S3046001_S_GN-SB-OO-01,,brand_unit;legacy_block,
S3046001_S_GN-SB-DM-01,S3046001_S_GN-SB-OO-04,,brand_unit;legacy_block,
S3046001_S_GN-SB-DM-01,S3046001_S_GN-SB-PF-05,0.01362624,brand_unit;legacy_block,
S3046001_S_GN-SB-DM-01,S3046001_S_GN-SB-PL-01,,brand_unit;legacy_block,
S3046001_S_GN-SB-DM-01,S3046001_S_GN-SB-PL-04,,brand_unit;legacy_block,
S3046001_S_GN-SB-DM-01,S3046001_S_GN-SB-PO-01,,brand_unit;legacy_block,
S3046001_S_GN-SB-DM-01,S3046001_S_GN-SB-PP-05,0.01428834,brand_unit;legacy_block,
S3046001_S_GN-SB-DM-01,S3046001_S_GN-SB-RO-01,,brand_unit;legacy_block,
S3046001_S_GN-SB-DM-01,S3046001_S_GN-SB-RO-04,,brand_unit;legacy_block,
S3046001_S_GN-SB-DM-01,S3046001_S_GN-SB-RS-01,,brand_unit;legacy_block,
S3046001_S_GN-SB-DM-01,S3046001_S_GN-SB-RS-04,,brand_unit;legacy_block,
S3046001_S_GN-SB-DM-01,S3046001_S_GN-SB-SB-01,,brand_unit;legacy_block,
S3046001_S_GN-SB-DM-01,S3046001_S_GN-SB-SB-04,,brand_unit;legacy_block,
S3046001_S_GN-SB-DM-01,S3046001_S_GN-SB-SJ-01,0.00338070,brand_unit;legacy_block,
S3046001_S_GN-SB-DM-01,S3046001_S_GN-SB-SJ-04,0.00429865,brand_unit;legacy_block,
S3046001_S_GN-SB-DM-01,S3046001_S_GN-SB-SS-01,0.03702760,brand_unit;legacy_block,
S3046001_S_GN-SB-DM-01,S3046001_S_GN-SB-SS-04,0.06051953,brand_unit;legacy_block,
S3046001_S_GN-SB-DM-01,S3046001_S_GN-SB-SW-04,0.00671401,brand_unit;legacy_block,
S3046001_S_GN-SB-DM-01,S3046001_S_GN-SB-TA-01,,brand_unit;legacy_block,
S3046001_S_GN-SB-DM-01,S3046001_S_GN-SB-TA-04,,brand_unit;legacy_block,
S3046001_S_GN-SB-DM-01,S3046001_S_GN-SB-TM-01,,brand_unit;legacy_block,
S3046001_S_GN-SB-DM-01,S3046001_S_GN-SB-TM-04,,brand_unit;legacy_block,
S3046001_S_GN-SB-DM-01,S3046001_S_GN-SB-TT-01,,brand_unit;legacy_block,
S3046001_S_GN-SB-DM-01,S3046001_S_GN-SB-TT-04,,brand_unit;legacy_block,
S3046001_S_GN-SB-DM-01,S3046001_S_GN-SB-TU-01,0.00113208,brand_unit;legacy_block,
S3046001_S_GN-SB-DM-01,S3046001_S_GN-SB-TU-04,,brand_unit;legacy_block,
S3046001_S_GN-SB-DM-01,S3046001_S_GN-SB-WP-01,0.00172162,brand_unit;legacy_block,
S3046001_S_GN-SB-DM-01,S3046001_S_GN-SB-WP-04,0.00157102,brand_unit;legacy_block,
S3046001_S_GN-SB-DM-01,S3046001_S_GN10667,0.07392426,brand_unit;legacy_block,
S3046001_S_GN-SB-DM-04,S3046001_S_GN-SB-FL-01,,brand_unit;legacy_block,
S3046001_S_GN-SB-DM-04,S3046001_S_GN-SB-FL-04,,brand_unit;legacy_block,
S3046001_S_GN-SB-DM-04,S3046001_S_GN-SB-GE-05,0.00849362,brand_unit;legacy_block,
S3046001_S_GN-SB-DM-04,S3046001_S_GN-SB-GL-01,,brand_unit;legacy_block,
S3046001_S_GN-SB-DM-04,S3046001_S_GN-SB-GL-04,,brand_unit;legacy_block,
S3046001_S_GN-SB-DM-04,S3046001_S_GN-SB-GM-01,,brand_unit;legacy_block,
S3046001_S_GN-SB-DM-04,S3046001_S_GN-SB-GM-04,,brand_unit;legacy_block,
S3046001_S_GN-SB-DM-04,S3046001_S_GN-SB-GR-01,,brand_unit;legacy_block,
S3046001_S_GN-SB-DM-04,S3046001_S_GN-SB-GR-04,,brand_unit;legacy_block,
S3046001_S_GN-SB-DM-04,S3046001_S_GN-SB-KE-01,0.00843686,brand_unit;legacy_block,
S3046001_S_GN-SB-DM-04,S3046001_S_GN-SB-LA-01,,brand_unit;legacy_block,
S3046001_S_GN-SB-DM-04,S3046001_S_GN-SB-LA-04,,brand_unit;legacy_block,
S3046001_S_GN-SB-DM-04,S3046001_S_GN-SB-LE-01,,brand_unit;legacy_block,
S3046001_S_GN-SB-DM-04,S3046001_S_GN-SB-LE-04,,brand_unit;legacy_block,
S3046001_S_GN-SB-DM-04,S3046001_S_GN-SB-MA-01,0.00903072,brand_unit;legacy_block,
S3046001_S_GN-SB-DM-04,S3046001_S_GN-SB-MA-04,0.08959976,brand_unit;legacy_block,
S3046001_S_GN-SB-DM-04,S3046001_S_GN-SB-NE-01,,brand_unit;legacy_block,
S3046001_S_GN-SB-DM-04,S3046001_S_GN-SB-NE-04,,brand_unit;legacy_block,
S3046001_S_GN-SB-DM-04,S3046001_S_GN-SB-NO-05,0.00849362,brand_unit;legacy_block,
S3046001_S_GN-SB-DM-04,S3046001_S_GN-SB-OO-01,,brand_unit;legacy_block,
S3046001_S_GN-SB-DM-04,S3046001_S_GN-SB-OO-04,,brand_unit;legacy_block,
S3046001_S_GN-SB-DM-04,S3046001_S_GN-SB-PF-05,0.03388343,brand_unit;legacy_block,
S3046001_S_GN-SB-DM-04,S3046001_S_GN-SB-PL-01,,brand_unit;legacy_block,
S3046001_S_GN-SB-DM-04,S3046001_S_GN-SB-PL-04,,brand_unit;legacy_block,
S3046001_S_GN-SB-DM-04,S3046001_S_GN-SB-PO-01,,brand_unit;legacy_block,
S3046001_S_GN-SB-DM-04,S3046001_S_GN-SB-PP-05,0.03549441,brand_unit;legacy_block,
S3046001_S_GN-SB-DM-04,S3046001_S_GN-SB-RO-01,,brand_unit;legacy_block,
S3046001_S_GN-SB-DM-04,S3046001_S_GN-SB-RO-04,,brand_unit;legacy_block,
S3046001_S_GN-SB-DM-04,S3046001_S_GN-SB-RS-01,,brand_unit;legacy_block,
S3046001_S_GN-SB-DM-04,S3046001_S_GN-SB-RS-04,,brand_unit;legacy_block,
S3046001_S_GN-SB-DM-04,S3046001_S_GN-SB-SB-01,,brand_unit;legacy_block,
S3046001_S_GN-SB-DM-04,S3046001_S_GN-SB-SB-04,,brand_unit;legacy_block,
S3046001_S_GN-SB-DM-04,S3046001_S_GN-SB-SJ-01,0.00698747,brand_unit;legacy_block,
S3046001_S_GN-SB-DM-04,S3046001_S_GN-SB-SJ-04,0.11347813,brand_unit;legacy_block,
S3046001_S_GN-SB-DM-04,S3046001_S_GN-SB-SS-01,0.44429342,brand_unit;legacy_block,
S3046001_S_GN-SB-DM-04,S3046001_S_GN-SB-SS-04,0.09836658,brand_unit;legacy_block,
S3046001_S_GN-SB-DM-04,S3046001_S_GN-SB-SW-04,0.10502122,brand_unit;legacy_block,
S3046001_S_GN-SB-DM-04,S3046001_S_GN-SB-TA-01,,brand_unit;legacy_block,
S3046001_S_GN-SB-DM-04,S3046001_S_GN-SB-TA-04,,brand_unit;legacy_block,
S3046001_S_GN-SB-DM-04,S3046001_S_GN-SB-TM-01,,brand_unit;legacy_block,
S3046001_S_GN-SB-DM-04,S3046001_S_GN-SB-TM-04,,brand_unit;legacy_block,
S3046001_S_GN-SB-DM-04,S3046001_S_GN-SB-TT-01,,brand_unit;legacy_block,
S3046001_S_GN-SB-DM-04,S3046001_S_GN-SB-TT-04,,brand_unit;legacy_block,
S3046001_S_GN-SB-DM-04,S3046001_S_GN-SB-TU-01,0.00532230,brand_unit;legacy_block,
S3046001_S_GN-SB-DM-04,S3046001_S_GN-SB-TU-04,,brand_unit;legacy_block,
S3046001_S_GN-SB-DM-04,S3046001_S_GN-SB-WP-01,0.00459122,brand_unit;legacy_block,
S3046001_S_GN-SB-DM-04,S3046001_S_GN-SB-WP-04,0.11889285,brand_unit;legacy_block,
S3046001_S_GN-SB-DM-04,S3046001_S_GN10667,0.09329314,brand_unit;legacy_block,
S3046001_S_GN-SB-FL-01,S3046001_S_GN-SB-FL-04,1.00000000,brand_unit;legacy_block,
S3046001_S_GN-SB-FL-01,S3046001_S_GN-SB-GE-05,0.03854187,brand_unit;legacy_block,
S3046001_S_GN-SB-FL-01,S3046001_S_GN-SB-GL-01,,brand_unit;legacy_block,
S3046001_S_GN-SB-FL-01,S3046001_S_GN-SB-GL-04,,brand_unit;legacy_block,
S3046001_S_GN-SB-FL-01,S3046001_S_GN-SB-GM-01,,brand_unit;legacy_block,
S3046001_S_GN-SB-FL-01,S3046001_S_GN-SB-GM-04,,brand_unit;legacy_block,
S3046001_S_GN-SB-FL-01,S3046001_S_GN-SB-GR-01,,brand_unit;legacy_block,
S3046001_S_GN-SB-FL-01,S3046001_S_GN-SB-GR-04,,brand_unit;legacy_block,
S3046001_S_GN-SB-FL-01,S3046001_S_GN-SB-KE-01,0.03734238,brand_unit;legacy_block,
S3046001_S_GN-SB-FL-01,S3046001_S_GN-SB-LA-01,0.97892117,brand_unit;legacy_block,
S3046001_S_GN-SB-FL-01,S3046001_S_GN-SB-LA-04,0.99483792,brand_unit;legacy_block,
S3046001_S_GN-SB-FL-01,S3046001_S_GN-SB-LE-01,,brand_unit;legacy_block,
S3046001_S_GN-SB-FL-01,S3046001_S_GN-SB-LE-04,,brand_unit;legacy_block,
S3046001_S_GN-SB-FL-01,S3046001_S_GN-SB-MA-01,,brand_unit;legacy_block,
S3046001_S_GN-SB-FL-01,S3046001_S_GN-SB-MA-04,,brand_unit;legacy_block,
S3046001_S_GN-SB-FL-01,S3046001_S_GN-SB-NE-01,,brand_unit;legacy_block,
S3046001_S_GN-SB-FL-01,S3046001_S_GN-SB-NE-04,,brand_unit;legacy_block,
S3046001_S_GN-SB-FL-01,S3046001_S_GN-SB-NO-05,0.03091180,brand_unit;legacy_block,
S3046001_S_GN-SB-FL-01,S3046001_S_GN-SB-OO-01,,brand_unit;legacy_block,
S3046001_S_GN-SB-FL-01,S3046001_S_GN-SB-OO-04,,brand_unit;legacy_block,
S3046001_S_GN-SB-FL-01,S3046001_S_GN-SB-PF-05,0.08943704,brand_unit;legacy_block,
S3046001_S_GN-SB-FL-01,S3046001_S_GN-SB-PL-01,0.88170067,brand_unit;legacy_block,
S3046001_S_GN-SB-FL-01,S3046001_S_GN-SB-PL-04,,brand_unit;legacy_block,
S3046001_S_GN-SB-FL-01,S3046001_S_GN-SB-PO-01,,brand_unit;legacy_block,
S3046001_S_GN-SB-FL-01,S3046001_S_GN-SB-PP-05,0.07778572,brand_unit;legacy_block,
S3046001_S_GN-SB-FL-01,S3046001_S_GN-SB-RO-01,,brand_unit;legacy_block,
S3046001_S_GN-SB-FL-01,S3046001_S_GN-SB-RO-04,,brand_unit;legacy_block,
S3046001_S_GN-SB-FL-01,S3046001_S_GN-SB-RS-01,,brand_unit;legacy_block,
S3046001_S_GN-SB-FL-01,S3046001_S_GN-SB-RS-04,,brand_unit;legacy_block,
S3046001_S_GN-SB-FL-01,S3046001_S_GN-SB-SB-01,,brand_unit;legacy_block,
S3046001_S_GN-SB-FL-01,S3046001_S_GN-SB-SB-04,,brand_unit;legacy_block,
S3046001_S_GN-SB-FL-01,S3046001_S_GN-SB-SJ-01,0.00360275,brand_unit;legacy_block,
S3046001_S_GN-SB-FL-01,S3046001_S_GN-SB-SJ-04,0.06755014,brand_unit;legacy_block,
S3046001_S_GN-SB-FL-01,S3046001_S_GN-SB-SS-01,0.03102337,brand_unit;legacy_block,
S3046001_S_GN-SB-FL-01,S3046001_S_GN-SB-SS-04,0.05725810,brand_unit;legacy_block,
S3046001_S_GN-SB-FL-01,S3046001_S_GN-SB-SW-04,0.02354028,brand_unit;legacy_block,
S3046001_S_GN-SB-FL-01,S3046001_S_GN-SB-TA-01,,brand_unit;legacy_block,
S3046001_S_GN-SB-FL-01,S3046001_S_GN-SB-TA-04,,brand_unit;legacy_block,
S3046001_S_GN-SB-FL-01,S3046001_S_GN-SB-TM-01,,brand_unit;legacy_block,
S3046001_S_GN-SB-FL-01,S3046001_S_GN-SB-TM-04,,brand_unit;legacy_block,
S3046001_S_GN-SB-FL-01,S3046001_S_GN-SB-TT-01,,brand_unit;legacy_block,
S3046001_S_GN-SB-FL-01,S3046001_S_GN-SB-TT-04,,brand_unit;legacy_block,
S3046001_S_GN-SB-FL-01,S3046001_S_GN-SB-TU-01,0.00284820,brand_unit;legacy_block,
S3046001_S_GN-SB-FL-01,S3046001_S_GN-SB-TU-04,,brand_unit;legacy_block,
S3046001_S_GN-SB-FL-01,S3046001_S_GN-SB-WP-01,0.21707788,brand_unit;legacy_block,
S3046001_S_GN-SB-FL-01,S3046001_S_GN-SB-WP-04,0.25072877,brand_unit;legacy_block,
S3046001_S_GN-SB-FL-01,S3046001_S_GN10667,0.14548948,brand_unit;legacy_block,
S3046001_S_GN-SB-FL-04,S3046001_S_GN-SB-GE-05,0.06379160,brand_unit;legacy_block,
S3046001_S_GN-SB-FL-04,S3046001_S_GN-SB-GL-01,,brand_unit;legacy_block,
S3046001_S_GN-SB-FL-04,S3046001_S_GN-SB-GL-04,,brand_unit;legacy_block,
S3046001_S_GN-SB-FL-04,S3046001_S_GN-SB-GM-01,,brand_unit;legacy_block,
S3046001_S_GN-SB-FL-04,S3046001_S_GN-SB-GM-04,,brand_unit;legacy_block,
S3046001_S_GN-SB-FL-04,S3046001_S_GN-SB-GR-01,,brand_unit;legacy_block,
S3046001_S_GN-SB-FL-04,S3046001_S_GN-SB-GR-04,,brand_unit;legacy_block,
S3046001_S_GN-SB-FL-04,S3046001_S_GN-SB-KE-01,0.00474608,brand_unit;legacy_block,
S3046001_S_GN-SB-FL-04,S3046001_S_GN-SB-LA-01,0.95649415,brand_unit;legacy_block,
S3046001_S_GN-SB-FL-04,S3046001_S_GN-SB-LA-04,0.99319678,brand_unit;legacy_block,
S3046001_S_GN-SB-FL-04,S3046001_S_GN-SB-LE-01,,brand_unit;legacy_block,
S3046001_S_GN-SB-FL-04,S3046001_S_GN-SB-LE-04,,brand_unit;legacy_block,
S3046001_S_GN-SB-FL-04,S3046001_S_GN-SB-MA-01,,brand_unit;legacy_block,
S3046001_S_GN-SB-FL-04,S3046001_S_GN-SB-MA-04,,brand_unit;legacy_block,
S3046001_S_GN-SB-FL-04,S3046001_S_GN-SB-NE-01,,brand_unit;legacy_block,
S3046001_S_GN-SB-FL-04,S3046001_S_GN-SB-NE-04,,brand_unit;legacy_block,
S3046001_S_GN-SB-FL-04,S3046001_S_GN-SB-NO-05,0.04291593,brand_unit;legacy_block,
S3046001_S_GN-SB-FL-04,S3046001_S_GN-SB-OO-01,,brand_unit;legacy_block,
S3046001_S_GN-SB-FL-04,S3046001_S_GN-SB-OO-04,,brand_unit;legacy_block,
S3046001_S_GN-SB-FL-04,S3046001_S_GN-SB-PF-05,0.09774889,brand_unit;legacy_block,
S3046001_S_GN-SB-FL-04,S3046001_S_GN-SB-PL-01,0.60899200,brand_unit;legacy_block,
S3046001_S_GN-SB-FL-04,S3046001_S_GN-SB-PL-04,,brand_unit;legacy_block,
S3046001_S_GN-SB-FL-04,S3046001_S_GN-SB-PO-01,,brand_unit;legacy_block,
S3046001_S_GN-SB-FL-04,S3046001_S_GN-SB-PP-05,0.08511597,brand_unit;legacy_block,
S3046001_S_GN-SB-FL-04,S3046001_S_GN-SB-RO-01,,brand_unit;legacy_block,
S3046001_S_GN-SB-FL-04,S3046001_S_GN-SB-RO-04,,brand_unit;legacy_block,
S3046001_S_GN-SB-FL-04,S3046001_S_GN-SB-RS-01,,brand_unit;legacy_block,
S3046001_S_GN-SB-FL-04,S3046001_S_GN-SB-RS-04,,brand_unit;legacy_block,
S3046001_S_GN-SB-FL-04,S3046001_S_GN-SB-SB-01,,brand_unit;legacy_block,
S3046001_S_GN-SB-FL-04,S3046001_S_GN-SB-SB-04,,brand_unit;legacy_block,
S3046001_S_GN-SB-FL-04,S3046001_S_GN-SB-SJ-01,0.00284052,brand_unit;legacy_block,
S3046001_S_GN-SB-FL-04,S3046001_S_GN-SB-SJ-04,0.02843983,brand_unit;legacy_block,
S3046001_S_GN-SB-FL-04,S3046001_S_GN-SB-SS-01,0.03661153,brand_unit;legacy_block,
S3046001_S_GN-SB-FL-04,S3046001_S_GN-SB-SS-04,0.03102337,brand_unit;legacy_block,
S3046001_S_GN-SB-FL-04,S3046001_S_GN-SB-SW-04,0.04844388,brand_unit;legacy_block,
S3046001_S_GN-SB-FL-04,S3046001_S_GN-SB-TA-01,,brand_unit;legacy_block,
S3046001_S_GN-SB-FL-04,S3046001_S_GN-SB-TA-04,,brand_unit;legacy_block,
S3046001_S_GN-SB-FL-04,S3046001_S_GN-SB-TM-01,,brand_unit;legacy_block,
S3046001_S_GN-SB-FL-04,S3046001_S_GN-SB-TM-04,,brand_unit;legacy_block,
S3046001_S_GN-SB-FL-04,S3046001_S_GN-SB-TT-01,,brand_unit;legacy_block,
S3046001_S_GN-SB-FL-04,S3046001_S_GN-SB-TT-04,,brand_unit;legacy_block,
S3046001_S_GN-SB-FL-04,S3046001_S_GN-SB-TU-01,0.00255367,brand_unit;legacy_block,
S3046001_S_GN-SB-FL-04,S3046001_S_GN-SB-TU-04,,brand_unit;legacy_block,
S3046001_S_GN-SB-FL-04,S3046001_S_GN-SB-WP-01,0.24087459,brand_unit;legacy_block,
S3046001_S_GN-SB-FL-04,S3046001_S_GN-SB-WP-04,0.46701115,brand_unit;legacy_block,
S3046001_S_GN-SB-FL-04,S3046001_S_GN10667,0.08375552,brand_unit;legacy_block,
S3046001_S_GN-SB-GE-05,S3046001_S_GN-SB-GL-01,0.00325594,brand_unit;legacy_block,
S3046001_S_GN-SB-GE-05,S3046001_S_GN-SB-GL-04,,brand_unit;legacy_block,
S3046001_S_GN-SB-GE-05,S3046001_S_GN-SB-GM-01,0.00325594,brand_unit;legacy_block,
S3046001_S_GN-SB-GE-05,S3046001_S_GN-SB-GM-04,0.00849362,brand_unit;legacy_block,
S3046001_S_GN-SB-GE-05,S3046001_S_GN-SB-GR-01,0.00325594,brand_unit;legacy_block,
S3046001_S_GN-SB-GE-05,S3046001_S_GN-SB-GR-04,0.00849362,brand_unit;legacy_block,
S3046001_S_GN-SB-GE-05,S3046001_S_GN-SB-KE-01,0.00629860,brand_unit;legacy_block,
S3046001_S_GN-SB-GE-05,S3046001_S_GN-SB-LA-01,0.00325594,brand_unit;legacy_block,
S3046001_S_GN-SB-GE-05,S3046001_S_GN-SB-LA-04,0.00849362,brand_unit;legacy_block,
S3046001_S_GN-SB-GE-05,S3046001_S_GN-SB-LE-01,,brand_unit;legacy_block,
S3046001_S_GN-SB-GE-05,S3046001_S_GN-SB-LE-04,,brand_unit;legacy_block,
S3046001_S_GN-SB-GE-05,S3046001_S_GN-SB-MA-01,,brand_unit;legacy_block,
S3046001_S_GN-SB-GE-05,S3046001_S_GN-SB-MA-04,,brand_unit;legacy_block,
S3046001_S_GN-SB-GE-05,S3046001_S_GN-SB-NE-01,0.00309724,brand_unit;legacy_block,
S3046001_S_GN-SB-GE-05,S3046001_S_GN-SB-NE-04,0.00849362,brand_unit;legacy_block,
S3046001_S_GN-SB-GE-05,S3046001_S_GN-SB-NO-05,0.00899605,brand_unit;legacy_block,
S3046001_S_GN-SB-GE-05,S3046001_S_GN-SB-OO-01,,brand_unit;legacy_block,
S3046001_S_GN-SB-GE-05,S3046001_S_GN-SB-OO-04,,brand_unit;legacy_block,
S3046001_S_GN-SB-GE-05,S3046001_S_GN-SB-PF-05,0.04486268,brand_unit;legacy_block,
S3046001_S_GN-SB-GE-05,S3046001_S_GN-SB-PL-01,,brand_unit;legacy_block,
S3046001_S_GN-SB-GE-05,S3046001_S_GN-SB-PL-04,,brand_unit;legacy_block,
S3046001_S_GN-SB-GE-05,S3046001_S_GN-SB-PO-01,0.00309724,brand_unit;legacy_block,
S3046001_S_GN-SB-GE-05,S3046001_S_GN-SB-PP-05,0.00865027,brand_unit;legacy_block,
S3046001_S_GN-SB-GE-05,S3046001_S_GN-SB-RO-01,0.00353515,brand_unit;legacy_block,
S3046001_S_GN-SB-GE-05,S3046001_S_GN-SB-RO-04,0.00849362,brand_unit;legacy_block,
S3046001_S_GN-SB-GE-05,S3046001_S_GN-SB-RS-01,,brand_unit;legacy_block,
S3046001_S_GN-SB-GE-05,S3046001_S_GN-SB-RS-04,,brand_unit;legacy_block,
S3046001_S_GN-SB-GE-05,S3046001_S_GN-SB-SB-01,,brand_unit;legacy_block,
S3046001_S_GN-SB-GE-05,S3046001_S_GN-SB-SB-04,0.00849362,brand_unit;legacy_block,
S3046001_S_GN-SB-GE-05,S3046001_S_GN-SB-SJ-01,0.00353515,brand_unit;legacy_block,
S3046001_S_GN-SB-GE-05,S3046001_S_GN-SB-SJ-04,0.00849362,brand_unit;legacy_block,
S3046001_S_GN-SB-GE-05,S3046001_S_GN-SB-SS-01,0.03144288,brand_unit;legacy_block,
S3046001_S_GN-SB-GE-05,S3046001_S_GN-SB-SS-04,0.03144288,brand_unit;legacy_block,
S3046001_S_GN-SB-GE-05,S3046001_S_GN-SB-SW-04,0.03972802,brand_unit;legacy_block,
S3046001_S_GN-SB-GE-05,S3046001_S_GN-SB-TA-01,0.00184311,brand_unit;legacy_block,
S3046001_S_GN-SB-GE-05,S3046001_S_GN-SB-TA-04,0.00908863,brand_unit;legacy_block,
S3046001_S_GN-SB-GE-05,S3046001_S_GN-SB-TM-01,,brand_unit;legacy_block,
S3046001_S_GN-SB-GE-05,S3046001_S_GN-SB-TM-04,,brand_unit;legacy_block,
S3046001_S_GN-SB-GE-05,S3046001_S_GN-SB-TT-01,0.00331547,brand_unit;legacy_block,
S3046001_S_GN-SB-GE-05,S3046001_S_GN-SB-TT-04,0.00908863,brand_unit;legacy_block,
S3046001_S_GN-SB-GE-05,S3046001_S_GN-SB-TU-01,0.00590131,brand_unit;legacy_block,
S3046001_S_GN-SB-GE-05,S3046001_S_GN-SB-TU-04,,brand_unit;legacy_block,
S3046001_S_GN-SB-GE-05,S3046001_S_GN-SB-WP-01,,brand_unit;legacy_block,
S3046001_S_GN-SB-GE-05,S3046001_S_GN-SB-WP-04,0.07136997,brand_unit;legacy_block,
S3046001_S_GN-SB-GE-05,S3046001_S_GN10667,0.16309976,brand_unit;legacy_block,
S3046001_S_GN-SB-GL-01,S3046001_S_GN-SB-GL-04,,brand_unit;legacy_block,
S3046001_S_GN-SB-GL-01,S3046001_S_GN-SB-GM-01,,brand_unit;legacy_block,
S3046001_S_GN-SB-GL-01,S3046001_S_GN-SB-GM-04,,brand_unit;legacy_block,
S3046001_S_GN-SB-GL-01,S3046001_S_GN-SB-GR-01,,brand_unit;legacy_block,
S3046001_S_GN-SB-GL-01,S3046001_S_GN-SB-GR-04,,brand_unit;legacy_block,
S3046001_S_GN-SB-GL-01,S3046001_S_GN-SB-KE-01,0.00954452,brand_unit;legacy_block,
S3046001_S_GN-SB-GL-01,S3046001_S_GN-SB-LA-01,,brand_unit;legacy_block,
S3046001_S_GN-SB-GL-01,S3046001_S_GN-SB-LA-04,,brand_unit;legacy_block,
S3046001_S_GN-SB-GL-01,S3046001_S_GN-SB-LE-01,,brand_unit;legacy_block,
S3046001_S_GN-SB-GL-01,S3046001_S_GN-SB-LE-04,,brand_unit;legacy_block,
S3046001_S_GN-SB-GL-01,S3046001_S_GN-SB-MA-01,,brand_unit;legacy_block,
S3046001_S_GN-SB-GL-01,S3046001_S_GN-SB-MA-04,,brand_unit;legacy_block,
S3046001_S_GN-SB-GL-01,S3046001_S_GN-SB-NE-01,,brand_unit;legacy_block,
S3046001_S_GN-SB-GL-01,S3046001_S_GN-SB-NE-04,,brand_unit;legacy_block,
S3046001_S_GN-SB-GL-01,S3046001_S_GN-SB-NO-05,0.00353515,brand_unit;legacy_block,
S3046001_S_GN-SB-GL-01,S3046001_S_GN-SB-OO-01,,brand_unit;legacy_block,
S3046001_S_GN-SB-GL-01,S3046001_S_GN-SB-OO-04,,brand_unit;legacy_block,
S3046001_S_GN-SB-GL-01,S3046001_S_GN-SB-PF-05,0.01663185,brand_unit;legacy_block,
S3046001_S_GN-SB-GL-01,S3046001_S_GN-SB-PL-01,,brand_unit;legacy_block,
S3046001_S_GN-SB-GL-01,S3046001_S_GN-SB-PL-04,,brand_unit;legacy_block,
S3046001_S_GN-SB-GL-01,S3046001_S_GN-SB-PO-01,,brand_unit;legacy_block,
S3046001_S_GN-SB-GL-01,S3046001_S_GN-SB-PP-05,0.01663185,brand_unit;legacy_block,
S3046001_S_GN-SB-GL-01,S3046001_S_GN-SB-RO-01,,brand_unit;legacy_block,
S3046001_S_GN-SB-GL-01,S3046001_S_GN-SB-RO-04,,brand_unit;legacy_block,
S3046001_S_GN-SB-GL-01,S3046001_S_GN-SB-RS-01,,brand_unit;legacy_block,
S3046001_S_GN-SB-GL-01,S3046001_S_GN-SB-RS-04,,brand_unit;legacy_block,
S3046001_S_GN-SB-GL-01,S3046001_S_GN-SB-SB-01,,brand_unit;legacy_block,
S3046001_S_GN-SB-GL-01,S3046001_S_GN-SB-SB-04,0.02766772,brand_unit;legacy_block,
S3046001_S_GN-SB-GL-01,S3046001_S_GN-SB-SJ-01,0.00101887,brand_unit;legacy_block,
S3046001_S_GN-SB-GL-01,S3046001_S_GN-SB-SJ-04,0.00603748,brand_unit;legacy_block,
S3046001_S_GN-SB-GL-01,S3046001_S_GN-SB-SS-01,0.04017894,brand_unit;legacy_block,
S3046001_S_GN-SB-GL-01,S3046001_S_GN-SB-SS-04,0.06553416,brand_unit;legacy_block,
S3046001_S_GN-SB-GL-01,S3046001_S_GN-SB-SW-04,0.04856233,brand_unit;legacy_block,
S3046001_S_GN-SB-GL-01,S3046001_S_GN-SB-TA-01,,brand_unit;legacy_block,
S3046001_S_GN-SB-GL-01,S3046001_S_GN-SB-TA-04,,brand_unit;legacy_block,
S3046001_S_GN-SB-GL-01,S3046001_S_GN-SB-TM-01,0.10878811,brand_unit;legacy_block,
S3046001_S_GN-SB-GL-01,S3046001_S_GN-SB-TM-04,0.00907603,brand_unit;legacy_block,
S3046001_S_GN-SB-GL-01,S3046001_S_GN-SB-TT-01,,brand_unit;legacy_block,
S3046001_S_GN-SB-GL-01,S3046001_S_GN-SB-TT-04,,brand_unit;legacy_block,
S3046001_S_GN-SB-GL-01,S3046001_S_GN-SB-TU-01,0.00097642,brand_unit;legacy_block,
S3046001_S_GN-SB-GL-01,S3046001_S_GN-SB-TU-04,0.02956589,brand_unit;legacy_block,
S3046001_S_GN-SB-GL-01,S3046001_S_GN-SB-WP-01,0.01201928,brand_unit;legacy_block,
S3046001_S_GN-SB-GL-01,S3046001_S_GN-SB-WP-04,0.00798443,brand_unit;legacy_block,
S3046001_S_GN-SB-GL-01,S3046001_S_GN10667,0.08688217,brand_unit;legacy_block,
S3046001_S_GN-SB-GL-04,S3046001_S_GN-SB-GM-01,,brand_unit;legacy_block,
S3046001_S_GN-SB-GL-04,S3046001_S_GN-SB-GM-04,,brand_unit;legacy_block,
S3046001_S_GN-SB-GL-04,S3046001_S_GN-SB-GR-01,,brand_unit;legacy_block,
S3046001_S_GN-SB-GL-04,S3046001_S_GN-SB-GR-04,,brand_unit;legacy_block,
S3046001_S_GN-SB-GL-04,S3046001_S_GN-SB-KE-01,0.01610437,brand_unit;legacy_block,
S3046001_S_GN-SB-GL-04,S3046001_S_GN-SB-LA-01,,brand_unit;legacy_block,
S3046001_S_GN-SB-GL-04,S3046001_S_GN-SB-LA-04,,brand_unit;legacy_block,
S3046001_S_GN-SB-GL-04,S3046001_S_GN-SB-LE-01,0.09427448,brand_unit;legacy_block,
S3046001_S_GN-SB-GL-04,S3046001_S_GN-SB-LE-04,0.26658115,brand_unit;legacy_block,
S3046001_S_GN-SB-GL-04,S3046001_S_GN-SB-MA-01,,brand_unit;legacy_block,
S3046001_S_GN-SB-GL-04,S3046001_S_GN-SB-MA-04,,brand_unit;legacy_block,
S3046001_S_GN-SB-GL-04,S3046001_S_GN-SB-NE-01,,brand_unit;legacy_block,
S3046001_S_GN-SB-GL-04,S3046001_S_GN-SB-NE-04,,brand_unit;legacy_block,
S3046001_S_GN-SB-GL-04,S3046001_S_GN-SB-NO-05,0.01610437,brand_unit;legacy_block,
S3046001_S_GN-SB-GL-04,S3046001_S_GN-SB-OO-01,,brand_unit;legacy_block,
S3046001_S_GN-SB-GL-04,S3046001_S_GN-SB-OO-04,,brand_unit;legacy_block,
S3046001_S_GN-SB-GL-04,S3046001_S_GN-SB-PF-05,0.01610437,brand_unit;legacy_block,
S3046001_S_GN-SB-GL-04,S3046001_S_GN-SB-PL-01,,brand_unit;legacy_block,
S3046001_S_GN-SB-GL-04,S3046001_S_GN-SB-PL-04,0.06347360,brand_unit;legacy_block,
S3046001_S_GN-SB-GL-04,S3046001_S_GN-SB-PO-01,,brand_unit;legacy_block,
S3046001_S_GN-SB-GL-04,S3046001_S_GN-SB-PP-05,0.01610437,brand_unit;legacy_block,
S3046001_S_GN-SB-GL-04,S3046001_S_GN-SB-RO-01,,brand_unit;legacy_block,
S3046001_S_GN-SB-GL-04,S3046001_S_GN-SB-RO-04,,brand_unit;legacy_block,
S3046001_S_GN-SB-GL-04,S3046001_S_GN-SB-RS-01,,brand_unit;legacy_block,
S3046001_S_GN-SB-GL-04,S3046001_S_GN-SB-RS-04,,brand_unit;legacy_block,
S3046001_S_GN-SB-GL-04,S3046001_S_GN-SB-SB-01,,brand_unit;legacy_block,
S3046001_S_GN-SB-GL-04,S3046001_S_GN-SB-SB-04,,brand_unit;legacy_block,
S3046001_S_GN-SB-GL-04,S3046001_S_GN-SB-SJ-01,0.00119720,brand_unit;legacy_block,
S3046001_S_GN-SB-GL-04,S3046001_S_GN-SB-SJ-04,0.32492235,brand_unit;legacy_block,
S3046001_S_GN-SB-GL-04,S3046001_S_GN-SB-SS-01,0.65290118,brand_unit;legacy_block,
S3046001_S_GN-SB-GL-04,S3046001_S_GN-SB-SS-04,0.52685502,brand_unit;legacy_block,
S3046001_S_GN-SB-GL-04,S3046001_S_GN-SB-SW-04,0.02471192,brand_unit;legacy_block,
S3046001_S_GN-SB-GL-04,S3046001_S_GN-SB-TA-01,,brand_unit;legacy_block,
S3046001_S_GN-SB-GL-04,S3046001_S_GN-SB-TA-04,,brand_unit;legacy_block,
S3046001_S_GN-SB-GL-04,S3046001_S_GN-SB-TM-01,,brand_unit;legacy_block,
S3046001_S_GN-SB-GL-04,S3046001_S_GN-SB-TM-04,,brand_unit;legacy_block,
S3046001_S_GN-SB-GL-04,S3046001_S_GN-SB-TT-01,,brand_unit;legacy_block,
S3046001_S_GN-SB-GL-04,S3046001_S_GN-SB-TT-04,,brand_unit;legacy_block,
S3046001_S_GN-SB-GL-04,S3046001_S_GN-SB-TU-01,0.00082546,brand_unit;legacy_block,
S3046001_S_GN-SB-GL-04,S3046001_S_GN-SB-TU-04,,brand_unit;legacy_block,
S3046001_S_GN-SB-GL-04,S3046001_S_GN-SB-WP-01,,brand_unit;legacy_block,
S3046001_S_GN-SB-GL-04,S3046001_S_GN-SB-WP-04,0.41124661,brand_unit;legacy_block,
S3046001_S_GN-SB-GL-04,S3046001_S_GN10667,,brand_unit;legacy_block,
S3046001_S_GN-SB-GM-01,S3046001_S_GN-SB-GM-04,1.00000000,brand_unit;legacy_block,
S3046001_S_GN-SB-GM-01,S3046001_S_GN-SB-GR-01,0.00744596,brand_unit;legacy_block,
S3046001_S_GN-SB-GM-01,S3046001_S_GN-SB-GR-04,0.01733908,brand_unit;legacy_block,
S3046001_S_GN-SB-GM-01,S3046001_S_GN-SB-KE-01,0.01721109,brand_unit;legacy_block,
S3046001_S_GN-SB-GM-01,S3046001_S_GN-SB-LA-01,,brand_unit;legacy_block,
S3046001_S_GN-SB-GM-01,S3046001_S_GN-SB-LA-04,,brand_unit;legacy_block,
S3046001_S_GN-SB-GM-01,S3046001_S_GN-SB-LE-01,,brand_unit;legacy_block,
S3046001_S_GN-SB-GM-01,S3046001_S_GN-SB-LE-04,,brand_unit;legacy_block,
S3046001_S_GN-SB-GM-01,S3046001_S_GN-SB-MA-01,,brand_unit;legacy_block,
S3046001_S_GN-SB-GM-01,S3046001_S_GN-SB-MA-04,,brand_unit;legacy_block,
S3046001_S_GN-SB-GM-01,S3046001_S_GN-SB-NE-01,0.00665765,brand_unit;legacy_block,
S3046001_S_GN-SB-GM-01,S3046001_S_GN-SB-NE-04,0.01909686,brand_unit;legacy_block,
S3046001_S_GN-SB-GM-01,S3046001_S_GN-SB-NO-05,0.00926335,brand_unit;legacy_block,
S3046001_S_GN-SB-GM-01,S3046001_S_GN-SB-OO-01,0.00744596,brand_unit;legacy_block,
S3046001_S_GN-SB-GM-01,S3046001_S_GN-SB-OO-04,0.01733908,brand_unit;legacy_block,
S3046001_S_GN-SB-GM-01,S3046001_S_GN-SB-PF-05,0.04703737,brand_unit;legacy_block,
S3046001_S_GN-SB-GM-01,S3046001_S_GN-SB-PL-01,,brand_unit;legacy_block,
S3046001_S_GN-SB-GM-01,S3046001_S_GN-SB-PL-04,,brand_unit;legacy_block,
S3046001_S_GN-SB-GM-01,S3046001_S_GN-SB-PO-01,0.00665765,brand_unit;legacy_block,
S3046001_S_GN-SB-GM-01,S3046001_S_GN-SB-PP-05,0.04247194,brand_unit;legacy_block,
S3046001_S_GN-SB-GM-01,S3046001_S_GN-SB-RO-01,0.00665765,brand_unit;legacy_block,
S3046001_S_GN-SB-GM-01,S3046001_S_GN-SB-RO-04,0.01733908,brand_unit;legacy_block,
S3046001_S_GN-SB-GM-01,S3046001_S_GN-SB-RS-01,,brand_unit;legacy_block,
S3046001_S_GN-SB-GM-01,S3046001_S_GN-SB-RS-04,,brand_unit;legacy_block,
S3046001_S_GN-SB-GM-01,S3046001_S_GN-SB-SB-01,0.00796047,brand_unit;legacy_block,
S3046001_S_GN-SB-GM-01,S3046001_S_GN-SB-SB-04,0.01733908,brand_unit;legacy_block,
S3046001_S_GN-SB-GM-01,S3046001_S_GN-SB-SJ-01,0.00172162,brand_unit;legacy_block,
S3046001_S_GN-SB-GM-01,S3046001_S_GN-SB-SJ-04,0.00819174,brand_unit;legacy_block,
S3046001_S_GN-SB-GM-01,S3046001_S_GN-SB-SS-01,0.04017894,brand_unit;legacy_block,
S3046001_S_GN-SB-GM-01,S3046001_S_GN-SB-SS-04,0.06553416,brand_unit;legacy_block,
S3046001_S_GN-SB-GM-01,S3046001_S_GN-SB-SW-04,0.07597536,brand_unit;legacy_block,
S3046001_S_GN-SB-GM-01,S3046001_S_GN-SB-TA-01,0.00665765,brand_unit;legacy_block,
S3046001_S_GN-SB-GM-01,S3046001_S_GN-SB-TA-04,0.01909686,brand_unit;legacy_block,
S3046001_S_GN-SB-GM-01,S3046001_S_GN-SB-TM-01,0.12674935,brand_unit;legacy_block,
S3046001_S_GN-SB-GM-01,S3046001_S_GN-SB-TM-04,0.05495722,brand_unit;legacy_block,
S3046001_S_GN-SB-GM-01,S3046001_S_GN-SB-TT-01,0.00665765,brand_unit;legacy_block,
S3046001_S_GN-SB-GM-01,S3046001_S_GN-SB-TT-04,0.01909686,brand_unit;legacy_block,
S3046001_S_GN-SB-GM-01,S3046001_S_GN-SB-TU-01,0.00172162,brand_unit;legacy_block,
S3046001_S_GN-SB-GM-01,S3046001_S_GN-SB-TU-04,0.01909686,brand_unit;legacy_block,
S3046001_S_GN-SB-GM-01,S3046001_S_GN-SB-WP-01,0.01271261,brand_unit;legacy_block,
S3046001_S_GN-SB-GM-01,S3046001_S_GN-SB-WP-04,0.01272075,brand_unit;legacy_block,
S3046001_S_GN-SB-GM-01,S3046001_S_GN10667,,brand_unit;legacy_block,
S3046001_S_GN-SB-GM-04,S3046001_S_GN-SB-GR-01,0.01805998,brand_unit;legacy_block,
S3046001_S_GN-SB-GM-04,S3046001_S_GN-SB-GR-04,0.34431155,brand_unit;legacy_block,
S3046001_S_GN-SB-GM-04,S3046001_S_GN-SB-KE-01,0.01610437,brand_unit;legacy_block,
S3046001_S_GN-SB-GM-04,S3046001_S_GN-SB-LA-01,,brand_unit;legacy_block,
S3046001_S_GN-SB-GM-04,S3046001_S_GN-SB-LA-04,,brand_unit;legacy_block,
S3046001_S_GN-SB-GM-04,S3046001_S_GN-SB-LE-01,,brand_unit;legacy_block,
S3046001_S_GN-SB-GM-04,S3046001_S_GN-SB-LE-04,,brand_unit;legacy_block,
S3046001_S_GN-SB-GM-04,S3046001_S_GN-SB-MA-01,,brand_unit;legacy_block,
S3046001_S_GN-SB-GM-04,S3046001_S_GN-SB-MA-04,,brand_unit;legacy_block,
S3046001_S_GN-SB-GM-04,S3046001_S_GN-SB-NE-01,0.00336044,brand_unit;legacy_block,
S3046001_S_GN-SB-GM-04,S3046001_S_GN-SB-NE-04,0.28057800,brand_unit;legacy_block,
S3046001_S_GN-SB-GM-04,S3046001_S_GN-SB-NO-05,0.01610437,brand_unit;legacy_block,
S3046001_S_GN-SB-GM-04,S3046001_S_GN-SB-OO-01,0.01805998,brand_unit;legacy_block,
S3046001_S_GN-SB-GM-04,S3046001_S_GN-SB-OO-04,0.34431155,brand_unit;legacy_block,
S3046001_S_GN-SB-GM-04,S3046001_S_GN-SB-PF-05,0.05183444,brand_unit;legacy_block,
S3046001_S_GN-SB-GM-04,S3046001_S_GN-SB-PL-01,,brand_unit;legacy_block,
S3046001_S_GN-SB-GM-04,S3046001_S_GN-SB-PL-04,,brand_unit;legacy_block,
S3046001_S_GN-SB-GM-04,S3046001_S_GN-SB-PO-01,0.00336044,brand_unit;legacy_block,
S3046001_S_GN-SB-GM-04,S3046001_S_GN-SB-PP-05,0.04862323,brand_unit;legacy_block,
S3046001_S_GN-SB-GM-04,S3046001_S_GN-SB-RO-01,0.00304662,brand_unit;legacy_block,
S3046001_S_GN-SB-GM-04,S3046001_S_GN-SB-RO-04,0.34431155,brand_unit;legacy_block,
S3046001_S_GN-SB-GM-04,S3046001_S_GN-SB-RS-01,,brand_unit;legacy_block,
S3046001_S_GN-SB-GM-04,S3046001_S_GN-SB-RS-04,,brand_unit;legacy_block,
S3046001_S_GN-SB-GM-04,S3046001_S_GN-SB-SB-01,0.01929364,brand_unit;legacy_block,
S3046001_S_GN-SB-GM-04,S3046001_S_GN-SB-SB-04,0.34431155,brand_unit;legacy_block,
S3046001_S_GN-SB-GM-04,S3046001_S_GN-SB-SJ-01,0.00119720,brand_unit;legacy_block,
S3046001_S_GN-SB-GM-04,S3046001_S_GN-SB-SJ-04,0.32492235,brand_unit;legacy_block,
S3046001_S_GN-SB-GM-04,S3046001_S_GN-SB-SS-01,0.54337471,brand_unit;legacy_block,
S3046001_S_GN-SB-GM-04,S3046001_S_GN-SB-SS-04,0.46933841,brand_unit;legacy_block,
S3046001_S_GN-SB-GM-04,S3046001_S_GN-SB-SW-04,0.11069832,brand_unit;legacy_block,
S3046001_S_GN-SB-GM-04,S3046001_S_GN-SB-TA-01,0.00336044,brand_unit;legacy_block,
S3046001_S_GN-SB-GM-04,S3046001_S_GN-SB-TA-04,0.28057800,brand_unit;legacy_block,
S3046001_S_GN-SB-GM-04,S3046001_S_GN-SB-TM-01,0.24295882,brand_unit;legacy_block,
S3046001_S_GN-SB-GM-04,S3046001_S_GN-SB-TM-04,0.10985426,brand_unit;legacy_block,
S3046001_S_GN-SB-GM-04,S3046001_S_GN-SB-TT-01,0.00336044,brand_unit;legacy_block,
S3046001_S_GN-SB-GM-04,S3046001_S_GN-SB-TT-04,0.28057800,brand_unit;legacy_block,
S3046001_S_GN-SB-GM-04,S3046001_S_GN-SB-TU-01,0.00082546,brand_unit;legacy_block,
S3046001_S_GN-SB-GM-04,S3046001_S_GN-SB-TU-04,0.28057800,brand_unit;legacy_block,
S3046001_S_GN-SB-GM-04,S3046001_S_GN-SB-WP-01,0.02964394,brand_unit;legacy_block,
S3046001_S_GN-SB-GM-04,S3046001_S_GN-SB-WP-04,0.41124661,brand_unit;legacy_block,
S3046001_S_GN-SB-GM-04,S3046001_S_GN10667,,brand_unit;legacy_block,
S3046001_S_GN-SB-GR-01,S3046001_S_GN-SB-GR-04,1.00000000,brand_unit;legacy_block,
S3046001_S_GN-SB-GR-01,S3046001_S_GN-SB-KE-01,0.00507004,brand_unit;legacy_block,
S3046001_S_GN-SB-GR-01,S3046001_S_GN-SB-LA-01,,brand_unit;legacy_block,
S3046001_S_GN-SB-GR-01,S3046001_S_GN-SB-LA-04,,brand_unit;legacy_block,
S3046001_S_GN-SB-GR-01,S3046001_S_GN-SB-LE-01,,brand_unit;legacy_block,
S3046001_S_GN-SB-GR-01,S3046001_S_GN-SB-LE-04,,brand_unit;legacy_block,
S3046001_S_GN-SB-GR-01,S3046001_S_GN-SB-MA-01,0.00142214,brand_unit;legacy_block,
S3046001_S_GN-SB-GR-01,S3046001_S_GN-SB-MA-04,0.00565336,brand_unit;legacy_block,
S3046001_S_GN-SB-GR-01,S3046001_S_GN-SB-NE-01,,brand_unit;legacy_block,
S3046001_S_GN-SB-GR-01,S3046001_S_GN-SB-NE-04,,brand_unit;legacy_block,
S3046001_S_GN-SB-GR-01,S3046001_S_GN-SB-NO-05,0.00353515,brand_unit;legacy_block,
S3046001_S_GN-SB-GR-01,S3046001_S_GN-SB-OO-01,,brand_unit;legacy_block,
S3046001_S_GN-SB-GR-01,S3046001_S_GN-SB-OO-04,,brand_unit;legacy_block,
S3046001_S_GN-SB-GR-01,S3046001_S_GN-SB-PF-05,0.01488559,brand_unit;legacy_block,
S3046001_S_GN-SB-GR-01,S3046001_S_GN-SB-PL-01,,brand_unit;legacy_block,
S3046001_S_GN-SB-GR-01,S3046001_S_GN-SB-PL-04,,brand_unit;legacy_block,
S3046001_S_GN-SB-GR-01,S3046001_S_GN-SB-PO-01,,brand_unit;legacy_block,
S3046001_S_GN-SB-GR-01,S3046001_S_GN-SB-PP-05,0.01177342,brand_unit;legacy_block,
S3046001_S_GN-SB-GR-01,S3046001_S_GN-SB-RO-01,,brand_unit;legacy_block,
S3046001_S_GN-SB-GR-01,S3046001_S_GN-SB-RO-04,,brand_unit;legacy_block,
S3046001_S_GN-SB-GR-01,S3046001_S_GN-SB-RS-01,,brand_unit;legacy_block,
S3046001_S_GN-SB-GR-01,S3046001_S_GN-SB-RS-04,,brand_unit;legacy_block,
S3046001_S_GN-SB-GR-01,S3046001_S_GN-SB-SB-01,,brand_unit;legacy_block,
S3046001_S_GN-SB-GR-01,S3046001_S_GN-SB-SB-04,,brand_unit;legacy_block,
S3046001_S_GN-SB-GR-01,S3046001_S_GN-SB-SJ-01,0.00111195,brand_unit;legacy_block,
S3046001_S_GN-SB-GR-01,S3046001_S_GN-SB-SJ-04,0.00669289,brand_unit;legacy_block,
S3046001_S_GN-SB-GR-01,S3046001_S_GN-SB-SS-01,0.03702760,brand_unit;legacy_block,
S3046001_S_GN-SB-GR-01,S3046001_S_GN-SB-SS-04,0.06051953,brand_unit;legacy_block,
S3046001_S_GN-SB-GR-01,S3046001_S_GN-SB-SW-04,0.00559417,brand_unit;legacy_block,
S3046001_S_GN-SB-GR-01,S3046001_S_GN-SB-TA-01,,brand_unit;legacy_block,
S3046001_S_GN-SB-GR-01,S3046001_S_GN-SB-TA-04,,brand_unit;legacy_block,
S3046001_S_GN-SB-GR-01,S3046001_S_GN-SB-TM-01,,brand_unit;legacy_block,
S3046001_S_GN-SB-GR-01,S3046001_S_GN-SB-TM-04,,brand_unit;legacy_block,
S3046001_S_GN-SB-GR-01,S3046001_S_GN-SB-TT-01,,brand_unit;legacy_block,
S3046001_S_GN-SB-GR-01,S3046001_S_GN-SB-TT-04,,brand_unit;legacy_block,
S3046001_S_GN-SB-GR-01,S3046001_S_GN-SB-TU-01,0.00053996,brand_unit;legacy_block,
S3046001_S_GN-SB-GR-01,S3046001_S_GN-SB-TU-04,,brand_unit;legacy_block,
S3046001_S_GN-SB-GR-01,S3046001_S_GN-SB-WP-01,0.00230898,brand_unit;legacy_block,
S3046001_S_GN-SB-GR-01,S3046001_S_GN-SB-WP-04,0.00164846,brand_unit;legacy_block,
S3046001_S_GN-SB-GR-01,S3046001_S_GN10667,0.09218291,brand_unit;legacy_block,
S3046001_S_GN-SB-GR-04,S3046001_S_GN-SB-KE-01,0.00864808,brand_unit;legacy_block,
S3046001_S_GN-SB-GR-04,S3046001_S_GN-SB-LA-01,,brand_unit;legacy_block,
S3046001_S_GN-SB-GR-04,S3046001_S_GN-SB-LA-04,,brand_unit;legacy_block,
S3046001_S_GN-SB-GR-04,S3046001_S_GN-SB-LE-01,,brand_unit;legacy_block,
S3046001_S_GN-SB-GR-04,S3046001_S_GN-SB-LE-04,,brand_unit;legacy_block,
S3046001_S_GN-SB-GR-04,S3046001_S_GN-SB-MA-01,0.00903072,brand_unit;legacy_block,
S3046001_S_GN-SB-GR-04,S3046001_S_GN-SB-MA-04,0.11347813,brand_unit;legacy_block,
S3046001_S_GN-SB-GR-04,S3046001_S_GN-SB-NE-01,,brand_unit;legacy_block,
S3046001_S_GN-SB-GR-04,S3046001_S_GN-SB-NE-04,,brand_unit;legacy_block,
S3046001_S_GN-SB-GR-04,S3046001_S_GN-SB-NO-05,0.00849362,brand_unit;legacy_block,
S3046001_S_GN-SB-GR-04,S3046001_S_GN-SB-OO-01,,brand_unit;legacy_block,
S3046001_S_GN-SB-GR-04,S3046001_S_GN-SB-OO-04,,brand_unit;legacy_block,
S3046001_S_GN-SB-GR-04,S3046001_S_GN-SB-PF-05,0.03520200,brand_unit;legacy_block,
S3046001_S_GN-SB-GR-04,S3046001_S_GN-SB-PL-01,,brand_unit;legacy_block,
S3046001_S_GN-SB-GR-04,S3046001_S_GN-SB-PL-04,,brand_unit;legacy_block,
S3046001_S_GN-SB-GR-04,S3046001_S_GN-SB-PO-01,,brand_unit;legacy_block,
S3046001_S_GN-SB-GR-04,S3046001_S_GN-SB-PP-05,0.02796280,brand_unit;legacy_block,
S3046001_S_GN-SB-GR-04,S3046001_S_GN-SB-RO-01,,brand_unit;legacy_block,
S3046001_S_GN-SB-GR-04,S3046001_S_GN-SB-RO-04,,brand_unit;legacy_block,
S3046001_S_GN-SB-GR-04,S3046001_S_GN-SB-RS-01,,brand_unit;legacy_block,
S3046001_S_GN-SB-GR-04,S3046001_S_GN-SB-RS-04,,brand_unit;legacy_block,
S3046001_S_GN-SB-GR-04,S3046001_S_GN-SB-SB-01,,brand_unit;legacy_block,
S3046001_S_GN-SB-GR-04,S3046001_S_GN-SB-SB-04,,brand_unit;legacy_block,
S3046001_S_GN-SB-GR-04,S3046001_S_GN-SB-SJ-01,0.00716267,brand_unit;legacy_block,
S3046001_S_GN-SB-GR-04,S3046001_S_GN-SB-SJ-04,0.28851885,brand_unit;legacy_block,
S3046001_S_GN-SB-GR-04,S3046001_S_GN-SB-SS-01,0.47532496,brand_unit;legacy_block,
S3046001_S_GN-SB-GR-04,S3046001_S_GN-SB-SS-04,0.35493475,brand_unit;legacy_block,
S3046001_S_GN-SB-GR-04,S3046001_S_GN-SB-SW-04,0.08061418,brand_unit;legacy_block,
S3046001_S_GN-SB-GR-04,S3046001_S_GN-SB-TA-01,,brand_unit;legacy_block,
S3046001_S_GN-SB-GR-04,S3046001_S_GN-SB-TA-04,,brand_unit;legacy_block,
S3046001_S_GN-SB-GR-04,S3046001_S_GN-SB-TM-01,,brand_unit;legacy_block,
S3046001_S_GN-SB-GR-04,S3046001_S_GN-SB-TM-04,,brand_unit;legacy_block,
S3046001_S_GN-SB-GR-04,S3046001_S_GN-SB-TT-01,,brand_unit;legacy_block,
S3046001_S_GN-SB-GR-04,S3046001_S_GN-SB-TT-04,,brand_unit;legacy_block,
S3046001_S_GN-SB-GR-04,S3046001_S_GN-SB-TU-01,0.00104163,brand_unit;legacy_block,
S3046001_S_GN-SB-GR-04,S3046001_S_GN-SB-TU-04,,brand_unit;legacy_block,
S3046001_S_GN-SB-GR-04,S3046001_S_GN-SB-WP-01,0.00459122,brand_unit;legacy_block,
S3046001_S_GN-SB-GR-04,S3046001_S_GN-SB-WP-04,0.12728795,brand_unit;legacy_block,
S3046001_S_GN-SB-GR-04,S3046001_S_GN10667,0.10606158,brand_unit;legacy_block,
S3046001_S_GN-SB-KE-01,S3046001_S_GN-SB-LA-01,0.00507004,brand_unit;legacy_block,
S3046001_S_GN-SB-KE-01,S3046001_S_GN-SB-LA-04,0.00864808,brand_unit;legacy_block,
S3046001_S_GN-SB-KE-01,S3046001_S_GN-SB-LE-01,0.00328615,brand_unit;legacy_block,
S3046001_S_GN-SB-KE-01,S3046001_S_GN-SB-LE-04,0.00638281,brand_unit;legacy_block,
S3046001_S_GN-SB-KE-01,S3046001_S_GN-SB-MA-01,0.00954452,brand_unit;legacy_block,
S3046001_S_GN-SB-KE-01,S3046001_S_GN-SB-MA-04,0.01610437,brand_unit;legacy_block,
S3046001_S_GN-SB-KE-01,S3046001_S_GN-SB-NE-01,0.00434802,brand_unit;legacy_block,
S3046001_S_GN-SB-KE-01,S3046001_S_GN-SB-NE-04,0.00843686,brand_unit;legacy_block,
S3046001_S_GN-SB-KE-01,S3046001_S_GN-SB-NO-05,0.01997967,brand_unit;legacy_block,
S3046001_S_GN-SB-KE-01,S3046001_S_GN-SB-OO-01,0.00507004,brand_unit;legacy_block,
S3046001_S_GN-SB-KE-01,S3046001_S_GN-SB-OO-04,0.00864808,brand_unit;legacy_block,
S3046001_S_GN-SB-KE-01,S3046001_S_GN-SB-PF-05,0.02147735,brand_unit;legacy_block,
S3046001_S_GN-SB-KE-01,S3046001_S_GN-SB-PL-01,0.01789289,brand_unit;legacy_block,
S3046001_S_GN-SB-KE-01,S3046001_S_GN-SB-PL-04,0.01137945,brand_unit;legacy_block,
S3046001_S_GN-SB-KE-01,S3046001_S_GN-SB-PO-01,0.00434802,brand_unit;legacy_block,
S3046001_S_GN-SB-KE-01,S3046001_S_GN-SB-PP-05,0.02240795,brand_unit;legacy_block,
S3046001_S_GN-SB-KE-01,S3046001_S_GN-SB-RO-01,0.00507004,brand_unit;legacy_block,
S3046001_S_GN-SB-KE-01,S3046001_S_GN-SB-RO-04,0.00864808,brand_unit;legacy_block,
S3046001_S_GN-SB-KE-01,S3046001_S_GN-SB-RS-01,0.00328615,brand_unit;legacy_block,
S3046001_S_GN-SB-KE-01,S3046001_S_GN-SB-RS-04,0.00638281,brand_unit;legacy_block,
S3046001_S_GN-SB-KE-01,S3046001_S_GN-SB-SB-01,0.00473686,brand_unit;legacy_block,
S3046001_S_GN-SB-KE-01,S3046001_S_GN-SB-SB-04,0.00864808,brand_unit;legacy_block,
S3046001_S_GN-SB-KE-01,S3046001_S_GN-SB-SJ-01,0.00540058,brand_unit;legacy_block,
S3046001_S_GN-SB-KE-01,S3046001_S_GN-SB-SJ-04,0.01704940,brand_unit;legacy_block,
S3046001_S_GN-SB-KE-01,S3046001_S_GN-SB-SS-01,0.03881916,brand_unit;legacy_block,
S3046001_S_GN-SB-KE-01,S3046001_S_GN-SB-SS-04,0.08229138,brand_unit;legacy_block,
S3046001_S_GN-SB-KE-01,S3046001_S_GN-SB-SW-04,0.02411072,brand_unit;legacy_block,
S3046001_S_GN-SB-KE-01,S3046001_S_GN-SB-TA-01,0.00328615,brand_unit;legacy_block,
S3046001_S_GN-SB-KE-01,S3046001_S_GN-SB-TA-04,0.00638281,brand_unit;legacy_block,
S3046001_S_GN-SB-KE-01,S3046001_S_GN-SB-TM-01,0.03604307,brand_unit;legacy_block,
S3046001_S_GN-SB-KE-01,S3046001_S_GN-SB-TM-04,0.01757678,brand_unit;legacy_block,
S3046001_S_GN-SB-KE-01,S3046001_S_GN-SB-TT-01,0.00328615,brand_unit;legacy_block,
S3046001_S_GN-SB-KE-01,S3046001_S_GN-SB-TT-04,0.00638281,brand_unit;legacy_block,
S3046001_S_GN-SB-KE-01,S3046001_S_GN-SB-TU-01,0.00578017,brand_unit;legacy_block,
S3046001_S_GN-SB-KE-01,S3046001_S_GN-SB-TU-04,0.00638281,brand_unit;legacy_block,
S3046001_S_GN-SB-KE-01,S3046001_S_GN-SB-WP-01,0.00599248,brand_unit;legacy_block,
S3046001_S_GN-SB-KE-01,S3046001_S_GN-SB-WP-04,0.00523574,brand_unit;legacy_block,
S3046001_S_GN-SB-KE-01,S3046001_S_GN10667,0.07204269,brand_unit;legacy_block,
S3046001_S_GN-SB-LA-01,S3046001_S_GN-SB-LA-04,1.00000000,brand_unit;legacy_block,
S3046001_S_GN-SB-LA-01,S3046001_S_GN-SB-LE-01,,brand_unit;legacy_block,
S3046001_S_GN-SB-LA-01,S3046001_S_GN-SB-LE-04,,brand_unit;legacy_block,
S3046001_S_GN-SB-LA-01,S3046001_S_GN-SB-MA-01,,brand_unit;legacy_block,
S3046001_S_GN-SB-LA-01,S3046001_S_GN-SB-MA-04,,brand_unit;legacy_block,
S3046001_S_GN-SB-LA-01,S3046001_S_GN-SB-NE-01,,brand_unit;legacy_block,
S3046001_S_GN-SB-LA-01,S3046001_S_GN-SB-NE-04,,brand_unit;legacy_block,
S3046001_S_GN-SB-LA-01,S3046001_S_GN-SB-NO-05,0.00353515,brand_unit;legacy_block,
S3046001_S_GN-SB-LA-01,S3046001_S_GN-SB-OO-01,,brand_unit;legacy_block,
S3046001_S_GN-SB-LA-01,S3046001_S_GN-SB-OO-04,,brand_unit;legacy_block,
S3046001_S_GN-SB-LA-01,S3046001_S_GN-SB-PF-05,0.01338407,brand_unit;legacy_block,
S3046001_S_GN-SB-LA-01,S3046001_S_GN-SB-PL-01,0.07522291,brand_unit;legacy_block,
S3046001_S_GN-SB-LA-01,S3046001_S_GN-SB-PL-04,,brand_unit;legacy_block,
S3046001_S_GN-SB-LA-01,S3046001_S_GN-SB-PO-01,,brand_unit;legacy_block,
S3046001_S_GN-SB-LA-01,S3046001_S_GN-SB-PP-05,0.01269369,brand_unit;legacy_block,
S3046001_S_GN-SB-LA-01,S3046001_S_GN-SB-RO-01,,brand_unit;legacy_block,
S3046001_S_GN-SB-LA-01,S3046001_S_GN-SB-RO-04,,brand_unit;legacy_block,
S3046001_S_GN-SB-LA-01,S3046001_S_GN-SB-RS-01,,brand_unit;legacy_block,
S3046001_S_GN-SB-LA-01,S3046001_S_GN-SB-RS-04,,brand_unit;legacy_block,
S3046001_S_GN-SB-LA-01,S3046001_S_GN-SB-SB-01,,brand_unit;legacy_block,
S3046001_S_GN-SB-LA-01,S3046001_S_GN-SB-SB-04,,brand_unit;legacy_block,
S3046001_S_GN-SB-LA-01,S3046001_S_GN-SB-SJ-01,0.00111195,brand_unit;legacy_block,
S3046001_S_GN-SB-LA-01,S3046001_S_GN-SB-SJ-04,0.00669289,brand_unit;legacy_block,
S3046001_S_GN-SB-LA-01,S3046001_S_GN-SB-SS-01,0.03702760,brand_unit;legacy_block,
S3046001_S_GN-SB-LA-01,S3046001_S_GN-SB-SS-04,0.06051953,brand_unit;legacy_block,
S3046001_S_GN-SB-LA-01,S3046001_S_GN-SB-SW-04,0.00821030,brand_unit;legacy_block,
S3046001_S_GN-SB-LA-01,S3046001_S_GN-SB-TA-01,,brand_unit;legacy_block,
S3046001_S_GN-SB-LA-01,S3046001_S_GN-SB-TA-04,,brand_unit;legacy_block,
S3046001_S_GN-SB-LA-01,S3046001_S_GN-SB-TM-01,,brand_unit;legacy_block,
S3046001_S_GN-SB-LA-01,S3046001_S_GN-SB-TM-04,,brand_unit;legacy_block,
S3046001_S_GN-SB-LA-01,S3046001_S_GN-SB-TT-01,,brand_unit;legacy_block,
S3046001_S_GN-SB-LA-01,S3046001_S_GN-SB-TT-04,,brand_unit;legacy_block,
S3046001_S_GN-SB-LA-01,S3046001_S_GN-SB-TU-01,0.00061503,brand_unit;legacy_block,
S3046001_S_GN-SB-LA-01,S3046001_S_GN-SB-TU-04,,brand_unit;legacy_block,
S3046001_S_GN-SB-LA-01,S3046001_S_GN-SB-WP-01,0.00230898,brand_unit;legacy_block,
S3046001_S_GN-SB-LA-01,S3046001_S_GN-SB-WP-04,0.00157102,brand_unit;legacy_block,
S3046001_S_GN-SB-LA-01,S3046001_S_GN10667,0.09218291,brand_unit;legacy_block,
S3046001_S_GN-SB-LA-04,S3046001_S_GN-SB-LE-01,,brand_unit;legacy_block,
S3046001_S_GN-SB-LA-04,S3046001_S_GN-SB-LE-04,,brand_unit;legacy_block,
S3046001_S_GN-SB-LA-04,S3046001_S_GN-SB-MA-01,,brand_unit;legacy_block,
S3046001_S_GN-SB-LA-04,S3046001_S_GN-SB-MA-04,,brand_unit;legacy_block,
S3046001_S_GN-SB-LA-04,S3046001_S_GN-SB-NE-01,,brand_unit;legacy_block,
S3046001_S_GN-SB-LA-04,S3046001_S_GN-SB-NE-04,,brand_unit;legacy_block,
S3046001_S_GN-SB-LA-04,S3046001_S_GN-SB-NO-05,0.00849362,brand_unit;legacy_block,
S3046001_S_GN-SB-LA-04,S3046001_S_GN-SB-OO-01,,brand_unit;legacy_block,
S3046001_S_GN-SB-LA-04,S3046001_S_GN-SB-OO-04,,brand_unit;legacy_block,
S3046001_S_GN-SB-LA-04,S3046001_S_GN-SB-PF-05,0.03171712,brand_unit;legacy_block,
S3046001_S_GN-SB-LA-04,S3046001_S_GN-SB-PL-01,0.93522904,brand_unit;legacy_block,
S3046001_S_GN-SB-LA-04,S3046001_S_GN-SB-PL-04,,brand_unit;legacy_block,
S3046001_S_GN-SB-LA-04,S3046001_S_GN-SB-PO-01,,brand_unit;legacy_block,
S3046001_S_GN-SB-LA-04,S3046001_S_GN-SB-PP-05,0.03010995,brand_unit;legacy_block,
S3046001_S_GN-SB-LA-04,S3046001_S_GN-SB-RO-01,,brand_unit;legacy_block,
S3046001_S_GN-SB-LA-04,S3046001_S_GN-SB-RO-04,,brand_unit;legacy_block,
S3046001_S_GN-SB-LA-04,S3046001_S_GN-SB-RS-01,,brand_unit;legacy_block,
S3046001_S_GN-SB-LA-04,S3046001_S_GN-SB-RS-04,,brand_unit;legacy_block,
S3046001_S_GN-SB-LA-04,S3046001_S_GN-SB-SB-01,,brand_unit;legacy_block,
S3046001_S_GN-SB-LA-04,S3046001_S_GN-SB-SB-04,,brand_unit;legacy_block,
S3046001_S_GN-SB-LA-04,S3046001_S_GN-SB-SJ-01,0.00716267,brand_unit;legacy_block,
S3046001_S_GN-SB-LA-04,S3046001_S_GN-SB-SJ-04,0.28851885,brand_unit;legacy_block,
S3046001_S_GN-SB-LA-04,S3046001_S_GN-SB-SS-01,0.47532496,brand_unit;legacy_block,
S3046001_S_GN-SB-LA-04,S3046001_S_GN-SB-SS-04,0.35493475,brand_unit;legacy_block,
S3046001_S_GN-SB-LA-04,S3046001_S_GN-SB-SW-04,0.09007462,brand_unit;legacy_block,
S3046001_S_GN-SB-LA-04,S3046001_S_GN-SB-TA-01,,brand_unit;legacy_block,
S3046001_S_GN-SB-LA-04,S3046001_S_GN-SB-TA-04,,brand_unit;legacy_block,
S3046001_S_GN-SB-LA-04,S3046001_S_GN-SB-TM-01,,brand_unit;legacy_block,
S3046001_S_GN-SB-LA-04,S3046001_S_GN-SB-TM-04,,brand_unit;legacy_block,
S3046001_S_GN-SB-LA-04,S3046001_S_GN-SB-TT-01,,brand_unit;legacy_block,
S3046001_S_GN-SB-LA-04,S3046001_S_GN-SB-TT-04,,brand_unit;legacy_block,
S3046001_S_GN-SB-LA-04,S3046001_S_GN-SB-TU-01,0.00133860,brand_unit;legacy_block,
S3046001_S_GN-SB-LA-04,S3046001_S_GN-SB-TU-04,,brand_unit;legacy_block,
S3046001_S_GN-SB-LA-04,S3046001_S_GN-SB-WP-01,0.00459122,brand_unit;legacy_block,
S3046001_S_GN-SB-LA-04,S3046001_S_GN-SB-WP-04,0.12728795,brand_unit;legacy_block,
S3046001_S_GN-SB-LA-04,S3046001_S_GN10667,0.10606158,brand_unit;legacy_block,
S3046001_S_GN-SB-LE-01,S3046001_S_GN-SB-LE-04,1.00000000,brand_unit;legacy_block,
S3046001_S_GN-SB-LE-01,S3046001_S_GN-SB-MA-01,,brand_unit;legacy_block,
S3046001_S_GN-SB-LE-01,S3046001_S_GN-SB-MA-04,,brand_unit;legacy_block,
S3046001_S_GN-SB-LE-01,S3046001_S_GN-SB-NE-01,,brand_unit;legacy_block,
S3046001_S_GN-SB-LE-01,S3046001_S_GN-SB-NE-04,,brand_unit;legacy_block,
S3046001_S_GN-SB-LE-01,S3046001_S_GN-SB-NO-05,0.00336288,brand_unit;legacy_block,
S3046001_S_GN-SB-LE-01,S3046001_S_GN-SB-OO-01,,brand_unit;legacy_block,
S3046001_S_GN-SB-LE-01,S3046001_S_GN-SB-OO-04,,brand_unit;legacy_block,
S3046001_S_GN-SB-LE-01,S3046001_S_GN-SB-PF-05,0.01362624,brand_unit;legacy_block,
S3046001_S_GN-SB-LE-01,S3046001_S_GN-SB-PL-01,0.03736338,brand_unit;legacy_block,
S3046001_S_GN-SB-LE-01,S3046001_S_GN-SB-PL-04,0.34314594,brand_unit;legacy_block,
S3046001_S_GN-SB-LE-01,S3046001_S_GN-SB-PO-01,,brand_unit;legacy_block,
S3046001_S_GN-SB-LE-01,S3046001_S_GN-SB-PP-05,0.03546056,brand_unit;legacy_block,
S3046001_S_GN-SB-LE-01,S3046001_S_GN-SB-RO-01,,brand_unit;legacy_block,
S3046001_S_GN-SB-LE-01,S3046001_S_GN-SB-RO-04,,brand_unit;legacy_block,
S3046001_S_GN-SB-LE-01,S3046001_S_GN-SB-RS-01,,brand_unit;legacy_block,
S3046001_S_GN-SB-LE-01,S3046001_S_GN-SB-RS-04,,brand_unit;legacy_block,
S3046001_S_GN-SB-LE-01,S3046001_S_GN-SB-SB-01,,brand_unit;legacy_block,
S3046001_S_GN-SB-LE-01,S3046001_S_GN-SB-SB-04,,brand_unit;legacy_block,
S3046001_S_GN-SB-LE-01,S3046001_S_GN-SB-SJ-01,0.00255445,brand_unit;legacy_block,
S3046001_S_GN-SB-LE-01,S3046001_S_GN-SB-SJ-04,0.00429865,brand_unit;legacy_block,
S3046001_S_GN-SB-LE-01,S3046001_S_GN-SB-SS-01,0.03702760,brand_unit;legacy_block,
S3046001_S_GN-SB-LE-01,S3046001_S_GN-SB-SS-04,0.06051953,brand_unit;legacy_block,
S3046001_S_GN-SB-LE-01,S3046001_S_GN-SB-SW-04,0.01409979,brand_unit;legacy_block,
S3046001_S_GN-SB-LE-01,S3046001_S_GN-SB-TA-01,,brand_unit;legacy_block,
S3046001_S_GN-SB-LE-01,S3046001_S_GN-SB-TA-04,,brand_unit;legacy_block,
S3046001_S_GN-SB-LE-01,S3046001_S_GN-SB-TM-01,,brand_unit;legacy_block,
S3046001_S_GN-SB-LE-01,S3046001_S_GN-SB-TM-04,,brand_unit;legacy_block,
S3046001_S_GN-SB-LE-01,S3046001_S_GN-SB-TT-01,,brand_unit;legacy_block,
S3046001_S_GN-SB-LE-01,S3046001_S_GN-SB-TT-04,,brand_unit;legacy_block,
S3046001_S_GN-SB-LE-01,S3046001_S_GN-SB-TU-01,0.00141651,brand_unit;legacy_block,
S3046001_S_GN-SB-LE-01,S3046001_S_GN-SB-TU-04,,brand_unit;legacy_block,
S3046001_S_GN-SB-LE-01,S3046001_S_GN-SB-WP-01,,brand_unit;legacy_block,
S3046001_S_GN-SB-LE-01,S3046001_S_GN-SB-WP-04,0.00151440,brand_unit;legacy_block,
S3046001_S_GN-SB-LE-01,S3046001_S_GN10667,,brand_unit;legacy_block,
S3046001_S_GN-SB-LE-04,S3046001_S_GN-SB-MA-01,,brand_unit;legacy_block,
S3046001_S_GN-SB-LE-04,S3046001_S_GN-SB-MA-04,,brand_unit;legacy_block,
S3046001_S_GN-SB-LE-04,S3046001_S_GN-SB-NE-01,,brand_unit;legacy_block,
S3046001_S_GN-SB-LE-04,S3046001_S_GN-SB-NE-04,,brand_unit;legacy_block,
S3046001_S_GN-SB-LE-04,S3046001_S_GN-SB-NO-05,0.00849362,brand_unit;legacy_block,
S3046001_S_GN-SB-LE-04,S3046001_S_GN-SB-OO-01,,brand_unit;legacy_block,
S3046001_S_GN-SB-LE-04,S3046001_S_GN-SB-OO-04,,brand_unit;legacy_block,
S3046001_S_GN-SB-LE-04,S3046001_S_GN-SB-PF-05,0.03388343,brand_unit;legacy_block,
S3046001_S_GN-SB-LE-04,S3046001_S_GN-SB-PL-01,0.23827203,brand_unit;legacy_block,
S3046001_S_GN-SB-LE-04,S3046001_S_GN-SB-PL-04,0.29184112,brand_unit;legacy_block,
S3046001_S_GN-SB-LE-04,S3046001_S_GN-SB-PO-01,,brand_unit;legacy_block,
S3046001_S_GN-SB-LE-04,S3046001_S_GN-SB-PP-05,0.07223777,brand_unit;legacy_block,
S3046001_S_GN-SB-LE-04,S3046001_S_GN-SB-RO-01,,brand_unit;legacy_block,
S3046001_S_GN-SB-LE-04,S3046001_S_GN-SB-RO-04,,brand_unit;legacy_block,
S3046001_S_GN-SB-LE-04,S3046001_S_GN-SB-RS-01,,brand_unit;legacy_block,
S3046001_S_GN-SB-LE-04,S3046001_S_GN-SB-RS-04,,brand_unit;legacy_block,
S3046001_S_GN-SB-LE-04,S3046001_S_GN-SB-SB-01,,brand_unit;legacy_block,
S3046001_S_GN-SB-LE-04,S3046001_S_GN-SB-SB-04,,brand_unit;legacy_block,
S3046001_S_GN-SB-LE-04,S3046001_S_GN-SB-SJ-01,0.00528441,brand_unit;legacy_block,
S3046001_S_GN-SB-LE-04,S3046001_S_GN-SB-SJ-04,0.11347813,brand_unit;legacy_block,
S3046001_S_GN-SB-LE-04,S3046001_S_GN-SB-SS-01,0.44429342,brand_unit;legacy_block,
S3046001_S_GN-SB-LE-04,S3046001_S_GN-SB-SS-04,0.09836658,brand_unit;legacy_block,
S3046001_S_GN-SB-LE-04,S3046001_S_GN-SB-SW-04,0.19889586,brand_unit;legacy_block,
S3046001_S_GN-SB-LE-04,S3046001_S_GN-SB-TA-01,,brand_unit;legacy_block,
S3046001_S_GN-SB-LE-04,S3046001_S_GN-SB-TA-04,,brand_unit;legacy_block,
S3046001_S_GN-SB-LE-04,S3046001_S_GN-SB-TM-01,,brand_unit;legacy_block,
S3046001_S_GN-SB-LE-04,S3046001_S_GN-SB-TM-04,,brand_unit;legacy_block,
S3046001_S_GN-SB-LE-04,S3046001_S_GN-SB-TT-01,,brand_unit;legacy_block,
S3046001_S_GN-SB-LE-04,S3046001_S_GN-SB-TT-04,,brand_unit;legacy_block,
S3046001_S_GN-SB-LE-04,S3046001_S_GN-SB-TU-01,0.00589969,brand_unit;legacy_block,
S3046001_S_GN-SB-LE-04,S3046001_S_GN-SB-TU-04,,brand_unit;legacy_block,
S3046001_S_GN-SB-LE-04,S3046001_S_GN-SB-WP-01,,brand_unit;legacy_block,
S3046001_S_GN-SB-LE-04,S3046001_S_GN-SB-WP-04,0.11889285,brand_unit;legacy_block,
S3046001_S_GN-SB-LE-04,S3046001_S_GN10667,,brand_unit;legacy_block,
S3046001_S_GN-SB-MA-01,S3046001_S_GN-SB-MA-04,1.00000000,brand_unit;legacy_block,
S3046001_S_GN-SB-MA-01,S3046001_S_GN-SB-NE-01,0.00097642,brand_unit;legacy_block,
S3046001_S_GN-SB-MA-01,S3046001_S_GN-SB-NE-04,0.00903072,brand_unit;legacy_block,
S3046001_S_GN-SB-MA-01,S3046001_S_GN-SB-NO-05,0.00353515,brand_unit;legacy_block,
S3046001_S_GN-SB-MA-01,S3046001_S_GN-SB-OO-01,0.00155091,brand_unit;legacy_block,
S3046001_S_GN-SB-MA-01,S3046001_S_GN-SB-OO-04,0.00903072,brand_unit;legacy_block,
S3046001_S_GN-SB-MA-01,S3046001_S_GN-SB-PF-05,0.00353515,brand_unit;legacy_block,
S3046001_S_GN-SB-MA-01,S3046001_S_GN-SB-PL-01,,brand_unit;legacy_block,
S3046001_S_GN-SB-MA-01,S3046001_S_GN-SB-PL-04,,brand_unit;legacy_block,
S3046001_S_GN-SB-MA-01,S3046001_S_GN-SB-PO-01,0.00097642,brand_unit;legacy_block,
S3046001_S_GN-SB-MA-01,S3046001_S_GN-SB-PP-05,0.00353515,brand_unit;legacy_block,
S3046001_S_GN-SB-MA-01,S3046001_S_GN-SB-RO-01,0.00101887,brand_unit;legacy_block,
S3046001_S_GN-SB-MA-01,S3046001_S_GN-SB-RO-04,0.00903072,brand_unit;legacy_block,
S3046001_S_GN-SB-MA-01,S3046001_S_GN-SB-RS-01,,brand_unit;legacy_block,
S3046001_S_GN-SB-MA-01,S3046001_S_GN-SB-RS-04,,brand_unit;legacy_block,
S3046001_S_GN-SB-MA-01,S3046001_S_GN-SB-SB-01,,brand_unit;legacy_block,
S3046001_S_GN-SB-MA-01,S3046001_S_GN-SB-SB-04,0.00903072,brand_unit;legacy_block,
S3046001_S_GN-SB-MA-01,S3046001_S_GN-SB-SJ-01,0.00101887,brand_unit;legacy_block,
S3046001_S_GN-SB-MA-01,S3046001_S_GN-SB-SJ-04,0.00603748,brand_unit;legacy_block,
S3046001_S_GN-SB-MA-01,S3046001_S_GN-SB-SS-01,0.01441068,brand_unit;legacy_block,
S3046001_S_GN-SB-MA-01,S3046001_S_GN-SB-SS-04,0.03144288,brand_unit;legacy_block,
S3046001_S_GN-SB-MA-01,S3046001_S_GN-SB-SW-04,0.01640829,brand_unit;legacy_block,
S3046001_S_GN-SB-MA-01,S3046001_S_GN-SB-TA-01,0.00097642,brand_unit;legacy_block,
S3046001_S_GN-SB-MA-01,S3046001_S_GN-SB-TA-04,0.00903072,brand_unit;legacy_block,
S3046001_S_GN-SB-MA-01,S3046001_S_GN-SB-TM-01,0.03310058,brand_unit;legacy_block,
S3046001_S_GN-SB-MA-01,S3046001_S_GN-SB-TM-04,0.00411852,brand_unit;legacy_block,
S3046001_S_GN-SB-MA-01,S3046001_S_GN-SB-TT-01,0.00097642,brand_unit;legacy_block,
S3046001_S_GN-SB-MA-01,S3046001_S_GN-SB-TT-04,0.00903072,brand_unit;legacy_block,
S3046001_S_GN-SB-MA-01,S3046001_S_GN-SB-TU-01,0.00097642,brand_unit;legacy_block,
S3046001_S_GN-SB-MA-01,S3046001_S_GN-SB-TU-04,0.00903072,brand_unit;legacy_block,
S3046001_S_GN-SB-MA-01,S3046001_S_GN-SB-WP-01,,brand_unit;legacy_block,
S3046001_S_GN-SB-MA-01,S3046001_S_GN-SB-WP-04,0.00798443,brand_unit;legacy_block,
S3046001_S_GN-SB-MA-01,S3046001_S_GN10667,,brand_unit;legacy_block,
S3046001_S_GN-SB-MA-04,S3046001_S_GN-SB-NE-01,0.00132077,brand_unit;legacy_block,
S3046001_S_GN-SB-MA-04,S3046001_S_GN-SB-NE-04,0.08959976,brand_unit;legacy_block,
S3046001_S_GN-SB-MA-04,S3046001_S_GN-SB-NO-05,0.01817684,brand_unit;legacy_block,
S3046001_S_GN-SB-MA-04,S3046001_S_GN-SB-OO-01,0.00565336,brand_unit;legacy_block,
S3046001_S_GN-SB-MA-04,S3046001_S_GN-SB-OO-04,0.11347813,brand_unit;legacy_block,
S3046001_S_GN-SB-MA-04,S3046001_S_GN-SB-PF-05,0.01610437,brand_unit;legacy_block,
S3046001_S_GN-SB-MA-04,S3046001_S_GN-SB-PL-01,,brand_unit;legacy_block,
S3046001_S_GN-SB-MA-04,S3046001_S_GN-SB-PL-04,,brand_unit;legacy_block,
S3046001_S_GN-SB-MA-04,S3046001_S_GN-SB-PO-01,0.00132077,brand_unit;legacy_block,
S3046001_S_GN-SB-MA-04,S3046001_S_GN-SB-PP-05,0.01610437,brand_unit;legacy_block,
S3046001_S_GN-SB-MA-04,S3046001_S_GN-SB-RO-01,0.00119720,brand_unit;legacy_block,
S3046001_S_GN-SB-MA-04,S3046001_S_GN-SB-RO-04,0.11347813,brand_unit;legacy_block,
S3046001_S_GN-SB-MA-04,S3046001_S_GN-SB-RS-01,,brand_unit;legacy_block,
S3046001_S_GN-SB-MA-04,S3046001_S_GN-SB-RS-04,,brand_unit;legacy_block,
S3046001_S_GN-SB-MA-04,S3046001_S_GN-SB-SB-01,,brand_unit;legacy_block,
S3046001_S_GN-SB-MA-04,S3046001_S_GN-SB-SB-04,0.11347813,brand_unit;legacy_block,
S3046001_S_GN-SB-MA-04,S3046001_S_GN-SB-SJ-01,0.00119720,brand_unit;legacy_block,
S3046001_S_GN-SB-MA-04,S3046001_S_GN-SB-SJ-04,0.66944691,brand_unit;legacy_block,
S3046001_S_GN-SB-MA-04,S3046001_S_GN-SB-SS-01,0.65290118,brand_unit;legacy_block,
S3046001_S_GN-SB-MA-04,S3046001_S_GN-SB-SS-04,0.52685502,brand_unit;legacy_block,
S3046001_S_GN-SB-MA-04,S3046001_S_GN-SB-SW-04,0.02471192,brand_unit;legacy_block,
S3046001_S_GN-SB-MA-04,S3046001_S_GN-SB-TA-01,0.00132077,brand_unit;legacy_block,
S3046001_S_GN-SB-MA-04,S3046001_S_GN-SB-TA-04,0.08959976,brand_unit;legacy_block,
S3046001_S_GN-SB-MA-04,S3046001_S_GN-SB-TM-01,0.08009225,brand_unit;legacy_block,
S3046001_S_GN-SB-MA-04,S3046001_S_GN-SB-TM-04,0.02843983,brand_unit;legacy_block,
S3046001_S_GN-SB-MA-04,S3046001_S_GN-SB-TT-01,0.00132077,brand_unit;legacy_block,
S3046001_S_GN-SB-MA-04,S3046001_S_GN-SB-TT-04,0.08959976,brand_unit;legacy_block,
S3046001_S_GN-SB-MA-04,S3046001_S_GN-SB-TU-01,0.00082546,brand_unit;legacy_block,
S3046001_S_GN-SB-MA-04,S3046001_S_GN-SB-TU-04,0.08959976,brand_unit;legacy_block,
S3046001_S_GN-SB-MA-04,S3046001_S_GN-SB-WP-01,,brand_unit;legacy_block,
S3046001_S_GN-SB-MA-04,S3046001_S_GN-SB-WP-04,0.41124661,brand_unit;legacy_block,
S3046001_S_GN-SB-MA-04,S3046001_S_GN10667,,brand_unit;legacy_block,
S3046001_S_GN-SB-NE-01,S3046001_S_GN-SB-NE-04,1.00000000,brand_unit;legacy_block,
S3046001_S_GN-SB-NE-01,S3046001_S_GN-SB-NO-05,0.00336288,brand_unit;legacy_block,
S3046001_S_GN-SB-NE-01,S3046001_S_GN-SB-OO-01,,brand_unit;legacy_block,
S3046001_S_GN-SB-NE-01,S3046001_S_GN-SB-OO-04,,brand_unit;legacy_block,
S3046001_S_GN-SB-NE-01,S3046001_S_GN-SB-PF-05,0.01426536,brand_unit;legacy_block,
S3046001_S_GN-SB-NE-01,S3046001_S_GN-SB-PL-01,,brand_unit;legacy_block,
S3046001_S_GN-SB-NE-01,S3046001_S_GN-SB-PL-04,,brand_unit;legacy_block,
S3046001_S_GN-SB-NE-01,S3046001_S_GN-SB-PO-01,,brand_unit;legacy_block,
S3046001_S_GN-SB-NE-01,S3046001_S_GN-SB-PP-05,0.01495804,brand_unit;legacy_block,
S3046001_S_GN-SB-NE-01,S3046001_S_GN-SB-RO-01,,brand_unit;legacy_block,
S3046001_S_GN-SB-NE-01,S3046001_S_GN-SB-RO-04,,brand_unit;legacy_block,
S3046001_S_GN-SB-NE-01,S3046001_S_GN-SB-RS-01,,brand_unit;legacy_block,
S3046001_S_GN-SB-NE-01,S3046001_S_GN-SB-RS-04,,brand_unit;legacy_block,
S3046001_S_GN-SB-NE-01,S3046001_S_GN-SB-SB-01,,brand_unit;legacy_block,
S3046001_S_GN-SB-NE-01,S3046001_S_GN-SB-SB-04,,brand_unit;legacy_block,
S3046001_S_GN-SB-NE-01,S3046001_S_GN-SB-SJ-01,0.00338070,brand_unit;legacy_block,
S3046001_S_GN-SB-NE-01,S3046001_S_GN-SB-SJ-04,0.00429865,brand_unit;legacy_block,
S3046001_S_GN-SB-NE-01,S3046001_S_GN-SB-SS-01,0.03702760,brand_unit;legacy_block,
S3046001_S_GN-SB-NE-01,S3046001_S_GN-SB-SS-04,0.06051953,brand_unit;legacy_block,
S3046001_S_GN-SB-NE-01,S3046001_S_GN-SB-SW-04,0.00641974,brand_unit;legacy_block,
S3046001_S_GN-SB-NE-01,S3046001_S_GN-SB-TA-01,,brand_unit;legacy_block,
S3046001_S_GN-SB-NE-01,S3046001_S_GN-SB-TA-04,,brand_unit;legacy_block,
S3046001_S_GN-SB-NE-01,S3046001_S_GN-SB-TM-01,,brand_unit;legacy_block,
S3046001_S_GN-SB-NE-01,S3046001_S_GN-SB-TM-04,,brand_unit;legacy_block,
S3046001_S_GN-SB-NE-01,S3046001_S_GN-SB-TT-01,,brand_unit;legacy_block,
S3046001_S_GN-SB-NE-01,S3046001_S_GN-SB-TT-04,,brand_unit;legacy_block,
S3046001_S_GN-SB-NE-01,S3046001_S_GN-SB-TU-01,0.00113208,brand_unit;legacy_block,
S3046001_S_GN-SB-NE-01,S3046001_S_GN-SB-TU-04,,brand_unit;legacy_block,
S3046001_S_GN-SB-NE-01,S3046001_S_GN-SB-WP-01,0.00172162,brand_unit;legacy_block,
S3046001_S_GN-SB-NE-01,S3046001_S_GN-SB-WP-04,0.00157102,brand_unit;legacy_block,
S3046001_S_GN-SB-NE-01,S3046001_S_GN10667,0.07392426,brand_unit;legacy_block,
S3046001_S_GN-SB-NE-04,S3046001_S_GN-SB-NO-05,0.00849362,brand_unit;legacy_block,
S3046001_S_GN-SB-NE-04,S3046001_S_GN-SB-OO-01,,brand_unit;legacy_block,
S3046001_S_GN-SB-NE-04,S3046001_S_GN-SB-OO-04,,brand_unit;legacy_block,
S3046001_S_GN-SB-NE-04,S3046001_S_GN-SB-PF-05,0.03543853,brand_unit;legacy_block,
S3046001_S_GN-SB-NE-04,S3046001_S_GN-SB-PL-01,,brand_unit;legacy_block,
S3046001_S_GN-SB-NE-04,S3046001_S_GN-SB-PL-04,,brand_unit;legacy_block,
S3046001_S_GN-SB-NE-04,S3046001_S_GN-SB-PO-01,,brand_unit;legacy_block,
S3046001_S_GN-SB-NE-04,S3046001_S_GN-SB-PP-05,0.03712061,brand_unit;legacy_block,
S3046001_S_GN-SB-NE-04,S3046001_S_GN-SB-RO-01,,brand_unit;legacy_block,
S3046001_S_GN-SB-NE-04,S3046001_S_GN-SB-RO-04,,brand_unit;legacy_block,
S3046001_S_GN-SB-NE-04,S3046001_S_GN-SB-RS-01,,brand_unit;legacy_block,
S3046001_S_GN-SB-NE-04,S3046001_S_GN-SB-RS-04,,brand_unit;legacy_block,
S3046001_S_GN-SB-NE-04,S3046001_S_GN-SB-SB-01,,brand_unit;legacy_block,
S3046001_S_GN-SB-NE-04,S3046001_S_GN-SB-SB-04,,brand_unit;legacy_block,
S3046001_S_GN-SB-NE-04,S3046001_S_GN-SB-SJ-01,0.00698747,brand_unit;legacy_block,
S3046001_S_GN-SB-NE-04,S3046001_S_GN-SB-SJ-04,0.11347813,brand_unit;legacy_block,
S3046001_S_GN-SB-NE-04,S3046001_S_GN-SB-SS-01,0.44429342,brand_unit;legacy_block,
S3046001_S_GN-SB-NE-04,S3046001_S_GN-SB-SS-04,0.09836658,brand_unit;legacy_block,
S3046001_S_GN-SB-NE-04,S3046001_S_GN-SB-SW-04,0.10515003,brand_unit;legacy_block,
S3046001_S_GN-SB-NE-04,S3046001_S_GN-SB-TA-01,,brand_unit;legacy_block,
S3046001_S_GN-SB-NE-04,S3046001_S_GN-SB-TA-04,,brand_unit;legacy_block,
S3046001_S_GN-SB-NE-04,S3046001_S_GN-SB-TM-01,,brand_unit;legacy_block,
S3046001_S_GN-SB-NE-04,S3046001_S_GN-SB-TM-04,,brand_unit;legacy_block,
S3046001_S_GN-SB-NE-04,S3046001_S_GN-SB-TT-01,,brand_unit;legacy_block,
S3046001_S_GN-SB-NE-04,S3046001_S_GN-SB-TT-04,,brand_unit;legacy_block,
S3046001_S_GN-SB-NE-04,S3046001_S_GN-SB-TU-01,0.00532230,brand_unit;legacy_block,
S3046001_S_GN-SB-NE-04,S3046001_S_GN-SB-TU-04,,brand_unit;legacy_block,
S3046001_S_GN-SB-NE-04,S3046001_S_GN-SB-WP-01,0.00459122,brand_unit;legacy_block,
S3046001_S_GN-SB-NE-04,S3046001_S_GN-SB-WP-04,0.11889285,brand_unit;legacy_block,
S3046001_S_GN-SB-NE-04,S3046001_S_GN10667,0.09329314,brand_unit;legacy_block,
S3046001_S_GN-SB-NO-05,S3046001_S_GN-SB-OO-01,0.00353515,brand_unit;legacy_block,
S3046001_S_GN-SB-NO-05,S3046001_S_GN-SB-OO-04,0.00849362,brand_unit;legacy_block,
S3046001_S_GN-SB-NO-05,S3046001_S_GN-SB-PF-05,0.01396118,brand_unit;legacy_block,
S3046001_S_GN-SB-NO-05,S3046001_S_GN-SB-PL-01,0.00926335,brand_unit;legacy_block,
S3046001_S_GN-SB-NO-05,S3046001_S_GN-SB-PL-04,0.01247414,brand_unit;legacy_block,
S3046001_S_GN-SB-NO-05,S3046001_S_GN-SB-PO-01,0.00336288,brand_unit;legacy_block,
S3046001_S_GN-SB-NO-05,S3046001_S_GN-SB-PP-05,0.01548924,brand_unit;legacy_block,
S3046001_S_GN-SB-NO-05,S3046001_S_GN-SB-RO-01,0.00353515,brand_unit;legacy_block,
S3046001_S_GN-SB-NO-05,S3046001_S_GN-SB-RO-04,0.00849362,brand_unit;legacy_block,
S3046001_S_GN-SB-NO-05,S3046001_S_GN-SB-RS-01,0.00336288,brand_unit;legacy_block,
S3046001_S_GN-SB-NO-05,S3046001_S_GN-SB-RS-04,0.00849362,brand_unit;legacy_block,
S3046001_S_GN-SB-NO-05,S3046001_S_GN-SB-SB-01,0.00353515,brand_unit;legacy_block,
S3046001_S_GN-SB-NO-05,S3046001_S_GN-SB-SB-04,0.00849362,brand_unit;legacy_block,
S3046001_S_GN-SB-NO-05,S3046001_S_GN-SB-SJ-01,0.00593864,brand_unit;legacy_block,
S3046001_S_GN-SB-NO-05,S3046001_S_GN-SB-SJ-04,0.00838350,brand_unit;legacy_block,
S3046001_S_GN-SB-NO-05,S3046001_S_GN-SB-SS-01,0.08893923,brand_unit;legacy_block,
S3046001_S_GN-SB-NO-05,S3046001_S_GN-SB-SS-04,0.08893923,brand_unit;legacy_block,
S3046001_S_GN-SB-NO-05,S3046001_S_GN-SB-SW-04,0.03234623,brand_unit;legacy_block,
S3046001_S_GN-SB-NO-05,S3046001_S_GN-SB-TA-01,0.00336288,brand_unit;legacy_block,
S3046001_S_GN-SB-NO-05,S3046001_S_GN-SB-TA-04,0.00849362,brand_unit;legacy_block,
S3046001_S_GN-SB-NO-05,S3046001_S_GN-SB-TM-01,0.03603074,brand_unit;legacy_block,
S3046001_S_GN-SB-NO-05,S3046001_S_GN-SB-TM-04,0.03987687,brand_unit;legacy_block,
S3046001_S_GN-SB-NO-05,S3046001_S_GN-SB-TT-01,0.00336288,brand_unit;legacy_block,
S3046001_S_GN-SB-NO-05,S3046001_S_GN-SB-TT-04,0.00849362,brand_unit;legacy_block,
S3046001_S_GN-SB-NO-05,S3046001_S_GN-SB-TU-01,0.00608009,brand_unit;legacy_block,
S3046001_S_GN-SB-NO-05,S3046001_S_GN-SB-TU-04,0.00849362,brand_unit;legacy_block,
S3046001_S_GN-SB-NO-05,S3046001_S_GN-SB-WP-01,0.04715178,brand_unit;legacy_block,
S3046001_S_GN-SB-NO-05,S3046001_S_GN-SB-WP-04,0.05002359,brand_unit;legacy_block,
S3046001_S_GN-SB-NO-05,S3046001_S_GN10667,0.11744330,brand_unit;legacy_block,
S3046001_S_GN-SB-OO-01,S3046001_S_GN-SB-OO-04,1.00000000,brand_unit;legacy_block,
S3046001_S_GN-SB-OO-01,S3046001_S_GN-SB-PF-05,0.00598104,brand_unit;legacy_block,
S3046001_S_GN-SB-OO-01,S3046001_S_GN-SB-PL-01,,brand_unit;legacy_block,
S3046001_S_GN-SB-OO-01,S3046001_S_GN-SB-PL-04,,brand_unit;legacy_block,
S3046001_S_GN-SB-OO-01,S3046001_S_GN-SB-PO-01,,brand_unit;legacy_block,
S3046001_S_GN-SB-OO-01,S3046001_S_GN-SB-PP-05,0.01269369,brand_unit;legacy_block,
S3046001_S_GN-SB-OO-01,S3046001_S_GN-SB-RO-01,,brand_unit;legacy_block,
S3046001_S_GN-SB-OO-01,S3046001_S_GN-SB-RO-04,,brand_unit;legacy_block,
S3046001_S_GN-SB-OO-01,S3046001_S_GN-SB-RS-01,,brand_unit;legacy_block,
S3046001_S_GN-SB-OO-01,S3046001_S_GN-SB-RS-04,,brand_unit;legacy_block,
S3046001_S_GN-SB-OO-01,S3046001_S_GN-SB-SB-01,,brand_unit;legacy_block,
S3046001_S_GN-SB-OO-01,S3046001_S_GN-SB-SB-04,,brand_unit;legacy_block,
S3046001_S_GN-SB-OO-01,S3046001_S_GN-SB-SJ-01,0.00111195,brand_unit;legacy_block,
S3046001_S_GN-SB-OO-01,S3046001_S_GN-SB-SJ-04,0.00669289,brand_unit;legacy_block,
S3046001_S_GN-SB-OO-01,S3046001_S_GN-SB-SS-01,0.03702760,brand_unit;legacy_block,
S3046001_S_GN-SB-OO-01,S3046001_S_GN-SB-SS-04,0.06051953,brand_unit;legacy_block,
S3046001_S_GN-SB-OO-01,S3046001_S_GN-SB-SW-04,0.00821030,brand_unit;legacy_block,
S3046001_S_GN-SB-OO-01,S3046001_S_GN-SB-TA-01,,brand_unit;legacy_block,
S3046001_S_GN-SB-OO-01,S3046001_S_GN-SB-TA-04,,brand_unit;legacy_block,
S3046001_S_GN-SB-OO-01,S3046001_S_GN-SB-TM-01,,brand_unit;legacy_block,
S3046001_S_GN-SB-OO-01,S3046001_S_GN-SB-TM-04,,brand_unit;legacy_block,
S3046001_S_GN-SB-OO-01,S3046001_S_GN-SB-TT-01,,brand_unit;legacy_block,
S3046001_S_GN-SB-OO-01,S3046001_S_GN-SB-TT-04,,brand_unit;legacy_block,
S3046001_S_GN-SB-OO-01,S3046001_S_GN-SB-TU-01,0.00061503,brand_unit;legacy_block,
S3046001_S_GN-SB-OO-01,S3046001_S_GN-SB-TU-04,,brand_unit;legacy_block,
S3046001_S_GN-SB-OO-01,S3046001_S_GN-SB-WP-01,,brand_unit;legacy_block,
S3046001_S_GN-SB-OO-01,S3046001_S_GN-SB-WP-04,0.00157102,brand_unit;legacy_block,
S3046001_S_GN-SB-OO-01,S3046001_S_GN10667,,brand_unit;legacy_block,
S3046001_S_GN-SB-OO-04,S3046001_S_GN-SB-PF-05,0.03171712,brand_unit;legacy_block,
S3046001_S_GN-SB-OO-04,S3046001_S_GN-SB-PL-01,,brand_unit;legacy_block,
S3046001_S_GN-SB-OO-04,S3046001_S_GN-SB-PL-04,,brand_unit;legacy_block,
S3046001_S_GN-SB-OO-04,S3046001_S_GN-SB-PO-01,,brand_unit;legacy_block,
S3046001_S_GN-SB-OO-04,S3046001_S_GN-SB-PP-05,0.03010995,brand_unit;legacy_block,
S3046001_S_GN-SB-OO-04,S3046001_S_GN-SB-RO-01,,brand_unit;legacy_block,
S3046001_S_GN-SB-OO-04,S3046001_S_GN-SB-RO-04,,brand_unit;legacy_block,
S3046001_S_GN-SB-OO-04,S3046001_S_GN-SB-RS-01,,brand_unit;legacy_block,
S3046001_S_GN-SB-OO-04,S3046001_S_GN-SB-RS-04,,brand_unit;legacy_block,
S3046001_S_GN-SB-OO-04,S3046001_S_GN-SB-SB-01,,brand_unit;legacy_block,
S3046001_S_GN-SB-OO-04,S3046001_S_GN-SB-SB-04,,brand_unit;legacy_block,
S3046001_S_GN-SB-OO-04,S3046001_S_GN-SB-SJ-01,0.00716267,brand_unit;legacy_block,
S3046001_S_GN-SB-OO-04,S3046001_S_GN-SB-SJ-04,0.28851885,brand_unit;legacy_block,
S3046001_S_GN-SB-OO-04,S3046001_S_GN-SB-SS-01,0.47532496,brand_unit;legacy_block,
S3046001_S_GN-SB-OO-04,S3046001_S_GN-SB-SS-04,0.35493475,brand_unit;legacy_block,
S3046001_S_GN-SB-OO-04,S3046001_S_GN-SB-SW-04,0.09007462,brand_unit;legacy_block,
S3046001_S_GN-SB-OO-04,S3046001_S_GN-SB-TA-01,,brand_unit;legacy_block,
S3046001_S_GN-SB-OO-04,S3046001_S_GN-SB-TA-04,,brand_unit;legacy_block,
S3046001_S_GN-SB-OO-04,S3046001_S_GN-SB-TM-01,,brand_unit;legacy_block,
S3046001_S_GN-SB-OO-04,S3046001_S_GN-SB-TM-04,,brand_unit;legacy_block,
S3046001_S_GN-SB-OO-04,S3046001_S_GN-SB-TT-01,,brand_unit;legacy_block,
S3046001_S_GN-SB-OO-04,S3046001_S_GN-SB-TT-04,,brand_unit;legacy_block,
S3046001_S_GN-SB-OO-04,S3046001_S_GN-SB-TU-01,0.00133860,brand_unit;legacy_block,
S3046001_S_GN-SB-OO-04,S3046001_S_GN-SB-TU-04,,brand_unit;legacy_block,
S3046001_S_GN-SB-OO-04,S3046001_S_GN-SB-WP-01,,brand_unit;legacy_block,
S3046001_S_GN-SB-OO-04,S3046001_S_GN-SB-WP-04,0.12728795,brand_unit;legacy_block,
S3046001_S_GN-SB-OO-04,S3046001_S_GN10667,,brand_unit;legacy_block,
S3046001_S_GN-SB-PF-05,S3046001_S_GN-SB-PL-01,0.00926335,brand_unit;legacy_block,
S3046001_S_GN-SB-PF-05,S3046001_S_GN-SB-PL-04,0.01247414,brand_unit;legacy_block,
S3046001_S_GN-SB-PF-05,S3046001_S_GN-SB-PO-01,0.01362624,brand_unit;legacy_block,
S3046001_S_GN-SB-PF-05,S3046001_S_GN-SB-PP-05,0.07147329,brand_unit;legacy_block,
S3046001_S_GN-SB-PF-05,S3046001_S_GN-SB-RO-01,0.01338407,brand_unit;legacy_block,
S3046001_S_GN-SB-PF-05,S3046001_S_GN-SB-RO-04,0.03171712,brand_unit;legacy_block,
S3046001_S_GN-SB-PF-05,S3046001_S_GN-SB-RS-01,0.01362624,brand_unit;legacy_block,
S3046001_S_GN-SB-PF-05,S3046001_S_GN-SB-RS-04,0.03388343,brand_unit;legacy_block,
S3046001_S_GN-SB-PF-05,S3046001_S_GN-SB-SB-01,0.00877188,brand_unit;legacy_block,
S3046001_S_GN-SB-PF-05,S3046001_S_GN-SB-SB-04,0.03171712,brand_unit;legacy_block,
S3046001_S_GN-SB-PF-05,S3046001_S_GN-SB-SJ-01,0.00639066,brand_unit;legacy_block,
S3046001_S_GN-SB-PF-05,S3046001_S_GN-SB-SJ-04,0.00838350,brand_unit;legacy_block,
S3046001_S_GN-SB-PF-05,S3046001_S_GN-SB-SS-01,0.17241554,brand_unit;legacy_block,
S3046001_S_GN-SB-PF-05,S3046001_S_GN-SB-SS-04,0.17241554,brand_unit;legacy_block,
S3046001_S_GN-SB-PF-05,S3046001_S_GN-SB-SW-04,0.08372775,brand_unit;legacy_block,
S3046001_S_GN-SB-PF-05,S3046001_S_GN-SB-TA-01,0.00640118,brand_unit;legacy_block,
S3046001_S_GN-SB-PF-05,S3046001_S_GN-SB-TA-04,0.03388343,brand_unit;legacy_block,
S3046001_S_GN-SB-PF-05,S3046001_S_GN-SB-TM-01,0.09747388,brand_unit;legacy_block,
S3046001_S_GN-SB-PF-05,S3046001_S_GN-SB-TM-04,0.09574339,brand_unit;legacy_block,
S3046001_S_GN-SB-PF-05,S3046001_S_GN-SB-TT-01,0.01362624,brand_unit;legacy_block,
S3046001_S_GN-SB-PF-05,S3046001_S_GN-SB-TT-04,0.03388343,brand_unit;legacy_block,
S3046001_S_GN-SB-PF-05,S3046001_S_GN-SB-TU-01,0.00650713,brand_unit;legacy_block,
S3046001_S_GN-SB-PF-05,S3046001_S_GN-SB-TU-04,0.03388343,brand_unit;legacy_block,
S3046001_S_GN-SB-PF-05,S3046001_S_GN-SB-WP-01,0.04715178,brand_unit;legacy_block,
S3046001_S_GN-SB-PF-05,S3046001_S_GN-SB-WP-04,0.01167527,brand_unit;legacy_block,
S3046001_S_GN-SB-PF-05,S3046001_S_GN10667,0.11744330,brand_unit;legacy_block,
S3046001_S_GN-SB-PL-01,S3046001_S_GN-SB-PL-04,0.13722188,brand_unit;legacy_block,
S3046001_S_GN-SB-PL-01,S3046001_S_GN-SB-PO-01,,brand_unit;legacy_block,
S3046001_S_GN-SB-PL-01,S3046001_S_GN-SB-PP-05,0.00890739,brand_unit;legacy_block,
S3046001_S_GN-SB-PL-01,S3046001_S_GN-SB-RO-01,,brand_unit;legacy_block,
S3046001_S_GN-SB-PL-01,S3046001_S_GN-SB-RO-04,,brand_unit;legacy_block,
S3046001_S_GN-SB-PL-01,S3046001_S_GN-SB-RS-01,,brand_unit;legacy_block,
S3046001_S_GN-SB-PL-01,S3046001_S_GN-SB-RS-04,,brand_unit;legacy_block,
S3046001_S_GN-SB-PL-01,S3046001_S_GN-SB-SB-01,,brand_unit;legacy_block,
S3046001_S_GN-SB-PL-01,S3046001_S_GN-SB-SB-04,,brand_unit;legacy_block,
S3046001_S_GN-SB-PL-01,S3046001_S_GN-SB-SJ-01,0.00172162,brand_unit;legacy_block,
S3046001_S_GN-SB-PL-01,S3046001_S_GN-SB-SJ-04,0.00819174,brand_unit;legacy_block,
S3046001_S_GN-SB-PL-01,S3046001_S_GN-SB-SS-01,0.01441068,brand_unit;legacy_block,
S3046001_S_GN-SB-PL-01,S3046001_S_GN-SB-SS-04,0.03144288,brand_unit;legacy_block,
S3046001_S_GN-SB-PL-01,S3046001_S_GN-SB-SW-04,0.02673228,brand_unit;legacy_block,
S3046001_S_GN-SB-PL-01,S3046001_S_GN-SB-TA-01,,brand_unit;legacy_block,
S3046001_S_GN-SB-PL-01,S3046001_S_GN-SB-TA-04,,brand_unit;legacy_block,
S3046001_S_GN-SB-PL-01,S3046001_S_GN-SB-TM-01,,brand_unit;legacy_block,
S3046001_S_GN-SB-PL-01,S3046001_S_GN-SB-TM-04,,brand_unit;legacy_block,
S3046001_S_GN-SB-PL-01,S3046001_S_GN-SB-TT-01,,brand_unit;legacy_block,
S3046001_S_GN-SB-PL-01,S3046001_S_GN-SB-TT-04,,brand_unit;legacy_block,
S3046001_S_GN-SB-PL-01,S3046001_S_GN-SB-TU-01,0.00172162,brand_unit;legacy_block,
S3046001_S_GN-SB-PL-01,S3046001_S_GN-SB-TU-04,,brand_unit;legacy_block,
S3046001_S_GN-SB-PL-01,S3046001_S_GN-SB-WP-01,,brand_unit;legacy_block,
S3046001_S_GN-SB-PL-01,S3046001_S_GN-SB-WP-04,0.01272075,brand_unit;legacy_block,
S3046001_S_GN-SB-PL-01,S3046001_S_GN10667,,brand_unit;legacy_block,
S3046001_S_GN-SB-PL-04,S3046001_S_GN-SB-PO-01,,brand_unit;legacy_block,
S3046001_S_GN-SB-PL-04,S3046001_S_GN-SB-PP-05,0.01189419,brand_unit;legacy_block,
S3046001_S_GN-SB-PL-04,S3046001_S_GN-SB-RO-01,,brand_unit;legacy_block,
S3046001_S_GN-SB-PL-04,S3046001_S_GN-SB-RO-04,,brand_unit;legacy_block,
S3046001_S_GN-SB-PL-04,S3046001_S_GN-SB-RS-01,,brand_unit;legacy_block,
S3046001_S_GN-SB-PL-04,S3046001_S_GN-SB-RS-04,,brand_unit;legacy_block,
S3046001_S_GN-SB-PL-04,S3046001_S_GN-SB-SB-01,,brand_unit;legacy_block,
S3046001_S_GN-SB-PL-04,S3046001_S_GN-SB-SB-04,,brand_unit;legacy_block,
S3046001_S_GN-SB-PL-04,S3046001_S_GN-SB-SJ-01,0.00074819,brand_unit;legacy_block,
S3046001_S_GN-SB-PL-04,S3046001_S_GN-SB-SJ-04,0.00677260,brand_unit;legacy_block,
S3046001_S_GN-SB-PL-04,S3046001_S_GN-SB-SS-01,0.49608391,brand_unit;legacy_block,
S3046001_S_GN-SB-PL-04,S3046001_S_GN-SB-SS-04,0.45864001,brand_unit;legacy_block,
S3046001_S_GN-SB-PL-04,S3046001_S_GN-SB-SW-04,0.10578768,brand_unit;legacy_block,
S3046001_S_GN-SB-PL-04,S3046001_S_GN-SB-TA-01,,brand_unit;legacy_block,
S3046001_S_GN-SB-PL-04,S3046001_S_GN-SB-TA-04,,brand_unit;legacy_block,
S3046001_S_GN-SB-PL-04,S3046001_S_GN-SB-TM-01,,brand_unit;legacy_block,
S3046001_S_GN-SB-PL-04,S3046001_S_GN-SB-TM-04,,brand_unit;legacy_block,
S3046001_S_GN-SB-PL-04,S3046001_S_GN-SB-TT-01,,brand_unit;legacy_block,
S3046001_S_GN-SB-PL-04,S3046001_S_GN-SB-TT-04,,brand_unit;legacy_block,
S3046001_S_GN-SB-PL-04,S3046001_S_GN-SB-TU-01,0.00134304,brand_unit;legacy_block,
S3046001_S_GN-SB-PL-04,S3046001_S_GN-SB-TU-04,,brand_unit;legacy_block,
S3046001_S_GN-SB-PL-04,S3046001_S_GN-SB-WP-01,,brand_unit;legacy_block,
S3046001_S_GN-SB-PL-04,S3046001_S_GN-SB-WP-04,0.03298009,brand_unit;legacy_block,
S3046001_S_GN-SB-PL-04,S3046001_S_GN10667,,brand_unit;legacy_block,
S3046001_S_GN-SB-PO-01,S3046001_S_GN-SB-PP-05,0.01428834,brand_unit;legacy_block,
S3046001_S_GN-SB-PO-01,S3046001_S_GN-SB-RO-01,,brand_unit;legacy_block,
S3046001_S_GN-SB-PO-01,S3046001_S_GN-SB-RO-04,,brand_unit;legacy_block,
S3046001_S_GN-SB-PO-01,S3046001_S_GN-SB-RS-01,,brand_unit;legacy_block,
S3046001_S_GN-SB-PO-01,S3046001_S_GN-SB-RS-04,,brand_unit;legacy_block,
S3046001_S_GN-SB-PO-01,S3046001_S_GN-SB-SB-01,,brand_unit;legacy_block,
S3046001_S_GN-SB-PO-01,S3046001_S_GN-SB-SB-04,0.01868511,brand_unit;legacy_block,
S3046001_S_GN-SB-PO-01,S3046001_S_GN-SB-SJ-01,0.00338070,brand_unit;legacy_block,
S3046001_S_GN-SB-PO-01,S3046001_S_GN-SB-SJ-04,0.00429865,brand_unit;legacy_block,
S3046001_S_GN-SB-PO-01,S3046001_S_GN-SB-SS-01,0.03702760,brand_unit;legacy_block,
S3046001_S_GN-SB-PO-01,S3046001_S_GN-SB-SS-04,0.06051953,brand_unit;legacy_block,
S3046001_S_GN-SB-PO-01,S3046001_S_GN-SB-SW-04,0.00671401,brand_unit;legacy_block,
S3046001_S_GN-SB-PO-01,S3046001_S_GN-SB-TA-01,,brand_unit;legacy_block,
S3046001_S_GN-SB-PO-01,S3046001_S_GN-SB-TA-04,,brand_unit;legacy_block,
S3046001_S_GN-SB-PO-01,S3046001_S_GN-SB-TM-01,0.00669120,brand_unit;legacy_block,
S3046001_S_GN-SB-PO-01,S3046001_S_GN-SB-TM-04,0.00565308,brand_unit;legacy_block,
S3046001_S_GN-SB-PO-01,S3046001_S_GN-SB-TT-01,,brand_unit;legacy_block,
S3046001_S_GN-SB-PO-01,S3046001_S_GN-SB-TT-04,,brand_unit;legacy_block,
S3046001_S_GN-SB-PO-01,S3046001_S_GN-SB-TU-01,0.00113208,brand_unit;legacy_block,
S3046001_S_GN-SB-PO-01,S3046001_S_GN-SB-TU-04,0.02769654,brand_unit;legacy_block,
S3046001_S_GN-SB-PO-01,S3046001_S_GN-SB-WP-01,0.00172162,brand_unit;legacy_block,
S3046001_S_GN-SB-PO-01,S3046001_S_GN-SB-WP-04,0.00157102,brand_unit;legacy_block,
S3046001_S_GN-SB-PO-01,S3046001_S_GN10667,0.07392426,brand_unit;legacy_block,
S3046001_S_GN-SB-PP-05,S3046001_S_GN-SB-RO-01,0.01058245,brand_unit;legacy_block,
S3046001_S_GN-SB-PP-05,S3046001_S_GN-SB-RO-04,0.02517588,brand_unit;legacy_block,
S3046001_S_GN-SB-PP-05,S3046001_S_GN-SB-RS-01,0.03546056,brand_unit;legacy_block,
S3046001_S_GN-SB-PP-05,S3046001_S_GN-SB-RS-04,0.07223777,brand_unit;legacy_block,
S3046001_S_GN-SB-PP-05,S3046001_S_GN-SB-SB-01,0.01431672,brand_unit;legacy_block,
S3046001_S_GN-SB-PP-05,S3046001_S_GN-SB-SB-04,0.02655890,brand_unit;legacy_block,
S3046001_S_GN-SB-PP-05,S3046001_S_GN-SB-SJ-01,0.00667203,brand_unit;legacy_block,
S3046001_S_GN-SB-PP-05,S3046001_S_GN-SB-SJ-04,0.00967860,brand_unit;legacy_block,
S3046001_S_GN-SB-PP-05,S3046001_S_GN-SB-SS-01,0.18114611,brand_unit;legacy_block,
S3046001_S_GN-SB-PP-05,S3046001_S_GN-SB-SS-04,0.18114611,brand_unit;legacy_block,
S3046001_S_GN-SB-PP-05,S3046001_S_GN-SB-SW-04,0.09026705,brand_unit;legacy_block,
S3046001_S_GN-SB-PP-05,S3046001_S_GN-SB-TA-01,0.01428834,brand_unit;legacy_block,
S3046001_S_GN-SB-PP-05,S3046001_S_GN-SB-TA-04,0.03549441,brand_unit;legacy_block,
S3046001_S_GN-SB-PP-05,S3046001_S_GN-SB-TM-01,0.09428725,brand_unit;legacy_block,
S3046001_S_GN-SB-PP-05,S3046001_S_GN-SB-TM-04,0.09260754,brand_unit;legacy_block,
S3046001_S_GN-SB-PP-05,S3046001_S_GN-SB-TT-01,0.01781930,brand_unit;legacy_block,
S3046001_S_GN-SB-PP-05,S3046001_S_GN-SB-TT-04,0.03921595,brand_unit;legacy_block,
S3046001_S_GN-SB-PP-05,S3046001_S_GN-SB-TU-01,0.00682571,brand_unit;legacy_block,
S3046001_S_GN-SB-PP-05,S3046001_S_GN-SB-TU-04,0.03921595,brand_unit;legacy_block,
S3046001_S_GN-SB-PP-05,S3046001_S_GN-SB-WP-01,0.00932609,brand_unit;legacy_block,
S3046001_S_GN-SB-PP-05,S3046001_S_GN-SB-WP-04,0.00985474,brand_unit;legacy_block,
S3046001_S_GN-SB-PP-05,S3046001_S_GN10667,0.13173642,brand_unit;legacy_block,
S3046001_S_GN-SB-RO-01,S3046001_S_GN-SB-RO-04,1.00000000,brand_unit;legacy_block,
S3046001_S_GN-SB-RO-01,S3046001_S_GN-SB-RS-01,,brand_unit;legacy_block,
S3046001_S_GN-SB-RO-01,S3046001_S_GN-SB-RS-04,,brand_unit;legacy_block,
S3046001_S_GN-SB-RO-01,S3046001_S_GN-SB-SB-01,,brand_unit;legacy_block,
S3046001_S_GN-SB-RO-01,S3046001_S_GN-SB-SB-04,,brand_unit;legacy_block,
S3046001_S_GN-SB-RO-01,S3046001_S_GN-SB-SJ-01,0.00404083,brand_unit;legacy_block,
S3046001_S_GN-SB-RO-01,S3046001_S_GN-SB-SJ-04,0.00429865,brand_unit;legacy_block,
S3046001_S_GN-SB-RO-01,S3046001_S_GN-SB-SS-01,0.03702760,brand_unit;legacy_block,
S3046001_S_GN-SB-RO-01,S3046001_S_GN-SB-SS-04,0.06051953,brand_unit;legacy_block,
S3046001_S_GN-SB-RO-01,S3046001_S_GN-SB-SW-04,0.00440528,brand_unit;legacy_block,
S3046001_S_GN-SB-RO-01,S3046001_S_GN-SB-TA-01,,brand_unit;legacy_block,
S3046001_S_GN-SB-RO-01,S3046001_S_GN-SB-TA-04,,brand_unit;legacy_block,
S3046001_S_GN-SB-RO-01,S3046001_S_GN-SB-TM-01,,brand_unit;legacy_block,
S3046001_S_GN-SB-RO-01,S3046001_S_GN-SB-TM-04,,brand_unit;legacy_block,
S3046001_S_GN-SB-RO-01,S3046001_S_GN-SB-TT-01,,brand_unit;legacy_block,
S3046001_S_GN-SB-RO-01,S3046001_S_GN-SB-TT-04,,brand_unit;legacy_block,
S3046001_S_GN-SB-RO-01,S3046001_S_GN-SB-TU-01,0.00070217,brand_unit;legacy_block,
S3046001_S_GN-SB-RO-01,S3046001_S_GN-SB-TU-04,,brand_unit;legacy_block,
S3046001_S_GN-SB-RO-01,S3046001_S_GN-SB-WP-01,0.00230898,brand_unit;legacy_block,
S3046001_S_GN-SB-RO-01,S3046001_S_GN-SB-WP-04,0.00164846,brand_unit;legacy_block,
S3046001_S_GN-SB-RO-01,S3046001_S_GN10667,0.09218291,brand_unit;legacy_block,
S3046001_S_GN-SB-RO-04,S3046001_S_GN-SB-RS-01,,brand_unit;legacy_block,
S3046001_S_GN-SB-RO-04,S3046001_S_GN-SB-RS-04,,brand_unit;legacy_block,
S3046001_S_GN-SB-RO-04,S3046001_S_GN-SB-SB-01,,brand_unit;legacy_block,
S3046001_S_GN-SB-RO-04,S3046001_S_GN-SB-SB-04,,brand_unit;legacy_block,
S3046001_S_GN-SB-RO-04,S3046001_S_GN-SB-SJ-01,0.00716267,brand_unit;legacy_block,
S3046001_S_GN-SB-RO-04,S3046001_S_GN-SB-SJ-04,0.28851885,brand_unit;legacy_block,
S3046001_S_GN-SB-RO-04,S3046001_S_GN-SB-SS-01,0.47532496,brand_unit;legacy_block,
S3046001_S_GN-SB-RO-04,S3046001_S_GN-SB-SS-04,0.35493475,brand_unit;legacy_block,
S3046001_S_GN-SB-RO-04,S3046001_S_GN-SB-SW-04,0.07608507,brand_unit;legacy_block,
S3046001_S_GN-SB-RO-04,S3046001_S_GN-SB-TA-01,,brand_unit;legacy_block,
S3046001_S_GN-SB-RO-04,S3046001_S_GN-SB-TA-04,,brand_unit;legacy_block,
S3046001_S_GN-SB-RO-04,S3046001_S_GN-SB-TM-01,,brand_unit;legacy_block,
S3046001_S_GN-SB-RO-04,S3046001_S_GN-SB-TM-04,,brand_unit;legacy_block,
S3046001_S_GN-SB-RO-04,S3046001_S_GN-SB-TT-01,,brand_unit;legacy_block,
S3046001_S_GN-SB-RO-04,S3046001_S_GN-SB-TT-04,,brand_unit;legacy_block,
S3046001_S_GN-SB-RO-04,S3046001_S_GN-SB-TU-01,0.00126719,brand_unit;legacy_block,
S3046001_S_GN-SB-RO-04,S3046001_S_GN-SB-TU-04,,brand_unit;legacy_block,
S3046001_S_GN-SB-RO-04,S3046001_S_GN-SB-WP-01,0.00459122,brand_unit;legacy_block,
S3046001_S_GN-SB-RO-04,S3046001_S_GN-SB-WP-04,0.12728795,brand_unit;legacy_block,
S3046001_S_GN-SB-RO-04,S3046001_S_GN10667,0.10606158,brand_unit;legacy_block,
S3046001_S_GN-SB-RS-01,S3046001_S_GN-SB-RS-04,1.00000000,brand_unit;legacy_block,
S3046001_S_GN-SB-RS-01,S3046001_S_GN-SB-SB-01,,brand_unit;legacy_block,
S3046001_S_GN-SB-RS-01,S3046001_S_GN-SB-SB-04,,brand_unit;legacy_block,
S3046001_S_GN-SB-RS-01,S3046001_S_GN-SB-SJ-01,0.00255445,brand_unit;legacy_block,
S3046001_S_GN-SB-RS-01,S3046001_S_GN-SB-SJ-04,0.00429865,brand_unit;legacy_block,
S3046001_S_GN-SB-RS-01,S3046001_S_GN-SB-SS-01,0.03702760,brand_unit;legacy_block,
S3046001_S_GN-SB-RS-01,S3046001_S_GN-SB-SS-04,0.06051953,brand_unit;legacy_block,
S3046001_S_GN-SB-RS-01,S3046001_S_GN-SB-SW-04,0.01409979,brand_unit;legacy_block,
S3046001_S_GN-SB-RS-01,S3046001_S_GN-SB-TA-01,,brand_unit;legacy_block,
S3046001_S_GN-SB-RS-01,S3046001_S_GN-SB-TA-04,,brand_unit;legacy_block,
S3046001_S_GN-SB-RS-01,S3046001_S_GN-SB-TM-01,,brand_unit;legacy_block,
S3046001_S_GN-SB-RS-01,S3046001_S_GN-SB-TM-04,,brand_unit;legacy_block,
S3046001_S_GN-SB-RS-01,S3046001_S_GN-SB-TT-01,,brand_unit;legacy_block,
S3046001_S_GN-SB-RS-01,S3046001_S_GN-SB-TT-04,,brand_unit;legacy_block,
S3046001_S_GN-SB-RS-01,S3046001_S_GN-SB-TU-01,0.00141651,brand_unit;legacy_block,
S3046001_S_GN-SB-RS-01,S3046001_S_GN-SB-TU-04,,brand_unit;legacy_block,
S3046001_S_GN-SB-RS-01,S3046001_S_GN-SB-WP-01,,brand_unit;legacy_block,
S3046001_S_GN-SB-RS-01,S3046001_S_GN-SB-WP-04,0.00151440,brand_unit;legacy_block,
S3046001_S_GN-SB-RS-01,S3046001_S_GN10667,,brand_unit;legacy_block,
S3046001_S_GN-SB-RS-04,S3046001_S_GN-SB-SB-01,,brand_unit;legacy_block,
S3046001_S_GN-SB-RS-04,S3046001_S_GN-SB-SB-04,,brand_unit;legacy_block,
S3046001_S_GN-SB-RS-04,S3046001_S_GN-SB-SJ-01,0.00528441,brand_unit;legacy_block,
S3046001_S_GN-SB-RS-04,S3046001_S_GN-SB-SJ-04,0.11347813,brand_unit;legacy_block,
S3046001_S_GN-SB-RS-04,S3046001_S_GN-SB-SS-01,0.44429342,brand_unit;legacy_block,
S3046001_S_GN-SB-RS-04,S3046001_S_GN-SB-SS-04,0.09836658,brand_unit;legacy_block,
S3046001_S_GN-SB-RS-04,S3046001_S_GN-SB-SW-04,0.19889586,brand_unit;legacy_block,
S3046001_S_GN-SB-RS-04,S3046001_S_GN-SB-TA-01,,brand_unit;legacy_block,
S3046001_S_GN-SB-RS-04,S3046001_S_GN-SB-TA-04,,brand_unit;legacy_block,
S3046001_S_GN-SB-RS-04,S3046001_S_GN-SB-TM-01,,brand_unit;legacy_block,
S3046001_S_GN-SB-RS-04,S3046001_S_GN-SB-TM-04,,brand_unit;legacy_block,
S3046001_S_GN-SB-RS-04,S3046001_S_GN-SB-TT-01,,brand_unit;legacy_block,
S3046001_S_GN-SB-RS-04,S3046001_S_GN-SB-TT-04,,brand_unit;legacy_block,
S3046001_S_GN-SB-RS-04,S3046001_S_GN-SB-TU-01,0.00589969,brand_unit;legacy_block,
S3046001_S_GN-SB-RS-04,S3046001_S_GN-SB-TU-04,,brand_unit;legacy_block,
S3046001_S_GN-SB-RS-04,S3046001_S_GN-SB-WP-01,,brand_unit;legacy_block,
S3046001_S_GN-SB-RS-04,S3046001_S_GN-SB-WP-04,0.11889285,brand_unit;legacy_block,
S3046001_S_GN-SB-RS-04,S3046001_S_GN10667,,brand_unit;legacy_block,
S3046001_S_GN-SB-SB-01,S3046001_S_GN-SB-SB-04,1.00000000,brand_unit;legacy_block,
S3046001_S_GN-SB-SB-01,S3046001_S_GN-SB-SJ-01,0.00144472,brand_unit;legacy_block,
S3046001_S_GN-SB-SB-01,S3046001_S_GN-SB-SJ-04,0.00606978,brand_unit;legacy_block,
S3046001_S_GN-SB-SB-01,S3046001_S_GN-SB-SS-01,0.03836099,brand_unit;legacy_block,
S3046001_S_GN-SB-SB-01,S3046001_S_GN-SB-SS-04,0.06264385,brand_unit;legacy_block,
S3046001_S_GN-SB-SB-01,S3046001_S_GN-SB-SW-04,0.00746038,brand_unit;legacy_block,
S3046001_S_GN-SB-SB-01,S3046001_S_GN-SB-TA-01,,brand_unit;legacy_block,
S3046001_S_GN-SB-SB-01,S3046001_S_GN-SB-TA-04,,brand_unit;legacy_block,
S3046001_S_GN-SB-SB-01,S3046001_S_GN-SB-TM-01,,brand_unit;legacy_block,
S3046001_S_GN-SB-SB-01,S3046001_S_GN-SB-TM-04,,brand_unit;legacy_block,
S3046001_S_GN-SB-SB-01,S3046001_S_GN-SB-TT-01,,brand_unit;legacy_block,
S3046001_S_GN-SB-SB-01,S3046001_S_GN-SB-TT-04,,brand_unit;legacy_block,
S3046001_S_GN-SB-SB-01,S3046001_S_GN-SB-TU-01,0.00104537,brand_unit;legacy_block,
S3046001_S_GN-SB-SB-01,S3046001_S_GN-SB-TU-04,,brand_unit;legacy_block,
S3046001_S_GN-SB-SB-01,S3046001_S_GN-SB-WP-01,0.00619589,brand_unit;legacy_block,
S3046001_S_GN-SB-SB-01,S3046001_S_GN-SB-WP-04,0.00164846,brand_unit;legacy_block,
S3046001_S_GN-SB-SB-01,S3046001_S_GN10667,,brand_unit;legacy_block,
S3046001_S_GN-SB-SB-04,S3046001_S_GN-SB-SJ-01,0.00716267,brand_unit;legacy_block,
S3046001_S_GN-SB-SB-04,S3046001_S_GN-SB-SJ-04,0.28851885,brand_unit;legacy_block,
S3046001_S_GN-SB-SB-04,S3046001_S_GN-SB-SS-01,0.47532496,brand_unit;legacy_block,
S3046001_S_GN-SB-SB-04,S3046001_S_GN-SB-SS-04,0.35493475,brand_unit;legacy_block,
S3046001_S_GN-SB-SB-04,S3046001_S_GN-SB-SW-04,0.08003516,brand_unit;legacy_block,
S3046001_S_GN-SB-SB-04,S3046001_S_GN-SB-TA-01,,brand_unit;legacy_block,
S3046001_S_GN-SB-SB-04,S3046001_S_GN-SB-TA-04,,brand_unit;legacy_block,
S3046001_S_GN-SB-SB-04,S3046001_S_GN-SB-TM-01,,brand_unit;legacy_block,
S3046001_S_GN-SB-SB-04,S3046001_S_GN-SB-TM-04,,brand_unit;legacy_block,
S3046001_S_GN-SB-SB-04,S3046001_S_GN-SB-TT-01,,brand_unit;legacy_block,
S3046001_S_GN-SB-SB-04,S3046001_S_GN-SB-TT-04,,brand_unit;legacy_block,
S3046001_S_GN-SB-SB-04,S3046001_S_GN-SB-TU-01,0.00133860,brand_unit;legacy_block,
S3046001_S_GN-SB-SB-04,S3046001_S_GN-SB-TU-04,,brand_unit;legacy_block,
S3046001_S_GN-SB-SB-04,S3046001_S_GN-SB-WP-01,0.00459122,brand_unit;legacy_block,
S3046001_S_GN-SB-SB-04,S3046001_S_GN-SB-WP-04,0.12728795,brand_unit;legacy_block,
S3046001_S_GN-SB-SB-04,S3046001_S_GN10667,0.10606158,brand_unit;legacy_block,
S3046001_S_GN-SB-SJ-01,S3046001_S_GN-SB-SJ-04,0.00455410,brand_unit;legacy_block,
S3046001_S_GN-SB-SJ-01,S3046001_S_GN-SB-SS-01,0.03881916,brand_unit;legacy_block,
S3046001_S_GN-SB-SJ-01,S3046001_S_GN-SB-SS-04,0.08229138,brand_unit;legacy_block,
S3046001_S_GN-SB-SJ-01,S3046001_S_GN-SB-SW-04,0.00696801,brand_unit;legacy_block,
S3046001_S_GN-SB-SJ-01,S3046001_S_GN-SB-TA-01,0.00255445,brand_unit;legacy_block,
S3046001_S_GN-SB-SJ-01,S3046001_S_GN-SB-TA-04,0.00528441,brand_unit;legacy_block,
S3046001_S_GN-SB-SJ-01,S3046001_S_GN-SB-TM-01,0.00284820,brand_unit;legacy_block,
S3046001_S_GN-SB-SJ-01,S3046001_S_GN-SB-TM-04,0.00255367,brand_unit;legacy_block,
S3046001_S_GN-SB-SJ-01,S3046001_S_GN-SB-TT-01,0.00255445,brand_unit;legacy_block,
S3046001_S_GN-SB-SJ-01,S3046001_S_GN-SB-TT-04,0.00528441,brand_unit;legacy_block,
S3046001_S_GN-SB-SJ-01,S3046001_S_GN-SB-TU-01,0.00196508,brand_unit;legacy_block,
S3046001_S_GN-SB-SJ-01,S3046001_S_GN-SB-TU-04,0.00528441,brand_unit;legacy_block,
S3046001_S_GN-SB-SJ-01,S3046001_S_GN-SB-WP-01,0.00230898,brand_unit;legacy_block,
S3046001_S_GN-SB-SJ-01,S3046001_S_GN-SB-WP-04,0.00494074,brand_unit;legacy_block,
S3046001_S_GN-SB-SJ-01,S3046001_S_GN10667,0.09218291,brand_unit;legacy_block,
S3046001_S_GN-SB-SJ-04,S3046001_S_GN-SB-SS-01,0.23974011,brand_unit;legacy_block,
S3046001_S_GN-SB-SJ-04,S3046001_S_GN-SB-SS-04,0.24072000,brand_unit;legacy_block,
S3046001_S_GN-SB-SJ-04,S3046001_S_GN-SB-SW-04,0.02809547,brand_unit;legacy_block,
S3046001_S_GN-SB-SJ-04,S3046001_S_GN-SB-TA-01,0.00429865,brand_unit;legacy_block,
S3046001_S_GN-SB-SJ-04,S3046001_S_GN-SB-TA-04,0.11347813,brand_unit;legacy_block,
S3046001_S_GN-SB-SJ-04,S3046001_S_GN-SB-TM-01,0.04428560,brand_unit;legacy_block,
S3046001_S_GN-SB-SJ-04,S3046001_S_GN-SB-TM-04,0.02843983,brand_unit;legacy_block,
S3046001_S_GN-SB-SJ-04,S3046001_S_GN-SB-TT-01,0.00429865,brand_unit;legacy_block,
S3046001_S_GN-SB-SJ-04,S3046001_S_GN-SB-TT-04,0.11347813,brand_unit;legacy_block,
S3046001_S_GN-SB-SJ-04,S3046001_S_GN-SB-TU-01,0.00366563,brand_unit;legacy_block,
S3046001_S_GN-SB-SJ-04,S3046001_S_GN-SB-TU-04,0.11347813,brand_unit;legacy_block,
S3046001_S_GN-SB-SJ-04,S3046001_S_GN-SB-WP-01,0.02764436,brand_unit;legacy_block,
S3046001_S_GN-SB-SJ-04,S3046001_S_GN-SB-WP-04,0.40806371,brand_unit;legacy_block,
S3046001_S_GN-SB-SJ-04,S3046001_S_GN10667,0.27876829,brand_unit;legacy_block,
S3046001_S_GN-SB-SS-01,S3046001_S_GN-SB-SS-04,1.00000000,brand_unit;legacy_block,
S3046001_S_GN-SB-SS-01,S3046001_S_GN-SB-SW-04,0.06926931,brand_unit;legacy_block,
S3046001_S_GN-SB-SS-01,S3046001_S_GN-SB-TA-01,0.03702760,brand_unit;legacy_block,
S3046001_S_GN-SB-SS-01,S3046001_S_GN-SB-TA-04,0.44429342,brand_unit;legacy_block,
S3046001_S_GN-SB-SS-01,S3046001_S_GN-SB-TM-01,0.04470301,brand_unit;legacy_block,
S3046001_S_GN-SB-SS-01,S3046001_S_GN-SB-TM-04,0.03661153,brand_unit;legacy_block,
S3046001_S_GN-SB-SS-01,S3046001_S_GN-SB-TT-01,0.03702760,brand_unit;legacy_block,
S3046001_S_GN-SB-SS-01,S3046001_S_GN-SB-TT-04,0.44429342,brand_unit;legacy_block,
S3046001_S_GN-SB-SS-01,S3046001_S_GN-SB-TU-01,0.04460455,brand_unit;legacy_block,
S3046001_S_GN-SB-SS-01,S3046001_S_GN-SB-TU-04,0.44429342,brand_unit;legacy_block,
S3046001_S_GN-SB-SS-01,S3046001_S_GN-SB-WP-01,0.06109881,brand_unit;legacy_block,
S3046001_S_GN-SB-SS-01,S3046001_S_GN-SB-WP-04,0.39279149,brand_unit;legacy_block,
S3046001_S_GN-SB-SS-01,S3046001_S_GN10667,0.07904239,brand_unit;legacy_block,
S3046001_S_GN-SB-SS-04,S3046001_S_GN-SB-SW-04,0.08412557,brand_unit;legacy_block,
S3046001_S_GN-SB-SS-04,S3046001_S_GN-SB-TA-01,0.06051953,brand_unit;legacy_block,
S3046001_S_GN-SB-SS-04,S3046001_S_GN-SB-TA-04,0.09836658,brand_unit;legacy_block,
S3046001_S_GN-SB-SS-04,S3046001_S_GN-SB-TM-01,0.05725810,brand_unit;legacy_block,
S3046001_S_GN-SB-SS-04,S3046001_S_GN-SB-TM-04,0.03102337,brand_unit;legacy_block,
S3046001_S_GN-SB-SS-04,S3046001_S_GN-SB-TT-01,0.06051953,brand_unit;legacy_block,
S3046001_S_GN-SB-SS-04,S3046001_S_GN-SB-TT-04,0.09836658,brand_unit;legacy_block,
S3046001_S_GN-SB-SS-04,S3046001_S_GN-SB-TU-01,0.09392255,brand_unit;legacy_block,
S3046001_S_GN-SB-SS-04,S3046001_S_GN-SB-TU-04,0.09836658,brand_unit;legacy_block,
S3046001_S_GN-SB-SS-04,S3046001_S_GN-SB-WP-01,0.11872458,brand_unit;legacy_block,
S3046001_S_GN-SB-SS-04,S3046001_S_GN-SB-WP-04,0.09910990,brand_unit;legacy_block,
S3046001_S_GN-SB-SS-04,S3046001_S_GN10667,0.16188751,brand_unit;legacy_block,
S3046001_S_GN-SB-SW-04,S3046001_S_GN-SB-TA-01,0.00744124,brand_unit;legacy_block,
S3046001_S_GN-SB-SW-04,S3046001_S_GN-SB-TA-04,0.11516215,brand_unit;legacy_block,
S3046001_S_GN-SB-SW-04,S3046001_S_GN-SB-TM-01,0.02212418,brand_unit;legacy_block,
S3046001_S_GN-SB-SW-04,S3046001_S_GN-SB-TM-04,0.08608966,brand_unit;legacy_block,
S3046001_S_GN-SB-SW-04,S3046001_S_GN-SB-TT-01,0.00744124,brand_unit;legacy_block,
S3046001_S_GN-SB-SW-04,S3046001_S_GN-SB-TT-04,0.11516215,brand_unit;legacy_block,
S3046001_S_GN-SB-SW-04,S3046001_S_GN-SB-TU-01,0.00920622,brand_unit;legacy_block,
S3046001_S_GN-SB-SW-04,S3046001_S_GN-SB-TU-04,0.11516215,brand_unit;legacy_block,
S3046001_S_GN-SB-SW-04,S3046001_S_GN-SB-WP-01,0.03854187,brand_unit;legacy_block,
S3046001_S_GN-SB-SW-04,S3046001_S_GN-SB-WP-04,0.03005260,brand_unit;legacy_block,
S3046001_S_GN-SB-SW-04,S3046001_S_GN10667,0.16256716,brand_unit;legacy_block,
S3046001_S_GN-SB-TA-01,S3046001_S_GN-SB-TA-04,1.00000000,brand_unit;legacy_block,
S3046001_S_GN-SB-TA-01,S3046001_S_GN-SB-TM-01,,brand_unit;legacy_block,
S3046001_S_GN-SB-TA-01,S3046001_S_GN-SB-TM-04,,brand_unit;legacy_block,
S3046001_S_GN-SB-TA-01,S3046001_S_GN-SB-TT-01,,brand_unit;legacy_block,
S3046001_S_GN-SB-TA-01,S3046001_S_GN-SB-TT-04,,brand_unit;legacy_block,
S3046001_S_GN-SB-TA-01,S3046001_S_GN-SB-TU-01,0.00113208,brand_unit;legacy_block,
S3046001_S_GN-SB-TA-01,S3046001_S_GN-SB-TU-04,,brand_unit;legacy_block,
S3046001_S_GN-SB-TA-01,S3046001_S_GN-SB-WP-01,0.00172162,brand_unit;legacy_block,
S3046001_S_GN-SB-TA-01,S3046001_S_GN-SB-WP-04,0.00157102,brand_unit;legacy_block,
S3046001_S_GN-SB-TA-01,S3046001_S_GN10667,0.07392426,brand_unit;legacy_block,
S3046001_S_GN-SB-TA-04,S3046001_S_GN-SB-TM-01,,brand_unit;legacy_block,
S3046001_S_GN-SB-TA-04,S3046001_S_GN-SB-TM-04,,brand_unit;legacy_block,
S3046001_S_GN-SB-TA-04,S3046001_S_GN-SB-TT-01,,brand_unit;legacy_block,
S3046001_S_GN-SB-TA-04,S3046001_S_GN-SB-TT-04,,brand_unit;legacy_block,
S3046001_S_GN-SB-TA-04,S3046001_S_GN-SB-TU-01,0.00532230,brand_unit;legacy_block,
S3046001_S_GN-SB-TA-04,S3046001_S_GN-SB-TU-04,,brand_unit;legacy_block,
S3046001_S_GN-SB-TA-04,S3046001_S_GN-SB-WP-01,0.00459122,brand_unit;legacy_block,
S3046001_S_GN-SB-TA-04,S3046001_S_GN-SB-WP-04,0.11889285,brand_unit;legacy_block,
S3046001_S_GN-SB-TA-04,S3046001_S_GN10667,0.09329314,brand_unit;legacy_block,
S3046001_S_GN-SB-TM-01,S3046001_S_GN-SB-TM-04,1.00000000,brand_unit;legacy_block,
S3046001_S_GN-SB-TM-01,S3046001_S_GN-SB-TT-01,,brand_unit;legacy_block,
S3046001_S_GN-SB-TM-01,S3046001_S_GN-SB-TT-04,,brand_unit;legacy_block,
S3046001_S_GN-SB-TM-01,S3046001_S_GN-SB-TU-01,0.00271674,brand_unit;legacy_block,
S3046001_S_GN-SB-TM-01,S3046001_S_GN-SB-TU-04,1.00000000,brand_unit;legacy_block,
S3046001_S_GN-SB-TM-01,S3046001_S_GN-SB-WP-01,0.19636925,brand_unit;legacy_block,
S3046001_S_GN-SB-TM-01,S3046001_S_GN-SB-WP-04,0.26247167,brand_unit;legacy_block,
S3046001_S_GN-SB-TM-01,S3046001_S_GN10667,,brand_unit;legacy_block,
S3046001_S_GN-SB-TM-04,S3046001_S_GN-SB-TT-01,,brand_unit;legacy_block,
S3046001_S_GN-SB-TM-04,S3046001_S_GN-SB-TT-04,,brand_unit;legacy_block,
S3046001_S_GN-SB-TM-04,S3046001_S_GN-SB-TU-01,0.00255367,brand_unit;legacy_block,
S3046001_S_GN-SB-TM-04,S3046001_S_GN-SB-TU-04,0.99004899,brand_unit;legacy_block,
S3046001_S_GN-SB-TM-04,S3046001_S_GN-SB-WP-01,0.23432215,brand_unit;legacy_block,
S3046001_S_GN-SB-TM-04,S3046001_S_GN-SB-WP-04,0.46762292,brand_unit;legacy_block,
S3046001_S_GN-SB-TM-04,S3046001_S_GN10667,,brand_unit;legacy_block,
S3046001_S_GN-SB-TT-01,S3046001_S_GN-SB-TT-04,1.00000000,brand_unit;legacy_block,
S3046001_S_GN-SB-TT-01,S3046001_S_GN-SB-TU-01,0.00113208,brand_unit;legacy_block,
S3046001_S_GN-SB-TT-01,S3046001_S_GN-SB-TU-04,,brand_unit;legacy_block,
S3046001_S_GN-SB-TT-01,S3046001_S_GN-SB-WP-01,0.00172162,brand_unit;legacy_block,
S3046001_S_GN-SB-TT-01,S3046001_S_GN-SB-WP-04,0.00157102,brand_unit;legacy_block,
S3046001_S_GN-SB-TT-01,S3046001_S_GN10667,0.07392426,brand_unit;legacy_block,
S3046001_S_GN-SB-TT-04,S3046001_S_GN-SB-TU-01,0.00532230,brand_unit;legacy_block,
S3046001_S_GN-SB-TT-04,S3046001_S_GN-SB-TU-04,,brand_unit;legacy_block,
S3046001_S_GN-SB-TT-04,S3046001_S_GN-SB-WP-01,0.00459122,brand_unit;legacy_block,
S3046001_S_GN-SB-TT-04,S3046001_S_GN-SB-WP-04,0.11889285,brand_unit;legacy_block,
S3046001_S_GN-SB-TT-04,S3046001_S_GN10667,0.09329314,brand_unit;legacy_block,
S3046001_S_GN-SB-TU-01,S3046001_S_GN-SB-TU-04,0.00532230,brand_unit;legacy_block,
S3046001_S_GN-SB-TU-01,S3046001_S_GN-SB-WP-01,0.00328439,brand_unit;legacy_block,
S3046001_S_GN-SB-TU-01,S3046001_S_GN-SB-WP-04,0.00470937,brand_unit;legacy_block,
S3046001_S_GN-SB-TU-01,S3046001_S_GN10667,0.07392426,brand_unit;legacy_block,
S3046001_S_GN-SB-TU-04,S3046001_S_GN-SB-WP-01,0.00459122,brand_unit;legacy_block,
S3046001_S_GN-SB-TU-04,S3046001_S_GN-SB-WP-04,0.11889285,brand_unit;legacy_block,
S3046001_S_GN-SB-TU-04,S3046001_S_GN10667,,brand_unit;legacy_block,
S3046001_S_GN-SB-WP-01,S3046001_S_GN-SB-WP-04,0.93561215,brand_unit;legacy_block,
S3046001_S_GN-SB-WP-01,S3046001_S_GN10667,,brand_unit;legacy_block,
S3046001_S_GN-SB-WP-04,S3046001_S_GN10667,0.44262091,brand_unit;legacy_block,
S3046001_S_GN10483,S3046001_S_GN10490,,brand_unit;legacy_block,
S6041001_S_SADOER-72355,S6041002_S_SADOER-72355,1.00000000,brand_unit;legacy_block;packfree_exact,
S6041001_S_SADOER-72379,S6041002_S_SADOER-72379,1.00000000,brand_unit;legacy_block;packfree_exact,
S6046001_S_HMNBSSLEGCH,S6046001_S_HMNBSSLEGEU,0.94630587,brand_unit;legacy_block,
S6088001_S_0014334557812_3,S6088001_S_0035479134989_3,0.88498410,brand_unit;legacy_block,
S6088001_S_9334518002807_3,S6088001_S_9334518002838_3,,brand_unit;legacy_block,
S6088001_S_9334518002807_3,S6088001_S_9334518002845_3,,brand_unit;legacy_block,
S6088001_S_9334518002838_3,S6088001_S_9334518002845_3,,brand_unit;legacy_block,
S6114001_S_ALEPIA-001,S6114001_S_ALEPIA-002,0.99089760,brand_unit;legacy_block,
S6114001_S_ALEPIA-001,S6114001_S_ALEPIA-005,0.98951622,brand_unit;legacy_block,
S6114001_S_ALEPIA-001,S6114001_S_ALEPIA-107,0.75795549,brand_unit;legacy_block,
S6114001_S_ALEPIA-002,S6114001_S_ALEPIA-005,0.98951622,brand_unit;legacy_block,
S6114001_S_ALEPIA-002,S6114001_S_ALEPIA-107,0.42129697,brand_unit;legacy_block,
S6114001_S_ALEPIA-003,S6114001_S_ALEPIA-006,0.06528630,brand_unit;legacy_block,
S6114001_S_ALEPIA-003,S6114001_S_ALEPIA-007,0.07911975,brand_unit;legacy_block,
S6114001_S_ALEPIA-005,S6114001_S_ALEPIA-107,0.38780882,brand_unit;legacy_block,
S6114001_S_ALEPIA-006,S6114001_S_ALEPIA-007,0.86689349,brand_unit;legacy_block,
S6114001_S_ALEPIA-011,S6114001_S_ALEPIA-012,0.98405365,brand_unit;legacy_block,
S6114001_S_ALEPIA-011,S6114001_S_ALEPIA-015,,brand_unit;legacy_block,
S6114001_S_ALEPIA-011,S6114001_S_ALEPIA-016,,brand_unit;legacy_block,
S6114001_S_ALEPIA-011,S6114001_S_ALEPIA-017,,brand_unit;legacy_block,
S6114001_S_ALEPIA-011,S6114001_S_ALEPIA-018,,brand_unit;legacy_block,
S6114001_S_ALEPIA-011,S6114001_S_ALEPIA-019,,brand_unit;legacy_block,
S6114001_S_ALEPIA-011,S6114001_S_ALEPIA-020,,brand_unit;legacy_block,
S6114001_S_ALEPIA-011,S6114001_S_ALEPIA-021,,brand_unit;legacy_block,
S6114001_S_ALEPIA-011,S6114001_S_ALEPIA-022,,brand_unit;legacy_block,
S6114001_S_ALEPIA-011,S6114001_S_ALEPIA-023,,brand_unit;legacy_block,
S6114001_S_ALEPIA-011,S6114001_S_ALEPIA-024,,brand_unit;legacy_block,
S6114001_S_ALEPIA-011,S6114001_S_ALEPIA-108,,brand_unit;legacy_block,
S6114001_S_ALEPIA-011,S6114001_S_ALEPIA-109,0.92397247,brand_unit;legacy_block,
S6114001_S_ALEPIA-011,S6114001_S_ALEPIA-110,,brand_unit;legacy_block,
S6114001_S_ALEPIA-011,S6114001_S_ALEPIA-111,0.00117674,brand_unit;legacy_block,
S6114001_S_ALEPIA-011,S6114001_S_ALEPIA-112,0.00117674,brand_unit;legacy_block,
S6114001_S_ALEPIA-011,S6114001_S_ALEPIA-113,0.00111927,brand_unit;legacy_block,
S6114001_S_ALEPIA-012,S6114001_S_ALEPIA-015,,brand_unit;legacy_block,
S6114001_S_ALEPIA-012,S6114001_S_ALEPIA-016,,brand_unit;legacy_block,
S6114001_S_ALEPIA-012,S6114001_S_ALEPIA-017,,brand_unit;legacy_block,
S6114001_S_ALEPIA-012,S6114001_S_ALEPIA-018,,brand_unit;legacy_block,
S6114001_S_ALEPIA-012,S6114001_S_ALEPIA-019,,brand_unit;legacy_block,
S6114001_S_ALEPIA-012,S6114001_S_ALEPIA-020,,brand_unit;legacy_block,
S6114001_S_ALEPIA-012,S6114001_S_ALEPIA-021,,brand_unit;legacy_block,
S6114001_S_ALEPIA-012,S6114001_S_ALEPIA-022,,brand_unit;legacy_block,
S6114001_S_ALEPIA-012,S6114001_S_ALEPIA-023,,brand_unit;legacy_block,
S6114001_S_ALEPIA-012,S6114001_S_ALEPIA-024,,brand_unit;legacy_block,
S6114001_S_ALEPIA-012,S6114001_S_ALEPIA-108,,brand_unit;legacy_block,
S6114001_S_ALEPIA-012,S6114001_S_ALEPIA-109,0.95100187,brand_unit;legacy_block,
S6114001_S_ALEPIA-012,S6114001_S_ALEPIA-110,,brand_unit;legacy_block,
S6114001_S_ALEPIA-012,S6114001_S_ALEPIA-111,0.00467823,brand_unit;legacy_block,
S6114001_S_ALEPIA-012,S6114001_S_ALEPIA-112,0.00467823,brand_unit;legacy_block,
S6114001_S_ALEPIA-012,S6114001_S_ALEPIA-113,0.00510032,brand_unit;legacy_block,
S6114001_S_ALEPIA-015,S6114001_S_ALEPIA-016,,brand_unit;legacy_block,
S6114001_S_ALEPIA-015,S6114001_S_ALEPIA-017,,brand_unit;legacy_block,
S6114001_S_ALEPIA-015,S6114001_S_ALEPIA-018,,brand_unit;legacy_block,
S6114001_S_ALEPIA-015,S6114001_S_ALEPIA-019,,brand_unit;legacy_block,
S6114001_S_ALEPIA-015,S6114001_S_ALEPIA-020,0.98668239,brand_unit;legacy_block,
S6114001_S_ALEPIA-015,S6114001_S_ALEPIA-021,,brand_unit;legacy_block,
S6114001_S_ALEPIA-015,S6114001_S_ALEPIA-022,,brand_unit;legacy_block,
S6114001_S_ALEPIA-015,S6114001_S_ALEPIA-023,,brand_unit;legacy_block,
S6114001_S_ALEPIA-015,S6114001_S_ALEPIA-024,,brand_unit;legacy_block,
S6114001_S_ALEPIA-015,S6114001_S_ALEPIA-108,0.03478413,brand_unit;legacy_block,
S6114001_S_ALEPIA-015,S6114001_S_ALEPIA-109,,brand_unit;legacy_block,
S6114001_S_ALEPIA-015,S6114001_S_ALEPIA-110,0.03478413,brand_unit;legacy_block,
S6114001_S_ALEPIA-015,S6114001_S_ALEPIA-111,0.02448089,brand_unit;legacy_block,
S6114001_S_ALEPIA-015,S6114001_S_ALEPIA-112,0.02448089,brand_unit;legacy_block,
S6114001_S_ALEPIA-015,S6114001_S_ALEPIA-113,0.02220058,brand_unit;legacy_block,
S6114001_S_ALEPIA-016,S6114001_S_ALEPIA-017,,brand_unit;legacy_block,
S6114001_S_ALEPIA-016,S6114001_S_ALEPIA-018,,brand_unit;legacy_block,
S6114001_S_ALEPIA-016,S6114001_S_ALEPIA-019,,brand_unit;legacy_block,
S6114001_S_ALEPIA-016,S6114001_S_ALEPIA-020,,brand_unit;legacy_block,
S6114001_S_ALEPIA-016,S6114001_S_ALEPIA-021,0.98755699,brand_unit;legacy_block,
S6114001_S_ALEPIA-016,S6114001_S_ALEPIA-022,,brand_unit;legacy_block,
S6114001_S_ALEPIA-016,S6114001_S_ALEPIA-023,,brand_unit;legacy_block,
S6114001_S_ALEPIA-016,S6114001_S_ALEPIA-024,,brand_unit;legacy_block,
S6114001_S_ALEPIA-016,S6114001_S_ALEPIA-108,0.03478413,brand_unit;legacy_block,
S6114001_S_ALEPIA-016,S6114001_S_ALEPIA-109,,brand_unit;legacy_block,
S6114001_S_ALEPIA-016,S6114001_S_ALEPIA-110,0.03561529,brand_unit;legacy_block,
S6114001_S_ALEPIA-016,S6114001_S_ALEPIA-111,0.02551834,brand_unit;legacy_block,
S6114001_S_ALEPIA-016,S6114001_S_ALEPIA-112,0.02551834,brand_unit;legacy_block,
S6114001_S_ALEPIA-016,S6114001_S_ALEPIA-113,0.02220058,brand_unit;legacy_block,
S6114001_S_ALEPIA-017,S6114001_S_ALEPIA-018,,brand_unit;legacy_block,
S6114001_S_ALEPIA-017,S6114001_S_ALEPIA-019,,brand_unit;legacy_block,
S6114001_S_ALEPIA-017,S6114001_S_ALEPIA-020,,brand_unit;legacy_block,
S6114001_S_ALEPIA-017,S6114001_S_ALEPIA-021,,brand_unit;legacy_block,
S6114001_S_ALEPIA-017,S6114001_S_ALEPIA-022,0.98617307,brand_unit;legacy_block,
S6114001_S_ALEPIA-017,S6114001_S_ALEPIA-023,,brand_unit;legacy_block,
S6114001_S_ALEPIA-017,S6114001_S_ALEPIA-024,,brand_unit;legacy_block,
S6114001_S_ALEPIA-017,S6114001_S_ALEPIA-108,0.04898551,brand_unit;legacy_block,
S6114001_S_ALEPIA-017,S6114001_S_ALEPIA-109,,brand_unit;legacy_block,
S6114001_S_ALEPIA-017,S6114001_S_ALEPIA-110,0.04898551,brand_unit;legacy_block,
S6114001_S_ALEPIA-017,S6114001_S_ALEPIA-111,0.02971467,brand_unit;legacy_block,
S6114001_S_ALEPIA-017,S6114001_S_ALEPIA-112,0.02971467,brand_unit;legacy_block,
S6114001_S_ALEPIA-017,S6114001_S_ALEPIA-113,0.02448089,brand_unit;legacy_block,
S6114001_S_ALEPIA-018,S6114001_S_ALEPIA-019,,brand_unit;legacy_block,
S6114001_S_ALEPIA-018,S6114001_S_ALEPIA-020,,brand_unit;legacy_block,
S6114001_S_ALEPIA-018,S6114001_S_ALEPIA-021,,brand_unit;legacy_block,
S6114001_S_ALEPIA-018,S6114001_S_ALEPIA-022,,brand_unit;legacy_block,
S6114001_S_ALEPIA-018,S6114001_S_ALEPIA-023,0.98755699,brand_unit;legacy_block,
S6114001_S_ALEPIA-018,S6114001_S_ALEPIA-024,,brand_unit;legacy_block,
S6114001_S_ALEPIA-018,S6114001_S_ALEPIA-108,0.03478413,brand_unit;legacy_block,
S6114001_S_ALEPIA-018,S6114001_S_ALEPIA-109,,brand_unit;legacy_block,
S6114001_S_ALEPIA-018,S6114001_S_ALEPIA-110,0.03561529,brand_unit;legacy_block,
S6114001_S_ALEPIA-018,S6114001_S_ALEPIA-111,0.02448089,brand_unit;legacy_block,
S6114001_S_ALEPIA-018,S6114001_S_ALEPIA-112,0.02448089,brand_unit;legacy_block,
S6114001_S_ALEPIA-018,S6114001_S_ALEPIA-113,0.02220058,brand_unit;legacy_block,
S6114001_S_ALEPIA-019,S6114001_S_ALEPIA-020,,brand_unit;legacy_block,
S6114001_S_ALEPIA-019,S6114001_S_ALEPIA-021,,brand_unit;legacy_block,
S6114001_S_ALEPIA-019,S6114001_S_ALEPIA-022,,brand_unit;legacy_block,
S6114001_S_ALEPIA-019,S6114001_S_ALEPIA-023,,brand_unit;legacy_block,
S6114001_S_ALEPIA-019,S6114001_S_ALEPIA-024,0.98617307,brand_unit;legacy_block,
S6114001_S_ALEPIA-019,S6114001_S_ALEPIA-108,0.04898551,brand_unit;legacy_block,
S6114001_S_ALEPIA-019,S6114001_S_ALEPIA-109,,brand_unit;legacy_block,
S6114001_S_ALEPIA-019,S6114001_S_ALEPIA-110,0.04898551,brand_unit;legacy_block,
S6114001_S_ALEPIA-019,S6114001_S_ALEPIA-111,0.03139629,brand_unit;legacy_block,
S6114001_S_ALEPIA-019,S6114001_S_ALEPIA-112,0.03139629,brand_unit;legacy_block,
S6114001_S_ALEPIA-019,S6114001_S_ALEPIA-113,0.02354170,brand_unit;legacy_block,
S6114001_S_ALEPIA-020,S6114001_S_ALEPIA-021,,brand_unit;legacy_block,
S6114001_S_ALEPIA-020,S6114001_S_ALEPIA-022,,brand_unit;legacy_block,
S6114001_S_ALEPIA-020,S6114001_S_ALEPIA-023,,brand_unit;legacy_block,
S6114001_S_ALEPIA-020,S6114001_S_ALEPIA-024,,brand_unit;legacy_block,
S6114001_S_ALEPIA-020,S6114001_S_ALEPIA-108,0.06657236,brand_unit;legacy_block,
S6114001_S_ALEPIA-020,S6114001_S_ALEPIA-109,,brand_unit;legacy_block,
S6114001_S_ALEPIA-020,S6114001_S_ALEPIA-110,0.18909535,brand_unit;legacy_block,
S6114001_S_ALEPIA-020,S6114001_S_ALEPIA-111,0.08802789,brand_unit;legacy_block,
S6114001_S_ALEPIA-020,S6114001_S_ALEPIA-112,0.08802789,brand_unit;legacy_block,
S6114001_S_ALEPIA-020,S6114001_S_ALEPIA-113,0.09541844,brand_unit;legacy_block,
S6114001_S_ALEPIA-021,S6114001_S_ALEPIA-022,,brand_unit;legacy_block,
S6114001_S_ALEPIA-021,S6114001_S_ALEPIA-023,,brand_unit;legacy_block,
S6114001_S_ALEPIA-021,S6114001_S_ALEPIA-024,,brand_unit;legacy_block,
S6114001_S_ALEPIA-021,S6114001_S_ALEPIA-108,0.06657236,brand_unit;legacy_block,
S6114001_S_ALEPIA-021,S6114001_S_ALEPIA-109,,brand_unit;legacy_block,
S6114001_S_ALEPIA-021,S6114001_S_ALEPIA-110,0.18909535,brand_unit;legacy_block,
S6114001_S_ALEPIA-021,S6114001_S_ALEPIA-111,0.08802789,brand_unit;legacy_block,
S6114001_S_ALEPIA-021,S6114001_S_ALEPIA-112,0.08802789,brand_unit;legacy_block,
S6114001_S_ALEPIA-021,S6114001_S_ALEPIA-113,0.09915655,brand_unit;legacy_block,
S6114001_S_ALEPIA-022,S6114001_S_ALEPIA-023,,brand_unit;legacy_block,
S6114001_S_ALEPIA-022,S6114001_S_ALEPIA-024,,brand_unit;legacy_block,
S6114001_S_ALEPIA-022,S6114001_S_ALEPIA-108,0.06733222,brand_unit;legacy_block,
S6114001_S_ALEPIA-022,S6114001_S_ALEPIA-109,,brand_unit;legacy_block,
S6114001_S_ALEPIA-022,S6114001_S_ALEPIA-110,0.23125089,brand_unit;legacy_block,
S6114001_S_ALEPIA-022,S6114001_S_ALEPIA-111,0.07753448,brand_unit;legacy_block,
S6114001_S_ALEPIA-022,S6114001_S_ALEPIA-112,0.07753448,brand_unit;legacy_block,
S6114001_S_ALEPIA-022,S6114001_S_ALEPIA-113,0.07356934,brand_unit;legacy_block,
S6114001_S_ALEPIA-023,S6114001_S_ALEPIA-024,,brand_unit;legacy_block,
S6114001_S_ALEPIA-023,S6114001_S_ALEPIA-108,0.06657236,brand_unit;legacy_block,
S6114001_S_ALEPIA-023,S6114001_S_ALEPIA-109,,brand_unit;legacy_block,
S6114001_S_ALEPIA-023,S6114001_S_ALEPIA-110,0.18909535,brand_unit;legacy_block,
S6114001_S_ALEPIA-023,S6114001_S_ALEPIA-111,0.09269434,brand_unit;legacy_block,
S6114001_S_ALEPIA-023,S6114001_S_ALEPIA-112,0.09269434,brand_unit;legacy_block,
S6114001_S_ALEPIA-023,S6114001_S_ALEPIA-113,0.09541844,brand_unit;legacy_block,
S6114001_S_ALEPIA-024,S6114001_S_ALEPIA-108,0.06733222,brand_unit;legacy_block,
S6114001_S_ALEPIA-024,S6114001_S_ALEPIA-109,,brand_unit;legacy_block,
S6114001_S_ALEPIA-024,S6114001_S_ALEPIA-110,0.08369710,brand_unit;legacy_block,
S6114001_S_ALEPIA-024,S6114001_S_ALEPIA-111,0.07555624,brand_unit;legacy_block,
S6114001_S_ALEPIA-024,S6114001_S_ALEPIA-112,0.07555624,brand_unit;legacy_block,
S6114001_S_ALEPIA-024,S6114001_S_ALEPIA-113,0.07555624,brand_unit;legacy_block,
S6114001_S_ALEPIA-048,S6114001_S_ALEPIA-049,0.00139862,brand_unit;legacy_block,
S6114001_S_ALEPIA-048,S6114001_S_ALEPIA-050,0.00707731,brand_unit;legacy_block,
S6114001_S_ALEPIA-048,S6114001_S_ALEPIA-051,0.00662551,brand_unit;legacy_block,
S6114001_S_ALEPIA-048,S6114001_S_ALEPIA-052,0.03444490,brand_unit;legacy_block,
S6114001_S_ALEPIA-048,S6114001_S_ALEPIA-053,0.08579128,brand_unit;legacy_block,
S6114001_S_ALEPIA-048,S6114001_S_ALEPIA-054,0.00710864,brand_unit;legacy_block,
S6114001_S_ALEPIA-048,S6114001_S_ALEPIA-055,0.03441156,brand_unit;legacy_block,
S6114001_S_ALEPIA-049,S6114001_S_ALEPIA-050,0.00779769,brand_unit;legacy_block,
S6114001_S_ALEPIA-049,S6114001_S_ALEPIA-051,0.00632982,brand_unit;legacy_block,
S6114001_S_ALEPIA-049,S6114001_S_ALEPIA-052,0.01861275,brand_unit;legacy_block,
S6114001_S_ALEPIA-049,S6114001_S_ALEPIA-053,0.02196702,brand_unit;legacy_block,
S6114001_S_ALEPIA-049,S6114001_S_ALEPIA-054,0.00743382,brand_unit;legacy_block,
S6114001_S_ALEPIA-049,S6114001_S_ALEPIA-055,0.07780849,brand_unit;legacy_block,
S6114001_S_ALEPIA-050,S6114001_S_ALEPIA-051,0.00662551,brand_unit;legacy_block,
S6114001_S_ALEPIA-050,S6114001_S_ALEPIA-052,0.07547905,brand_unit;legacy_block,
S6114001_S_ALEPIA-050,S6114001_S_ALEPIA-053,0.10237042,brand_unit;legacy_block,
S6114001_S_ALEPIA-050,S6114001_S_ALEPIA-054,0.00551236,brand_unit;legacy_block,
S6114001_S_ALEPIA-050,S6114001_S_ALEPIA-055,0.07340321,brand_unit;legacy_block,
S6114001_S_ALEPIA-051,S6114001_S_ALEPIA-052,0.03366035,brand_unit;legacy_block,
S6114001_S_ALEPIA-051,S6114001_S_ALEPIA-053,0.01677701,brand_unit;legacy_block,
S6114001_S_ALEPIA-051,S6114001_S_ALEPIA-054,0.04228013,brand_unit;legacy_block,
S6114001_S_ALEPIA-051,S6114001_S_ALEPIA-055,0.03441156,brand_unit;legacy_block,
S6114001_S_ALEPIA-052,S6114001_S_ALEPIA-053,0.11720812,brand_unit;legacy_block,
S6114001_S_ALEPIA-052,S6114001_S_ALEPIA-054,,brand_unit;legacy_block,
S6114001_S_ALEPIA-052,S6114001_S_ALEPIA-055,0.51056085,brand_unit;legacy_block,
S6114001_S_ALEPIA-053,S6114001_S_ALEPIA-054,,brand_unit;legacy_block,
S6114001_S_ALEPIA-053,S6114001_S_ALEPIA-055,0.04717544,brand_unit;legacy_block,
S6114001_S_ALEPIA-054,S6114001_S_ALEPIA-055,,brand_unit;legacy_block,
S6114001_S_ALEPIA-108,S6114001_S_ALEPIA-109,,brand_unit;legacy_block,
S6114001_S_ALEPIA-108,S6114001_S_ALEPIA-110,,brand_unit;legacy_block,
S6114001_S_ALEPIA-108,S6114001_S_ALEPIA-111,0.00500072,brand_unit;legacy_block,
S6114001_S_ALEPIA-108,S6114001_S_ALEPIA-112,0.00500072,brand_unit;legacy_block,
S6114001_S_ALEPIA-108,S6114001_S_ALEPIA-113,0.00500072,brand_unit;legacy_block,
S6114001_S_ALEPIA-109,S6114001_S_ALEPIA-110,,brand_unit;legacy_block,
S6114001_S_ALEPIA-109,S6114001_S_ALEPIA-111,0.00951167,brand_unit;legacy_block,
S6114001_S_ALEPIA-109,S6114001_S_ALEPIA-112,0.00951167,brand_unit;legacy_block,
S6114001_S_ALEPIA-109,S6114001_S_ALEPIA-113,0.00951167,brand_unit;legacy_block,
S6114001_S_ALEPIA-110,S6114001_S_ALEPIA-111,0.00951167,brand_unit;legacy_block,
S6114001_S_ALEPIA-110,S6114001_S_ALEPIA-112,0.00951167,brand_unit;legacy_block,
S6114001_S_ALEPIA-110,S6114001_S_ALEPIA-113,0.00951167,brand_unit;legacy_block,
S6114001_S_ALEPIA-111,S6114001_S_ALEPIA-112,0.25076820,brand_unit;legacy_block,
S6114001_S_ALEPIA-111,S6114001_S_ALEPIA-113,0.18290829,brand_unit;legacy_block,
S6114001_S_ALEPIA-112,S6114001_S_ALEPIA-113,0.18290829,brand_unit;legacy_block,
S6258001_S_GOS2011X2,S6258001_S_GOS2028X2,,brand_unit;legacy_block,
S6258001_S_GOS2011X2,S6258001_S_GOS2042X2,,brand_unit;legacy_block,
S6258001_S_GOS2011X2,S6258001_S_GOS2059X2,,brand_unit;legacy_block,
S6258001_S_GOS2011X2,S6375001_S_9349254004053,0.99255721,brand_unit,
S6258001_S_GOS2011X2,S6375001_S_9349254006286,,brand_unit,
S6258001_S_GOS2028X2,S6258001_S_GOS2042X2,0.58236490,brand_unit;legacy_block,
S6258001_S_GOS2028X2,S6258001_S_GOS2059X2,,brand_unit;legacy_block,
S6258001_S_GOS2028X2,S6375001_S_9349254004053,0.76728888,brand_unit,
S6258001_S_GOS2028X2,S6375001_S_9349254006286,,brand_unit,
S6258001_S_GOS2042X2,S6258001_S_GOS2059X2,0.39354567,brand_unit;legacy_block,
S6258001_S_GOS2042X2,S6375001_S_9349254004053,0.99259407,brand_unit,
S6258001_S_GOS2042X2,S6375001_S_9349254006286,0.03427496,brand_unit,
S6258001_S_GOS2059X2,S6375001_S_9349254004053,0.91383069,brand_unit,
S6258001_S_GOS2059X2,S6375001_S_9349254006286,0.03427496,brand_unit,
S6286003_S_ds_164,S6286003_S_ds_166,0.09250976,brand_unit;legacy_block,
S6286003_S_ds_164,S6286003_S_ds_167,0.04828838,brand_unit;legacy_block,
S6286003_S_ds_166,S6286003_S_ds_167,0.73119464,brand_unit;legacy_block,
S6324001_S_nj-aleppo12,S6324001_S_nj-aleppo40,0.98525692,brand_unit;legacy_block,
S6375001_S_4066447452778,S6375001_S_4066447674880,0.88104700,brand_unit;legacy_block,
S6375001_S_9329401000107,S6375001_S_9329401000107-01,1.00000000,brand_unit,
S6375001_S_9329401000107,S6375001_S_9329401000169,,brand_unit;legacy_block,
S6375001_S_9329401000107,S6375001_S_9329401000169-01,,brand_unit,
S6375001_S_9329401000107,S6375001_S_9329401000183,,brand_unit;legacy_block,
S6375001_S_9329401000107,S6375001_S_9329401000183-01,,brand_unit,
S6375001_S_9329401000107,S6375001_S_9329401000435,0.11262666,brand_unit;legacy_block,
S6375001_S_9329401000107,S6375001_S_9329401000435-01,0.96739717,brand_unit,
S6375001_S_9329401000107,S6375001_S_9329401000800,,brand_unit;legacy_block,
S6375001_S_9329401000107,S6375001_S_9329401000800-01,,brand_unit,
S6375001_S_9329401000107,S6375001_S_9329401000817,,brand_unit;legacy_block,
S6375001_S_9329401000107,S6375001_S_9329401000817-01,,brand_unit,
S6375001_S_9329401000107-01,S6375001_S_9329401000169,,brand_unit,
S6375001_S_9329401000107-01,S6375001_S_9329401000169-01,,brand_unit;legacy_block,
S6375001_S_9329401000107-01,S6375001_S_9329401000183,,brand_unit,
S6375001_S_9329401000107-01,S6375001_S_9329401000183-01,,brand_unit;legacy_block,
S6375001_S_9329401000107-01,S6375001_S_9329401000435,0.89398475,brand_unit,
S6375001_S_9329401000107-01,S6375001_S_9329401000435-01,0.69956811,brand_unit;legacy_block,
S6375001_S_9329401000107-01,S6375001_S_9329401000800,,brand_unit,
S6375001_S_9329401000107-01,S6375001_S_9329401000800-01,,brand_unit;legacy_block,
S6375001_S_9329401000107-01,S6375001_S_9329401000817,,brand_unit,
S6375001_S_9329401000107-01,S6375001_S_9329401000817-01,,brand_unit;legacy_block,
S6375001_S_9329401000169,S6375001_S_9329401000169-01,1.00000000,brand_unit,
S6375001_S_9329401000169,S6375001_S_9329401000183,,brand_unit;legacy_block,
S6375001_S_9329401000169,S6375001_S_9329401000183-01,,brand_unit,
S6375001_S_9329401000169,S6375001_S_9329401000435,,brand_unit;legacy_block,
S6375001_S_9329401000169,S6375001_S_9329401000435-01,,brand_unit,
S6375001_S_9329401000169,S6375001_S_9329401000800,,brand_unit;legacy_block,
S6375001_S_9329401000169,S6375001_S_9329401000800-01,,brand_unit,
S6375001_S_9329401000169,S6375001_S_9329401000817,,brand_unit;legacy_block,
S6375001_S_9329401000169,S6375001_S_9329401000817-01,,brand_unit,
S6375001_S_9329401000169-01,S6375001_S_9329401000183,,brand_unit,
S6375001_S_9329401000169-01,S6375001_S_9329401000183-01,,brand_unit;legacy_block,
S6375001_S_9329401000169-01,S6375001_S_9329401000435,,brand_unit,
S6375001_S_9329401000169-01,S6375001_S_9329401000435-01,,brand_unit;legacy_block,
S6375001_S_9329401000169-01,S6375001_S_9329401000800,,brand_unit,
S6375001_S_9329401000169-01,S6375001_S_9329401000800-01,,brand_unit;legacy_block,
S6375001_S_9329401000169-01,S6375001_S_9329401000817,,brand_unit,
S6375001_S_9329401000169-01,S6375001_S_9329401000817-01,,brand_unit;legacy_block,
S6375001_S_9329401000183,S6375001_S_9329401000183-01,1.00000000,brand_unit,
S6375001_S_9329401000183,S6375001_S_9329401000435,0.08564192,brand_unit;legacy_block,
S6375001_S_9329401000183,S6375001_S_9329401000435-01,0.97490055,brand_unit,
S6375001_S_9329401000183,S6375001_S_9329401000800,,brand_unit;legacy_block,
S6375001_S_9329401000183,S6375001_S_9329401000800-01,,brand_unit,
S6375001_S_9329401000183,S6375001_S_9329401000817,,brand_unit;legacy_block,
S6375001_S_9329401000183,S6375001_S_9329401000817-01,,brand_unit,
S6375001_S_9329401000183-01,S6375001_S_9329401000435,0.86351953,brand_unit,
S6375001_S_9329401000183-01,S6375001_S_9329401000435-01,0.65850004,brand_unit;legacy_block,
S6375001_S_9329401000183-01,S6375001_S_9329401000800,,brand_unit,
S6375001_S_9329401000183-01,S6375001_S_9329401000800-01,,brand_unit;legacy_block,
S6375001_S_9329401000183-01,S6375001_S_9329401000817,,brand_unit,
S6375001_S_9329401000183-01,S6375001_S_9329401000817-01,,brand_unit;legacy_block,
S6375001_S_9329401000435,S6375001_S_9329401000435-01,1.00000000,brand_unit,
S6375001_S_9329401000435,S6375001_S_9329401000800,,brand_unit;legacy_block,
S6375001_S_9329401000435,S6375001_S_9329401000800-01,,brand_unit,
S6375001_S_9329401000435,S6375001_S_9329401000817,0.08564192,brand_unit;legacy_block,
S6375001_S_9329401000435,S6375001_S_9329401000817-01,0.86351953,brand_unit,
S6375001_S_9329401000435-01,S6375001_S_9329401000800,,brand_unit,
S6375001_S_9329401000435-01,S6375001_S_9329401000800-01,,brand_unit;legacy_block,
S6375001_S_9329401000435-01,S6375001_S_9329401000817,0.97490055,brand_unit,
S6375001_S_9329401000435-01,S6375001_S_9329401000817-01,0.65850004,brand_unit;legacy_block,
S6375001_S_9329401000800,S6375001_S_9329401000800-01,1.00000000,brand_unit,
S6375001_S_9329401000800,S6375001_S_9329401000817,,brand_unit;legacy_block,
S6375001_S_9329401000800,S6375001_S_9329401000817-01,,brand_unit,
S6375001_S_9329401000800-01,S6375001_S_9329401000817,,brand_unit,
S6375001_S_9329401000800-01,S6375001_S_9329401000817-01,,brand_unit;legacy_block,
S6375001_S_9329401000817,S6375001_S_9329401000817-01,1.00000000,brand_unit,
S6375001_S_9349254004053,S6375001_S_9349254006286,0.45788249,brand_unit;legacy_block,
S6478001_S_478562_4976631478562,S6478006_S_478562_4976631478562,1.00000000,brand_unit;exact_ean;legacy_block;packfree_exact,
S6478001_S_781890_3253581781890,S6478006_S_781890_3253581781890,1.00000000,brand_unit;exact_ean;legacy_block;packfree_exact,
S6478006_S_478272_4976631478272,S6478006_S_481166_4976631481166,0.99328510,brand_unit;legacy_block,
U0043001_S_YANZSOAP-001-01,U0043001_S_YANZSOAP-002-01,0.10460745,brand_unit;legacy_block,
U0043001_S_YANZSOAP-001-01,U0043001_S_YANZSOAP-003,0.15934706,brand_unit;legacy_block,
U0043001_S_YANZSOAP-001-01,U0043001_S_YANZSOAP-004,0.15934706,brand_unit;legacy_block,
U0043001_S_YANZSOAP-001-01,U0043001_S_YANZSOAP-005,,brand_unit;legacy_block,
U0043001_S_YANZSOAP-001-01,U0043001_S_YANZSOAP-008-01,0.88911551,brand_unit;legacy_block,
U0043001_S_YANZSOAP-001-01,U0043001_S_YANZSOAP-009-01,0.67969580,brand_unit;legacy_block,
U0043001_S_YANZSOAP-002-01,U0043001_S_YANZSOAP-003,0.60801376,brand_unit;legacy_block,
U0043001_S_YANZSOAP-002-01,U0043001_S_YANZSOAP-004,0.57508690,brand_unit;legacy_block,
U0043001_S_YANZSOAP-002-01,U0043001_S_YANZSOAP-005,0.60098745,brand_unit;legacy_block,
U0043001_S_YANZSOAP-002-01,U0043001_S_YANZSOAP-008-01,0.96242542,brand_unit;legacy_block,
U0043001_S_YANZSOAP-002-01,U0043001_S_YANZSOAP-009-01,0.93334206,brand_unit;legacy_block,
U0043001_S_YANZSOAP-003,U0043001_S_YANZSOAP-004,0.67940027,brand_unit;legacy_block,
U0043001_S_YANZSOAP-003,U0043001_S_YANZSOAP-005,0.56841571,brand_unit;legacy_block,
U0043001_S_YANZSOAP-003,U0043001_S_YANZSOAP-008-01,0.90184812,brand_unit;legacy_block,
U0043001_S_YANZSOAP-003,U0043001_S_YANZSOAP-009-01,0.67102082,brand_unit;legacy_block,
U0043001_S_YANZSOAP-004,U0043001_S_YANZSOAP-005,0.72889279,brand_unit;legacy_block,
U0043001_S_YANZSOAP-004,U0043001_S_YANZSOAP-008-01,0.88763323,brand_unit;legacy_block,
U0043001_S_YANZSOAP-004,U0043001_S_YANZSOAP-009-01,0.77689729,brand_unit;legacy_block,
U0043001_S_YANZSOAP-005,U0043001_S_YANZSOAP-008-01,0.88683774,brand_unit;legacy_block,
U0043001_S_YANZSOAP-005,U0043001_S_YANZSOAP-009-01,0.94557407,brand_unit;legacy_block,
U0043001_S_YANZSOAP-008-01,U0043001_S_YANZSOAP-009-01,0.98057197,brand_unit;legacy_block,
U0049001_S_BLANCHI_LuckyBag_3,U0049001_S_BLANCHI_handmade_soap_Grapefruit,0.26328890,brand_unit;legacy_block,
U0208001_S_4712589152266,U0208001_S_4712589152273,,brand_unit;legacy_block,
U0208001_S_4712589152266,U0208001_S_4712589152327,,brand_unit;legacy_block,
U0208001_S_4712589152273,U0208001_S_4712589152327,,brand_unit;legacy_block,
