sku_id,group_id,group_name,group_size,brand_canonical,product_form,unit,origin,pack_count,ean,sku_name,method_version,dataset_sha256
B0713001_S_GoatSoap-005,G5_9b25a1d47e667a49,Goat Soap 山羊奶·原味·瘦羊 香皂 100g (澳洲),10,Goat Soap,soap_bar,100g,澳洲,1,9349254002011,【藍色】純天然山羊奶皂 - 原味100g（9349254002011）【平行進口】不同版本包裝隨機發,multipass-v1-lexical,373e0ce20215d71dcabbbc621467b5ca305632be55a597e0bc9b587bc775b755
H5859001_S_ST2804,G5_9b25a1d47e667a49,Goat Soap 山羊奶·原味·瘦羊 香皂 100g (澳洲),10,Goat Soap,soap_bar,100g,澳洲,1,,Goat 山羊奶皂 - 原味(藍色) 100g,multipass-v1-lexical,373e0ce20215d71dcabbbc621467b5ca305632be55a597e0bc9b587bc775b755
H5859001_S_ST2811,G5_9b25a1d47e667a49,Goat Soap 山羊奶·原味·瘦羊 香皂 100g (澳洲),10,Goat Soap,soap_bar,100g,澳洲,3,,Goat 山羊奶皂 - 原味(藍色) 100g x3,multipass-v1-lexical,373e0ce20215d71dcabbbc621467b5ca305632be55a597e0bc9b587bc775b755
H6167001_S_9349254002011,G5_9b25a1d47e667a49,Goat Soap 山羊奶·原味·瘦羊 香皂 100g (澳洲),10,Goat Soap,soap_bar,100g,澳洲,2,9349254002011,Goat Soap 瘦羊皂原味100g*2（平行進口）,multipass-v1-lexical,373e0ce20215d71dcabbbc621467b5ca305632be55a597e0bc9b587bc775b755
H6167002_S_9349254002011,G5_9b25a1d47e667a49,Goat Soap 山羊奶·原味·瘦羊 香皂 100g (澳洲),10,Goat Soap,soap_bar,100g,澳洲,2,9349254002011,Goat Soap 瘦羊皂原味100g*2（平行進口）,multipass-v1-lexical,373e0ce20215d71dcabbbc621467b5ca305632be55a597e0bc9b587bc775b755
H7096001_S_9349254002011,G5_9b25a1d47e667a49,Goat Soap 山羊奶·原味·瘦羊 香皂 100g (澳洲),10,Goat Soap,soap_bar,100g,澳洲,2,9349254002011,Goat Soap 瘦羊皂原味100g*2（平行進口）,multipass-v1-lexical,373e0ce20215d71dcabbbc621467b5ca305632be55a597e0bc9b587bc775b755
H8347001_S_GOAT-BP04,G5_9b25a1d47e667a49,Goat Soap 山羊奶·原味·瘦羊 香皂 100g (澳洲),10,Goat Soap,soap_bar,100g,澳洲,1,9349254002011,Goat Soap 純天然山羊奶手工皂-(原味)(02011)[平行進口],multipass-v1-lexical,373e0ce20215d71dcabbbc621467b5ca305632be55a597e0bc9b587bc775b755
H8427001_S_9349254002011,G5_9b25a1d47e667a49,Goat Soap 山羊奶·原味·瘦羊 香皂 100g (澳洲),10,Goat Soap,soap_bar,100g,澳洲,1,9349254002011,純天然山羊奶皂 - 原味 100克 (平行進口),multipass-v1-lexical,373e0ce20215d71dcabbbc621467b5ca305632be55a597e0bc9b587bc775b755
S2232001_S_GOS2011X2,G5_9b25a1d47e667a49,Goat Soap 山羊奶·原味·瘦羊 香皂 100g (澳洲),10,Goat Soap,soap_bar,100g,澳洲,2,,優惠兩件裝*天然山羊奶手工皂 - 原味 藍色 100g ✥ [02011X2] (平行進口貨) 肥皂,multipass-v1-lexical,373e0ce20215d71dcabbbc621467b5ca305632be55a597e0bc9b587bc775b755
S6258001_S_GOS2011X2,G5_9b25a1d47e667a49,Goat Soap 山羊奶·原味·瘦羊 香皂 100g (澳洲),10,Goat Soap,soap_bar,100g,澳洲,2,,優惠兩件裝*天然山羊奶手工皂 - 原味 藍色 100g ✥ [02011X2] (平行進口貨) 肥皂,multipass-v1-lexical,373e0ce20215d71dcabbbc621467b5ca305632be55a597e0bc9b587bc775b755
B0216001_S_8720182256362-1,G5_3b6b8c67110aeb04,多芬 dove·柔嫩潔膚·多件 香皂 90g (德國),9,多芬,soap_bar,90g,德國,6,8720182256362,柔嫩潔膚香皂 （90g x 6）×8(新舊包裝隨機發送)（8720182256362）【多件優惠】,multipass-v1-lexical,373e0ce20215d71dcabbbc621467b5ca305632be55a597e0bc9b587bc775b755
B1149001_S_8720182256362,G5_3b6b8c67110aeb04,多芬 dove·柔嫩潔膚·多件 香皂 90g (德國),9,多芬,soap_bar,90g,德國,6,8720182256362,多芬 - 柔嫩潔膚香皂 (6 x 90g),multipass-v1-lexical,373e0ce20215d71dcabbbc621467b5ca305632be55a597e0bc9b587bc775b755
H6401001_S_dovesoap,G5_3b6b8c67110aeb04,多芬 dove·柔嫩潔膚·多件 香皂 90g (德國),9,多芬,soap_bar,90g,德國,6,,多芬 柔嫩潔膚香皂 90G X 6  (平行進口),multipass-v1-lexical,373e0ce20215d71dcabbbc621467b5ca305632be55a597e0bc9b587bc775b755
H8728001_S_8720182256362,G5_3b6b8c67110aeb04,多芬 dove·柔嫩潔膚·多件 香皂 90g (德國),9,多芬,soap_bar,90g,德國,6,8720182256362,柔嫩潔膚香皂 (6 x 90g),multipass-v1-lexical,373e0ce20215d71dcabbbc621467b5ca305632be55a597e0bc9b587bc775b755
H9357001_S_8718114047249,G5_3b6b8c67110aeb04,多芬 dove·柔嫩潔膚·多件 香皂 90g (德國),9,多芬,soap_bar,90g,德國,6,8718114047249;8720182256362,DOVE - 柔嫩潔膚香皂 90g x 6（8720182256362）,multipass-v1-lexical,373e0ce20215d71dcabbbc621467b5ca305632be55a597e0bc9b587bc775b755
H9357001_S_8720182256362-1,G5_3b6b8c67110aeb04,多芬 dove·柔嫩潔膚·多件 香皂 90g (德國),9,多芬,soap_bar,90g,德國,6,8720182256362,柔嫩潔膚香皂 （90g x 6）×8(新舊包裝隨機發送)（8720182256362）【多件優惠】,multipass-v1-lexical,373e0ce20215d71dcabbbc621467b5ca305632be55a597e0bc9b587bc775b755
H9564001_S_DO06CB06,G5_3b6b8c67110aeb04,多芬 dove·柔嫩潔膚·多件 香皂 90g (德國),9,多芬,soap_bar,90g,,6,8720182256362,多芬 柔嫩潔膚香皂 90g x 6 (8720182256362) [平行進口]  包裝隨機發貨,multipass-v1-lexical,373e0ce20215d71dcabbbc621467b5ca305632be55a597e0bc9b587bc775b755
S2552001_S_10091DOV_BAR_SOA_MD,G5_3b6b8c67110aeb04,多芬 dove·柔嫩潔膚·多件 香皂 90g (德國),9,多芬,soap_bar,90g,德國,6,,DOVE 柔嫩潔膚香皂 90g x 6塊,multipass-v1-lexical,373e0ce20215d71dcabbbc621467b5ca305632be55a597e0bc9b587bc775b755
S2552002_S_10091_HHL,G5_3b6b8c67110aeb04,多芬 dove·柔嫩潔膚·多件 香皂 90g (德國),9,多芬,soap_bar,90g,德國,6,,DOVE 柔嫩潔膚香皂 90g x 6塊,multipass-v1-lexical,373e0ce20215d71dcabbbc621467b5ca305632be55a597e0bc9b587bc775b755
B0991001_S_A06854,G5_0b9ec39ce3e3f0e3,PELICAN 淡化黑色素·去黑色素·全身 香皂 80g (中國/台灣/日本/紐西蘭/韓國),9,PELICAN,soap_bar,80g,中國/台灣/日本/紐西蘭/韓國,1,4976631478272,臀部護理肥皂 (桃之香) 80g[4976631478272]  (平行進口),multipass-v1-lexical,373e0ce20215d71dcabbbc621467b5ca305632be55a597e0bc9b587bc775b755
B1025001_S_4976631478272,G5_0b9ec39ce3e3f0e3,PELICAN 淡化黑色素·去黑色素·全身 香皂 80g (中國/台灣/日本/紐西蘭/韓國),9,PELICAN,soap_bar,80g,日本,1,4976631478272,PELICAN 去黑色素去角質美臀pp蜜桃香皂 80g 平行進口 新舊版本隨機發貨,multipass-v1-lexical,373e0ce20215d71dcabbbc621467b5ca305632be55a597e0bc9b587bc775b755
B1025002_S_4976631478272,G5_0b9ec39ce3e3f0e3,PELICAN 淡化黑色素·去黑色素·全身 香皂 80g (中國/台灣/日本/紐西蘭/韓國),9,PELICAN,soap_bar,80g,日本,1,4976631478272,PELICAN 去黑色素去角質美臀pp蜜桃香皂 80g 平行進口 新舊版本隨機發貨,multipass-v1-lexical,373e0ce20215d71dcabbbc621467b5ca305632be55a597e0bc9b587bc775b755
B1025003_S_4976631478272,G5_0b9ec39ce3e3f0e3,PELICAN 淡化黑色素·去黑色素·全身 香皂 80g (中國/台灣/日本/紐西蘭/韓國),9,PELICAN,soap_bar,80g,日本,1,4976631478272,PELICAN 去黑色素去角質美臀pp蜜桃香皂 80g 平行進口 新舊版本隨機發貨,multipass-v1-lexical,373e0ce20215d71dcabbbc621467b5ca305632be55a597e0bc9b587bc775b755
B1064001_S_4976631478272,G5_0b9ec39ce3e3f0e3,PELICAN 淡化黑色素·去黑色素·全身 香皂 80g (中國/台灣/日本/紐西蘭/韓國),9,PELICAN,soap_bar,80g,日本,1,4976631478272,去黑色素去角質美臀pp蜜桃香皂 80g (平行進口),multipass-v1-lexical,373e0ce20215d71dcabbbc621467b5ca305632be55a597e0bc9b587bc775b755
H6167001_S_4976631478272,G5_0b9ec39ce3e3f0e3,PELICAN 淡化黑色素·去黑色素·全身 香皂 80g (中國/台灣/日本/紐西蘭/韓國),9,PELICAN,soap_bar,80g,日本,1,4976631478272,去黑色素去角質美臀pp蜜桃香皂 80g (平行進口),multipass-v1-lexical,373e0ce20215d71dcabbbc621467b5ca305632be55a597e0bc9b587bc775b755
H7096001_S_4976631478272,G5_0b9ec39ce3e3f0e3,PELICAN 淡化黑色素·去黑色素·全身 香皂 80g (中國/台灣/日本/紐西蘭/韓國),9,PELICAN,soap_bar,80g,日本,1,4976631478272,去黑色素去角質美臀pp蜜桃香皂 80g (平行進口),multipass-v1-lexical,373e0ce20215d71dcabbbc621467b5ca305632be55a597e0bc9b587bc775b755
H8424001_S_4976631478272,G5_0b9ec39ce3e3f0e3,PELICAN 淡化黑色素·去黑色素·全身 香皂 80g (中國/台灣/日本/紐西蘭/韓國),9,PELICAN,soap_bar,80g,日本,1,4976631478272,Pelican - 蒟蒻臀部PP 去角質保濕蜜桃皂 80g (全身可用淡化黑色素) [平行進口][Parallel Import],multipass-v1-lexical,373e0ce20215d71dcabbbc621467b5ca305632be55a597e0bc9b587bc775b755
S6478006_S_478272_4976631478272,G5_0b9ec39ce3e3f0e3,PELICAN 淡化黑色素·去黑色素·全身 香皂 80g (中國/台灣/日本/紐西蘭/韓國),9,PELICAN,soap_bar,80g,,1,4976631478272,去角質淡化黑色素保濕蜜桃皂 80g [平行進口],multipass-v1-lexical,373e0ce20215d71dcabbbc621467b5ca305632be55a597e0bc9b587bc775b755
B1064001_S_9312146006602,G5_2e439a0ee880a99e,星期四茶樹 茶樹油·不同 香皂 125g (澳洲),8,星期四茶樹,soap_bar,125g,澳洲,3,9312146006602,星期四茶樹 茶樹油香皂125g X 3個（平行進口）,multipass-v1-lexical,373e0ce20215d71dcabbbc621467b5ca305632be55a597e0bc9b587bc775b755
B1151001_S_THP2249,G5_2e439a0ee880a99e,星期四茶樹 茶樹油·不同 香皂 125g (澳洲),8,星期四茶樹,soap_bar,125g,澳洲,1,,澳洲 茶樹香皂 125克【平行進口】,multipass-v1-lexical,373e0ce20215d71dcabbbc621467b5ca305632be55a597e0bc9b587bc775b755
B1151001_S_THP3020,G5_2e439a0ee880a99e,星期四茶樹 茶樹油·不同 香皂 125g (澳洲),8,星期四茶樹,soap_bar,125g,澳洲,3,,澳洲 茶樹香皂 125克X3個 【平行進口】,multipass-v1-lexical,373e0ce20215d71dcabbbc621467b5ca305632be55a597e0bc9b587bc775b755
H6167001_S_9312146006602,G5_2e439a0ee880a99e,星期四茶樹 茶樹油·不同 香皂 125g (澳洲),8,星期四茶樹,soap_bar,125g,澳洲,3,9312146006602,星期四茶樹 茶樹油香皂125g X 3個（平行進口）,multipass-v1-lexical,373e0ce20215d71dcabbbc621467b5ca305632be55a597e0bc9b587bc775b755
H7096001_S_9312146006602,G5_2e439a0ee880a99e,星期四茶樹 茶樹油·不同 香皂 125g (澳洲),8,星期四茶樹,soap_bar,125g,澳洲,3,9312146006602,星期四茶樹 茶樹油香皂125g X 3個（平行進口）,multipass-v1-lexical,373e0ce20215d71dcabbbc621467b5ca305632be55a597e0bc9b587bc775b755
H7915001_S_9312146006602,G5_2e439a0ee880a99e,星期四茶樹 茶樹油·不同 香皂 125g (澳洲),8,星期四茶樹,soap_bar,125g,澳洲,3,9312146006602,茶樹油香皂125g X 3個 [平行進口] *不同包裝版本可能隨機出貨*,multipass-v1-lexical,373e0ce20215d71dcabbbc621467b5ca305632be55a597e0bc9b587bc775b755
H8427001_S_9312146006602,G5_2e439a0ee880a99e,星期四茶樹 茶樹油·不同 香皂 125g (澳洲),8,星期四茶樹,soap_bar,125g,澳洲,3,9312146006602,澳洲 - 茶樹油香皂125g X 3個 (平行進口),multipass-v1-lexical,373e0ce20215d71dcabbbc621467b5ca305632be55a597e0bc9b587bc775b755
S6375001_S_9312146006602,G5_2e439a0ee880a99e,星期四茶樹 茶樹油·不同 香皂 125g (澳洲),8,星期四茶樹,soap_bar,125g,澳洲,3,9312146006602,澳洲 - 茶樹油香皂125g X 3個 (平行進口),multipass-v1-lexical,373e0ce20215d71dcabbbc621467b5ca305632be55a597e0bc9b587bc775b755
B0713001_S_GoatSoap-002,G5_2156e490d3ecec8e,Goat Soap 摩洛哥堅果油·摩洛哥油·山羊奶 香皂 100g (澳洲),7,Goat Soap,soap_bar,100g,澳洲,1,9349254002059,【紫色】純天然山羊奶皂 - 摩洛哥堅果油100g（9349254002059）【平行進口】不同版本包裝隨機發,multipass-v1-lexical,373e0ce20215d71dcabbbc621467b5ca305632be55a597e0bc9b587bc775b755
H6167001_S_9349254002059,G5_2156e490d3ecec8e,Goat Soap 摩洛哥堅果油·摩洛哥油·山羊奶 香皂 100g (澳洲),7,Goat Soap,soap_bar,100g,澳洲,2,9349254002059,Goat Soap 瘦羊皂摩洛哥油100g×2（平行進口）,multipass-v1-lexical,373e0ce20215d71dcabbbc621467b5ca305632be55a597e0bc9b587bc775b755
H6167002_S_9349254002059,G5_2156e490d3ecec8e,Goat Soap 摩洛哥堅果油·摩洛哥油·山羊奶 香皂 100g (澳洲),7,Goat Soap,soap_bar,100g,澳洲,2,9349254002059,Goat Soap 瘦羊皂摩洛哥油100g×2（平行進口）,multipass-v1-lexical,373e0ce20215d71dcabbbc621467b5ca305632be55a597e0bc9b587bc775b755
H8347001_S_GOAT-BP08,G5_2156e490d3ecec8e,Goat Soap 摩洛哥堅果油·摩洛哥油·山羊奶 香皂 100g (澳洲),7,Goat Soap,soap_bar,100g,澳洲,1,9349254002059,Goat Soap - 純天然山羊奶手工皂 (摩洛哥堅果油) 1件 100g (平行進口) (02059),multipass-v1-lexical,373e0ce20215d71dcabbbc621467b5ca305632be55a597e0bc9b587bc775b755
H8427001_S_9349254002059,G5_2156e490d3ecec8e,Goat Soap 摩洛哥堅果油·摩洛哥油·山羊奶 香皂 100g (澳洲),7,Goat Soap,soap_bar,100g,澳洲,1,9349254002059,純天然山羊奶皂 - 摩洛哥堅果油 100克 (平行進口),multipass-v1-lexical,373e0ce20215d71dcabbbc621467b5ca305632be55a597e0bc9b587bc775b755
S2232001_S_GOS2059X2,G5_2156e490d3ecec8e,Goat Soap 摩洛哥堅果油·摩洛哥油·山羊奶 香皂 100g (澳洲),7,Goat Soap,soap_bar,100g,澳洲,2,,*優惠兩件裝*天然山羊奶手工皂 - 摩洛哥堅果油 紫色 100g ✥ [02059X2] (平行進口貨) 肥皂,multipass-v1-lexical,373e0ce20215d71dcabbbc621467b5ca305632be55a597e0bc9b587bc775b755
S6258001_S_GOS2059X2,G5_2156e490d3ecec8e,Goat Soap 摩洛哥堅果油·摩洛哥油·山羊奶 香皂 100g (澳洲),7,Goat Soap,soap_bar,100g,澳洲,2,,*優惠兩件裝*純天然山羊奶手工皂 - 摩洛哥堅果油 紫色 100g ✥ [02059x2] (平行進口貨) 肥皂,multipass-v1-lexical,373e0ce20215d71dcabbbc621467b5ca305632be55a597e0bc9b587bc775b755
B0713001_S_GoatSoap-004,G5_cdb2bbd313428c76,Goat Soap kids·嬰幼兒·山羊奶 香皂 100g (澳洲),7,Goat Soap,soap_bar,100g,澳洲,1,9349254004053,【白色】純天然山羊奶皂 - 嬰幼兒有機山羊奶-100g（9349254004053）【平行進口】不同版本包裝隨機發,multipass-v1-lexical,373e0ce20215d71dcabbbc621467b5ca305632be55a597e0bc9b587bc775b755
H5859001_S_ST2810,G5_cdb2bbd313428c76,Goat Soap kids·嬰幼兒·山羊奶 香皂 100g (澳洲),7,Goat Soap,soap_bar,100g,澳洲,1,,Kids Goat 嬰幼兒有機山羊奶肥皂 100g,multipass-v1-lexical,373e0ce20215d71dcabbbc621467b5ca305632be55a597e0bc9b587bc775b755
H5859001_S_ST2817,G5_cdb2bbd313428c76,Goat Soap kids·嬰幼兒·山羊奶 香皂 100g (澳洲),7,Goat Soap,soap_bar,100g,澳洲,3,,Kids Goat 嬰幼兒有機山羊奶肥皂 100g x3,multipass-v1-lexical,373e0ce20215d71dcabbbc621467b5ca305632be55a597e0bc9b587bc775b755
H6167001_S_9349254004053,G5_cdb2bbd313428c76,Goat Soap kids·嬰幼兒·山羊奶 香皂 100g (澳洲),7,Goat Soap,soap_bar,100g,澳洲,2,9349254004053,Goat Soap - 純天然兒童有機山羊奶手工皂 100g×2（平行進口）,multipass-v1-lexical,373e0ce20215d71dcabbbc621467b5ca305632be55a597e0bc9b587bc775b755
H6167002_S_9349254004053,G5_cdb2bbd313428c76,Goat Soap kids·嬰幼兒·山羊奶 香皂 100g (澳洲),7,Goat Soap,soap_bar,100g,澳洲,2,9349254004053,Goat Soap - 純天然兒童有機山羊奶手工皂 100g×2（平行進口）,multipass-v1-lexical,373e0ce20215d71dcabbbc621467b5ca305632be55a597e0bc9b587bc775b755
H8427001_S_9349254004053,G5_cdb2bbd313428c76,Goat Soap kids·嬰幼兒·山羊奶 香皂 100g (澳洲),7,Goat Soap,soap_bar,100g,澳洲,1,9349254004053,純天然山羊奶皂 - 嬰幼兒有機山羊奶 100克  新舊包裝隨機發貨 (平行進口),multipass-v1-lexical,373e0ce20215d71dcabbbc621467b5ca305632be55a597e0bc9b587bc775b755
S6375001_S_9349254004053,G5_cdb2bbd313428c76,Goat Soap kids·嬰幼兒·山羊奶 香皂 100g (澳洲),7,Goat Soap,soap_bar,100g,澳洲,1,9349254004053,純天然山羊奶皂 - 嬰幼兒有機山羊奶 100克 (平行進口),multipass-v1-lexical,373e0ce20215d71dcabbbc621467b5ca305632be55a597e0bc9b587bc775b755
B0846001_S_4976631481166,G5_c5fa6dbfaecb24bd,PELICAN 蜜桃薄荷涼感美臀·淡化黑色素·去黑色素 香皂 80g (日本),7,PELICAN,soap_bar,80g,日本,1,4976631481166,PELICAN 蜜桃薄荷涼感美臀皂 80G 藍色 【平行進口】,multipass-v1-lexical,373e0ce20215d71dcabbbc621467b5ca305632be55a597e0bc9b587bc775b755
B1604001_S_4976631481166,G5_c5fa6dbfaecb24bd,PELICAN 蜜桃薄荷涼感美臀·淡化黑色素·去黑色素 香皂 80g (日本),7,PELICAN,soap_bar,80g,日本,1,4976631481166,Pelican 蜜桃薄荷涼感美臀皂 80g 藍色【平行進口】,multipass-v1-lexical,373e0ce20215d71dcabbbc621467b5ca305632be55a597e0bc9b587bc775b755
B1604002_S_4976631481166,G5_c5fa6dbfaecb24bd,PELICAN 蜜桃薄荷涼感美臀·淡化黑色素·去黑色素 香皂 80g (日本),7,PELICAN,soap_bar,80g,日本,1,4976631481166,Pelican 蜜桃薄荷涼感美臀皂 80g 藍色【平行進口】,multipass-v1-lexical,373e0ce20215d71dcabbbc621467b5ca305632be55a597e0bc9b587bc775b755
B1838001_S_4976631481166,G5_c5fa6dbfaecb24bd,PELICAN 蜜桃薄荷涼感美臀·淡化黑色素·去黑色素 香皂 80g (日本),7,PELICAN,soap_bar,80g,日本,1,4976631481166,去黑色素去角質限量蜜桃薄荷涼感美臀皂 80G 藍色 【平行進口】,multipass-v1-lexical,373e0ce20215d71dcabbbc621467b5ca305632be55a597e0bc9b587bc775b755
H5985004_S_481166_4976631481166,G5_c5fa6dbfaecb24bd,PELICAN 蜜桃薄荷涼感美臀·淡化黑色素·去黑色素 香皂 80g (日本),7,PELICAN,soap_bar,80g,日本,1,4976631481166,去角質淡化黑色素保濕蜜桃香皂 80g #涼感 [平行進口],multipass-v1-lexical,373e0ce20215d71dcabbbc621467b5ca305632be55a597e0bc9b587bc775b755
H8424001_S_4976631481166,G5_c5fa6dbfaecb24bd,PELICAN 蜜桃薄荷涼感美臀·淡化黑色素·去黑色素 香皂 80g (日本),7,PELICAN,soap_bar,80g,日本,1,4976631481166,- 去黑色素去角質美臀pp 涼感蜜桃香皂 80g (平行進口),multipass-v1-lexical,373e0ce20215d71dcabbbc621467b5ca305632be55a597e0bc9b587bc775b755
S6478006_S_481166_4976631481166,G5_c5fa6dbfaecb24bd,PELICAN 蜜桃薄荷涼感美臀·淡化黑色素·去黑色素 香皂 80g (日本),7,PELICAN,soap_bar,80g,,1,4976631481166,去角質淡化黑色素保濕蜜桃皂 80g #涼感 [平行進口],multipass-v1-lexical,373e0ce20215d71dcabbbc621467b5ca305632be55a597e0bc9b587bc775b755
B1023001_S_9349254002042,G5_9053396fced5a9d1,Goat Soap 麥蘆卡蜂蜜味·麥盧卡蜂蜜·山羊奶 香皂 100g (澳洲),7,Goat Soap,soap_bar,100g,澳洲,1,9349254002042,純天然山羊奶手工皂 麥蘆卡蜂蜜味 - 紅色 100g 肥皂 (平行進口) 多款味道可選,multipass-v1-lexical,373e0ce20215d71dcabbbc621467b5ca305632be55a597e0bc9b587bc775b755
H6167001_S_9349254002042,G5_9053396fced5a9d1,Goat Soap 麥蘆卡蜂蜜味·麥盧卡蜂蜜·山羊奶 香皂 100g (澳洲),7,Goat Soap,soap_bar,100g,澳洲,2,9349254002042,Goat Soap 瘦羊皂蜂蜜味100g*2（平行進口）,multipass-v1-lexical,373e0ce20215d71dcabbbc621467b5ca305632be55a597e0bc9b587bc775b755
H6167002_S_9349254002042,G5_9053396fced5a9d1,Goat Soap 麥蘆卡蜂蜜味·麥盧卡蜂蜜·山羊奶 香皂 100g (澳洲),7,Goat Soap,soap_bar,100g,澳洲,2,9349254002042,Goat Soap 瘦羊皂蜂蜜味100g*2（平行進口）,multipass-v1-lexical,373e0ce20215d71dcabbbc621467b5ca305632be55a597e0bc9b587bc775b755
H8347001_S_GOAT-BP06,G5_9053396fced5a9d1,Goat Soap 麥蘆卡蜂蜜味·麥盧卡蜂蜜·山羊奶 香皂 100g (澳洲),7,Goat Soap,soap_bar,100g,澳洲,1,9349254002042,純天然山羊奶手工皂-麥蘆卡蜂蜜味 100g (02042) 紅([平行進口],multipass-v1-lexical,373e0ce20215d71dcabbbc621467b5ca305632be55a597e0bc9b587bc775b755
H8427001_S_9349254002042,G5_9053396fced5a9d1,Goat Soap 麥蘆卡蜂蜜味·麥盧卡蜂蜜·山羊奶 香皂 100g (澳洲),7,Goat Soap,soap_bar,100g,澳洲,1,9349254002042,純天然山羊奶皂 - 麥盧卡蜂蜜 100克 (平行進口),multipass-v1-lexical,373e0ce20215d71dcabbbc621467b5ca305632be55a597e0bc9b587bc775b755
S2232001_S_GOS2042X2,G5_9053396fced5a9d1,Goat Soap 麥蘆卡蜂蜜味·麥盧卡蜂蜜·山羊奶 香皂 100g (澳洲),7,Goat Soap,soap_bar,100g,澳洲,2,,*優惠兩件裝*天然山羊奶手工皂 麥蘆卡蜂蜜味 - 紅色 100g ✥ [02042X2] (平行進口貨) 肥皂,multipass-v1-lexical,373e0ce20215d71dcabbbc621467b5ca305632be55a597e0bc9b587bc775b755
S6258001_S_GOS2042X2,G5_9053396fced5a9d1,Goat Soap 麥蘆卡蜂蜜味·麥盧卡蜂蜜·山羊奶 香皂 100g (澳洲),7,Goat Soap,soap_bar,100g,澳洲,2,,*優惠兩件裝*天然山羊奶手工皂 麥蘆卡蜂蜜味 - 紅色 100g ✥ [02042X2] (平行進口貨) 肥皂,multipass-v1-lexical,373e0ce20215d71dcabbbc621467b5ca305632be55a597e0bc9b587bc775b755
H5866001_S_ALEPIA-001,G5_ac37b5babb3f4153,Alepia 法國敍利亞古·初榨橄欖油·月桂油 香皂 190g (阿拉伯敘利亞共和國(敘利亞)),7,Alepia,soap_bar,190g,阿拉伯敘利亞共和國(敘利亞),1,,Alepia 1% 月桂油 + 99% 初榨橄欖油 古皂 190g,multipass-v1-lexical,373e0ce20215d71dcabbbc621467b5ca305632be55a597e0bc9b587bc775b755
H5866001_S_ALEPIA-002,G5_ac37b5babb3f4153,Alepia 法國敍利亞古·初榨橄欖油·月桂油 香皂 190g (阿拉伯敘利亞共和國(敘利亞)),7,Alepia,soap_bar,190g,阿拉伯敘利亞共和國(敘利亞),1,,Alepia 5% 月桂油 + 95% 初榨橄欖油 古皂 190g,multipass-v1-lexical,373e0ce20215d71dcabbbc621467b5ca305632be55a597e0bc9b587bc775b755
H5866001_S_ALEPIA-004,G5_ac37b5babb3f4153,Alepia 法國敍利亞古·初榨橄欖油·月桂油 香皂 190g (阿拉伯敘利亞共和國(敘利亞)),7,Alepia,soap_bar,190g,阿拉伯敘利亞共和國(敘利亞),1,,Alepia 25% 月桂油 + 75% 初榨橄欖油 古皂 190g,multipass-v1-lexical,373e0ce20215d71dcabbbc621467b5ca305632be55a597e0bc9b587bc775b755
H6869001_S_ALEPIA-001,G5_ac37b5babb3f4153,Alepia 法國敍利亞古·初榨橄欖油·月桂油 香皂 190g (阿拉伯敘利亞共和國(敘利亞)),7,Alepia,soap_bar,190g,阿拉伯敘利亞共和國(敘利亞),1,,"法國敍利亞古皂  1% 月桂油 + 99% 初榨橄欖油(香皂,濕疹適用)(AL109729)",multipass-v1-lexical,373e0ce20215d71dcabbbc621467b5ca305632be55a597e0bc9b587bc775b755
H6869001_S_ALEPIA-002,G5_ac37b5babb3f4153,Alepia 法國敍利亞古·初榨橄欖油·月桂油 香皂 190g (阿拉伯敘利亞共和國(敘利亞)),7,Alepia,soap_bar,190g,阿拉伯敘利亞共和國(敘利亞),1,,"法國敍利亞古皂  5% 月桂油 + 95% 初榨橄欖油(香皂,濕疹適用)(AL107244)",multipass-v1-lexical,373e0ce20215d71dcabbbc621467b5ca305632be55a597e0bc9b587bc775b755
H6869001_S_ALEPIA-004,G5_ac37b5babb3f4153,Alepia 法國敍利亞古·初榨橄欖油·月桂油 香皂 190g (阿拉伯敘利亞共和國(敘利亞)),7,Alepia,soap_bar,190g,阿拉伯敘利亞共和國(敘利亞),1,,"法國敍利亞古皂  25% 月桂油 + 75% 初榨橄欖油(香皂,濕疹適用)(AL107251)",multipass-v1-lexical,373e0ce20215d71dcabbbc621467b5ca305632be55a597e0bc9b587bc775b755
H6869001_S_ALEPIA-005,G5_ac37b5babb3f4153,Alepia 法國敍利亞古·初榨橄欖油·月桂油 香皂 190g (阿拉伯敘利亞共和國(敘利亞)),7,Alepia,soap_bar,190g,阿拉伯敘利亞共和國(敘利亞),1,,"法國敍利亞古皂  40% 月桂油 + 60% 初榨橄欖油 (香皂,濕疹適用)(AL107268)",multipass-v1-lexical,373e0ce20215d71dcabbbc621467b5ca305632be55a597e0bc9b587bc775b755
B0446001_S_Ehome-0008,G5_5cdf62663dd41831,玫瑰味 皂紙 50pc (中國),6,,soap_paper,50pc,中國,1,,(50片玫瑰味）日本便攜香皂紙 /兒童洗手香皂片 /外出旅行/防疫衛生殺菌/一次性番梘紙,multipass-v1-lexical,373e0ce20215d71dcabbbc621467b5ca305632be55a597e0bc9b587bc775b755
H7343002_S_HK260107JJQT15884RMN01,G5_5cdf62663dd41831,玫瑰味 皂紙 50pc (中國),6,,soap_paper,50pc,中國,1,,(50片玫瑰味）日本便攜香皂紙 /兒童洗手香皂片 /外出旅行/防疫衛生殺菌/一次性番梘紙,multipass-v1-lexical,373e0ce20215d71dcabbbc621467b5ca305632be55a597e0bc9b587bc775b755
H7343003_S_HK260107JJQT15884RMN01,G5_5cdf62663dd41831,玫瑰味 皂紙 50pc (中國),6,,soap_paper,50pc,中國,1,,(50片玫瑰味）日本便攜香皂紙 /兒童洗手香皂片 /外出旅行/防疫衛生殺菌/一次性番梘紙,multipass-v1-lexical,373e0ce20215d71dcabbbc621467b5ca305632be55a597e0bc9b587bc775b755
H7343015_S_HK260107JJQT15884RMN01,G5_5cdf62663dd41831,玫瑰味 皂紙 50pc (中國),6,,soap_paper,50pc,中國,1,,(50片玫瑰味）日本便攜香皂紙 /兒童洗手香皂片 /外出旅行/防疫衛生殺菌/一次性番梘紙,multipass-v1-lexical,373e0ce20215d71dcabbbc621467b5ca305632be55a597e0bc9b587bc775b755
H8513001_S_Ehome-0008,G5_5cdf62663dd41831,玫瑰味 皂紙 50pc (中國),6,,soap_paper,50pc,中國,1,,(50片玫瑰味）日本便攜香皂紙 /兒童洗手香皂片 /外出旅行/防疫衛生殺菌/一次性番梘紙,multipass-v1-lexical,373e0ce20215d71dcabbbc621467b5ca305632be55a597e0bc9b587bc775b755
H8513003_S_Ehome-0008,G5_5cdf62663dd41831,玫瑰味 皂紙 50pc (中國),6,,soap_paper,50pc,中國,1,,(50片玫瑰味）日本便攜香皂紙 /兒童洗手香皂片 /外出旅行/防疫衛生殺菌/一次性番梘紙,multipass-v1-lexical,373e0ce20215d71dcabbbc621467b5ca305632be55a597e0bc9b587bc775b755
B0713001_S_GoatSoap-003,G5_779eb7ead086a2ea,Goat Soap 山羊奶·椰子油·粉紅 香皂 100g (澳洲),6,Goat Soap,soap_bar,100g,澳洲,1,9349254002066,【粉色】純天然山羊奶皂 - 椰子油100g（9349254002066）【平行進口】不同版本包裝隨機發,multipass-v1-lexical,373e0ce20215d71dcabbbc621467b5ca305632be55a597e0bc9b587bc775b755
H5859001_S_ST2808,G5_779eb7ead086a2ea,Goat Soap 山羊奶·椰子油·粉紅 香皂 100g (澳洲),6,Goat Soap,soap_bar,100g,澳洲,1,,Goat 山羊奶肥皂 - 椰子油(粉色) 100g,multipass-v1-lexical,373e0ce20215d71dcabbbc621467b5ca305632be55a597e0bc9b587bc775b755
H5859001_S_ST2815,G5_779eb7ead086a2ea,Goat Soap 山羊奶·椰子油·粉紅 香皂 100g (澳洲),6,Goat Soap,soap_bar,100g,澳洲,3,,Goat 山羊奶肥皂 - 椰子油(粉色) 100g x3,multipass-v1-lexical,373e0ce20215d71dcabbbc621467b5ca305632be55a597e0bc9b587bc775b755
H6173001_S_GOAT-SOAP-COCONUT,G5_779eb7ead086a2ea,Goat Soap 山羊奶·椰子油·粉紅 香皂 100g (澳洲),6,Goat Soap,soap_bar,,澳洲,1,,純天然山羊奶皂 - 椰子油 (平行進口),multipass-v1-lexical,373e0ce20215d71dcabbbc621467b5ca305632be55a597e0bc9b587bc775b755
H8427001_S_9349254002066,G5_779eb7ead086a2ea,Goat Soap 山羊奶·椰子油·粉紅 香皂 100g (澳洲),6,Goat Soap,soap_bar,100g,澳洲,1,9349254002066,純天然山羊奶皂 - 椰子油 100克 (平行進口),multipass-v1-lexical,373e0ce20215d71dcabbbc621467b5ca305632be55a597e0bc9b587bc775b755
S2232001_S_GOS2066X2,G5_779eb7ead086a2ea,Goat Soap 山羊奶·椰子油·粉紅 香皂 100g (澳洲),6,Goat Soap,soap_bar,100g,澳洲,2,,*優惠兩件裝*天然有機山羊奶手工皂 - 椰子油 - 粉紅色 100g ✥ [02066X2] (平行進口貨),multipass-v1-lexical,373e0ce20215d71dcabbbc621467b5ca305632be55a597e0bc9b587bc775b755
H6141001_S_A076-12B,G5_8195bd36d088af38,NAJEL 月桂油·橄欖油·死海泥 香皂 100g (阿拉伯敘利亞共和國(敘利亞)),6,NAJEL,soap_bar,100g,阿拉伯敘利亞共和國(敘利亞),1,,Najel 阿勒頗天然手工古皂 12%月桂油 88%橄欖油 100g輕便裝 香港行貨 法國品牌,multipass-v1-lexical,373e0ce20215d71dcabbbc621467b5ca305632be55a597e0bc9b587bc775b755
H6141001_S_A405,G5_8195bd36d088af38,NAJEL 月桂油·橄欖油·死海泥 香皂 100g (阿拉伯敘利亞共和國(敘利亞)),6,NAJEL,soap_bar,100g,阿拉伯敘利亞共和國(敘利亞),1,,死海泥 阿勒頗天然手工古皂 香港行貨 法國品牌 #3820,multipass-v1-lexical,373e0ce20215d71dcabbbc621467b5ca305632be55a597e0bc9b587bc775b755
H6141001_S_A408,G5_8195bd36d088af38,NAJEL 月桂油·橄欖油·死海泥 香皂 100g (阿拉伯敘利亞共和國(敘利亞)),6,NAJEL,soap_bar,100g,阿拉伯敘利亞共和國(敘利亞),1,,有機紫羅蘭 阿勒頗天然手工古皂 香港行貨 法國品牌 #2212,multipass-v1-lexical,373e0ce20215d71dcabbbc621467b5ca305632be55a597e0bc9b587bc775b755
H6173001_S_NAJEL-CHARCOAL,G5_8195bd36d088af38,NAJEL 月桂油·橄欖油·死海泥 香皂 100g (阿拉伯敘利亞共和國(敘利亞)),6,NAJEL,soap_bar,100g,阿拉伯敘利亞共和國(敘利亞),1,,有機黑炭 阿勒頗天然手工皂 法國品牌 香港行貨 包裝隨機發貨,multipass-v1-lexical,373e0ce20215d71dcabbbc621467b5ca305632be55a597e0bc9b587bc775b755
H6173001_S_NAJEL-DEAD-SEA-MUD,G5_8195bd36d088af38,NAJEL 月桂油·橄欖油·死海泥 香皂 100g (阿拉伯敘利亞共和國(敘利亞)),6,NAJEL,soap_bar,100g,阿拉伯敘利亞共和國(敘利亞),1,,死海泥 阿勒頗天然手工皂 法國品牌 香港行貨 包裝隨機發貨,multipass-v1-lexical,373e0ce20215d71dcabbbc621467b5ca305632be55a597e0bc9b587bc775b755
H7517001_S_NAJ0959,G5_8195bd36d088af38,NAJEL 月桂油·橄欖油·死海泥 香皂 100g (阿拉伯敘利亞共和國(敘利亞)),6,NAJEL,soap_bar,100g,阿拉伯敘利亞共和國(敘利亞),1,,【法國品牌】阿勒頗天然有機黑木炭手工皂（100g）【平行進口】,multipass-v1-lexical,373e0ce20215d71dcabbbc621467b5ca305632be55a597e0bc9b587bc775b755
H6141001_S_A404,G5_97d1d037a4f497b5,NAJEL 阿勒頗·橙花·法國 香皂 100g (阿拉伯敘利亞共和國(敘利亞)),6,NAJEL,soap_bar,100g,阿拉伯敘利亞共和國(敘利亞),1,,紅泥 阿勒頗天然手工古皂 香港行貨 法國品牌 #3264,multipass-v1-lexical,373e0ce20215d71dcabbbc621467b5ca305632be55a597e0bc9b587bc775b755
H6141001_S_A410,G5_97d1d037a4f497b5,NAJEL 阿勒頗·橙花·法國 香皂 100g (阿拉伯敘利亞共和國(敘利亞)),6,NAJEL,soap_bar,100g,阿拉伯敘利亞共和國(敘利亞),1,,有機橙花 阿勒頗天然手工古皂 香港行貨 法國品牌 #5114,multipass-v1-lexical,373e0ce20215d71dcabbbc621467b5ca305632be55a597e0bc9b587bc775b755
H6141001_S_A463,G5_97d1d037a4f497b5,NAJEL 阿勒頗·橙花·法國 香皂 100g (阿拉伯敘利亞共和國(敘利亞)),6,NAJEL,soap_bar,100g,阿拉伯敘利亞共和國(敘利亞),1,,(附起泡網)茉莉花香 阿勒頗天然手工古皂100g #3608 香港行貨 法國品牌,multipass-v1-lexical,373e0ce20215d71dcabbbc621467b5ca305632be55a597e0bc9b587bc775b755
H6173001_S_NAJEL-ORG,G5_97d1d037a4f497b5,NAJEL 阿勒頗·橙花·法國 香皂 100g (阿拉伯敘利亞共和國(敘利亞)),6,NAJEL,soap_bar,100g,阿拉伯敘利亞共和國(敘利亞),1,,有機橙花 阿勒頗天然手工皂 法國品牌 香港行貨 包裝隨機發貨,multipass-v1-lexical,373e0ce20215d71dcabbbc621467b5ca305632be55a597e0bc9b587bc775b755
H6173001_S_NAJEL-RD-CLAY,G5_97d1d037a4f497b5,NAJEL 阿勒頗·橙花·法國 香皂 100g (阿拉伯敘利亞共和國(敘利亞)),6,NAJEL,soap_bar,100g,阿拉伯敘利亞共和國(敘利亞),1,,紅泥 阿勒頗天然手工皂 法國品牌 香港行貨 包裝隨機發貨,multipass-v1-lexical,373e0ce20215d71dcabbbc621467b5ca305632be55a597e0bc9b587bc775b755
H7517001_S_NAJ5114,G5_97d1d037a4f497b5,NAJEL 阿勒頗·橙花·法國 香皂 100g (阿拉伯敘利亞共和國(敘利亞)),6,NAJEL,soap_bar,100g,阿拉伯敘利亞共和國(敘利亞),1,,【法國品牌】阿勒頗天然有機橙花手工皂（100g）【平行進口】,multipass-v1-lexical,373e0ce20215d71dcabbbc621467b5ca305632be55a597e0bc9b587bc775b755
S3046001_S_Aleppo_1_20,G5_79e6d14dd1d0e3c4,GrabNat 阿勒頗古·月桂油 香皂 180g (土耳其),6,GrabNat,soap_bar,180g,土耳其,1,,GrabNat 阿勒頗古皂 20% 月桂油 — 180 克,multipass-v1-lexical,373e0ce20215d71dcabbbc621467b5ca305632be55a597e0bc9b587bc775b755
S3046001_S_Aleppo_1_30,G5_79e6d14dd1d0e3c4,GrabNat 阿勒頗古·月桂油 香皂 180g (土耳其),6,GrabNat,soap_bar,180g,土耳其,1,,GrabNat 阿勒頗古皂 30% 月桂油 — 180 克,multipass-v1-lexical,373e0ce20215d71dcabbbc621467b5ca305632be55a597e0bc9b587bc775b755
S3046001_S_Aleppo_2_20,G5_79e6d14dd1d0e3c4,GrabNat 阿勒頗古·月桂油 香皂 180g (土耳其),6,GrabNat,soap_bar,180g,土耳其,2,,GrabNat 阿勒頗古皂 20% 月桂油 — 180 克 × 2,multipass-v1-lexical,373e0ce20215d71dcabbbc621467b5ca305632be55a597e0bc9b587bc775b755
S3046001_S_Aleppo_2_30,G5_79e6d14dd1d0e3c4,GrabNat 阿勒頗古·月桂油 香皂 180g (土耳其),6,GrabNat,soap_bar,180g,土耳其,2,,GrabNat 阿勒頗古皂 30% 月桂油 — 180 克 × 2,multipass-v1-lexical,373e0ce20215d71dcabbbc621467b5ca305632be55a597e0bc9b587bc775b755
S3046001_S_Aleppo_4_20,G5_79e6d14dd1d0e3c4,GrabNat 阿勒頗古·月桂油 香皂 180g (土耳其),6,GrabNat,soap_bar,180g,土耳其,4,,GrabNat 阿勒頗古皂 20% 月桂油 — 180 克 × 4,multipass-v1-lexical,373e0ce20215d71dcabbbc621467b5ca305632be55a597e0bc9b587bc775b755
S3046001_S_Aleppo_4_30,G5_79e6d14dd1d0e3c4,GrabNat 阿勒頗古·月桂油 香皂 180g (土耳其),6,GrabNat,soap_bar,180g,土耳其,4,,GrabNat 阿勒頗古皂 30% 月桂油 — 180 克 × 4,multipass-v1-lexical,373e0ce20215d71dcabbbc621467b5ca305632be55a597e0bc9b587bc775b755
B0216001_S_9556155017017,G5_4d71d27b347fc698,花王 優雅花香·kao 香皂 130g (馬來西亞),5,花王,soap_bar,130g,馬來西亞,3,9556155017017,KAO 花王 優雅花香香皂 130G X 3(9556155017017),multipass-v1-lexical,373e0ce20215d71dcabbbc621467b5ca305632be55a597e0bc9b587bc775b755
H8424001_S_9556155017017,G5_4d71d27b347fc698,花王 優雅花香·kao 香皂 130g (馬來西亞),5,花王,soap_bar,130g,馬來西亞,3,9556155017017,- 花王香皂 優雅花香 130g x 3,multipass-v1-lexical,373e0ce20215d71dcabbbc621467b5ca305632be55a597e0bc9b587bc775b755
H9340001_S_65610,G5_4d71d27b347fc698,花王 優雅花香·kao 香皂 130g (馬來西亞),5,花王,soap_bar,130g,馬來西亞,6,,奶白香皂優雅花香 130g x 6 #19609,multipass-v1-lexical,373e0ce20215d71dcabbbc621467b5ca305632be55a597e0bc9b587bc775b755
H9357001_S_9556155017017,G5_4d71d27b347fc698,花王 優雅花香·kao 香皂 130g (馬來西亞),5,花王,soap_bar,130g,馬來西亞,3,9556155017017,KAO 花王 優雅花香香皂 130G X 3(9556155017017),multipass-v1-lexical,373e0ce20215d71dcabbbc621467b5ca305632be55a597e0bc9b587bc775b755
H9564001_S_KA05KS03,G5_4d71d27b347fc698,花王 優雅花香·kao 香皂 130g (馬來西亞),5,花王,soap_bar,130g,馬來西亞,3,9556155017017,花王香皂 優雅花香 130g x 3 (9556155017017),multipass-v1-lexical,373e0ce20215d71dcabbbc621467b5ca305632be55a597e0bc9b587bc775b755
B0713001_S_GoatSoap-001,G5_83fd2388e9bb8b72,Goat Soap 山羊奶·檸檬味·檸檬香 香皂 100g (澳洲),5,Goat Soap,soap_bar,100g,澳洲,1,9349254002028,【綠色】純天然山羊奶皂 - 檸檬香100g（9349254002028）【平行進口】不同版本包裝隨機發,multipass-v1-lexical,373e0ce20215d71dcabbbc621467b5ca305632be55a597e0bc9b587bc775b755
H6167001_S_9349254002028,G5_83fd2388e9bb8b72,Goat Soap 山羊奶·檸檬味·檸檬香 香皂 100g (澳洲),5,Goat Soap,soap_bar,100g,澳洲,2,9349254002028,Goat Soap 瘦羊皂檸檬味100g*2（平行進口）,multipass-v1-lexical,373e0ce20215d71dcabbbc621467b5ca305632be55a597e0bc9b587bc775b755
H6167002_S_9349254002028,G5_83fd2388e9bb8b72,Goat Soap 山羊奶·檸檬味·檸檬香 香皂 100g (澳洲),5,Goat Soap,soap_bar,100g,澳洲,2,9349254002028,Goat Soap 瘦羊皂檸檬味100g*2（平行進口）,multipass-v1-lexical,373e0ce20215d71dcabbbc621467b5ca305632be55a597e0bc9b587bc775b755
H7096001_S_9349254002028,G5_83fd2388e9bb8b72,Goat Soap 山羊奶·檸檬味·檸檬香 香皂 100g (澳洲),5,Goat Soap,soap_bar,100g,澳洲,2,9349254002028,Goat Soap 瘦羊皂檸檬味100g*2（平行進口）,multipass-v1-lexical,373e0ce20215d71dcabbbc621467b5ca305632be55a597e0bc9b587bc775b755
H8427001_S_9349254002028,G5_83fd2388e9bb8b72,Goat Soap 山羊奶·檸檬味·檸檬香 香皂 100g (澳洲),5,Goat Soap,soap_bar,100g,澳洲,1,9349254002028,純天然山羊奶皂 - 檸檬香 100克 (平行進口),multipass-v1-lexical,373e0ce20215d71dcabbbc621467b5ca305632be55a597e0bc9b587bc775b755
B1506001_S_8852086002797,G5_cffac0731717c121,蛇牌 brand·snake·薰衣草 香皂 100g (泰國),5,蛇牌,soap_bar,100g,,1,8852086002797,Snake brand - 薰衣草舒緩涼感香皂 100g (平行進口),multipass-v1-lexical,373e0ce20215d71dcabbbc621467b5ca305632be55a597e0bc9b587bc775b755
H7273001_S_8852086002797,G5_cffac0731717c121,蛇牌 brand·snake·薰衣草 香皂 100g (泰國),5,蛇牌,soap_bar,100g,,1,8852086002797,Snake brand - 薰衣草舒緩涼感香皂 100g (平行進口),multipass-v1-lexical,373e0ce20215d71dcabbbc621467b5ca305632be55a597e0bc9b587bc775b755
H8196001_S_885208692239,G5_cffac0731717c121,蛇牌 brand·snake·薰衣草 香皂 100g (泰國),5,蛇牌,soap_bar,100g,泰國,1,8852086002797,泰國Snake Brand蛇牌香皂薰衣草100g(平行進口)8852086002797,multipass-v1-lexical,373e0ce20215d71dcabbbc621467b5ca305632be55a597e0bc9b587bc775b755
H8424001_S_8852086922392,G5_cffac0731717c121,蛇牌 brand·snake·薰衣草 香皂 100g (泰國),5,蛇牌,soap_bar,100g,泰國,3,8852086922392,蛇牌舒緩皂薰衣草 100克 x 3塊[平行進口],multipass-v1-lexical,373e0ce20215d71dcabbbc621467b5ca305632be55a597e0bc9b587bc775b755
H8765001_S_25392,G5_cffac0731717c121,蛇牌 brand·snake·薰衣草 香皂 100g (泰國),5,蛇牌,soap_bar,100g,泰國,1,8852086002797,薰衣草味涼感抗菌香皂 100g | 8852086002797 | 平行進口商品,multipass-v1-lexical,373e0ce20215d71dcabbbc621467b5ca305632be55a597e0bc9b587bc775b755
H0229003_S_5TAD-3593290021956,G5_a174df8a2ffa116a,tade PAYS DU LEVANT 月桂油阿勒頗·法國 香皂 200g (阿拉伯敘利亞共和國(敘利亞)),5,tade PAYS DU LEVANT,soap_bar,200g,阿拉伯敘利亞共和國(敘利亞),1,,法國35%月桂油阿勒頗手工皂,multipass-v1-lexical,373e0ce20215d71dcabbbc621467b5ca305632be55a597e0bc9b587bc775b755
H0229003_S_5TAD-3593290021987,G5_a174df8a2ffa116a,tade PAYS DU LEVANT 月桂油阿勒頗·法國 香皂 200g (阿拉伯敘利亞共和國(敘利亞)),5,tade PAYS DU LEVANT,soap_bar,200g,阿拉伯敘利亞共和國(敘利亞),1,,法國15%月桂油阿勒頗手工皂,multipass-v1-lexical,373e0ce20215d71dcabbbc621467b5ca305632be55a597e0bc9b587bc775b755
H0229003_S_5TAD-3593290022014,G5_a174df8a2ffa116a,tade PAYS DU LEVANT 月桂油阿勒頗·法國 香皂 200g (阿拉伯敘利亞共和國(敘利亞)),5,tade PAYS DU LEVANT,soap_bar,200g,阿拉伯敘利亞共和國(敘利亞),1,,法國25%月桂油阿勒頗手工皂,multipass-v1-lexical,373e0ce20215d71dcabbbc621467b5ca305632be55a597e0bc9b587bc775b755
H0229003_S_5TAD-3593290033225,G5_a174df8a2ffa116a,tade PAYS DU LEVANT 月桂油阿勒頗·法國 香皂 200g (阿拉伯敘利亞共和國(敘利亞)),5,tade PAYS DU LEVANT,soap_bar,200g,阿拉伯敘利亞共和國(敘利亞),1,,法國40%月桂油阿勒頗手工皂,multipass-v1-lexical,373e0ce20215d71dcabbbc621467b5ca305632be55a597e0bc9b587bc775b755
H0229003_S_5TAD-3593290035175,G5_a174df8a2ffa116a,tade PAYS DU LEVANT 月桂油阿勒頗·法國 香皂 200g (阿拉伯敘利亞共和國(敘利亞)),5,tade PAYS DU LEVANT,soap_bar,190g,阿拉伯敘利亞共和國(敘利亞),1,,法國12%月桂油阿勒頗手工皂,multipass-v1-lexical,373e0ce20215d71dcabbbc621467b5ca305632be55a597e0bc9b587bc775b755
H5985001_S_781890_3253581781890,G5_5eec86ba602de1b5,L'Occitane cerisier·fleurs·櫻花護膚 香皂 50g (法國),5,L'Occitane,soap_bar,50g,,1,3253581781890,櫻花護膚皂 50g [平行進口],multipass-v1-lexical,373e0ce20215d71dcabbbc621467b5ca305632be55a597e0bc9b587bc775b755
H5985003_S_781890-3253581781890,G5_5eec86ba602de1b5,L'Occitane cerisier·fleurs·櫻花護膚 香皂 50g (法國),5,L'Occitane,soap_bar,50g,,1,,櫻花護膚皂 50g [平行進口],multipass-v1-lexical,373e0ce20215d71dcabbbc621467b5ca305632be55a597e0bc9b587bc775b755
H5985004_S_781890_3253581781890,G5_5eec86ba602de1b5,L'Occitane cerisier·fleurs·櫻花護膚 香皂 50g (法國),5,L'Occitane,soap_bar,50g,法國,1,3253581781890,櫻花護膚皂 50g [平行進口],multipass-v1-lexical,373e0ce20215d71dcabbbc621467b5ca305632be55a597e0bc9b587bc775b755
S6478001_S_781890_3253581781890,G5_5eec86ba602de1b5,L'Occitane cerisier·fleurs·櫻花護膚 香皂 50g (法國),5,L'Occitane,soap_bar,50g,,1,3253581781890,Fleurs De Cerisier 櫻花護膚皂 50g [平行進口],multipass-v1-lexical,373e0ce20215d71dcabbbc621467b5ca305632be55a597e0bc9b587bc775b755
S6478006_S_781890_3253581781890,G5_5eec86ba602de1b5,L'Occitane cerisier·fleurs·櫻花護膚 香皂 50g (法國),5,L'Occitane,soap_bar,50g,,1,3253581781890,Fleurs De Cerisier 櫻花護膚皂 50g [平行進口],multipass-v1-lexical,373e0ce20215d71dcabbbc621467b5ca305632be55a597e0bc9b587bc775b755
H6167001_S_9349254002035,G5_ad79377573a5ab19,Goat Soap 山羊奶·燕麥味·瘦羊 香皂 100g (澳洲),5,Goat Soap,soap_bar,100g,澳洲,2,9349254002035,Goat Soap 瘦羊皂燕麥味100g*2（平行進口）,multipass-v1-lexical,373e0ce20215d71dcabbbc621467b5ca305632be55a597e0bc9b587bc775b755
H6167002_S_9349254002035,G5_ad79377573a5ab19,Goat Soap 山羊奶·燕麥味·瘦羊 香皂 100g (澳洲),5,Goat Soap,soap_bar,100g,澳洲,2,9349254002035,Goat Soap 瘦羊皂燕麥味100g*2（平行進口）,multipass-v1-lexical,373e0ce20215d71dcabbbc621467b5ca305632be55a597e0bc9b587bc775b755
H7096001_S_9349254002035,G5_ad79377573a5ab19,Goat Soap 山羊奶·燕麥味·瘦羊 香皂 100g (澳洲),5,Goat Soap,soap_bar,100g,澳洲,2,9349254002035,Goat Soap 瘦羊皂燕麥味100g*2（平行進口）,multipass-v1-lexical,373e0ce20215d71dcabbbc621467b5ca305632be55a597e0bc9b587bc775b755
H8347001_S_GOAT-BP02,G5_ad79377573a5ab19,Goat Soap 山羊奶·燕麥味·瘦羊 香皂 100g (澳洲),5,Goat Soap,soap_bar,100g,澳洲,1,,澳洲Goat Soap 純天然山羊奶手工皂-燕麥味 100g-02035 [平行進口貨品],multipass-v1-lexical,373e0ce20215d71dcabbbc621467b5ca305632be55a597e0bc9b587bc775b755
H8427001_S_9349254002035,G5_ad79377573a5ab19,Goat Soap 山羊奶·燕麥味·瘦羊 香皂 100g (澳洲),5,Goat Soap,soap_bar,100g,澳洲,1,9349254002035,純天然山羊奶皂 - 燕麥 100克 (平行進口),multipass-v1-lexical,373e0ce20215d71dcabbbc621467b5ca305632be55a597e0bc9b587bc775b755
H7343002_S_HK250827JJQT15362RMN01,G5_5d12cb07c4b36955,面部和身體·洗手·硫磺 香皂 85g (中國) #5d12cb,5,,soap_bar,85g,中國,1,,上海牌 硫磺香皂/香皂/肥皂/洗手皂/番鹼/上海硫磺香皂10%硫磺香皂面部和身體香皂85g,multipass-v1-lexical,373e0ce20215d71dcabbbc621467b5ca305632be55a597e0bc9b587bc775b755
H7343003_S_HK250827JJQT15362RMN01,G5_5d12cb07c4b36955,面部和身體·洗手·硫磺 香皂 85g (中國) #5d12cb,5,,soap_bar,85g,中國,1,,上海牌 硫磺香皂/香皂/肥皂/洗手皂/番鹼/上海硫磺香皂10%硫磺香皂面部和身體香皂85g,multipass-v1-lexical,373e0ce20215d71dcabbbc621467b5ca305632be55a597e0bc9b587bc775b755
H7343013_S_HK250827JJQT15362RMN01,G5_5d12cb07c4b36955,面部和身體·洗手·硫磺 香皂 85g (中國) #5d12cb,5,,soap_bar,85g,中國,1,,[85g] 上海牌 硫磺香皂/香皂/肥皂/洗手皂/番鹼/上海硫磺香皂10%硫磺香皂面部和身體香皂,multipass-v1-lexical,373e0ce20215d71dcabbbc621467b5ca305632be55a597e0bc9b587bc775b755
H7343015_S_HK250827JJQT15362RMN01,G5_5d12cb07c4b36955,面部和身體·洗手·硫磺 香皂 85g (中國) #5d12cb,5,,soap_bar,85g,中國,1,,上海牌 硫磺香皂/香皂/肥皂/洗手皂/番鹼/上海硫磺香皂10%硫磺香皂面部和身體香皂85g,multipass-v1-lexical,373e0ce20215d71dcabbbc621467b5ca305632be55a597e0bc9b587bc775b755
H9822001_S_WW084-MiteSulfurSoap,G5_5d12cb07c4b36955,面部和身體·洗手·硫磺 香皂 85g (中國) #5d12cb,5,,soap_bar,85g,中國,3,,【3塊】上海牌香皂/香皂/肥皂/洗手皂/番碱/上海硫磺香皂10%硫磺香皂面部和身體香皂85g - 新包裝,multipass-v1-lexical,373e0ce20215d71dcabbbc621467b5ca305632be55a597e0bc9b587bc775b755
S3046001_S_GN-SB-CI-01,G5_c3ad33320c8a34b6,GrabNat 肉桂橙·植物 香皂 100g (土耳其),5,GrabNat,soap_bar,100g,土耳其,1,,肉桂皂天然手工皂 100克,multipass-v1-lexical,373e0ce20215d71dcabbbc621467b5ca305632be55a597e0bc9b587bc775b755
S3046001_S_GN-SB-CI-04,G5_c3ad33320c8a34b6,GrabNat 肉桂橙·植物 香皂 100g (土耳其),5,GrabNat,soap_bar,100g,土耳其,4,,肉桂手工皂天然手工皂4入組（4 x 100克）,multipass-v1-lexical,373e0ce20215d71dcabbbc621467b5ca305632be55a597e0bc9b587bc775b755
S3046001_S_GN-SB-CR-01,G5_c3ad33320c8a34b6,GrabNat 肉桂橙·植物 香皂 100g (土耳其),5,GrabNat,soap_bar,100g,土耳其,1,,肉桂橙香皂天然手工皂100克,multipass-v1-lexical,373e0ce20215d71dcabbbc621467b5ca305632be55a597e0bc9b587bc775b755
S3046001_S_GN-SB-CR-04,G5_c3ad33320c8a34b6,GrabNat 肉桂橙·植物 香皂 100g (土耳其),5,GrabNat,soap_bar,100g,土耳其,4,,肉桂橙天然手工皂 4件裝（4 x 100克）,multipass-v1-lexical,373e0ce20215d71dcabbbc621467b5ca305632be55a597e0bc9b587bc775b755
S3046001_S_GN-SB-CR-10,G5_c3ad33320c8a34b6,GrabNat 肉桂橙·植物 香皂 100g (土耳其),5,GrabNat,soap_bar,100g,土耳其,10,,GrabNat 肉桂手工冷製香皂十入裝（10×100克）— 天然植物配方潔淨皂,multipass-v1-lexical,373e0ce20215d71dcabbbc621467b5ca305632be55a597e0bc9b587bc775b755
B1025001_S_4976631894225,G5_7a51276b12a70ead,PELICAN 背部祛痘去粉刺·潔膚 香皂 135g (日本),4,PELICAN,soap_bar,135g,日本,1,4976631894225,PELICAN 背部祛痘去粉刺專用 石鹼潔膚皂 135g 平行進口 新舊版本隨機發貨,multipass-v1-lexical,373e0ce20215d71dcabbbc621467b5ca305632be55a597e0bc9b587bc775b755
B1025002_S_4976631894225,G5_7a51276b12a70ead,PELICAN 背部祛痘去粉刺·潔膚 香皂 135g (日本),4,PELICAN,soap_bar,135g,日本,1,4976631894225,PELICAN 背部祛痘去粉刺專用 石鹼潔膚皂 135g 平行進口 新舊版本隨機發貨,multipass-v1-lexical,373e0ce20215d71dcabbbc621467b5ca305632be55a597e0bc9b587bc775b755
B1025003_S_4976631894225,G5_7a51276b12a70ead,PELICAN 背部祛痘去粉刺·潔膚 香皂 135g (日本),4,PELICAN,soap_bar,135g,日本,1,4976631894225,PELICAN 背部祛痘去粉刺專用 石鹼潔膚皂 135g 平行進口 新舊版本隨機發貨,multipass-v1-lexical,373e0ce20215d71dcabbbc621467b5ca305632be55a597e0bc9b587bc775b755
H0967003_S_10215002,G5_7a51276b12a70ead,PELICAN 背部祛痘去粉刺·潔膚 香皂 135g (日本),4,PELICAN,soap_bar,135g,日本,1,4976631894225,背部粉刺痘痘祛痘香皂  135g (4976631894225)(平行進口),multipass-v1-lexical,373e0ce20215d71dcabbbc621467b5ca305632be55a597e0bc9b587bc775b755
B1506001_S_8852086002780,G5_41eea3fec5c67328,蛇牌 brand·snake·清新涼感 香皂 100g (泰國),4,蛇牌,soap_bar,100g,,1,8852086002780,Snake brand - 經典清新涼感皂 100g (平行進口),multipass-v1-lexical,373e0ce20215d71dcabbbc621467b5ca305632be55a597e0bc9b587bc775b755
H7273001_S_8852086002780,G5_41eea3fec5c67328,蛇牌 brand·snake·清新涼感 香皂 100g (泰國),4,蛇牌,soap_bar,100g,,1,8852086002780,Snake brand - 經典清新涼感皂 100g (平行進口),multipass-v1-lexical,373e0ce20215d71dcabbbc621467b5ca305632be55a597e0bc9b587bc775b755
H8196001_S_8852086922385,G5_41eea3fec5c67328,蛇牌 brand·snake·清新涼感 香皂 100g (泰國),4,蛇牌,soap_bar,100g,泰國,1,8852086002780;8852086922385,泰國Snake Brand蛇牌香皂玫瑰100g(平行進口)8852086002780,multipass-v1-lexical,373e0ce20215d71dcabbbc621467b5ca305632be55a597e0bc9b587bc775b755
H8424001_S_8852086922385,G5_41eea3fec5c67328,蛇牌 brand·snake·清新涼感 香皂 100g (泰國),4,蛇牌,soap_bar,100g,泰國,3,8852086922385,Snake Brand蛇牌香皂玫瑰100g x3 (平行進口),multipass-v1-lexical,373e0ce20215d71dcabbbc621467b5ca305632be55a597e0bc9b587bc775b755
B1583001_S_809280018619,G5_d2e5259a39eff88e,Fresh 睡蓮瑰麗·新日期·馥蕾詩 香皂 250g (法國),4,Fresh,soap_bar,250g,法國,1,,Fresh 馥蕾詩 睡蓮香皂250g,multipass-v1-lexical,373e0ce20215d71dcabbbc621467b5ca305632be55a597e0bc9b587bc775b755
H5627001_S_809280018619,G5_d2e5259a39eff88e,Fresh 睡蓮瑰麗·新日期·馥蕾詩 香皂 250g (法國),4,Fresh,soap_bar,250g,法國,1,,馥蕾詩 - 睡蓮瑰麗香皂 250g,multipass-v1-lexical,373e0ce20215d71dcabbbc621467b5ca305632be55a597e0bc9b587bc775b755
H5859001_S_ST3717,G5_d2e5259a39eff88e,Fresh 睡蓮瑰麗·新日期·馥蕾詩 香皂 250g (法國),4,Fresh,soap_bar,250g,法國,1,,睡蓮瑰麗香皂 250g,multipass-v1-lexical,373e0ce20215d71dcabbbc621467b5ca305632be55a597e0bc9b587bc775b755
H8976001_S_809280018619,G5_d2e5259a39eff88e,Fresh 睡蓮瑰麗·新日期·馥蕾詩 香皂 250g (法國),4,Fresh,soap_bar,250g,法國,1,,【香港行貨】【新日期】馥蕾詩睡蓮瑰麗香皂250g,multipass-v1-lexical,373e0ce20215d71dcabbbc621467b5ca305632be55a597e0bc9b587bc775b755
C0195001_S_9420015001228-HK,G5_fd30c644dd5c5485,ecostore 超敏感無香型山羊奶·孕嬰敏感肌可用·椰香 香皂 80g (紐西蘭),4,ecostore,soap_bar,80g,紐西蘭,1,,椰香香皂 80g 溫和去角質 敏感肌可用,multipass-v1-lexical,373e0ce20215d71dcabbbc621467b5ca305632be55a597e0bc9b587bc775b755
C0195001_S_9420015003130-HK1,G5_fd30c644dd5c5485,ecostore 超敏感無香型山羊奶·孕嬰敏感肌可用·椰香 香皂 80g (紐西蘭),4,ecostore,soap_bar,80g,紐西蘭,1,,超敏感無香型山羊奶香皂 80g 孕嬰敏感肌可用,multipass-v1-lexical,373e0ce20215d71dcabbbc621467b5ca305632be55a597e0bc9b587bc775b755
C0195002_S_9420015001228-HK,G5_fd30c644dd5c5485,ecostore 超敏感無香型山羊奶·孕嬰敏感肌可用·椰香 香皂 80g (紐西蘭),4,ecostore,soap_bar,80g,紐西蘭,1,,椰香香皂 80g 溫和去角質 敏感肌可用,multipass-v1-lexical,373e0ce20215d71dcabbbc621467b5ca305632be55a597e0bc9b587bc775b755
C0195002_S_9420015003130-HK,G5_fd30c644dd5c5485,ecostore 超敏感無香型山羊奶·孕嬰敏感肌可用·椰香 香皂 80g (紐西蘭),4,ecostore,soap_bar,80g,紐西蘭,1,,超敏感無香型山羊奶香皂 80g 孕嬰敏感肌可用,multipass-v1-lexical,373e0ce20215d71dcabbbc621467b5ca305632be55a597e0bc9b587bc775b755
H0883003_S_WA86017,G5_0e025f6711e39c9d,和光堂 嬰兒·蜜糖·護膚 香皂 85g (日本),4,和光堂,soap_bar,85g,日本,1,4987244286017,Wakodo嬰兒蜜糖梘 85g(1個)▼E1(86017)(香港行貨) | 蜜糖番梘 | 嬰兒肥皂 | 嬰兒番梘 | 香皂,multipass-v1-lexical,373e0ce20215d71dcabbbc621467b5ca305632be55a597e0bc9b587bc775b755
H8115001_S_KY-C00088,G5_0e025f6711e39c9d,和光堂 嬰兒·蜜糖·護膚 香皂 85g (日本),4,和光堂,soap_bar,85g,日本,1,4987244286017,嬰兒蜜糖梘 85g (4987244286017),multipass-v1-lexical,373e0ce20215d71dcabbbc621467b5ca305632be55a597e0bc9b587bc775b755
H9340001_S_5797,G5_0e025f6711e39c9d,和光堂 嬰兒·蜜糖·護膚 香皂 85g (日本),4,和光堂,UNKNOWN,85g,日本,1,4987244286017,蜜糖護膚 嬰兒蜜糖梘 85克 #86017,multipass-v1-lexical,373e0ce20215d71dcabbbc621467b5ca305632be55a597e0bc9b587bc775b755
H9564001_S_WA06HS85,G5_0e025f6711e39c9d,和光堂 嬰兒·蜜糖·護膚 香皂 85g (日本),4,和光堂,UNKNOWN,85g,日本,1,4987244286017,嬰兒蜜糖梘 85克 (4987244286017),multipass-v1-lexical,373e0ce20215d71dcabbbc621467b5ca305632be55a597e0bc9b587bc775b755
H5866001_S_ALEPIA-005,G5_c69e525af7b3f858,Alepia 敍利亞阿勒頗古·又名濕疹·月桂油 香皂 190g (阿拉伯敘利亞共和國(敘利亞)),4,Alepia,soap_bar,190g,阿拉伯敘利亞共和國(敘利亞),1,,敍利亞阿勒頗古皂(又名濕疹皂) - 橄欖油 、含40%月桂油,multipass-v1-lexical,373e0ce20215d71dcabbbc621467b5ca305632be55a597e0bc9b587bc775b755
S6114001_S_ALEPIA-001,G5_c69e525af7b3f858,Alepia 敍利亞阿勒頗古·又名濕疹·月桂油 香皂 190g (阿拉伯敘利亞共和國(敘利亞)),4,Alepia,soap_bar,190g,阿拉伯敘利亞共和國(敘利亞),1,,ALEPIA 敍利亞阿勒頗古皂(又名濕疹皂) - 橄欖油 、含1%月桂油,multipass-v1-lexical,373e0ce20215d71dcabbbc621467b5ca305632be55a597e0bc9b587bc775b755
S6114001_S_ALEPIA-002,G5_c69e525af7b3f858,Alepia 敍利亞阿勒頗古·又名濕疹·月桂油 香皂 190g (阿拉伯敘利亞共和國(敘利亞)),4,Alepia,soap_bar,190g,阿拉伯敘利亞共和國(敘利亞),1,,ALEPIA 敍利亞阿勒頗古皂(又名濕疹皂) - 橄欖油 、含5%月桂油,multipass-v1-lexical,373e0ce20215d71dcabbbc621467b5ca305632be55a597e0bc9b587bc775b755
S6114001_S_ALEPIA-005,G5_c69e525af7b3f858,Alepia 敍利亞阿勒頗古·又名濕疹·月桂油 香皂 190g (阿拉伯敘利亞共和國(敘利亞)),4,Alepia,soap_bar,190g,阿拉伯敘利亞共和國(敘利亞),1,,ALEPIA 敍利亞阿勒頗古皂(又名濕疹皂) - 橄欖油 、含40%月桂油,multipass-v1-lexical,373e0ce20215d71dcabbbc621467b5ca305632be55a597e0bc9b587bc775b755
H6141001_S_A401,G5_192d1048bdf24777,NAJEL 大馬士革玫瑰·黑茴香油·阿勒頗 香皂 100g (阿拉伯敘利亞共和國(敘利亞)),4,NAJEL,soap_bar,100g,阿拉伯敘利亞共和國(敘利亞),1,,黑茴香油 阿勒頗天然手工古皂 香港行貨 法國品牌 #2984,multipass-v1-lexical,373e0ce20215d71dcabbbc621467b5ca305632be55a597e0bc9b587bc775b755
H6173001_S_NAJEL-BK-CUMIN,G5_192d1048bdf24777,NAJEL 大馬士革玫瑰·黑茴香油·阿勒頗 香皂 100g (阿拉伯敘利亞共和國(敘利亞)),4,NAJEL,soap_bar,100g,阿拉伯敘利亞共和國(敘利亞),1,,黑茴香油 阿勒頗天然手工皂 法國品牌 香港行貨 包裝隨機發貨,multipass-v1-lexical,373e0ce20215d71dcabbbc621467b5ca305632be55a597e0bc9b587bc775b755
H6173001_S_NAJEL-ROSE,G5_192d1048bdf24777,NAJEL 大馬士革玫瑰·黑茴香油·阿勒頗 香皂 100g (阿拉伯敘利亞共和國(敘利亞)),4,NAJEL,soap_bar,100g,阿拉伯敘利亞共和國(敘利亞),1,,有機大馬士革玫瑰 阿勒頗天然手工皂 法國品牌 香港行貨 包裝隨機發貨,multipass-v1-lexical,373e0ce20215d71dcabbbc621467b5ca305632be55a597e0bc9b587bc775b755
H7517001_S_NAJ0058,G5_192d1048bdf24777,NAJEL 大馬士革玫瑰·黑茴香油·阿勒頗 香皂 100g (阿拉伯敘利亞共和國(敘利亞)),4,NAJEL,soap_bar,100g,阿拉伯敘利亞共和國(敘利亞),1,,【法國品牌】阿勒頗天然有機大馬士革玫瑰手工皂（100g）【平行進口】,multipass-v1-lexical,373e0ce20215d71dcabbbc621467b5ca305632be55a597e0bc9b587bc775b755
H7343002_S_HK230502JJQT07214RMN05,G5_9dcbd88b17863f9c,洗臉潔面·海鹽 香皂 規格未知 (中國),4,,soap_bar,,中國,1,,拉絲皂除蟎海鹽蠶絲香皂洗臉潔面手工皂 5塊一套 香皂,multipass-v1-lexical,373e0ce20215d71dcabbbc621467b5ca305632be55a597e0bc9b587bc775b755
H7343003_S_HK230502JJQT07214RMN05,G5_9dcbd88b17863f9c,洗臉潔面·海鹽 香皂 規格未知 (中國),4,,soap_bar,,中國,1,,拉絲皂除蟎海鹽蠶絲香皂洗臉潔面手工皂 5塊一套 香皂,multipass-v1-lexical,373e0ce20215d71dcabbbc621467b5ca305632be55a597e0bc9b587bc775b755
H7343013_S_HK230502JJQT07214RMN05,G5_9dcbd88b17863f9c,洗臉潔面·海鹽 香皂 規格未知 (中國),4,,soap_bar,,中國,1,,拉絲皂除蟎海鹽蠶絲香皂洗臉潔面手工皂 5塊一套 香皂,multipass-v1-lexical,373e0ce20215d71dcabbbc621467b5ca305632be55a597e0bc9b587bc775b755
H7343015_S_HK230502JJQT07214RMN05,G5_9dcbd88b17863f9c,洗臉潔面·海鹽 香皂 規格未知 (中國),4,,soap_bar,,中國,1,,拉絲皂除蟎海鹽蠶絲香皂洗臉潔面手工皂 5塊一套 香皂,multipass-v1-lexical,373e0ce20215d71dcabbbc621467b5ca305632be55a597e0bc9b587bc775b755
H7343002_S_HK240123JJQT10779RMN01,G5_8959a50d095a5e98,止汗/體香 20pc (中國),4,,deodorant,20pc,中國,1,,【20片】超薄腋下吸汗貼 除味消臭防尷尬 一盒20片,multipass-v1-lexical,373e0ce20215d71dcabbbc621467b5ca305632be55a597e0bc9b587bc775b755
H7343003_S_HK240123JJQT10779RMN01,G5_8959a50d095a5e98,止汗/體香 20pc (中國),4,,deodorant,20pc,中國,1,,【20片】超薄腋下吸汗貼 除味消臭防尷尬 一盒20片,multipass-v1-lexical,373e0ce20215d71dcabbbc621467b5ca305632be55a597e0bc9b587bc775b755
H7343013_S_HK240123JJQT10779RMN01,G5_8959a50d095a5e98,止汗/體香 20pc (中國),4,,deodorant,20pc,中國,1,,[20片] 超薄腋下吸汗貼 除味消臭防尷尬 一盒,multipass-v1-lexical,373e0ce20215d71dcabbbc621467b5ca305632be55a597e0bc9b587bc775b755
H7343015_S_HK240123JJQT10779RMN01,G5_8959a50d095a5e98,止汗/體香 20pc (中國),4,,deodorant,20pc,中國,1,,【20片】超薄腋下吸汗貼 除味消臭防尷尬 一盒20片,multipass-v1-lexical,373e0ce20215d71dcabbbc621467b5ca305632be55a597e0bc9b587bc775b755
H7473001_S_DHBS1011,G5_8ce3f281b1a8b3fa,dindinaturals 西伯利亞冷杉·平衡收斂·草本香療 香皂 110g (澳洲),4,dindinaturals,soap_bar,110g,澳洲,1,,"冷杉手工皂﹒平衡收斂 (迷迭香, 西伯利亞冷杉 + 雪松)",multipass-v1-lexical,373e0ce20215d71dcabbbc621467b5ca305632be55a597e0bc9b587bc775b755
H7473001_S_DHBS1011K,G5_8ce3f281b1a8b3fa,dindinaturals 西伯利亞冷杉·平衡收斂·草本香療 香皂 110g (澳洲),4,dindinaturals,soap_bar,110g,澳洲,4,,"冷杉手工皂﹒平衡收斂 (迷迭香, 西伯利亞冷杉 + 雪松)﹒110克 x 4件",multipass-v1-lexical,373e0ce20215d71dcabbbc621467b5ca305632be55a597e0bc9b587bc775b755
H7473001_S_DHBS1017,G5_8ce3f281b1a8b3fa,dindinaturals 西伯利亞冷杉·平衡收斂·草本香療 香皂 110g (澳洲),4,dindinaturals,soap_bar,110g,澳洲,1,,"草本香療手工皂﹒平衡收斂 (馬鬱蘭, 鼠尾草, 羅勒+迷迭香)",multipass-v1-lexical,373e0ce20215d71dcabbbc621467b5ca305632be55a597e0bc9b587bc775b755
H7473001_S_DHBS1017K,G5_8ce3f281b1a8b3fa,dindinaturals 西伯利亞冷杉·平衡收斂·草本香療 香皂 110g (澳洲),4,dindinaturals,soap_bar,110g,澳洲,4,,"草本香療手工皂﹒平衡收斂 (馬鬱蘭, 鼠尾草, 羅勒+迷迭香)﹒110克 x 4件",multipass-v1-lexical,373e0ce20215d71dcabbbc621467b5ca305632be55a597e0bc9b587bc775b755
H7473001_S_DHBS1022,G5_da7579ccff662e21,dindinaturals 檸檬香桃木·檸檬奶昔·可可脂 香皂 110g (澳洲),4,dindinaturals,soap_bar,110g,澳洲,1,,"檸檬奶昔手工皂﹒滋潤抗菌 (檸檬香桃木, 廣藿香 + 可可脂)",multipass-v1-lexical,373e0ce20215d71dcabbbc621467b5ca305632be55a597e0bc9b587bc775b755
H7473001_S_DHBS1022K,G5_da7579ccff662e21,dindinaturals 檸檬香桃木·檸檬奶昔·可可脂 香皂 110g (澳洲),4,dindinaturals,soap_bar,110g,澳洲,4,,"檸檬奶昔手工皂﹒滋潤抗菌 (檸檬香桃木, 廣藿香 + 可可脂)﹒110克 x 4件",multipass-v1-lexical,373e0ce20215d71dcabbbc621467b5ca305632be55a597e0bc9b587bc775b755
H7473001_S_DHBS1036,G5_da7579ccff662e21,dindinaturals 檸檬香桃木·檸檬奶昔·可可脂 香皂 110g (澳洲),4,dindinaturals,soap_bar,110g,澳洲,1,,廣藿香手工皂﹒抗敏修護 (廣藿香 + 可可脂),multipass-v1-lexical,373e0ce20215d71dcabbbc621467b5ca305632be55a597e0bc9b587bc775b755
H7473001_S_DHBS1036K,G5_da7579ccff662e21,dindinaturals 檸檬香桃木·檸檬奶昔·可可脂 香皂 110g (澳洲),4,dindinaturals,soap_bar,110g,澳洲,4,,廣藿香手工皂﹒抗敏修護 (廣藿香 + 可可脂)﹒110克 x 4件,multipass-v1-lexical,373e0ce20215d71dcabbbc621467b5ca305632be55a597e0bc9b587bc775b755
H8427001_S_9329401000107,G5_29daf56b573d2945,THE GOAT SKINCARE 山羊奶·原味 香皂 100g (澳洲),4,THE GOAT SKINCARE,soap_bar,100g,澳洲,1,9329401000107,山羊奶皂 原味 100g (平行進口),multipass-v1-lexical,373e0ce20215d71dcabbbc621467b5ca305632be55a597e0bc9b587bc775b755
H8427001_S_9329401000107-01,G5_29daf56b573d2945,THE GOAT SKINCARE 山羊奶·原味 香皂 100g (澳洲),4,THE GOAT SKINCARE,soap_bar,100g,澳洲,12,,【原盒×12個】  原味 山羊奶皂 100g (平行進口),multipass-v1-lexical,373e0ce20215d71dcabbbc621467b5ca305632be55a597e0bc9b587bc775b755
S6375001_S_9329401000107,G5_29daf56b573d2945,THE GOAT SKINCARE 山羊奶·原味 香皂 100g (澳洲),4,THE GOAT SKINCARE,soap_bar,100g,澳洲,1,9329401000107,山羊奶皂 原味 100g (平行進口),multipass-v1-lexical,373e0ce20215d71dcabbbc621467b5ca305632be55a597e0bc9b587bc775b755
S6375001_S_9329401000107-01,G5_29daf56b573d2945,THE GOAT SKINCARE 山羊奶·原味 香皂 100g (澳洲),4,THE GOAT SKINCARE,soap_bar,100g,澳洲,12,,【原盒×12個】  原味 山羊奶皂 100g (平行進口),multipass-v1-lexical,373e0ce20215d71dcabbbc621467b5ca305632be55a597e0bc9b587bc775b755
H8427001_S_9329401000169,G5_d4eec0a0b5026555,THE GOAT SKINCARE 山羊奶·檸檬味 香皂 100g (澳洲),4,THE GOAT SKINCARE,soap_bar,100g,澳洲,1,9329401000169,山羊奶皂 檸檬味 100g (平行進口),multipass-v1-lexical,373e0ce20215d71dcabbbc621467b5ca305632be55a597e0bc9b587bc775b755
H8427001_S_9329401000169-01,G5_d4eec0a0b5026555,THE GOAT SKINCARE 山羊奶·檸檬味 香皂 100g (澳洲),4,THE GOAT SKINCARE,soap_bar,100g,澳洲,12,,【原盒×12個】 檸檬味 山羊奶皂 100g (平行進口),multipass-v1-lexical,373e0ce20215d71dcabbbc621467b5ca305632be55a597e0bc9b587bc775b755
S6375001_S_9329401000169,G5_d4eec0a0b5026555,THE GOAT SKINCARE 山羊奶·檸檬味 香皂 100g (澳洲),4,THE GOAT SKINCARE,soap_bar,100g,澳洲,1,9329401000169,山羊奶皂 檸檬味 100g (平行進口),multipass-v1-lexical,373e0ce20215d71dcabbbc621467b5ca305632be55a597e0bc9b587bc775b755
S6375001_S_9329401000169-01,G5_d4eec0a0b5026555,THE GOAT SKINCARE 山羊奶·檸檬味 香皂 100g (澳洲),4,THE GOAT SKINCARE,soap_bar,100g,澳洲,12,,【原盒×12個】 檸檬味 山羊奶皂 100g (平行進口),multipass-v1-lexical,373e0ce20215d71dcabbbc621467b5ca305632be55a597e0bc9b587bc775b755
H8427001_S_9329401000183,G5_b77b3c4f4313bede,THE GOAT SKINCARE 山羊奶·燕麥味 香皂 100g (澳洲),4,THE GOAT SKINCARE,soap_bar,100g,澳洲,1,9329401000183,山羊奶皂 燕麥味 100g (平行進口),multipass-v1-lexical,373e0ce20215d71dcabbbc621467b5ca305632be55a597e0bc9b587bc775b755
H8427001_S_9329401000183-01,G5_b77b3c4f4313bede,THE GOAT SKINCARE 山羊奶·燕麥味 香皂 100g (澳洲),4,THE GOAT SKINCARE,soap_bar,100g,澳洲,12,,【原盒×12個】 燕麥味 山羊奶皂 100g (平行進口),multipass-v1-lexical,373e0ce20215d71dcabbbc621467b5ca305632be55a597e0bc9b587bc775b755
S6375001_S_9329401000183,G5_b77b3c4f4313bede,THE GOAT SKINCARE 山羊奶·燕麥味 香皂 100g (澳洲),4,THE GOAT SKINCARE,soap_bar,100g,澳洲,1,9329401000183,山羊奶皂 燕麥味 100g (平行進口),multipass-v1-lexical,373e0ce20215d71dcabbbc621467b5ca305632be55a597e0bc9b587bc775b755
S6375001_S_9329401000183-01,G5_b77b3c4f4313bede,THE GOAT SKINCARE 山羊奶·燕麥味 香皂 100g (澳洲),4,THE GOAT SKINCARE,soap_bar,100g,澳洲,12,,【原盒×12個】 燕麥味 山羊奶皂 100g (平行進口),multipass-v1-lexical,373e0ce20215d71dcabbbc621467b5ca305632be55a597e0bc9b587bc775b755
H8427001_S_9329401000435,G5_b6401bedb1e17ec1,THE GOAT SKINCARE 亞麻籽油味·山羊奶 香皂 100g (澳洲),4,THE GOAT SKINCARE,soap_bar,100g,澳洲,1,9329401000435,山羊奶皂 亞麻籽油味 100g (平行進口),multipass-v1-lexical,373e0ce20215d71dcabbbc621467b5ca305632be55a597e0bc9b587bc775b755
H8427001_S_9329401000435-01,G5_b6401bedb1e17ec1,THE GOAT SKINCARE 亞麻籽油味·山羊奶 香皂 100g (澳洲),4,THE GOAT SKINCARE,soap_bar,100g,澳洲,12,,【原盒×12個】 亞麻籽油味 山羊奶皂  100g (平行進口),multipass-v1-lexical,373e0ce20215d71dcabbbc621467b5ca305632be55a597e0bc9b587bc775b755
S6375001_S_9329401000435,G5_b6401bedb1e17ec1,THE GOAT SKINCARE 亞麻籽油味·山羊奶 香皂 100g (澳洲),4,THE GOAT SKINCARE,soap_bar,100g,澳洲,1,9329401000435,山羊奶皂 亞麻籽油味 100g (平行進口),multipass-v1-lexical,373e0ce20215d71dcabbbc621467b5ca305632be55a597e0bc9b587bc775b755
S6375001_S_9329401000435-01,G5_b6401bedb1e17ec1,THE GOAT SKINCARE 亞麻籽油味·山羊奶 香皂 100g (澳洲),4,THE GOAT SKINCARE,soap_bar,100g,澳洲,12,,【原盒×12個】 亞麻籽油味 山羊奶皂  100g (平行進口),multipass-v1-lexical,373e0ce20215d71dcabbbc621467b5ca305632be55a597e0bc9b587bc775b755
H8427001_S_9329401000800,G5_8231bd29ef2fb5a7,THE GOAT SKINCARE 山羊奶·椰子味 香皂 100g (澳洲),4,THE GOAT SKINCARE,soap_bar,100g,澳洲,1,9329401000800,山羊奶皂 椰子味 100g (平行進口),multipass-v1-lexical,373e0ce20215d71dcabbbc621467b5ca305632be55a597e0bc9b587bc775b755
H8427001_S_9329401000800-01,G5_8231bd29ef2fb5a7,THE GOAT SKINCARE 山羊奶·椰子味 香皂 100g (澳洲),4,THE GOAT SKINCARE,soap_bar,100g,澳洲,12,,【原盒×12個】 椰子味 山羊奶皂 100g (平行進口),multipass-v1-lexical,373e0ce20215d71dcabbbc621467b5ca305632be55a597e0bc9b587bc775b755
S6375001_S_9329401000800,G5_8231bd29ef2fb5a7,THE GOAT SKINCARE 山羊奶·椰子味 香皂 100g (澳洲),4,THE GOAT SKINCARE,soap_bar,100g,澳洲,1,9329401000800,山羊奶皂 椰子味 100g (平行進口),multipass-v1-lexical,373e0ce20215d71dcabbbc621467b5ca305632be55a597e0bc9b587bc775b755
S6375001_S_9329401000800-01,G5_8231bd29ef2fb5a7,THE GOAT SKINCARE 山羊奶·椰子味 香皂 100g (澳洲),4,THE GOAT SKINCARE,soap_bar,100g,澳洲,12,,【原盒×12個】 椰子味 山羊奶皂 100g (平行進口),multipass-v1-lexical,373e0ce20215d71dcabbbc621467b5ca305632be55a597e0bc9b587bc775b755
H8427001_S_9329401000817,G5_f8f688cd0b545c6d,THE GOAT SKINCARE 山羊奶·木瓜味 香皂 100g (澳洲),4,THE GOAT SKINCARE,soap_bar,100g,澳洲,1,9329401000817,山羊奶皂 木瓜味 100g (平行進口),multipass-v1-lexical,373e0ce20215d71dcabbbc621467b5ca305632be55a597e0bc9b587bc775b755
H8427001_S_9329401000817-01,G5_f8f688cd0b545c6d,THE GOAT SKINCARE 山羊奶·木瓜味 香皂 100g (澳洲),4,THE GOAT SKINCARE,soap_bar,100g,澳洲,12,,【原盒×12個】 木瓜味 山羊奶皂 100g (平行進口),multipass-v1-lexical,373e0ce20215d71dcabbbc621467b5ca305632be55a597e0bc9b587bc775b755
S6375001_S_9329401000817,G5_f8f688cd0b545c6d,THE GOAT SKINCARE 山羊奶·木瓜味 香皂 100g (澳洲),4,THE GOAT SKINCARE,soap_bar,100g,澳洲,1,9329401000817,山羊奶皂 木瓜味 100g (平行進口),multipass-v1-lexical,373e0ce20215d71dcabbbc621467b5ca305632be55a597e0bc9b587bc775b755
S6375001_S_9329401000817-01,G5_f8f688cd0b545c6d,THE GOAT SKINCARE 山羊奶·木瓜味 香皂 100g (澳洲),4,THE GOAT SKINCARE,soap_bar,100g,澳洲,12,,【原盒×12個】 木瓜味 山羊奶皂 100g (平行進口),multipass-v1-lexical,373e0ce20215d71dcabbbc621467b5ca305632be55a597e0bc9b587bc775b755
S3046001_S_GN-SB-FL-01,G5_717098e34d295ea5,GrabNat 乳香薰衣草 香皂 100g (土耳其),4,GrabNat,soap_bar,100g,土耳其,1,,GrabNat 乳香薰衣草手工冷製香皂（1×100克）,multipass-v1-lexical,373e0ce20215d71dcabbbc621467b5ca305632be55a597e0bc9b587bc775b755
S3046001_S_GN-SB-FL-04,G5_717098e34d295ea5,GrabNat 乳香薰衣草 香皂 100g (土耳其),4,GrabNat,soap_bar,100g,土耳其,4,,GrabNat 乳香薰衣草手工冷製香皂四入裝（4×100克）,multipass-v1-lexical,373e0ce20215d71dcabbbc621467b5ca305632be55a597e0bc9b587bc775b755
S3046001_S_GN-SB-LA-01,G5_717098e34d295ea5,GrabNat 乳香薰衣草 香皂 100g (土耳其),4,GrabNat,soap_bar,100g,土耳其,1,,天然薰衣草手工皂 100克,multipass-v1-lexical,373e0ce20215d71dcabbbc621467b5ca305632be55a597e0bc9b587bc775b755
S3046001_S_GN-SB-LA-04,G5_717098e34d295ea5,GrabNat 乳香薰衣草 香皂 100g (土耳其),4,GrabNat,soap_bar,100g,土耳其,4,,薰衣草天然手工皂 4件裝（4 x 100克）,multipass-v1-lexical,373e0ce20215d71dcabbbc621467b5ca305632be55a597e0bc9b587bc775b755
B0153002_S_4103040000422,G5_9939c58ad80635dd,施巴 乾燥肌膚·橄欖潔膚·不同 香皂 150g (德國),3,施巴,soap_bar,150g,德國,1,4103040000422,Ph5.5 橄欖潔膚皂 (香皂) 150g (平行進口) 不同包裝隨機出貨 (適合敏感、乾燥肌膚)  EXP:2028+,multipass-v1-lexical,373e0ce20215d71dcabbbc621467b5ca305632be55a597e0bc9b587bc775b755
H7915001_S_4103040000422,G5_9939c58ad80635dd,施巴 乾燥肌膚·橄欖潔膚·不同 香皂 150g (德國),3,施巴,soap_bar,150g,德國,1,4103040000422,橄欖潔膚皂/香皂（EXP 2028年） (適合敏感、乾燥肌膚) 150g [平行進口] *不同包裝版本可能隨機出貨*,multipass-v1-lexical,373e0ce20215d71dcabbbc621467b5ca305632be55a597e0bc9b587bc775b755
H8765001_S_25309,G5_9939c58ad80635dd,施巴 乾燥肌膚·橄欖潔膚·不同 香皂 150g (德國),3,施巴,soap_bar,150g,德國,1,4103040000422,PH5.5 橄欖潔膚皂/香皂 150g | 4103040000422 | 平行進口商品,multipass-v1-lexical,373e0ce20215d71dcabbbc621467b5ca305632be55a597e0bc9b587bc775b755
B0216001_S_4892659051573,G5_bc2889526d2e7053,膚適 rams·松焦油·英國 未分類 100g (歐盟),3,膚適,UNKNOWN,100g,,1,4892659051573,英國膚適 松焦油梘 100GRAMS（4892659051573）,multipass-v1-lexical,373e0ce20215d71dcabbbc621467b5ca305632be55a597e0bc9b587bc775b755
H9357001_S_4892659051573,G5_bc2889526d2e7053,膚適 rams·松焦油·英國 未分類 100g (歐盟),3,膚適,UNKNOWN,100g,,1,4892659051573,英國膚適 松焦油梘 100GRAMS（4892659051573）,multipass-v1-lexical,373e0ce20215d71dcabbbc621467b5ca305632be55a597e0bc9b587bc775b755
H9564001_S_EP06PS100,G5_bc2889526d2e7053,膚適 rams·松焦油·英國 未分類 100g (歐盟),3,膚適,UNKNOWN,100g,歐盟,1,4892659051573,英國膚適 松焦油梘 100GRAMS (4892659051573),multipass-v1-lexical,373e0ce20215d71dcabbbc621467b5ca305632be55a597e0bc9b587bc775b755
B0216001_S_6901404601258,G5_aefa6bc706d77459,蜂花 香皂 125g (中國),3,蜂花,soap_bar,125g,中國,4,6901404601258;6901404912514,蜂花 - 檀香皂125g×4（6901404912514）(新舊包裝隨機發送),multipass-v1-lexical,373e0ce20215d71dcabbbc621467b5ca305632be55a597e0bc9b587bc775b755
H9299001_S_6901404912514,G5_aefa6bc706d77459,蜂花 香皂 125g (中國),3,蜂花,soap_bar,125g,中國,4,6901404912514,香皂 白檀晚玉125克x4件 【6901404912514】,multipass-v1-lexical,373e0ce20215d71dcabbbc621467b5ca305632be55a597e0bc9b587bc775b755
H9357001_S_6901404601258,G5_aefa6bc706d77459,蜂花 香皂 125g (中國),3,蜂花,soap_bar,125g,中國,4,6901404601258;6901404912514,蜂花 - 檀香皂125g×4（6901404912514）(新舊包裝隨機發送),multipass-v1-lexical,373e0ce20215d71dcabbbc621467b5ca305632be55a597e0bc9b587bc775b755
B0446001_S_Ehome-0009,G5_851305b4e3af9acd,薄荷味 皂紙 50pc (中國),3,,soap_paper,50pc,中國,1,,(50片薄荷味）日本便攜香皂紙 /兒童洗手香皂片 /外出旅行/防疫衛生殺菌/一次性番梘紙,multipass-v1-lexical,373e0ce20215d71dcabbbc621467b5ca305632be55a597e0bc9b587bc775b755
H8513001_S_Ehome-0009,G5_851305b4e3af9acd,薄荷味 皂紙 50pc (中國),3,,soap_paper,50pc,中國,1,,(50片薄荷味）日本便攜香皂紙 /兒童洗手香皂片 /外出旅行/防疫衛生殺菌/一次性番梘紙,multipass-v1-lexical,373e0ce20215d71dcabbbc621467b5ca305632be55a597e0bc9b587bc775b755
H8513003_S_Ehome-0009,G5_851305b4e3af9acd,薄荷味 皂紙 50pc (中國),3,,soap_paper,50pc,中國,1,,(50片薄荷味）日本便攜香皂紙 /兒童洗手香皂片 /外出旅行/防疫衛生殺菌/一次性番梘紙,multipass-v1-lexical,373e0ce20215d71dcabbbc621467b5ca305632be55a597e0bc9b587bc775b755
B0446001_S_Ehome-0010,G5_4ad3a8e2c458a092,蘋果味 皂紙 50pc (中國),3,,soap_paper,50pc,中國,1,,(50片蘋果味）日本便攜香皂紙 /兒童洗手香皂片 /外出旅行/防疫衛生殺菌/一次性番梘紙,multipass-v1-lexical,373e0ce20215d71dcabbbc621467b5ca305632be55a597e0bc9b587bc775b755
H8513001_S_Ehome-0010,G5_4ad3a8e2c458a092,蘋果味 皂紙 50pc (中國),3,,soap_paper,50pc,中國,1,,(50片蘋果味）日本便攜香皂紙 /兒童洗手香皂片 /外出旅行/防疫衛生殺菌/一次性番梘紙,multipass-v1-lexical,373e0ce20215d71dcabbbc621467b5ca305632be55a597e0bc9b587bc775b755
H8513003_S_Ehome-0010,G5_4ad3a8e2c458a092,蘋果味 皂紙 50pc (中國),3,,soap_paper,50pc,中國,1,,(50片蘋果味）日本便攜香皂紙 /兒童洗手香皂片 /外出旅行/防疫衛生殺菌/一次性番梘紙,multipass-v1-lexical,373e0ce20215d71dcabbbc621467b5ca305632be55a597e0bc9b587bc775b755
B0446001_S_Ehome-0011,G5_7198d7b87568ef73,草莓味 皂紙 50pc (中國),3,,soap_paper,50pc,中國,1,,(50片草莓味）日本便攜香皂紙 /兒童洗手香皂片 /外出旅行/防疫衛生殺菌/一次性番梘紙,multipass-v1-lexical,373e0ce20215d71dcabbbc621467b5ca305632be55a597e0bc9b587bc775b755
H8513001_S_Ehome-0011,G5_7198d7b87568ef73,草莓味 皂紙 50pc (中國),3,,soap_paper,50pc,中國,1,,(50片草莓味）日本便攜香皂紙 /兒童洗手香皂片 /外出旅行/防疫衛生殺菌/一次性番梘紙,multipass-v1-lexical,373e0ce20215d71dcabbbc621467b5ca305632be55a597e0bc9b587bc775b755
H8513003_S_Ehome-0011,G5_7198d7b87568ef73,草莓味 皂紙 50pc (中國),3,,soap_paper,50pc,中國,1,,(50片草莓味）日本便攜香皂紙 /兒童洗手香皂片 /外出旅行/防疫衛生殺菌/一次性番梘紙,multipass-v1-lexical,373e0ce20215d71dcabbbc621467b5ca305632be55a597e0bc9b587bc775b755
B0446001_S_Ehome-0012,G5_468e146a56ec661a,檸檬味 皂紙 50pc (中國),3,,soap_paper,50pc,中國,1,,(50片檸檬味）日本便攜香皂紙 /兒童洗手香皂片 /外出旅行/防疫衛生殺菌/一次性番梘紙,multipass-v1-lexical,373e0ce20215d71dcabbbc621467b5ca305632be55a597e0bc9b587bc775b755
H8513001_S_Ehome-0012,G5_468e146a56ec661a,檸檬味 皂紙 50pc (中國),3,,soap_paper,50pc,中國,1,,(50片檸檬味）日本便攜香皂紙 /兒童洗手香皂片 /外出旅行/防疫衛生殺菌/一次性番梘紙,multipass-v1-lexical,373e0ce20215d71dcabbbc621467b5ca305632be55a597e0bc9b587bc775b755
H8513003_S_Ehome-0012,G5_468e146a56ec661a,檸檬味 皂紙 50pc (中國),3,,soap_paper,50pc,中國,1,,(50片檸檬味）日本便攜香皂紙 /兒童洗手香皂片 /外出旅行/防疫衛生殺菌/一次性番梘紙,multipass-v1-lexical,373e0ce20215d71dcabbbc621467b5ca305632be55a597e0bc9b587bc775b755
B0446001_S_Ehome-0158,G5_ba68624e280d593e,薰衣草 皂紙 50pc (中國),3,,soap_paper,50pc,中國,1,,(50片薰衣草）日本便攜香皂紙 /兒童洗手香皂片 /外出旅行/防疫衛生殺菌/一次性番梘紙,multipass-v1-lexical,373e0ce20215d71dcabbbc621467b5ca305632be55a597e0bc9b587bc775b755
H8513001_S_Ehome-0158,G5_ba68624e280d593e,薰衣草 皂紙 50pc (中國),3,,soap_paper,50pc,中國,1,,(50片薰衣草）日本便攜香皂紙 /兒童洗手香皂片 /外出旅行/防疫衛生殺菌/一次性番梘紙,multipass-v1-lexical,373e0ce20215d71dcabbbc621467b5ca305632be55a597e0bc9b587bc775b755
H8513003_S_Ehome-0158,G5_ba68624e280d593e,薰衣草 皂紙 50pc (中國),3,,soap_paper,50pc,中國,1,,(50片薰衣草）日本便攜香皂紙 /兒童洗手香皂片 /外出旅行/防疫衛生殺菌/一次性番梘紙,multipass-v1-lexical,373e0ce20215d71dcabbbc621467b5ca305632be55a597e0bc9b587bc775b755
B0969001_S_3549620005332,G5_80358f96656ade24,小橄欖樹 摩洛哥堅果油·橄欖油馬賽·甘油馬賽 香皂 100g (法國),3,小橄欖樹,soap_bar,100g,法國,1,3549620005332,草本溫和潤膚皂摩洛哥堅果油100g #植物皂 #草本精華 #橄欖油,multipass-v1-lexical,373e0ce20215d71dcabbbc621467b5ca305632be55a597e0bc9b587bc775b755
B0969001_S_3549620005844,G5_80358f96656ade24,小橄欖樹 摩洛哥堅果油·橄欖油馬賽·甘油馬賽 香皂 100g (法國),3,小橄欖樹,soap_bar,100g,法國,3,3549620005844,甘油馬賽皂 3 x 100g #植物油 #橄欖油,multipass-v1-lexical,373e0ce20215d71dcabbbc621467b5ca305632be55a597e0bc9b587bc775b755
B0969001_S_3549620005851,G5_80358f96656ade24,小橄欖樹 摩洛哥堅果油·橄欖油馬賽·甘油馬賽 香皂 100g (法國),3,小橄欖樹,soap_bar,100g,法國,3,3549620005851,橄欖油馬賽皂 3 x 100g #植物油 #橄欖油,multipass-v1-lexical,373e0ce20215d71dcabbbc621467b5ca305632be55a597e0bc9b587bc775b755
B1064001_S_H195001,G5_a159342afa8fc0b2,Hermès orange·verte·愛馬仕 香皂 25g (法國),3,Hermès,soap_bar,25g,法國,1,,Eau d'Orange Verte 香皂 精簡裝 25g (平行進口),multipass-v1-lexical,373e0ce20215d71dcabbbc621467b5ca305632be55a597e0bc9b587bc775b755
H6167001_S_H195001,G5_a159342afa8fc0b2,Hermès orange·verte·愛馬仕 香皂 25g (法國),3,Hermès,soap_bar,25g,法國,1,,愛馬仕 Eau d'Orange Verte 香皂 精簡裝 25g (平行進口),multipass-v1-lexical,373e0ce20215d71dcabbbc621467b5ca305632be55a597e0bc9b587bc775b755
H7096001_S_H195001,G5_a159342afa8fc0b2,Hermès orange·verte·愛馬仕 香皂 25g (法國),3,Hermès,soap_bar,25g,法國,1,,愛馬仕 Eau d'Orange Verte 香皂 精簡裝 25g (平行進口),multipass-v1-lexical,373e0ce20215d71dcabbbc621467b5ca305632be55a597e0bc9b587bc775b755
B1583001_S_809280018565,G5_54cd69cbe6668722,Fresh 小蒼蘭瑰麗·新日期·馥蕾詩 香皂 250g (法國),3,Fresh,soap_bar,250g,法國,1,,Fresh 馥蕾詩 小蒼蘭香皂250g,multipass-v1-lexical,373e0ce20215d71dcabbbc621467b5ca305632be55a597e0bc9b587bc775b755
H5985001_S_018565_809280018565,G5_54cd69cbe6668722,Fresh 小蒼蘭瑰麗·新日期·馥蕾詩 香皂 250g (法國),3,Fresh,soap_bar,250g,,1,,小蒼蘭瑰麗香皂 250g  [平行進口],multipass-v1-lexical,373e0ce20215d71dcabbbc621467b5ca305632be55a597e0bc9b587bc775b755
H8976001_S_809280018565,G5_54cd69cbe6668722,Fresh 小蒼蘭瑰麗·新日期·馥蕾詩 香皂 250g (法國),3,Fresh,soap_bar,250g,法國,1,,【香港行貨】【新日期】馥蕾詩小蒼蘭瑰麗香皂250g,multipass-v1-lexical,373e0ce20215d71dcabbbc621467b5ca305632be55a597e0bc9b587bc775b755
C0065001_S_6094250909320_H,G5_af54f205371dec47,幽蓮魅膚·盈潤煥采·力士 香皂 105g (中國),3,,soap_bar,105g,,5,,力士香皂 盈潤煥采 + 幽蓮魅膚 105g*5 溫和清潔 保濕潤膚 香氛持久 5 塊裝,multipass-v1-lexical,373e0ce20215d71dcabbbc621467b5ca305632be55a597e0bc9b587bc775b755
C0702001_S_6078124561572_H,G5_af54f205371dec47,幽蓮魅膚·盈潤煥采·力士 香皂 105g (中國),3,,soap_bar,105g,,5,6078124561572,力士香皂 盈潤煥采 + 幽蓮魅膚 105g*5 溫和清潔 保濕潤膚 香氛持久 5 塊裝,multipass-v1-lexical,373e0ce20215d71dcabbbc621467b5ca305632be55a597e0bc9b587bc775b755
C0830001_S_6094250909320_H,G5_af54f205371dec47,幽蓮魅膚·盈潤煥采·力士 香皂 105g (中國),3,,soap_bar,105g,中國,5,,力士香皂 盈潤煥采 + 幽蓮魅膚 105g*5 溫和清潔 保濕潤膚 香氛持久 5 塊裝,multipass-v1-lexical,373e0ce20215d71dcabbbc621467b5ca305632be55a597e0bc9b587bc775b755
C0065001_S_6258748387002_H,G5_00673a4c0a797dd0,幽蓮魅膚·力士·清香 香皂 105g (中國),3,,soap_bar,105g,,1,,力士香皂 絲滑潤膚 + 幽蓮魅膚 105g3 塊 + 105g2 絲滑潤膚 幽蓮清香 溫和清潔 保濕不緊繃,multipass-v1-lexical,373e0ce20215d71dcabbbc621467b5ca305632be55a597e0bc9b587bc775b755
C0702001_S_6078159865995_H,G5_00673a4c0a797dd0,幽蓮魅膚·力士·清香 香皂 105g (中國),3,,soap_bar,105g,,1,,力士香皂 絲滑潤膚 + 幽蓮魅膚 105g3 塊 + 105g2 絲滑潤膚 幽蓮清香 溫和清潔 保濕不緊繃,multipass-v1-lexical,373e0ce20215d71dcabbbc621467b5ca305632be55a597e0bc9b587bc775b755
C0830001_S_6258748387002_H,G5_00673a4c0a797dd0,幽蓮魅膚·力士·清香 香皂 105g (中國),3,,soap_bar,105g,中國,1,,力士香皂 絲滑潤膚 + 幽蓮魅膚 105g3 塊 + 105g2 絲滑潤膚 幽蓮清香 溫和清潔 保濕不緊繃,multipass-v1-lexical,373e0ce20215d71dcabbbc621467b5ca305632be55a597e0bc9b587bc775b755
C0088001_S_5936515416955_H,G5_084dcbb8ab5abce9,柔膚乳霜香塊·dove·家庭 未分類 90g (中國),3,,UNKNOWN,90g,,16,,山姆超市代購 多芬/Dove 柔膚乳霜香塊 90g*16,multipass-v1-lexical,373e0ce20215d71dcabbbc621467b5ca305632be55a597e0bc9b587bc775b755
C0702001_S_6078418429330_H,G5_084dcbb8ab5abce9,柔膚乳霜香塊·dove·家庭 未分類 90g (中國),3,,soap_bar,90g,,16,,山姆超市 多芬柔膚乳霜香皂90g*16塊 含1/4潤膚乳 溫和清潔 深層滋養 保濕滋潤 家庭裝,multipass-v1-lexical,373e0ce20215d71dcabbbc621467b5ca305632be55a597e0bc9b587bc775b755
C0830001_S_5936515416955_H,G5_084dcbb8ab5abce9,柔膚乳霜香塊·dove·家庭 未分類 90g (中國),3,,UNKNOWN,90g,中國,16,,山姆超市代購 多芬/Dove 柔膚乳霜香塊 90g*16,multipass-v1-lexical,373e0ce20215d71dcabbbc621467b5ca305632be55a597e0bc9b587bc775b755
C0195001_S_hongwei001,G5_9a042aa1ed0bbad2,紅衛 洗臉洗澡·無添加·老國貨 香皂 120g (中國),3,紅衛,soap_bar,120g,中國,5,,羊脂皂120g*5塊 洗臉洗澡香皂 清潔控油無添加 手工沐浴皂羊奶肥皂老國貨,multipass-v1-lexical,373e0ce20215d71dcabbbc621467b5ca305632be55a597e0bc9b587bc775b755
C0195002_S_hongwei-002,G5_9a042aa1ed0bbad2,紅衛 洗臉洗澡·無添加·老國貨 香皂 120g (中國),3,紅衛,soap_bar,120g,中國,2,,羊脂皂120g*2塊 洗臉洗澡香皂 清潔控油無添加 手工沐浴皂羊奶肥皂老國貨,multipass-v1-lexical,373e0ce20215d71dcabbbc621467b5ca305632be55a597e0bc9b587bc775b755
C0195002_S_hongwei001,G5_9a042aa1ed0bbad2,紅衛 洗臉洗澡·無添加·老國貨 香皂 120g (中國),3,紅衛,soap_bar,120g,中國,5,,羊脂皂120g*5塊 洗臉洗澡香皂 清潔控油無添加 手工沐浴皂羊奶肥皂老國貨,multipass-v1-lexical,373e0ce20215d71dcabbbc621467b5ca305632be55a597e0bc9b587bc775b755
H5528001_S_DOV256362,G5_72c7fe9fe7f26206,多芬 滋養柔嫩潔膚·dove·柔滑肌膚 香皂 90g (德國),3,多芬,soap_bar,90g,德國,6,,[個護] · Dove 多芬滋養柔嫩潔膚香皂 90g ❎ 6｜潔面皂／沐浴皂／洗手皂｜3合1潔淨保濕｜面部／身體／雙手適用｜深層滋潤／柔滑肌膚｜保濕香皂｜平行進口,multipass-v1-lexical,373e0ce20215d71dcabbbc621467b5ca305632be55a597e0bc9b587bc775b755
H5528001_S_DOV256362A,G5_72c7fe9fe7f26206,多芬 滋養柔嫩潔膚·dove·柔滑肌膚 香皂 90g (德國),3,多芬,soap_bar,90g,德國,2,,[個護] · Dove 多芬滋養柔嫩潔膚香皂 90g ❎ 2｜潔面皂／沐浴皂／洗手皂｜3合1潔淨保濕｜面部／身體／雙手適用｜深層滋潤／柔滑肌膚｜保濕香皂｜平行進口,multipass-v1-lexical,373e0ce20215d71dcabbbc621467b5ca305632be55a597e0bc9b587bc775b755
H5528001_S_DOV256362B,G5_72c7fe9fe7f26206,多芬 滋養柔嫩潔膚·dove·柔滑肌膚 香皂 90g (德國),3,多芬,soap_bar,90g,德國,4,,[個護] · Dove 多芬滋養柔嫩潔膚香皂 90g ❎ 4｜潔面皂／沐浴皂／洗手皂｜3合1潔淨保濕｜面部／身體／雙手適用｜深層滋潤／柔滑肌膚｜保濕香皂｜平行進口,multipass-v1-lexical,373e0ce20215d71dcabbbc621467b5ca305632be55a597e0bc9b587bc775b755
H5528001_S_LUX527716,G5_eef8421ea9e03c5b,LUX caresales·法國玫瑰杏仁油柔嫩·異國情調精油柔嫩 香皂 規格未知 (印尼),3,LUX,soap_bar,,印尼,6,,力士 香皂 (單件❎6) 款式隨機發貨 法國玫瑰杏仁油柔嫩 & 茉莉花香杏仁油柔嫩 & 異國情調精油柔嫩 & 花香麝香薄荷柔嫩 平行進口 #e閃購caresales,multipass-v1-lexical,373e0ce20215d71dcabbbc621467b5ca305632be55a597e0bc9b587bc775b755
H5528001_S_LUX527716X2,G5_eef8421ea9e03c5b,LUX caresales·法國玫瑰杏仁油柔嫩·異國情調精油柔嫩 香皂 規格未知 (印尼),3,LUX,soap_bar,,印尼,12,,力士 香皂 (單件❎12) 款式隨機發貨 法國玫瑰杏仁油柔嫩 & 茉莉花香杏仁油柔嫩 & 異國情調精油柔嫩 & 花香麝香薄荷柔嫩 平行進口 新舊包裝隨機發貨 #e閃購caresales,multipass-v1-lexical,373e0ce20215d71dcabbbc621467b5ca305632be55a597e0bc9b587bc775b755
H5528001_S_LUX527716Z,G5_eef8421ea9e03c5b,LUX caresales·法國玫瑰杏仁油柔嫩·異國情調精油柔嫩 香皂 規格未知 (印尼),3,LUX,soap_bar,80g,印尼,6,,力士 香皂 (80g❎6) 款式隨機發貨 法國玫瑰杏仁油柔嫩 & 茉莉花香杏仁油柔嫩 & 異國情調精油柔嫩 & 花香麝香薄荷柔嫩 平行進口 #e閃購caresales,multipass-v1-lexical,373e0ce20215d71dcabbbc621467b5ca305632be55a597e0bc9b587bc775b755
H5621001_S_110563,G5_b792ad68dc2d68d5,La Roche-Posay 抗敏·潔膚·身體 香皂 150g (法國),3,La Roche-Posay,soap_bar,150g,法國,1,,身體潔膚皂 150g/5.2oz - [平行進口](新舊包裝隨機),multipass-v1-lexical,373e0ce20215d71dcabbbc621467b5ca305632be55a597e0bc9b587bc775b755
H7148001_S_20110815,G5_b792ad68dc2d68d5,La Roche-Posay 抗敏·潔膚·身體 香皂 150g (法國),3,La Roche-Posay,soap_bar,150g,法國,1,,全效抗敏修護身體潔膚皂 (新舊包裝隨機發貨) [平行進口],multipass-v1-lexical,373e0ce20215d71dcabbbc621467b5ca305632be55a597e0bc9b587bc775b755
S2188001_S_LRPlipikarSURGRAS150g4533,G5_b792ad68dc2d68d5,La Roche-Posay 抗敏·潔膚·身體 香皂 150g (法國),3,La Roche-Posay,soap_bar,150g,法國,1,,身體潔膚皂 150g [Exp: 2027],multipass-v1-lexical,373e0ce20215d71dcabbbc621467b5ca305632be55a597e0bc9b587bc775b755
H5859001_S_ST2805,G5_7c861729aadfbfe4,Goat Soap 山羊奶·燕麥味·橙色 香皂 100g (澳洲),3,Goat Soap,soap_bar,100g,澳洲,1,,Goat 山羊奶皂 - 燕麥(橙色) 100g,multipass-v1-lexical,373e0ce20215d71dcabbbc621467b5ca305632be55a597e0bc9b587bc775b755
H5859001_S_ST2812,G5_7c861729aadfbfe4,Goat Soap 山羊奶·燕麥味·橙色 香皂 100g (澳洲),3,Goat Soap,soap_bar,100g,澳洲,3,,Goat 山羊奶皂 - 燕麥(橙色) 100g x3,multipass-v1-lexical,373e0ce20215d71dcabbbc621467b5ca305632be55a597e0bc9b587bc775b755
S2232001_S_GOS2053X2,G5_7c861729aadfbfe4,Goat Soap 山羊奶·燕麥味·橙色 香皂 100g (澳洲),3,Goat Soap,soap_bar,100g,澳洲,2,,優惠兩件裝*天然山羊奶手工皂 - 燕麥味 橙色 100g ✥ [02035X2] (平行進口貨) 香皂 肥皂,multipass-v1-lexical,373e0ce20215d71dcabbbc621467b5ca305632be55a597e0bc9b587bc775b755
H5859001_S_ST2806,G5_1b3f14271c838a71,Goat Soap 檸檬香桃木·山羊奶·綠色 香皂 100g (澳洲),3,Goat Soap,soap_bar,100g,澳洲,1,,Goat 山羊奶皂 - 檸檬香桃木(綠色) 100g,multipass-v1-lexical,373e0ce20215d71dcabbbc621467b5ca305632be55a597e0bc9b587bc775b755
H5859001_S_ST2813,G5_1b3f14271c838a71,Goat Soap 檸檬香桃木·山羊奶·綠色 香皂 100g (澳洲),3,Goat Soap,soap_bar,100g,澳洲,3,,Goat 山羊奶皂 - 檸檬香桃木(綠色) 100g x3,multipass-v1-lexical,373e0ce20215d71dcabbbc621467b5ca305632be55a597e0bc9b587bc775b755
H8347001_S_GOAT-BP05,G5_1b3f14271c838a71,Goat Soap 檸檬香桃木·山羊奶·綠色 香皂 100g (澳洲),3,Goat Soap,soap_bar,100g,澳洲,1,,純天然山羊奶手工皂-(檸檬香桃)02028[平行進口],multipass-v1-lexical,373e0ce20215d71dcabbbc621467b5ca305632be55a597e0bc9b587bc775b755
H6214001_S_Soap_YL_redrose_1pc_100g,G5_e82ab14e4e05c2b5,Yardley London 玫瑰味·沐浴 香皂 100g (英國),3,Yardley London,soap_bar,100g,英國,1,,玫瑰味番梘100克 - 1個 #沐浴用品,multipass-v1-lexical,373e0ce20215d71dcabbbc621467b5ca305632be55a597e0bc9b587bc775b755
H6214001_S_Soap_YT_Engrose_3pc_100g_set,G5_e82ab14e4e05c2b5,Yardley London 玫瑰味·沐浴 香皂 100g (英國),3,Yardley London,soap_bar,100g,英國,1,,英式玫瑰番梘 (原盒裝) 100克 - 3個/盒 #沐浴用品,multipass-v1-lexical,373e0ce20215d71dcabbbc621467b5ca305632be55a597e0bc9b587bc775b755
H6214001_S_Soap_YT_Sandalwood_3pc_set,G5_e82ab14e4e05c2b5,Yardley London 玫瑰味·沐浴 香皂 100g (英國),3,Yardley London,soap_bar,100g,英國,1,,皇家檀香香水番梘 (原盒裝) 100克 - 3個/盒 #沐浴用品,multipass-v1-lexical,373e0ce20215d71dcabbbc621467b5ca305632be55a597e0bc9b587bc775b755
H6401001_S_dettolsoap,G5_bc048a1de611b81b,滴露 保護潔膚·松木 香皂 100g (印尼),3,滴露,soap_bar,100g,印尼,4,,經典松木抗菌保護潔膚皂 100g x 4件 (平行進口)(新舊包裝隨機發貨),multipass-v1-lexical,373e0ce20215d71dcabbbc621467b5ca305632be55a597e0bc9b587bc775b755
H8728001_S_8993560024987,G5_bc048a1de611b81b,滴露 保護潔膚·松木 香皂 100g (印尼),3,滴露,soap_bar,100g,印尼,4,8993560024987,經典松木抗菌保護潔膚皂 100g x 4,multipass-v1-lexical,373e0ce20215d71dcabbbc621467b5ca305632be55a597e0bc9b587bc775b755
H9564001_S_DE05BS04G,G5_bc048a1de611b81b,滴露 保護潔膚·松木 香皂 100g (印尼),3,滴露,soap_bar,100g,印尼,4,8993560024987,抗菌保護潔膚皂 [經典松木] 100g x 4 (8993560024987),multipass-v1-lexical,373e0ce20215d71dcabbbc621467b5ca305632be55a597e0bc9b587bc775b755
H6952001_S_980261955,G5_567e97f4f68880f3,多芬 美容潔膚白 香皂 106g (美國),3,多芬,soap_bar,106g,美國,16,,多芬 - 美容潔膚白香皂 (3.75 oz/ 106g x 16 塊) - 平行進口,multipass-v1-lexical,373e0ce20215d71dcabbbc621467b5ca305632be55a597e0bc9b587bc775b755
H6952001_S_9802619551,G5_567e97f4f68880f3,多芬 美容潔膚白 香皂 106g (美國),3,多芬,soap_bar,106g,美國,4,,多芬 - 美容潔膚白香皂 (3.75 oz/ 106g x 4 塊) - 平行進口,multipass-v1-lexical,373e0ce20215d71dcabbbc621467b5ca305632be55a597e0bc9b587bc775b755
H6952001_S_980261956,G5_567e97f4f68880f3,多芬 美容潔膚白 香皂 106g (美國),3,多芬,soap_bar,106g,美國,8,,多芬 - 美容潔膚白香皂 (3.75 oz/ 106g x 8 塊) - 平行進口,multipass-v1-lexical,373e0ce20215d71dcabbbc621467b5ca305632be55a597e0bc9b587bc775b755
H7114002_S_Alepia-1,G5_0c791661dea527a8,Alepia 皮膚炎救星·敍利亞古·月桂油 香皂 190g (阿拉伯敘利亞共和國(敘利亞)),3,Alepia,soap_bar,190g,阿拉伯敘利亞共和國(敘利亞),1,,法國 Alepia 天然敍利亞古皂 1％ 月桂油 濕疹、暗瘡、皮膚炎救星 190g,multipass-v1-lexical,373e0ce20215d71dcabbbc621467b5ca305632be55a597e0bc9b587bc775b755
H7114002_S_Alepia-25,G5_0c791661dea527a8,Alepia 皮膚炎救星·敍利亞古·月桂油 香皂 190g (阿拉伯敘利亞共和國(敘利亞)),3,Alepia,soap_bar,190g,阿拉伯敘利亞共和國(敘利亞),1,,法國 Alepia 天然敍利亞古皂 25％ 月桂油 濕疹、暗瘡、皮膚炎救星 190g,multipass-v1-lexical,373e0ce20215d71dcabbbc621467b5ca305632be55a597e0bc9b587bc775b755
H7114002_S_Alepia-40,G5_0c791661dea527a8,Alepia 皮膚炎救星·敍利亞古·月桂油 香皂 190g (阿拉伯敘利亞共和國(敘利亞)),3,Alepia,soap_bar,190g,阿拉伯敘利亞共和國(敘利亞),1,,法國 Alepia 天然敍利亞古皂 40％ 月桂油 濕疹、暗瘡、皮膚炎救星 190g,multipass-v1-lexical,373e0ce20215d71dcabbbc621467b5ca305632be55a597e0bc9b587bc775b755
H7138001_S_Y35010074,G5_649247549608872a,里仁 有效期·柚籽 香皂 100g (台灣),3,里仁,soap_bar,100g,台灣,2,,里仁柚籽皂100g x 2,multipass-v1-lexical,373e0ce20215d71dcabbbc621467b5ca305632be55a597e0bc9b587bc775b755
H8867001_S_lzn0003,G5_649247549608872a,里仁 有效期·柚籽 香皂 100g (台灣),3,里仁,soap_bar,100g,台灣,1,,里仁柚籽皂 100g #新盒裝 (2028.5月有效期),multipass-v1-lexical,373e0ce20215d71dcabbbc621467b5ca305632be55a597e0bc9b587bc775b755
H8999001_S_LZ_soap_4710942103160,G5_649247549608872a,里仁 有效期·柚籽 香皂 100g (台灣),3,里仁,soap_bar,,台灣,1,4710942103160,柚籽皂,multipass-v1-lexical,373e0ce20215d71dcabbbc621467b5ca305632be55a597e0bc9b587bc775b755
H7142001_S_196491,G5_f21a98ca17caba6b,蛇牌 薰衣草·沐浴·清涼 香皂 100g (泰國),3,蛇牌,soap_bar,100g,泰國,1,,清涼舒緩沐浴皂薰衣草 100g (平行進口 2797),multipass-v1-lexical,373e0ce20215d71dcabbbc621467b5ca305632be55a597e0bc9b587bc775b755
H7142002_S_196491,G5_f21a98ca17caba6b,蛇牌 薰衣草·沐浴·清涼 香皂 100g (泰國),3,蛇牌,soap_bar,100g,泰國,1,,清涼舒緩沐浴皂薰衣草 100g (平行進口 2797),multipass-v1-lexical,373e0ce20215d71dcabbbc621467b5ca305632be55a597e0bc9b587bc775b755
H7142003_S_196491,G5_f21a98ca17caba6b,蛇牌 薰衣草·沐浴·清涼 香皂 100g (泰國),3,蛇牌,soap_bar,100g,泰國,1,,清涼舒緩沐浴皂薰衣草 100g (平行進口 2797),multipass-v1-lexical,373e0ce20215d71dcabbbc621467b5ca305632be55a597e0bc9b587bc775b755
H7343002_S_HK230223JJQT05858RMN01,G5_028500cd1ea59862,安全成份·無添加·孕婦 香皂 65g (中國),3,,soap_bar,65g,中國,1,,泰國大米皂 JAM手工米乳皂 清潔沐浴香皂 泰國jam大米皂米奶皂 手工皂 洗臉皂 洗面皂 天然無添加 安全成份 母嬰適用 孕婦適用 泰國大米皂 jam皂（65g),multipass-v1-lexical,373e0ce20215d71dcabbbc621467b5ca305632be55a597e0bc9b587bc775b755
H7343003_S_HK230223JJQT05858RMN01,G5_028500cd1ea59862,安全成份·無添加·孕婦 香皂 65g (中國),3,,soap_bar,65g,中國,1,,泰國大米皂 JAM手工米乳皂 清潔沐浴香皂 泰國jam大米皂米奶皂 手工皂 洗臉皂 洗面皂 天然無添加 安全成份 母嬰適用 孕婦適用 泰國大米皂 jam皂（65g),multipass-v1-lexical,373e0ce20215d71dcabbbc621467b5ca305632be55a597e0bc9b587bc775b755
H7343013_S_HK230223JJQT05858RMN01,G5_028500cd1ea59862,安全成份·無添加·孕婦 香皂 65g (中國),3,,soap_bar,65g,中國,1,,[65g] 泰國大米皂 JAM手工米乳皂 清潔沐浴香皂 泰國jam大米皂米奶皂 手工皂 洗臉皂 洗面皂 天然無添加 安全成份 母嬰適用 孕婦適用 jam皂 ｜ 大掃除潔淨去污神器 家居洗滌好幫手,multipass-v1-lexical,373e0ce20215d71dcabbbc621467b5ca305632be55a597e0bc9b587bc775b755
H7343002_S_HK230329JJQT06511RMN02,G5_ba71aee1ff060f65,旅行浪人 便攜式一次性·旅行外出露營·戶外用洗手 皂紙 50pc (中國),3,旅行浪人,soap_paper,50pc,中國,1,,2盒 便攜式一次性香梘片 便攜式香皂紙 去味香味洗手 一次性肥皂紙 消毒抑菌洗手片 旅行外出露營必備 戶外用洗手番梘片（50片/香味隨機/2盒套裝） [平行進口],multipass-v1-lexical,373e0ce20215d71dcabbbc621467b5ca305632be55a597e0bc9b587bc775b755
H7343003_S_HK230329JJQT06511RMN02,G5_ba71aee1ff060f65,旅行浪人 便攜式一次性·旅行外出露營·戶外用洗手 皂紙 50pc (中國),3,,soap_paper,50pc,中國,1,,2盒 便攜式一次性香梘片 便攜式香皂紙 去味香味洗手 一次性肥皂紙 消毒抑菌洗手片 旅行外出露營必備 戶外用洗手番梘片（50片/香味隨機/2盒套裝）,multipass-v1-lexical,373e0ce20215d71dcabbbc621467b5ca305632be55a597e0bc9b587bc775b755
H7343015_S_HK230329JJQT06511RMN02,G5_ba71aee1ff060f65,旅行浪人 便攜式一次性·旅行外出露營·戶外用洗手 皂紙 50pc (中國),3,,soap_paper,50pc,中國,1,,2盒 便攜式一次性香梘片 便攜式香皂紙 去味香味洗手 一次性肥皂紙 消毒抑菌洗手片 旅行外出露營必備 戶外用洗手番梘片（50片/香味隨機/2盒套裝）,multipass-v1-lexical,373e0ce20215d71dcabbbc621467b5ca305632be55a597e0bc9b587bc775b755
H7343002_S_HK231214JJQT10097RMN01,G5_1bea7d0660526529,便攜雲朵·雲朵款·綠色 皂紙 50pc (中國),3,,soap_paper,50pc,中國,1,,便攜雲朵番梘紙 隨身洗手片 隨身皂片 香皂片 肥皂片 一次性 香皂 皂片盒 香皂紙（雲朵款/綠色/50片裝）,multipass-v1-lexical,373e0ce20215d71dcabbbc621467b5ca305632be55a597e0bc9b587bc775b755
H7343003_S_HK231214JJQT10097RMN01,G5_1bea7d0660526529,便攜雲朵·雲朵款·綠色 皂紙 50pc (中國),3,,soap_paper,50pc,中國,1,,便攜雲朵番梘紙 隨身洗手片 隨身皂片 香皂片 肥皂片 一次性 香皂 皂片盒 香皂紙（雲朵款/綠色/50片裝）,multipass-v1-lexical,373e0ce20215d71dcabbbc621467b5ca305632be55a597e0bc9b587bc775b755
H7343015_S_HK231214JJQT10097RMN01,G5_1bea7d0660526529,便攜雲朵·雲朵款·綠色 皂紙 50pc (中國),3,,soap_paper,50pc,中國,1,,便攜雲朵番梘紙 隨身洗手片 隨身皂片 香皂片 肥皂片 一次性 香皂 皂片盒 香皂紙（雲朵款/綠色/50片裝）,multipass-v1-lexical,373e0ce20215d71dcabbbc621467b5ca305632be55a597e0bc9b587bc775b755
H7416001_S_010486007004Damaged_,G5_34102273ae4955d0,The Grandpa Soap 松焦油 香皂 92g (美國),3,The Grandpa Soap,soap_bar,92g,美國,1,,【包裝損毀】92g 松焦油香皂 平行進口,multipass-v1-lexical,373e0ce20215d71dcabbbc621467b5ca305632be55a597e0bc9b587bc775b755
H7416001_S_010486007004_TheGrandpas_Soap3p25oz,G5_34102273ae4955d0,The Grandpa Soap 松焦油 香皂 92g (美國),3,The Grandpa Soap,soap_bar,92g,美國,1,,92g 松焦油香皂 平行進口,multipass-v1-lexical,373e0ce20215d71dcabbbc621467b5ca305632be55a597e0bc9b587bc775b755
H7416002_S_010486007004_TheGrandpas_Soap3p25oz,G5_34102273ae4955d0,The Grandpa Soap 松焦油 香皂 92g (美國),3,The Grandpa Soap,soap_bar,92g,美國,1,,92g 松焦油香皂 平行進口,multipass-v1-lexical,373e0ce20215d71dcabbbc621467b5ca305632be55a597e0bc9b587bc775b755
H8427001_S_4066447674880,G5_f13f5ceb1c01afd9,Balea 杏仁 洗髮皂 60g (德國),3,Balea,shampoo_bar,60g,德國,1,4066447674880,芭樂雅 牛油果杏仁奶無矽洗髮皂60g (平行進口),multipass-v1-lexical,373e0ce20215d71dcabbbc621467b5ca305632be55a597e0bc9b587bc775b755
H8867001_S_BAL0094,G5_f13f5ceb1c01afd9,Balea 杏仁 洗髮皂 60g (德國),3,Balea,shampoo_bar,60g,德國,1,,德國芭樂雅 牛油果杏仁奶無矽洗髮皂 60g (平行進口),multipass-v1-lexical,373e0ce20215d71dcabbbc621467b5ca305632be55a597e0bc9b587bc775b755
S6375001_S_4066447674880,G5_f13f5ceb1c01afd9,Balea 杏仁 洗髮皂 60g (德國),3,Balea,shampoo_bar,60g,德國,1,4066447674880,芭樂雅 牛油果杏仁奶無矽洗髮皂60g (平行進口),multipass-v1-lexical,373e0ce20215d71dcabbbc621467b5ca305632be55a597e0bc9b587bc775b755
H9226003_S_SADOER-72355,G5_0f145013ee449ec3,SADOER 生薑洗髮健髮·頭皮護理·祛頭風 洗髮皂 60g (中國),3,SADOER,shampoo_bar,60g,中國,1,,生薑洗髮健髮手工皂 60g 洗髮皂 頭皮護理 祛頭風 控油防脫,multipass-v1-lexical,373e0ce20215d71dcabbbc621467b5ca305632be55a597e0bc9b587bc775b755
S6041001_S_SADOER-72355,G5_0f145013ee449ec3,SADOER 生薑洗髮健髮·頭皮護理·祛頭風 洗髮皂 60g (中國),3,SADOER,shampoo_bar,60g,中國,1,,生薑洗髮健髮手工皂 60g 洗髮皂 頭皮護理 祛頭風 控油防脫,multipass-v1-lexical,373e0ce20215d71dcabbbc621467b5ca305632be55a597e0bc9b587bc775b755
S6041002_S_SADOER-72355,G5_0f145013ee449ec3,SADOER 生薑洗髮健髮·頭皮護理·祛頭風 洗髮皂 60g (中國),3,SADOER,shampoo_bar,60g,中國,1,,生薑洗髮健髮手工皂 60g 洗髮皂 頭皮護理 祛頭風 控油防脫,multipass-v1-lexical,373e0ce20215d71dcabbbc621467b5ca305632be55a597e0bc9b587bc775b755
H9226003_S_SADOER-72379,G5_0f145013ee449ec37d,SADOER 何首烏洗髮健髮·平衡油脂 香皂 60g (中國),3,SADOER,soap_bar,60g,中國,1,,何首烏洗髮健髮手工皂 60g  深層清潔 平衡油脂,multipass-v1-lexical,373e0ce20215d71dcabbbc621467b5ca305632be55a597e0bc9b587bc775b755
S6041001_S_SADOER-72379,G5_0f145013ee449ec37d,SADOER 何首烏洗髮健髮·平衡油脂 香皂 60g (中國),3,SADOER,soap_bar,60g,中國,1,,何首烏洗髮健髮手工皂 60g  深層清潔 平衡油脂,multipass-v1-lexical,373e0ce20215d71dcabbbc621467b5ca305632be55a597e0bc9b587bc775b755
S6041002_S_SADOER-72379,G5_0f145013ee449ec37d,SADOER 何首烏洗髮健髮·平衡油脂 香皂 60g (中國),3,SADOER,soap_bar,60g,中國,1,,何首烏洗髮健髮手工皂 60g  深層清潔 平衡油脂,multipass-v1-lexical,373e0ce20215d71dcabbbc621467b5ca305632be55a597e0bc9b587bc775b755
H9737001_S_natural_zeyna_aleppo_soap_25_,G5_9b4a2c776341fbf8,Zeyna 月桂油·阿勒頗 香皂 190g (阿拉伯敘利亞共和國(敘利亞)),3,Zeyna,soap_bar,190g,阿拉伯敘利亞共和國(敘利亞),1,,天然阿勒頗25%月桂油手工皂 - 190g,multipass-v1-lexical,373e0ce20215d71dcabbbc621467b5ca305632be55a597e0bc9b587bc775b755
H9737001_S_natural_zeyna_aleppo_soap_40_,G5_9b4a2c776341fbf8,Zeyna 月桂油·阿勒頗 香皂 190g (阿拉伯敘利亞共和國(敘利亞)),3,Zeyna,soap_bar,190g,阿拉伯敘利亞共和國(敘利亞),1,,天然阿勒頗40%月桂油手工皂-190g,multipass-v1-lexical,373e0ce20215d71dcabbbc621467b5ca305632be55a597e0bc9b587bc775b755
H9737001_S_natural_zeyna_aleppo_soap_5_,G5_9b4a2c776341fbf8,Zeyna 月桂油·阿勒頗 香皂 190g (阿拉伯敘利亞共和國(敘利亞)),3,Zeyna,soap_bar,190g,阿拉伯敘利亞共和國(敘利亞),1,,天然阿勒頗5%月桂油手工皂 - 190g,multipass-v1-lexical,373e0ce20215d71dcabbbc621467b5ca305632be55a597e0bc9b587bc775b755
S3046001_S_Aleppo_1_40,G5_264ae8740bd9c1ba,GrabNat 阿勒頗古·月桂油 香皂 160g (土耳其),3,GrabNat,soap_bar,160g,土耳其,1,,GrabNat 阿勒頗古皂 40% 月桂油 — 160 克,multipass-v1-lexical,373e0ce20215d71dcabbbc621467b5ca305632be55a597e0bc9b587bc775b755
S3046001_S_Aleppo_2_40,G5_264ae8740bd9c1ba,GrabNat 阿勒頗古·月桂油 香皂 160g (土耳其),3,GrabNat,soap_bar,160g,土耳其,2,,GrabNat 阿勒頗古皂 40% 月桂油 — 160 克 × 2,multipass-v1-lexical,373e0ce20215d71dcabbbc621467b5ca305632be55a597e0bc9b587bc775b755
S3046001_S_Aleppo_4_40,G5_264ae8740bd9c1ba,GrabNat 阿勒頗古·月桂油 香皂 160g (土耳其),3,GrabNat,soap_bar,160g,土耳其,4,,GrabNat 阿勒頗古皂 40% 月桂油 — 160 克 × 4,multipass-v1-lexical,373e0ce20215d71dcabbbc621467b5ca305632be55a597e0bc9b587bc775b755
S3046001_S_GN-SB-AC-01,G5_51a251dcd99d7dfd,GrabNat 活性炭 香皂 100g (土耳其),3,GrabNat,soap_bar,100g,土耳其,1,,天然活性炭手工肥皂 100克,multipass-v1-lexical,373e0ce20215d71dcabbbc621467b5ca305632be55a597e0bc9b587bc775b755
S3046001_S_GN-SB-AC-04,G5_51a251dcd99d7dfd,GrabNat 活性炭 香皂 100g (土耳其),3,GrabNat,soap_bar,100g,土耳其,4,,活性炭天然手工皂 4件裝（4 x 100克),multipass-v1-lexical,373e0ce20215d71dcabbbc621467b5ca305632be55a597e0bc9b587bc775b755
S3046001_S_GN-SB-AC-10,G5_51a251dcd99d7dfd,GrabNat 活性炭 香皂 100g (土耳其),3,GrabNat,soap_bar,100g,土耳其,10,,GrabNat 活性炭手工冷製香皂十入裝（10×100克）,multipass-v1-lexical,373e0ce20215d71dcabbbc621467b5ca305632be55a597e0bc9b587bc775b755
S3046001_S_GN-SB-AV-01,G5_e48dc59263985674,GrabNat 蘆薈 香皂 100g (土耳其),3,GrabNat,soap_bar,100g,土耳其,1,,天然蘆薈手工皂 100克,multipass-v1-lexical,373e0ce20215d71dcabbbc621467b5ca305632be55a597e0bc9b587bc775b755
S3046001_S_GN-SB-AV-04,G5_e48dc59263985674,GrabNat 蘆薈 香皂 100g (土耳其),3,GrabNat,soap_bar,100g,土耳其,4,,蘆薈天然手工皂 4件裝（4 x 100克）,multipass-v1-lexical,373e0ce20215d71dcabbbc621467b5ca305632be55a597e0bc9b587bc775b755
S3046001_S_GN-SB-AV-10,G5_e48dc59263985674,GrabNat 蘆薈 香皂 100g (土耳其),3,GrabNat,soap_bar,100g,土耳其,10,,GrabNat 蘆薈手工冷製香皂十入裝（10×100克）,multipass-v1-lexical,373e0ce20215d71dcabbbc621467b5ca305632be55a597e0bc9b587bc775b755
S3046001_S_GN-SB-CA-01,G5_d822352e20f3826b,GrabNat 金盞花 香皂 100g (土耳其),3,GrabNat,soap_bar,100g,土耳其,1,,天然金盞花手工皂 100克,multipass-v1-lexical,373e0ce20215d71dcabbbc621467b5ca305632be55a597e0bc9b587bc775b755
S3046001_S_GN-SB-CA-04,G5_d822352e20f3826b,GrabNat 金盞花 香皂 100g (土耳其),3,GrabNat,soap_bar,100g,土耳其,4,,金盞花天然手工皂 4件裝（4 x 100克）,multipass-v1-lexical,373e0ce20215d71dcabbbc621467b5ca305632be55a597e0bc9b587bc775b755
S3046001_S_GN-SB-CA-10,G5_d822352e20f3826b,GrabNat 金盞花 香皂 100g (土耳其),3,GrabNat,soap_bar,100g,土耳其,10,,GrabNat 金盞花手工冷製香皂十入裝（10×100克）,multipass-v1-lexical,373e0ce20215d71dcabbbc621467b5ca305632be55a597e0bc9b587bc775b755
S3046001_S_GN-SB-CH-01,G5_f6c6529ca4ac2aff,GrabNat 洋甘菊·植物 香皂 100g (土耳其),3,GrabNat,soap_bar,100g,土耳其,1,,洋甘菊天然手工皂 100克,multipass-v1-lexical,373e0ce20215d71dcabbbc621467b5ca305632be55a597e0bc9b587bc775b755
S3046001_S_GN-SB-CH-04-02,G5_f6c6529ca4ac2aff,GrabNat 洋甘菊·植物 香皂 100g (土耳其),3,GrabNat,soap_bar,100g,土耳其,4,,洋甘菊天然手工皂 4件裝（4 x 100克）,multipass-v1-lexical,373e0ce20215d71dcabbbc621467b5ca305632be55a597e0bc9b587bc775b755
S3046001_S_GN-SB-CH-10,G5_f6c6529ca4ac2aff,GrabNat 洋甘菊·植物 香皂 100g (土耳其),3,GrabNat,soap_bar,100g,土耳其,10,,GrabNat 洋甘菊手工冷製香皂十入裝（10×100克）— 天然植物配方潔淨皂,multipass-v1-lexical,373e0ce20215d71dcabbbc621467b5ca305632be55a597e0bc9b587bc775b755
S3046001_S_GN-SB-CM-01,G5_f5e1790d87a525ff,GrabNat 駱駝奶 香皂 100g (土耳其),3,GrabNat,soap_bar,100g,土耳其,1,,天然駝奶手工皂 100克,multipass-v1-lexical,373e0ce20215d71dcabbbc621467b5ca305632be55a597e0bc9b587bc775b755
S3046001_S_GN-SB-CM-04,G5_f5e1790d87a525ff,GrabNat 駱駝奶 香皂 100g (土耳其),3,GrabNat,soap_bar,100g,土耳其,4,,駱駝奶天然手工皂 4件裝（4 x 100克）,multipass-v1-lexical,373e0ce20215d71dcabbbc621467b5ca305632be55a597e0bc9b587bc775b755
S3046001_S_GN-SB-CM-10,G5_f5e1790d87a525ff,GrabNat 駱駝奶 香皂 100g (土耳其),3,GrabNat,soap_bar,100g,土耳其,10,,GrabNat 駱駝奶手工冷製香皂十入裝（10×100克）,multipass-v1-lexical,373e0ce20215d71dcabbbc621467b5ca305632be55a597e0bc9b587bc775b755
S3046001_S_GN-SB-TM-01,G5_a87eef79889c2095,GrabNat 薑黃沒藥 香皂 100g (土耳其),3,GrabNat,soap_bar,100g,土耳其,1,,GrabNat 薑黃沒藥手工冷製香皂（1×100克）,multipass-v1-lexical,373e0ce20215d71dcabbbc621467b5ca305632be55a597e0bc9b587bc775b755
S3046001_S_GN-SB-TM-04,G5_a87eef79889c2095,GrabNat 薑黃沒藥 香皂 100g (土耳其),3,GrabNat,soap_bar,100g,土耳其,4,,GrabNat 薑黃沒藥手工冷製香皂四入裝（4×100克）,multipass-v1-lexical,373e0ce20215d71dcabbbc621467b5ca305632be55a597e0bc9b587bc775b755
S3046001_S_GN-SB-TU-04,G5_a87eef79889c2095,GrabNat 薑黃沒藥 香皂 100g (土耳其),3,GrabNat,soap_bar,100g,土耳其,4,,薑黃天然手工皂 4件裝（4 x 100克）,multipass-v1-lexical,373e0ce20215d71dcabbbc621467b5ca305632be55a597e0bc9b587bc775b755
B0027001_S_EM202401JL-3RAcneSoap,G5_bccc3f8970b1bbd5,休哉實驗室 有效期·暗瘡·粉刺 香皂 85g (香港),2,休哉實驗室,soap_bar,85g,香港,1,,三米清豆皂 (送 束繩扣柔軟起泡袋) #暗瘡 #粉刺 #細胞新陳代謝 (有效期: 06/28),multipass-v1-lexical,373e0ce20215d71dcabbbc621467b5ca305632be55a597e0bc9b587bc775b755
B0027002_S_EM202401JL-3RAcneSoap,G5_bccc3f8970b1bbd5,休哉實驗室 有效期·暗瘡·粉刺 香皂 85g (香港),2,休哉實驗室,soap_bar,85g,香港,1,,三米清豆皂 (送 束繩扣柔軟起泡袋) #暗瘡 #粉刺 #細胞新陳代謝 (有效期: 06/28),multipass-v1-lexical,373e0ce20215d71dcabbbc621467b5ca305632be55a597e0bc9b587bc775b755
B0148001_S_jo111570,G5_f778b6f234fda9ea,Jo Malone 黑莓與月桂·祖馬龍·無盒 香皂 50g,2,Jo Malone,soap_bar,50g,,1,,祖馬龍  黑莓與月桂香皂50G-無盒（111570）平行进口,multipass-v1-lexical,373e0ce20215d71dcabbbc621467b5ca305632be55a597e0bc9b587bc775b755
B0148002_S_jo111570,G5_f778b6f234fda9ea,Jo Malone 黑莓與月桂·祖馬龍·無盒 香皂 50g,2,Jo Malone,soap_bar,50g,,1,,祖馬龍 黑莓與月桂香皂50G-無盒（111570）平行进口,multipass-v1-lexical,373e0ce20215d71dcabbbc621467b5ca305632be55a597e0bc9b587bc775b755
B0216001_S_4895097007027,G5_0664108e0128edbd,家樂時 洗衣皂 150g (中國),2,家樂時,laundry_soap,150g,中國,6,4895097007027,家樂時 抗菌洗衣皂 150G×6個（4895097007027）,multipass-v1-lexical,373e0ce20215d71dcabbbc621467b5ca305632be55a597e0bc9b587bc775b755
H9357001_S_4895097007027,G5_0664108e0128edbd,家樂時 洗衣皂 150g (中國),2,家樂時,laundry_soap,150g,中國,6,4895097007027,家樂時 抗菌洗衣皂 150G×6個（4895097007027）,multipass-v1-lexical,373e0ce20215d71dcabbbc621467b5ca305632be55a597e0bc9b587bc775b755
B0216001_S_6297000323060,G5_55b49ed3e2d0df10,加信氏 香皂 4pc (印尼),2,加信氏,soap_bar,4pc,印尼,1,6297000323060,加信氏 香皂 4PCS（6297000323060）,multipass-v1-lexical,373e0ce20215d71dcabbbc621467b5ca305632be55a597e0bc9b587bc775b755
H9357001_S_6297000323060,G5_55b49ed3e2d0df10,加信氏 香皂 4pc (印尼),2,加信氏,soap_bar,4pc,印尼,1,6297000323060,加信氏 香皂 4PCS（6297000323060）,multipass-v1-lexical,373e0ce20215d71dcabbbc621467b5ca305632be55a597e0bc9b587bc775b755
B0264001_S_8997206264294,G5_a41ea1107a8c7ff3,凱莎 藝香蕉形水果 香皂 70g (印尼),2,凱莎,soap_bar,70g,印尼,1,8997206264294,手工香水皂 峇里島天然手工藝香蕉形水果香皂,multipass-v1-lexical,373e0ce20215d71dcabbbc621467b5ca305632be55a597e0bc9b587bc775b755
B0264001_S_8997206264300,G5_a41ea1107a8c7ff3,凱莎 藝香蕉形水果 香皂 70g (印尼),2,凱莎,soap_bar,68g,印尼,1,8997206264300,手工香水皂 峇里島天然手工藝香蕉形水果香皂,multipass-v1-lexical,373e0ce20215d71dcabbbc621467b5ca305632be55a597e0bc9b587bc775b755
B0925001_S_LZW-FZD040002,G5_622f2bb88e8ba3fe,鯨品購 沐浴·泡沫 香皂 118g,2,鯨品購,soap_bar,118g,,2,,"肥皂起泡浴球（2個裝）肥皂袋 快速起泡 去角质 肥皂保存袋 ,身体洗涤器粗糙海绵去角质器适用于沐浴或淋浴,灰色网眼香皂泡沫袋",multipass-v1-lexical,373e0ce20215d71dcabbbc621467b5ca305632be55a597e0bc9b587bc775b755
B1355001_S_LZW-FZD040002,G5_622f2bb88e8ba3fe,鯨品購 沐浴·泡沫 香皂 118g,2,鬼佬倉,soap_bar,118g,,2,,"肥皂起泡浴球（2個裝）肥皂袋 快速起泡 去角质 肥皂保存袋 ,身体洗涤器粗糙海绵去角质器适用于沐浴或淋浴,灰色网眼香皂泡沫袋",multipass-v1-lexical,373e0ce20215d71dcabbbc621467b5ca305632be55a597e0bc9b587bc775b755
B0925001_S_WQL-XZLW0500055,G5_4e78beeee5ceddd8,鯨品購 植物精油·玫瑰 香皂 170g,2,鯨品購,soap_bar,170g,,1,,玫瑰香皂花禮盒 植物精油花瓣香氛 生日/母親節/520情人節禮物 送女友媽媽,multipass-v1-lexical,373e0ce20215d71dcabbbc621467b5ca305632be55a597e0bc9b587bc775b755
B1615001_S_WQL-XZLW0500055,G5_4e78beeee5ceddd8,鯨品購 植物精油·玫瑰 香皂 170g,2,雜乜鋪,soap_bar,170g,,1,,玫瑰香皂花禮盒 植物精油花瓣香氛 生日/母親節/520情人節禮物 送女友媽媽,multipass-v1-lexical,373e0ce20215d71dcabbbc621467b5ca305632be55a597e0bc9b587bc775b755
B1125001_S_HERMESDDXZ100g,G5_21b101180c85be80,Hermès 愛馬仕 香皂 100g (法國),2,Hermès,soap_bar,100g,法國,1,3346130013525,愛馬仕Terre d'Hermès大地香皂100g[3346130013525][平行進口],multipass-v1-lexical,373e0ce20215d71dcabbbc621467b5ca305632be55a597e0bc9b587bc775b755
S2723001_S_A23903,G5_21b101180c85be80,Hermès 愛馬仕 香皂 100g (法國),2,Hermès,soap_bar,100g,,3,,愛馬仕花園香皂禮盒三件套100g*3 [平行進口],multipass-v1-lexical,373e0ce20215d71dcabbbc621467b5ca305632be55a597e0bc9b587bc775b755
B1144001_S_Y5464,G5_7091223be185db9a,梨牌 pears·Pears 香皂 100g (印度),2,梨牌,soap_bar,100g,印度,4,,Pears梨牌透明香皂4*100克（平行進口）,multipass-v1-lexical,373e0ce20215d71dcabbbc621467b5ca305632be55a597e0bc9b587bc775b755
H6167001_S_8901030025464,G5_7091223be185db9a,梨牌 pears·Pears 香皂 100g (印度),2,梨牌,soap_bar,100g,印度,4,8901030025464,Pears梨牌透明香皂4*100克  （平行進口）,multipass-v1-lexical,373e0ce20215d71dcabbbc621467b5ca305632be55a597e0bc9b587bc775b755
B1149001_S_LUX_SOAP,G5_87c0d5daa1900333,LUX 英文中文新旧·煥活冰泉·随机发 香皂 70g (印尼),2,LUX,soap_bar,70g,印尼,4,,LUX 力士 麗仕煥活冰泉香皂 70g*4件（藍色）（英文中文新舊包装随機發貨）,multipass-v1-lexical,373e0ce20215d71dcabbbc621467b5ca305632be55a597e0bc9b587bc775b755
H6706001_S_cs169867,G5_87c0d5daa1900333,LUX 英文中文新旧·煥活冰泉·随机发 香皂 70g (印尼),2,LUX,soap_bar,70g,印尼,4,,LUX 煥活冰泉香皂 70g*4件（藍色）(平行進口)（英文中文新旧包装随机发）,multipass-v1-lexical,373e0ce20215d71dcabbbc621467b5ca305632be55a597e0bc9b587bc775b755
B1193001_S_H4147_TBD0605821001,G5_788658d3c326b645,便攜·戶外·旅行 皂紙 50pc (中國),2,,soap_paper,50pc,中國,1,,50片/盒 Paper Soap 旅行便攜一次性洗手香皂片，香型：草莓,multipass-v1-lexical,373e0ce20215d71dcabbbc621467b5ca305632be55a597e0bc9b587bc775b755
B1260001_S_H4158_TBD0605821001,G5_788658d3c326b645,便攜·戶外·旅行 皂紙 50pc (中國),2,,soap_paper,50pc,中國,1,,Paper Soap 50片/盒 便攜香皂片吸卡紙香皂 一次性洗手旅行皂 旅行便攜一次性洗手香皂片 戶外/酒店/學校旅行皂，香型：草莓,multipass-v1-lexical,373e0ce20215d71dcabbbc621467b5ca305632be55a597e0bc9b587bc775b755
B1307001_S_MADAMEHENG_011591_2,G5_7e535cc094349ac6,MADAME HENG 草本 香皂 160g (泰國),2,MADAME HENG,soap_bar,160g,泰國,6,,泰國興太太阿嬤牌草本手工香皂 160g x 6件(平行進口),multipass-v1-lexical,373e0ce20215d71dcabbbc621467b5ca305632be55a597e0bc9b587bc775b755
B1307002_S_MADAMEHENG_011591_2,G5_7e535cc094349ac6,MADAME HENG 草本 香皂 160g (泰國),2,MADAME HENG,soap_bar,160g,泰國,6,,泰國興太太阿嬤牌草本手工香皂 160g x 6件(平行進口),multipass-v1-lexical,373e0ce20215d71dcabbbc621467b5ca305632be55a597e0bc9b587bc775b755
B1604001_S_4987072029022,G5_487dd42b03327b28,小林製藥 粉色·蜜桃 未分類 12pc (日本),2,小林製藥,UNKNOWN,12pc,日本,1,4987072029022,小林制藥 洗淨丸 粉色 蜜桃味  12粒【平行進口】,multipass-v1-lexical,373e0ce20215d71dcabbbc621467b5ca305632be55a597e0bc9b587bc775b755
B1604002_S_4987072029022,G5_487dd42b03327b28,小林製藥 粉色·蜜桃 未分類 12pc (日本),2,小林製藥,UNKNOWN,12pc,日本,1,4987072029022,小林制藥 洗淨丸 粉色 蜜桃味  12粒【平行進口】,multipass-v1-lexical,373e0ce20215d71dcabbbc621467b5ca305632be55a597e0bc9b587bc775b755
C0065001_S_6258816715603_H,G5_fdfc541733d291a0,手洗·清新·馬賽 洗衣皂 300g (中國),2,,laundry_soap,300g,,1,,大公雞管家馬賽洗衣皂 300g 強力去漬 溫和護衣 清新留香 手洗專用,multipass-v1-lexical,373e0ce20215d71dcabbbc621467b5ca305632be55a597e0bc9b587bc775b755
C0830001_S_6258816715603_H,G5_fdfc541733d291a0,手洗·清新·馬賽 洗衣皂 300g (中國),2,,laundry_soap,300g,中國,1,,大公雞管家馬賽洗衣皂 300g 強力去漬 溫和護衣 清新留香 手洗專用,multipass-v1-lexical,373e0ce20215d71dcabbbc621467b5ca305632be55a597e0bc9b587bc775b755
C0088001_S_5832052148526_H,G5_e4134f495ec582c4,琥珀·精油 香皂 125g (中國),2,,soap_bar,125g,,12,,Costco代購 開市客 梨牌 琥珀橙 精油水晶皂 125g*12   琥珀精油皂  香皂 養膚溫和皂,multipass-v1-lexical,373e0ce20215d71dcabbbc621467b5ca305632be55a597e0bc9b587bc775b755
C0830001_S_5832052148526_H,G5_e4134f495ec582c4,琥珀·精油 香皂 125g (中國),2,,soap_bar,125g,中國,12,,Costco代購 開市客 梨牌 琥珀橙 精油水晶皂 125g*12   琥珀精油皂  香皂 養膚溫和皂,multipass-v1-lexical,373e0ce20215d71dcabbbc621467b5ca305632be55a597e0bc9b587bc775b755
C0185001_S_954745757679_H,G5_7127d4cffdeda7b8,洗臉洗澡·沉香·精油 香皂 130g (中國),2,,soap_bar,130g,中國,8,,8 盒裝檀香精油手工香皂沉香精油皂控油洗臉洗澡肥皂木質檀香精油皂（130g*8盒）,multipass-v1-lexical,373e0ce20215d71dcabbbc621467b5ca305632be55a597e0bc9b587bc775b755
C0185001_S_chengxiangzao01,G5_7127d4cffdeda7b8,洗臉洗澡·沉香·精油 香皂 130g (中國),2,,soap_bar,130g,中國,5,,5 盒裝檀香精油手工香皂沉香精油皂控油洗臉洗澡肥皂木質檀香精油皂（130g*5 盒）,multipass-v1-lexical,373e0ce20215d71dcabbbc621467b5ca305632be55a597e0bc9b587bc775b755
C0185001_S_jianghuangningmeng,G5_82758da71593e87b,膠原蛋白·維他命·日本 香皂 100g (中國),2,,soap_bar,100g,中國,6,,"6盒裝Kojic 酸皂 適用於色素沉澱 - 含穀胱甘肽、膠原蛋白和維他命 C - 天然皂液含薑黃 - 原始日本複合物,適用於黑斑修正 -（100g*6盒）",multipass-v1-lexical,373e0ce20215d71dcabbbc621467b5ca305632be55a597e0bc9b587bc775b755
H9990001_S_355,G5_82758da71593e87b,膠原蛋白·維他命·日本 香皂 100g (中國),2,,soap_bar,100g,中國,1,,"Kojic 酸皂 適用於色素沉澱 - 含穀胱甘肽、膠原蛋白和維他命 C - 天然皂液含薑黃 - 原始日本複合物,適用於黑斑修正 -100g",multipass-v1-lexical,373e0ce20215d71dcabbbc621467b5ca305632be55a597e0bc9b587bc775b755
C0195001_S_5141437909740_H,G5_1fad3ab13b30ccc0,法拉夏 馬蹄鐵植物橄欖馬賽·簡裝 香皂 600g (法國),2,法拉夏,soap_bar,600g,法國,1,,馬蹄鐵植物橄欖馬賽皂 簡裝 600g,multipass-v1-lexical,373e0ce20215d71dcabbbc621467b5ca305632be55a597e0bc9b587bc775b755
C0195002_S_3519590214393-HK,G5_1fad3ab13b30ccc0,法拉夏 馬蹄鐵植物橄欖馬賽·簡裝 香皂 600g (法國),2,法拉夏,soap_bar,600g,法國,1,,馬蹄鐵植物橄欖馬賽皂 簡裝 600g,multipass-v1-lexical,373e0ce20215d71dcabbbc621467b5ca305632be55a597e0bc9b587bc775b755
C0195001_S_9420015001204-HK,G5_60e487d46068c7f0,ecostore 檸檬草·清爽 香皂 80g (紐西蘭),2,ecostore,soap_bar,80g,紐西蘭,1,,檸檬草香皂 80g 清爽控油,multipass-v1-lexical,373e0ce20215d71dcabbbc621467b5ca305632be55a597e0bc9b587bc775b755
C0195002_S_9420015001204-HK,G5_60e487d46068c7f0,ecostore 檸檬草·清爽 香皂 80g (紐西蘭),2,ecostore,soap_bar,80g,紐西蘭,1,,檸檬草香皂 80g 清爽控油,multipass-v1-lexical,373e0ce20215d71dcabbbc621467b5ca305632be55a597e0bc9b587bc775b755
C0195001_S_9420015017571-HK1,G5_d929a74137b6b573,ecostore 嬰兒燕麥奶·孕嬰可用 香皂 80g (紐西蘭),2,ecostore,soap_bar,80g,紐西蘭,1,,嬰兒燕麥奶香皂 80g 溫和潔淨 孕嬰可用,multipass-v1-lexical,373e0ce20215d71dcabbbc621467b5ca305632be55a597e0bc9b587bc775b755
C0195002_S_9420015017571-HK,G5_d929a74137b6b573,ecostore 嬰兒燕麥奶·孕嬰可用 香皂 80g (紐西蘭),2,ecostore,soap_bar,80g,紐西蘭,1,,嬰兒燕麥奶香皂 80g 溫和潔淨 孕嬰可用,multipass-v1-lexical,373e0ce20215d71dcabbbc621467b5ca305632be55a597e0bc9b587bc775b755
C0195001_S_9420015017731-HK,G5_c27f2cedaf85cd55,ecostore 敏感肌可用·杏仁玫瑰 香皂 150g (紐西蘭),2,ecostore,soap_bar,150g,紐西蘭,1,,杏仁玫瑰香皂 150g 滋潤保濕 敏感肌可用,multipass-v1-lexical,373e0ce20215d71dcabbbc621467b5ca305632be55a597e0bc9b587bc775b755
C0195002_S_9420015017731-HK,G5_c27f2cedaf85cd55,ecostore 敏感肌可用·杏仁玫瑰 香皂 150g (紐西蘭),2,ecostore,soap_bar,150g,紐西蘭,1,,杏仁玫瑰香皂 150g 滋潤保濕 敏感肌可用,multipass-v1-lexical,373e0ce20215d71dcabbbc621467b5ca305632be55a597e0bc9b587bc775b755
C0195002_S_hongwei-003,G5_300c2c8d97bd1b77,紅衛 孕婦嬰兒洗頭洗手洗澡可用沐浴·洗臉潔面 香皂 120g (中國),2,紅衛,soap_bar,120g,中國,3,,羊脂皂 120g * 3塊 洗臉潔面嫩膚 孕婦嬰兒洗頭洗手洗澡可用沐浴香皂,multipass-v1-lexical,373e0ce20215d71dcabbbc621467b5ca305632be55a597e0bc9b587bc775b755
C0195002_S_hongwei-004,G5_300c2c8d97bd1b77,紅衛 孕婦嬰兒洗頭洗手洗澡可用沐浴·洗臉潔面 香皂 120g (中國),2,紅衛,soap_bar,120g,中國,4,,羊脂皂 120g * 4塊 洗臉潔面嫩膚 孕婦嬰兒洗頭洗手洗澡可用沐浴香皂,multipass-v1-lexical,373e0ce20215d71dcabbbc621467b5ca305632be55a597e0bc9b587bc775b755
C0547002_S_47062691846091_H,G5_2b10475d68091673,青檸 香皂 125g (中國),2,,soap_bar,125g,中國,4,,威露士|健康香皂塊 肥皂-A款：青檸香味125g*4（平行進口）,multipass-v1-lexical,373e0ce20215d71dcabbbc621467b5ca305632be55a597e0bc9b587bc775b755
C0776001_S_47062691846091_H,G5_2b10475d68091673,青檸 香皂 125g (中國),2,,soap_bar,125g,中國,4,,威露士|健康香皂塊 肥皂-A款：青檸香味125g*4（平行進口）,multipass-v1-lexical,373e0ce20215d71dcabbbc621467b5ca305632be55a597e0bc9b587bc775b755
C0631001_S_12414452075,G5_2560d96a1030df74,Safeguard 薰衣草·洗去·純白 香皂 100g (中國),2,Safeguard,soap_bar,100g,中國,3,,舒膚佳香皂100g*3塊(2純白+1薰衣草),multipass-v1-lexical,373e0ce20215d71dcabbbc621467b5ca305632be55a597e0bc9b587bc775b755
C0631001_S_12414453934,G5_2560d96a1030df74,Safeguard 薰衣草·洗去·純白 香皂 100g (中國),2,Safeguard,soap_bar,,中國,4,,舒膚佳香皂 6塊皂(純白*4+薰衣草*2)肥皂 洗去99%細菌 新舊包裝隨機,multipass-v1-lexical,373e0ce20215d71dcabbbc621467b5ca305632be55a597e0bc9b587bc775b755
C0631001_S_12430590134,G5_5365b71edb64741f,LUX 幽蓮魅膚·力士·恆久 香皂 105g (中國),2,LUX,soap_bar,105g,中國,3,,力士香皂恆久嫩膚105g*3+幽蓮魅膚105g*2,multipass-v1-lexical,373e0ce20215d71dcabbbc621467b5ca305632be55a597e0bc9b587bc775b755
C0631001_S_12430591784,G5_5365b71edb64741f,LUX 幽蓮魅膚·力士·恆久 香皂 105g (中國),2,LUX,UNKNOWN,105g,中國,3,,力士舒緩潔淨105g*3+幽蓮魅膚105g*2,multipass-v1-lexical,373e0ce20215d71dcabbbc621467b5ca305632be55a597e0bc9b587bc775b755
H0178001_S_LEO-SP-001,G5_6a25c7c4afb2f246,小橄欖樹 馬鞭草檸檬 香皂 100g (法國),2,小橄欖樹,soap_bar,100g,法國,2,,【原裝行貨】馬鞭草檸檬溫和香皂 - 2 x 100gm,multipass-v1-lexical,373e0ce20215d71dcabbbc621467b5ca305632be55a597e0bc9b587bc775b755
H0178001_S_LEO-SP-001A,G5_6a25c7c4afb2f246,小橄欖樹 馬鞭草檸檬 香皂 100g (法國),2,小橄欖樹,soap_bar,,法國,1,,【原裝行貨】馬鞭草檸檬溫和香皂 - 100gm,multipass-v1-lexical,373e0ce20215d71dcabbbc621467b5ca305632be55a597e0bc9b587bc775b755
H0178001_S_LEO-SP-003,G5_3287277c1fbf738c,小橄欖樹 玫瑰 香皂 100g (法國),2,小橄欖樹,soap_bar,100g,法國,2,,【原裝行貨】玫瑰溫和香皂 - 2 x 100gm,multipass-v1-lexical,373e0ce20215d71dcabbbc621467b5ca305632be55a597e0bc9b587bc775b755
H0178001_S_LEO-SP-003A,G5_3287277c1fbf738c,小橄欖樹 玫瑰 香皂 100g (法國),2,小橄欖樹,soap_bar,,法國,1,,【原裝行貨】玫瑰溫和香皂 100gm,multipass-v1-lexical,373e0ce20215d71dcabbbc621467b5ca305632be55a597e0bc9b587bc775b755
H0229003_S_5TAD-3593290027644,G5_a28a91476c60951d,tade PAYS DU LEVANT 橄欖油馬賽 香皂 300g (法國),2,tade PAYS DU LEVANT,soap_bar,300g,法國,1,,橄欖油馬賽皂,multipass-v1-lexical,373e0ce20215d71dcabbbc621467b5ca305632be55a597e0bc9b587bc775b755
H0229003_S_5TAD-3593290031009,G5_a28a91476c60951d,tade PAYS DU LEVANT 橄欖油馬賽 香皂 300g (法國),2,tade PAYS DU LEVANT,soap_bar,300g,法國,1,,橄欖油馬賽皂,multipass-v1-lexical,373e0ce20215d71dcabbbc621467b5ca305632be55a597e0bc9b587bc775b755
H0229003_S_5TAD-3593290030019,G5_1735f4209f5d07bc,tade PAYS DU LEVANT 初榨月桂油阿勒頗·cosmos·nat 香皂 190g (阿拉伯敘利亞共和國(敘利亞)),2,tade PAYS DU LEVANT,soap_bar,190g,阿拉伯敘利亞共和國(敘利亞),1,,法國初榨月桂油阿勒頗手工皂 (COSMOS NAT認證) 190g,multipass-v1-lexical,373e0ce20215d71dcabbbc621467b5ca305632be55a597e0bc9b587bc775b755
H0229003_S_5TAD-3593290030040,G5_1735f4209f5d07bc,tade PAYS DU LEVANT 初榨月桂油阿勒頗·cosmos·nat 香皂 190g (阿拉伯敘利亞共和國(敘利亞)),2,tade PAYS DU LEVANT,soap_bar,190g,阿拉伯敘利亞共和國(敘利亞),1,,法國35%初榨月桂油阿勒頗手工皂 (COSMOS NAT認證) 190g,multipass-v1-lexical,373e0ce20215d71dcabbbc621467b5ca305632be55a597e0bc9b587bc775b755
H0888001_S_10161477,G5_5b4c8fa504f1ae0e,滴露 內地版·倍護 香皂 規格未知 (中國),2,滴露,soap_bar,,中國,3,,滋潤倍護香皂3件裝 #平行進口 [內地版-平行進口],multipass-v1-lexical,373e0ce20215d71dcabbbc621467b5ca305632be55a597e0bc9b587bc775b755
H0888001_S_10161477A,G5_5b4c8fa504f1ae0e,滴露 內地版·倍護 香皂 規格未知 (中國),2,滴露,soap_bar,,中國,2,,[2件裝]滋潤倍護香皂3件裝 #平行進口 [內地版-平行進口],multipass-v1-lexical,373e0ce20215d71dcabbbc621467b5ca305632be55a597e0bc9b587bc775b755
H0956004_S_CHI-113710,G5_b1b27b1a394def9b,CHINOSHIO 熊本阿蘇艾草精油淨身 香皂 規格未知 (日本),2,CHINOSHIO,soap_bar,,日本,1,,熊本阿蘇艾草精油淨身皂(1盒4件)（平行進口）,multipass-v1-lexical,373e0ce20215d71dcabbbc621467b5ca305632be55a597e0bc9b587bc775b755
H0956007_S_CHI-113710,G5_b1b27b1a394def9b,CHINOSHIO 熊本阿蘇艾草精油淨身 香皂 規格未知 (日本),2,CHINOSHIO,soap_bar,,日本,1,,熊本阿蘇艾草精油淨身皂(1盒4件)（平行進口）,multipass-v1-lexical,373e0ce20215d71dcabbbc621467b5ca305632be55a597e0bc9b587bc775b755
H0956010_S_T03-000050,G5_80e21bbd665e1b13,沐浴·洗手·洗臉 香皂 85g (中國),2,,soap_bar,85g,中國,1,,【3塊】上海硫磺皂85g 香皂 肥皂 洗手皂 清潔洗臉沐浴 控油祛痘,multipass-v1-lexical,373e0ce20215d71dcabbbc621467b5ca305632be55a597e0bc9b587bc775b755
H0956012_S_T03-000050,G5_80e21bbd665e1b13,沐浴·洗手·洗臉 香皂 85g (中國),2,,soap_bar,85g,中國,1,,【3塊】上海硫磺皂85g 香皂 肥皂 洗手皂 清潔洗臉沐浴 控油祛痘,multipass-v1-lexical,373e0ce20215d71dcabbbc621467b5ca305632be55a597e0bc9b587bc775b755
H0956010_S_T11-000015,G5_17a88f97104e626e,Kamijo 植物·無香·香料 洗衣皂 75g (中國),2,Kamijo,laundry_soap,75g,中國,1,,純植物性洗衣皂 無香料配方 衣物清潔去污 75g,multipass-v1-lexical,373e0ce20215d71dcabbbc621467b5ca305632be55a597e0bc9b587bc775b755
H0956012_S_T11-000015,G5_17a88f97104e626e,Kamijo 植物·無香·香料 洗衣皂 75g (中國),2,Kamijo,laundry_soap,75g,中國,1,,純植物性洗衣皂 無香料配方 衣物清潔去污 75g,multipass-v1-lexical,373e0ce20215d71dcabbbc621467b5ca305632be55a597e0bc9b587bc775b755
H5120001_S_CC-ADP_L-10,G5_d6d3c9413c1cca5f,加護 成人紙尿褲·原箱·大碼 未分類 10pc (中國),2,加護,UNKNOWN,10pc,中國,1,,加護寶™成人紙尿褲(大碼),multipass-v1-lexical,373e0ce20215d71dcabbbc621467b5ca305632be55a597e0bc9b587bc775b755
H5120001_S_CC-ADP_L-80,G5_d6d3c9413c1cca5f,加護 成人紙尿褲·原箱·大碼 未分類 10pc (中國),2,加護,UNKNOWN,10pc,中國,8,,[原箱] 加護寶™成人紙尿褲(大碼),multipass-v1-lexical,373e0ce20215d71dcabbbc621467b5ca305632be55a597e0bc9b587bc775b755
H5120001_S_CC-ADP_M-10,G5_22def4f1b70fcb73,加護 成人紙尿褲·中碼·原箱 未分類 10pc (中國),2,加護,UNKNOWN,10pc,中國,1,,加護寶™成人紙尿褲(中碼),multipass-v1-lexical,373e0ce20215d71dcabbbc621467b5ca305632be55a597e0bc9b587bc775b755
H5120001_S_CC-ADP_M-80,G5_22def4f1b70fcb73,加護 成人紙尿褲·中碼·原箱 未分類 10pc (中國),2,加護,UNKNOWN,10pc,中國,8,,[原箱] 加護寶™成人紙尿褲(中碼),multipass-v1-lexical,373e0ce20215d71dcabbbc621467b5ca305632be55a597e0bc9b587bc775b755
H5292003_S_SAV01NJ-8,G5_351ad52c12618ec8,NAJEL 純橄欖油·月桂油 香皂 180g (阿拉伯敘利亞共和國(敘利亞)),2,NAJEL,soap_bar,180g,阿拉伯敘利亞共和國(敘利亞),1,,12%月桂油 純橄欖油手工皂 (新舊包裝隨機發出),multipass-v1-lexical,373e0ce20215d71dcabbbc621467b5ca305632be55a597e0bc9b587bc775b755
H5292003_S_SAV82NJ-8,G5_351ad52c12618ec8,NAJEL 純橄欖油·月桂油 香皂 180g (阿拉伯敘利亞共和國(敘利亞)),2,NAJEL,soap_bar,190g,阿拉伯敘利亞共和國(敘利亞),1,,5%月桂油 純橄欖油手工皂 (新舊包裝隨機發出),multipass-v1-lexical,373e0ce20215d71dcabbbc621467b5ca305632be55a597e0bc9b587bc775b755
H5337002_S_4982757912057,G5_bafb4faba4a2323b,CHINOSHIO 地之塩社·沐浴·洗面 香皂 98g (日本),2,CHINOSHIO,soap_bar,98g,日本,4,4982757912057,"地之塩社 艾草皂, 4個入, 98g X4, 肥皂 洗面皂 沐浴皂 日本製造",multipass-v1-lexical,373e0ce20215d71dcabbbc621467b5ca305632be55a597e0bc9b587bc775b755
S1061001_S_MON-030-165-0000,G5_bafb4faba4a2323b,CHINOSHIO 地之塩社·沐浴·洗面 香皂 98g (日本),2,CHINOSHIO,soap_bar,98g,日本,4,,日本 地之塩社 天然艾草 保濕滋潤肥皂番梘 (4件裝)【市集世界 - 日本市集】,multipass-v1-lexical,373e0ce20215d71dcabbbc621467b5ca305632be55a597e0bc9b587bc775b755
H5528001_S_DEL025007,G5_7b83f372644a1ce3,滴露 caresales·清涼·閃購 洗手液 100g (印尼),2,滴露,hand_wash,100g,印尼,4,,抗菌清涼香皂 (藍 100g❎4) 滴露 洗手液 潔手液 香皂 平行進口 #e閃購caresales,multipass-v1-lexical,373e0ce20215d71dcabbbc621467b5ca305632be55a597e0bc9b587bc775b755
H5528001_S_DEL025007X2,G5_7b83f372644a1ce3,滴露 caresales·清涼·閃購 洗手液 100g (印尼),2,滴露,hand_wash,100g,印尼,8,,抗菌清涼香皂 (藍 100g❎8) 洗手液 潔手液 香皂 平行進口 #e閃購caresales,multipass-v1-lexical,373e0ce20215d71dcabbbc621467b5ca305632be55a597e0bc9b587bc775b755
H5528001_S_RSM808204,G5_7fae1965f4592964,animo 植物·沐浴·潔面 香皂 80g (馬來西亞),2,animo,soap_bar,80g,馬來西亞,2,,石鹼天然植物椰油香皂 (80g❎2)潔面皂 沐浴皂 平行進口 #e閃購homesales,multipass-v1-lexical,373e0ce20215d71dcabbbc621467b5ca305632be55a597e0bc9b587bc775b755
H5528001_S_RSM808204X2,G5_7fae1965f4592964,animo 植物·沐浴·潔面 香皂 80g (馬來西亞),2,animo,soap_bar,80g,馬來西亞,6,,石鹼天然植物椰油香皂 (80g❎6)潔面皂 沐浴皂 平行進口 #e閃購homesales,multipass-v1-lexical,373e0ce20215d71dcabbbc621467b5ca305632be55a597e0bc9b587bc775b755
H5859001_S_ST2809,G5_42cf0fc60ff418cc,Goat Soap 山羊奶·甘油·紫色 香皂 100g (澳洲),2,Goat Soap,soap_bar,100g,澳洲,1,,Goat 山羊奶肥皂 - 甘油(紫色) 100g,multipass-v1-lexical,373e0ce20215d71dcabbbc621467b5ca305632be55a597e0bc9b587bc775b755
H5859001_S_ST2816,G5_42cf0fc60ff418cc,Goat Soap 山羊奶·甘油·紫色 香皂 100g (澳洲),2,Goat Soap,soap_bar,100g,澳洲,3,,Goat 山羊奶肥皂 - 甘油(紫色) 100g x3,multipass-v1-lexical,373e0ce20215d71dcabbbc621467b5ca305632be55a597e0bc9b587bc775b755
H5859001_S_ST3136,G5_68886de81d197a25,Fresh 西柚果香瑰麗·新日期·馥蕾詩 香皂 250g (法國),2,Fresh,soap_bar,250g,法國,1,,西柚果香瑰麗香皂 250g,multipass-v1-lexical,373e0ce20215d71dcabbbc621467b5ca305632be55a597e0bc9b587bc775b755
H8976001_S_809280018572,G5_68886de81d197a25,Fresh 西柚果香瑰麗·新日期·馥蕾詩 香皂 250g (法國),2,Fresh,soap_bar,250g,法國,1,,【香港行貨】【新日期】馥蕾詩西柚果香瑰麗香皂250g,multipass-v1-lexical,373e0ce20215d71dcabbbc621467b5ca305632be55a597e0bc9b587bc775b755
H6141001_S_A076-100,G5_34095efbba753508,NAJEL 純橄欖油·阿勒頗·法國 香皂 200g (阿拉伯敘利亞共和國(敘利亞)),2,NAJEL,soap_bar,200g,阿拉伯敘利亞共和國(敘利亞),1,,Najel 阿勒頗天然手工古皂 100% 純橄欖油 200g (送起泡袋),multipass-v1-lexical,373e0ce20215d71dcabbbc621467b5ca305632be55a597e0bc9b587bc775b755
H6173001_S_NAJEL-100,G5_34095efbba753508,NAJEL 純橄欖油·阿勒頗·法國 香皂 200g (阿拉伯敘利亞共和國(敘利亞)),2,NAJEL,soap_bar,200g,阿拉伯敘利亞共和國(敘利亞),1,,阿勒頗天然手工古皂 - 100%純橄欖油 法國品牌 香港行貨 新舊包裝交替出貨 包裝隨機發貨,multipass-v1-lexical,373e0ce20215d71dcabbbc621467b5ca305632be55a597e0bc9b587bc775b755
H6141001_S_A076-12,G5_c0c3ddefbf4a1f6f,NAJEL 月桂油·橄欖油·阿勒頗 香皂 200g (阿拉伯敘利亞共和國(敘利亞)),2,NAJEL,soap_bar,200g,阿拉伯敘利亞共和國(敘利亞),1,,Najel 阿勒頗天然手工古皂 12%月桂油 88%橄欖油 200g (送起泡袋) 香港行貨 法國品牌,multipass-v1-lexical,373e0ce20215d71dcabbbc621467b5ca305632be55a597e0bc9b587bc775b755
H6141001_S_A076-5,G5_c0c3ddefbf4a1f6f,NAJEL 月桂油·橄欖油·阿勒頗 香皂 200g (阿拉伯敘利亞共和國(敘利亞)),2,NAJEL,soap_bar,200g,阿拉伯敘利亞共和國(敘利亞),1,,Najel 阿勒頗天然手工古皂 5%月桂油 95%橄欖油 200g (送起泡袋) 香港行貨 法國品牌,multipass-v1-lexical,373e0ce20215d71dcabbbc621467b5ca305632be55a597e0bc9b587bc775b755
H6141001_S_A406,G5_30d0c78314ff97b7,NAJEL 堅果油及火岩泥·摩洛哥·阿勒頗 香皂 100g (阿拉伯敘利亞共和國(敘利亞)),2,NAJEL,soap_bar,100g,阿拉伯敘利亞共和國(敘利亞),1,,摩洛哥有機堅果油及火岩泥 阿勒頗天然手工古皂 香港行貨 法國品牌 #3271,multipass-v1-lexical,373e0ce20215d71dcabbbc621467b5ca305632be55a597e0bc9b587bc775b755
H6173001_S_NAJEL-ARGAN,G5_30d0c78314ff97b7,NAJEL 堅果油及火岩泥·摩洛哥·阿勒頗 香皂 100g (阿拉伯敘利亞共和國(敘利亞)),2,NAJEL,soap_bar,100g,阿拉伯敘利亞共和國(敘利亞),1,,摩洛哥有機堅果油及火岩泥 阿勒頗天然手工皂  法國品牌 香港行貨 包裝隨機發貨,multipass-v1-lexical,373e0ce20215d71dcabbbc621467b5ca305632be55a597e0bc9b587bc775b755
H6141001_S_A407,G5_df4a32f196a34abe,NAJEL 阿勒頗·嬰兒·法國 香皂 100g (阿拉伯敘利亞共和國(敘利亞)),2,NAJEL,soap_bar,100g,阿拉伯敘利亞共和國(敘利亞),1,3760061223288,蜜糖 阿勒頗天然手工古皂 香港行貨 法國品牌 #3288,multipass-v1-lexical,373e0ce20215d71dcabbbc621467b5ca305632be55a597e0bc9b587bc775b755
H6300002_S_BWNJL-9,G5_df4a32f196a34abe,NAJEL 阿勒頗·嬰兒·法國 香皂 100g (阿拉伯敘利亞共和國(敘利亞)),2,NAJEL,soap_bar,100g,阿拉伯敘利亞共和國(敘利亞),1,3760061223288,"蜜糖 阿勒頗手工皂【純正溫和、嬰兒適用】100g (+/- 10%,手工製作) 香港行貨 3760061223288",multipass-v1-lexical,373e0ce20215d71dcabbbc621467b5ca305632be55a597e0bc9b587bc775b755
H6141001_S_A409,G5_d6c1e3b15312f23a,NAJEL 檸檬精油·阿勒頗·法國 香皂 100g (阿拉伯敘利亞共和國(敘利亞)),2,NAJEL,soap_bar,100g,阿拉伯敘利亞共和國(敘利亞),1,,檸檬精油 阿勒頗天然手工古皂 香港行貨 法國品牌 #1390,multipass-v1-lexical,373e0ce20215d71dcabbbc621467b5ca305632be55a597e0bc9b587bc775b755
H6173001_S_NAJEL-LEMON,G5_d6c1e3b15312f23a,NAJEL 檸檬精油·阿勒頗·法國 香皂 100g (阿拉伯敘利亞共和國(敘利亞)),2,NAJEL,soap_bar,100g,阿拉伯敘利亞共和國(敘利亞),1,,檸檬精油 阿勒頗天然手工皂  法國品牌 香港行貨 包裝隨機發貨,multipass-v1-lexical,373e0ce20215d71dcabbbc621467b5ca305632be55a597e0bc9b587bc775b755
H6173001_S_NAJEL-JASMINE,G5_6d7cf85dfd29639d,NAJEL 茉莉精油·阿勒頗·法國 香皂 100g (阿拉伯敘利亞共和國(敘利亞)),2,NAJEL,soap_bar,100g,阿拉伯敘利亞共和國(敘利亞),1,,茉莉精油 阿勒頗天然手工皂 法國品牌 香港行貨 包裝隨機發貨,multipass-v1-lexical,373e0ce20215d71dcabbbc621467b5ca305632be55a597e0bc9b587bc775b755
H6300002_S_BWNJL-8,G5_6d7cf85dfd29639d,NAJEL 茉莉精油·阿勒頗·法國 香皂 100g (阿拉伯敘利亞共和國(敘利亞)),2,NAJEL,soap_bar,100g,阿拉伯敘利亞共和國(敘利亞),1,3760061221727,"有機茉莉精油 阿勒頗手工古皂【深層補水】100g (+/- 10%,手工製作) 香港行貨 3760061221727",multipass-v1-lexical,373e0ce20215d71dcabbbc621467b5ca305632be55a597e0bc9b587bc775b755
H6706001_S_cs169532,G5_d410632f6c72e5d6,梨牌 油脂甘油·黃色 香皂 125g (印尼),2,梨牌,soap_bar,125g,,1,,天然油脂甘油香皂125g 黃色（平行進口）,multipass-v1-lexical,373e0ce20215d71dcabbbc621467b5ca305632be55a597e0bc9b587bc775b755
H9357001_S_5017306008321,G5_d410632f6c72e5d6,梨牌 油脂甘油·黃色 香皂 125g (印尼),2,梨牌,soap_bar,125g,印尼,1,5017306008321,梨牌 - 天然油脂甘油香皂125g 【平行進口】（5017306008321）,multipass-v1-lexical,373e0ce20215d71dcabbbc621467b5ca305632be55a597e0bc9b587bc775b755
H6706001_S_cs169533,G5_7abe4852d6f2756d,梨牌 pears·檸檬花·甘油 香皂 125g (印度),2,梨牌,soap_bar,125g,,1,,梨牌 - 檸檬花甘油香皂125g 綠色（平行進口）,multipass-v1-lexical,373e0ce20215d71dcabbbc621467b5ca305632be55a597e0bc9b587bc775b755
S2232001_S_PEA05176X2,G5_7abe4852d6f2756d,梨牌 pears·檸檬花·甘油 香皂 125g (印度),2,梨牌,soap_bar,125g,印度,2,,*優惠兩件裝* Pears 透明香皂125g - 檸檬花(綠色) ✥ [05176x2] (平行進口貨),multipass-v1-lexical,373e0ce20215d71dcabbbc621467b5ca305632be55a597e0bc9b587bc775b755
H6869001_S_ALEPIA-026,G5_e9d99cfee9000906,Alepia 月桂油·橄欖 香皂 500ml (阿拉伯敘利亞共和國(敘利亞)),2,Alepia,soap_bar,500ml,阿拉伯敘利亞共和國(敘利亞),1,,有機 1% 月桂油&橄欖皂液 500ml (AL113085),multipass-v1-lexical,373e0ce20215d71dcabbbc621467b5ca305632be55a597e0bc9b587bc775b755
H6869001_S_ALEPIA-027,G5_e9d99cfee9000906,Alepia 月桂油·橄欖 香皂 500ml (阿拉伯敘利亞共和國(敘利亞)),2,Alepia,soap_bar,500ml,阿拉伯敘利亞共和國(敘利亞),1,,有機 15% 月桂油&橄欖皂液 500ml (AL113092),multipass-v1-lexical,373e0ce20215d71dcabbbc621467b5ca305632be55a597e0bc9b587bc775b755
H7138001_S_Y35016021-2,G5_8c490b517ef8b69d,里仁 透明·香茅 香皂 100g (台灣),2,里仁,soap_bar,100g,,2,,里仁香茅透明皂 100g x 2,multipass-v1-lexical,373e0ce20215d71dcabbbc621467b5ca305632be55a597e0bc9b587bc775b755
H8999001_S_LZ_soap_4710942103191,G5_8c490b517ef8b69d,里仁 透明·香茅 香皂 100g (台灣),2,里仁,soap_bar,,台灣,1,4710942103191,香茅手工皂,multipass-v1-lexical,373e0ce20215d71dcabbbc621467b5ca305632be55a597e0bc9b587bc775b755
H7343002_S_S023PLHK230221JJQT05820RMN02,G5_9e63155ecaf55963,孕婦·成份·椰子 洗衣皂 規格未知 (中國),2,,laundry_soap,,中國,1,,2件 日春小梳打椰子精油去污皂 天然成份 無毒 母嬰適用 孕婦適用,multipass-v1-lexical,373e0ce20215d71dcabbbc621467b5ca305632be55a597e0bc9b587bc775b755
H7343015_S_3PLHK230221JJQT05820RMN02,G5_9e63155ecaf55963,孕婦·成份·椰子 洗衣皂 規格未知 (中國),2,,laundry_soap,,中國,1,,2件 日春小梳打椰子精油去污皂 天然成份 無毒 母嬰適用 孕婦適用 [平行進口],multipass-v1-lexical,373e0ce20215d71dcabbbc621467b5ca305632be55a597e0bc9b587bc775b755
H7343003_S_HK230221JJQT05820RMN02,G5_bf7baec4b1b4a7df,孕婦·成份·椰子 洗衣皂 100g (中國),2,,laundry_soap,100g,中國,1,,2件 日春小梳打椰子精油去污皂 天然成份 無毒 母嬰適用 孕婦適用 小蘇打肥皂洗衣梘 天然椰子香梘 肥皂 洗衣皂 肥皂 蘇打清潔皂 去污皂 天然成份 不傷手 強力清潔 透明皂 消毒內衣褲番梘 小蘇打洗,multipass-v1-lexical,373e0ce20215d71dcabbbc621467b5ca305632be55a597e0bc9b587bc775b755
H7343013_S_HK230221JJQT05820RMN02,G5_bf7baec4b1b4a7df,孕婦·成份·椰子 洗衣皂 100g (中國),2,,laundry_soap,100g,中國,2,,[2件裝] 日春小蘇打椰子精油強力去污洗衣皂 母嬰孕婦適用天然洗內衣褲番梘 透明皂,multipass-v1-lexical,373e0ce20215d71dcabbbc621467b5ca305632be55a597e0bc9b587bc775b755
H7343003_S_HK240529JJQT11687RMN01,G5_8d80050d3e6db52b,背部祛痘·潤膚 香皂 135g (中國),2,,soap_bar,135g,中國,1,,深層清潔背部香皂 深層清潔香皂 美背潤膚皂 背部清潔皂 背部祛痘皂（135g）,multipass-v1-lexical,373e0ce20215d71dcabbbc621467b5ca305632be55a597e0bc9b587bc775b755
H7343015_S_HK240529JJQT11687RMN01,G5_8d80050d3e6db52b,背部祛痘·潤膚 香皂 135g (中國),2,,soap_bar,135g,中國,1,,深層清潔背部香皂 深層清潔香皂 美背潤膚皂 背部清潔皂 背部祛痘皂（135g）,multipass-v1-lexical,373e0ce20215d71dcabbbc621467b5ca305632be55a597e0bc9b587bc775b755
H7343013_S_HK230329JJQT06511RMN02,G5_2d04b14d9775d258,便攜式一次性·旅行外出露營·隨身外出輕便 皂紙 50pc (中國),2,,soap_paper,50pc,中國,1,,[50片/香味隨機/2盒套裝] 2盒 便攜式一次性香梘片 便攜式香皂紙 去味香味洗手 一次性肥皂紙 消毒抑菌洗手片 旅行外出露營必備 戶外用洗手番梘片 ｜ 隨身外出輕便 旅行出差必備,multipass-v1-lexical,373e0ce20215d71dcabbbc621467b5ca305632be55a597e0bc9b587bc775b755
H7343013_S_HK231214JJQT10097RMN01,G5_2d04b14d9775d258,便攜式一次性·旅行外出露營·隨身外出輕便 皂紙 50pc (中國),2,,soap_paper,50pc,中國,1,,[雲朵款/綠色/50片裝] 便攜雲朵番梘紙 隨身洗手片 隨身皂片 香皂片 肥皂片 一次性 香皂 皂片盒 香皂紙 ｜ 隨身外出輕便 旅行出差必備,multipass-v1-lexical,373e0ce20215d71dcabbbc621467b5ca305632be55a597e0bc9b587bc775b755
H7416001_S_663204210813_ZumBar_GoatsMilkSoap3oz,G5_cc53a772da06981b,Zum 柑橘·羊奶 香皂 85.05g (美國),2,Zum,soap_bar,85.05g,美國,1,,3oz 羊奶香皂  檀香&柑橘香味 平行進口,multipass-v1-lexical,373e0ce20215d71dcabbbc621467b5ca305632be55a597e0bc9b587bc775b755
H7416002_S_663204210813_ZumBar_GoatsMilkSoap3oz,G5_cc53a772da06981b,Zum 柑橘·羊奶 香皂 85.05g (美國),2,Zum,soap_bar,85.05g,美國,1,,3oz 羊奶香皂  檀香&柑橘香味 平行進口,multipass-v1-lexical,373e0ce20215d71dcabbbc621467b5ca305632be55a597e0bc9b587bc775b755
H7416001_S_718334312088_DesertEssence_LemongrassSoapBar142g,G5_a089f87fcac5d3e4,DESERT ESSENCE 含有永續棕櫚油·檸檬草清新 香皂 142g (美國),2,DESERT ESSENCE,soap_bar,142g,美國,1,,142g 檸檬草清新香皂 含有永續棕櫚油 平行進口,multipass-v1-lexical,373e0ce20215d71dcabbbc621467b5ca305632be55a597e0bc9b587bc775b755
H7416002_S_718334312088_DesertEssence_LemongrassSo,G5_a089f87fcac5d3e4,DESERT ESSENCE 含有永續棕櫚油·檸檬草清新 香皂 142g (美國),2,DESERT ESSENCE,soap_bar,142g,美國,1,,142g 檸檬草清新香皂 含有永續棕櫚油 平行進口,multipass-v1-lexical,373e0ce20215d71dcabbbc621467b5ca305632be55a597e0bc9b587bc775b755
H7416001_S_718334312095_DesertEssence_CoconutSoapBar142g,G5_d9a7edb940e6ec55,DESERT ESSENCE 奶油椰子 香皂 142g (美國),2,DESERT ESSENCE,soap_bar,142g,美國,1,,142g 奶油椰子香皂 平行進口,multipass-v1-lexical,373e0ce20215d71dcabbbc621467b5ca305632be55a597e0bc9b587bc775b755
H7416002_S_718334312095_DesertEssence_CoconutSoapB,G5_d9a7edb940e6ec55,DESERT ESSENCE 奶油椰子 香皂 142g (美國),2,DESERT ESSENCE,soap_bar,142g,美國,1,,142g 奶油椰子香皂 平行進口,multipass-v1-lexical,373e0ce20215d71dcabbbc621467b5ca305632be55a597e0bc9b587bc775b755
H7416001_S_718334312149_DesertEssence_CharcoalSoapBar142g,G5_70caf658148cd267,DESERT ESSENCE 活性碳 香皂 142g (美國),2,DESERT ESSENCE,soap_bar,142g,美國,1,,142g 活性碳去角質控油香皂 平行進口,multipass-v1-lexical,373e0ce20215d71dcabbbc621467b5ca305632be55a597e0bc9b587bc775b755
H7416002_S_718334312149_DesertEssence_CharcoalSoap,G5_70caf658148cd267,DESERT ESSENCE 活性碳 香皂 142g (美國),2,DESERT ESSENCE,soap_bar,142g,美國,1,,142g 活性碳去角質控油香皂 平行進口,multipass-v1-lexical,373e0ce20215d71dcabbbc621467b5ca305632be55a597e0bc9b587bc775b755
H7473001_S_DHBS1004,G5_91001942de37c1e8,dindinaturals 藍膠尤加利·檸檬茶樹·甜橙 香皂 110g (澳洲),2,dindinaturals,soap_bar,110g,澳洲,1,,"藍膠尤加利手工皂﹒深層潔淨 (藍膠尤加利, 檸檬茶樹 + 甜橙)",multipass-v1-lexical,373e0ce20215d71dcabbbc621467b5ca305632be55a597e0bc9b587bc775b755
H7473001_S_DHBS1004K,G5_91001942de37c1e8,dindinaturals 藍膠尤加利·檸檬茶樹·甜橙 香皂 110g (澳洲),2,dindinaturals,soap_bar,110g,澳洲,4,,"藍膠尤加利手工皂﹒深層潔淨 (藍膠尤加利, 檸檬茶樹 + 甜橙)﹒110克 x 4件",multipass-v1-lexical,373e0ce20215d71dcabbbc621467b5ca305632be55a597e0bc9b587bc775b755
H7473001_S_DHBS1013,G5_2512345dd1ade308,dindinaturals 天竺葵·茶籽油·薰衣草 香皂 110g (澳洲),2,dindinaturals,soap_bar,110g,澳洲,1,,"天竺葵手工皂﹒滋潤抗菌 (薰衣草, 天竺葵 + 茶籽油)",multipass-v1-lexical,373e0ce20215d71dcabbbc621467b5ca305632be55a597e0bc9b587bc775b755
H7473001_S_DHBS1013K,G5_2512345dd1ade308,dindinaturals 天竺葵·茶籽油·薰衣草 香皂 110g (澳洲),2,dindinaturals,soap_bar,110g,澳洲,4,,"天竺葵手工皂﹒滋潤抗菌 (薰衣草, 天竺葵 + 茶籽油)﹒110克 x 4件",multipass-v1-lexical,373e0ce20215d71dcabbbc621467b5ca305632be55a597e0bc9b587bc775b755
H7473001_S_DHBS1015,G5_87adbee89fa11ff9,dindinaturals 抗敏·麻籽 香皂 110g (澳洲),2,dindinaturals,soap_bar,110g,澳洲,1,,麻籽手工皂﹒抗敏修護 (無香味),multipass-v1-lexical,373e0ce20215d71dcabbbc621467b5ca305632be55a597e0bc9b587bc775b755
H7473001_S_DHBS1015K,G5_87adbee89fa11ff9,dindinaturals 抗敏·麻籽 香皂 110g (澳洲),2,dindinaturals,soap_bar,110g,澳洲,4,,麻籽手工皂﹒抗敏修護 (無香味)﹒110克 x 4件,multipass-v1-lexical,373e0ce20215d71dcabbbc621467b5ca305632be55a597e0bc9b587bc775b755
H7473001_S_DHBS1020,G5_03d52fd58ee3948f,dindinaturals 薰衣草鼠尾草·西班牙鼠尾草·馬鬱蘭 香皂 110g (澳洲),2,dindinaturals,soap_bar,110g,澳洲,1,,"薰衣草鼠尾草手工皂﹒滋潤抗菌 (薰衣草, 馬鬱蘭 + 西班牙鼠尾草)",multipass-v1-lexical,373e0ce20215d71dcabbbc621467b5ca305632be55a597e0bc9b587bc775b755
H7473001_S_DHBS1020K,G5_03d52fd58ee3948f,dindinaturals 薰衣草鼠尾草·西班牙鼠尾草·馬鬱蘭 香皂 110g (澳洲),2,dindinaturals,soap_bar,110g,澳洲,4,,"薰衣草鼠尾草手工皂﹒滋潤抗菌 (薰衣草, 馬鬱蘭 + 西班牙鼠尾草)﹒110克 x 4件",multipass-v1-lexical,373e0ce20215d71dcabbbc621467b5ca305632be55a597e0bc9b587bc775b755
H7473001_S_DHBS1026,G5_726cfea91d3767da,dindinaturals 檸檬香茅·香茅綠茶·天竺葵 香皂 110g (澳洲),2,dindinaturals,soap_bar,110g,澳洲,1,,"香茅綠茶手工皂﹒滋潤抗菌 (薰衣草, 檸檬香茅, 天竺葵 + 綠茶)",multipass-v1-lexical,373e0ce20215d71dcabbbc621467b5ca305632be55a597e0bc9b587bc775b755
H7473001_S_DHBS1026K,G5_726cfea91d3767da,dindinaturals 檸檬香茅·香茅綠茶·天竺葵 香皂 110g (澳洲),2,dindinaturals,soap_bar,110g,澳洲,4,,"香茅綠茶手工皂﹒滋潤抗菌 (薰衣草, 檸檬香茅, 天竺葵 + 綠茶)﹒110克 x 4件",multipass-v1-lexical,373e0ce20215d71dcabbbc621467b5ca305632be55a597e0bc9b587bc775b755
H7473001_S_DHBS1028,G5_4a94d07985781d75,dindinaturals 柑橘青檸·彿手柑·椰子奶 香皂 110g (澳洲),2,dindinaturals,soap_bar,110g,澳洲,1,,"柑橘青檸手工皂﹒抗敏修護 (柑橘, 彿手柑, 青檸 + 椰子奶)",multipass-v1-lexical,373e0ce20215d71dcabbbc621467b5ca305632be55a597e0bc9b587bc775b755
H7473001_S_DHBS1028K,G5_4a94d07985781d75,dindinaturals 柑橘青檸·彿手柑·椰子奶 香皂 110g (澳洲),2,dindinaturals,soap_bar,110g,澳洲,4,,"柑橘青檸手工皂﹒抗敏修護 (柑橘, 彿手柑, 青檸 + 椰子奶)﹒110克 x 4件",multipass-v1-lexical,373e0ce20215d71dcabbbc621467b5ca305632be55a597e0bc9b587bc775b755
H7473001_S_DHBS1030,G5_88baef663301c786,dindinaturals 薄荷尤加利·藍膠尤加利·綠薄荷 香皂 110g (澳洲),2,dindinaturals,soap_bar,110g,澳洲,1,,"薄荷尤加利手工皂﹒深層潔淨 (綠薄荷, 藍膠尤加利 + 酪梨油)",multipass-v1-lexical,373e0ce20215d71dcabbbc621467b5ca305632be55a597e0bc9b587bc775b755
H7473001_S_DHBS1030K,G5_88baef663301c786,dindinaturals 薄荷尤加利·藍膠尤加利·綠薄荷 香皂 110g (澳洲),2,dindinaturals,soap_bar,110g,澳洲,4,,"薄荷尤加利手工皂﹒深層潔淨 (綠薄荷, 藍膠尤加利 + 酪梨油)﹒110克 x 4件",multipass-v1-lexical,373e0ce20215d71dcabbbc621467b5ca305632be55a597e0bc9b587bc775b755
H7473001_S_DHBS1048,G5_517b88580dcf5475,dindinaturals 檸檬尤加利·金合歡籽·迷迭香 香皂 110g (澳洲),2,dindinaturals,soap_bar,110g,澳洲,1,,"金合歡籽去角質手工皂﹒深層潔淨  (草本去角質, 檸檬尤加利 + 迷迭香)",multipass-v1-lexical,373e0ce20215d71dcabbbc621467b5ca305632be55a597e0bc9b587bc775b755
H7473001_S_DHBS1048K,G5_517b88580dcf5475,dindinaturals 檸檬尤加利·金合歡籽·迷迭香 香皂 110g (澳洲),2,dindinaturals,soap_bar,110g,澳洲,4,,"金合歡籽去角質手工皂﹒深層潔淨  (草本去角質, 檸檬尤加利 + 迷迭香)﹒110克 x 4件",multipass-v1-lexical,373e0ce20215d71dcabbbc621467b5ca305632be55a597e0bc9b587bc775b755
H7473001_S_DHBS1051,G5_964e682f539ad71e,dindinaturals 純橄欖·抗敏 香皂 100g (澳洲),2,dindinaturals,soap_bar,100g,澳洲,1,,純橄欖手工皂﹒抗敏修護 (無香味),multipass-v1-lexical,373e0ce20215d71dcabbbc621467b5ca305632be55a597e0bc9b587bc775b755
H7473001_S_DHBS1051K,G5_964e682f539ad71e,dindinaturals 純橄欖·抗敏 香皂 100g (澳洲),2,dindinaturals,soap_bar,100g,澳洲,4,,純橄欖手工皂﹒抗敏修護 (無香味)﹒100克 x 4件,multipass-v1-lexical,373e0ce20215d71dcabbbc621467b5ca305632be55a597e0bc9b587bc775b755
H7542001_S_AL002,G5_6a98d962494eabc1,Alepia 月桂油·橄欖油 香皂 190g (阿拉伯敘利亞共和國(敘利亞)),2,Alepia,soap_bar,190g,阿拉伯敘利亞共和國(敘利亞),1,,75%橄欖油 + 25%月桂油 古皂,multipass-v1-lexical,373e0ce20215d71dcabbbc621467b5ca305632be55a597e0bc9b587bc775b755
S6114001_S_ALEPIA-107,G5_6a98d962494eabc1,Alepia 月桂油·橄欖油 香皂 190g (阿拉伯敘利亞共和國(敘利亞)),2,Alepia,soap_bar,190g,阿拉伯敘利亞共和國(敘利亞),1,,ALEPIA 陳年古皂 - 橄欖油、含1% 月桂油,multipass-v1-lexical,373e0ce20215d71dcabbbc621467b5ca305632be55a597e0bc9b587bc775b755
H7880001_S_BT-004,G5_bffe78520cf8ffc8,乳木果油·乳木果脂·杏仁油 香皂 100g (香港),2,,soap_bar,100g,香港,1,,Beetales｜手工冷製10%蜂蜜梘 100g (金)｜本地蜂蜜｜橄欖油｜甜杏仁油｜月見草油｜乳木果脂｜椰子油｜無添加,multipass-v1-lexical,373e0ce20215d71dcabbbc621467b5ca305632be55a597e0bc9b587bc775b755
H7880001_S_BT-005,G5_bffe78520cf8ffc8,乳木果油·乳木果脂·杏仁油 香皂 100g (香港),2,,soap_bar,100g,香港,1,,Beetales｜手工冷製蜂蜜寵物梘 100g (綠)｜橄欖油｜苦楝油｜葡萄籽油｜乳木果油｜椰子油｜本地蜂蜜｜紫草｜無添加,multipass-v1-lexical,373e0ce20215d71dcabbbc621467b5ca305632be55a597e0bc9b587bc775b755
H8116001_S_TW22-MED-001,G5_e6040f9893f15590,Medimix 印度綠寶石皇室·有效期·藥草浴 香皂 125g (印度),2,Medimix,soap_bar,125g,印度,1,,印度綠寶石皇室 藥草浴美肌皂 寶貝美肌皂 125g[淺綠560] (新舊包裝隨機),multipass-v1-lexical,373e0ce20215d71dcabbbc621467b5ca305632be55a597e0bc9b587bc775b755
H8116001_S_TW22-MED-003,G5_e6040f9893f15590,Medimix 印度綠寶石皇室·有效期·藥草浴 香皂 125g (印度),2,Medimix,soap_bar,125g,印度,1,,印度綠寶石皇室 藥草浴美肌皂 岩蘭草控油皂125g[啡635] 有效期:2028/2月,multipass-v1-lexical,373e0ce20215d71dcabbbc621467b5ca305632be55a597e0bc9b587bc775b755
H8222001_S_Banaban-kava,G5_152848a0533e6525,BANABAN 椰子油·初榨 香皂 120g (澳洲),2,BANABAN,soap_bar,120g,澳洲,3,,澳洲卡瓦胡椒及初榨椰子油手工番梘 (3件裝),multipass-v1-lexical,373e0ce20215d71dcabbbc621467b5ca305632be55a597e0bc9b587bc775b755
H8222001_S_Banaban-pure,G5_152848a0533e6525,BANABAN 椰子油·初榨 香皂 120g (澳洲),2,BANABAN,soap_bar,120g,澳洲,3,,澳洲初榨椰子油手工番梘 (3件裝),multipass-v1-lexical,373e0ce20215d71dcabbbc621467b5ca305632be55a597e0bc9b587bc775b755
H8347001_S_CAPR-006,G5_509ec7f0e402895f,Caprina 山羊奶·原味 香皂 37g (加拿大),2,Caprina,soap_bar,37g,加拿大,1,,山羊奶皂- 經典原味 37g (平行進口) (99423),multipass-v1-lexical,373e0ce20215d71dcabbbc621467b5ca305632be55a597e0bc9b587bc775b755
H8347001_S_CAPR-006X4,G5_509ec7f0e402895f,Caprina 山羊奶·原味 香皂 37g (加拿大),2,Caprina,soap_bar,37g,加拿大,4,,[X4]山羊奶皂- 經典原味 37gX4 (平行進口) (99423),multipass-v1-lexical,373e0ce20215d71dcabbbc621467b5ca305632be55a597e0bc9b587bc775b755
H8374001_S_WD_10085,G5_d2b3180c79529b4f,WD-40 成份 洗衣皂 163g (美國),2,WD-40,laundry_soap,163g,美國,1,,Lava 火山萬用去污皂(含滋潤成份) 163g (WD 10085),multipass-v1-lexical,373e0ce20215d71dcabbbc621467b5ca305632be55a597e0bc9b587bc775b755
H8374001_S_WD_10085-2,G5_d2b3180c79529b4f,WD-40 成份 洗衣皂 163g (美國),2,WD-40,laundry_soap,163g,美國,2,,(2件裝)Lava火山萬用去污皂(含滋潤成份) 163g (WD 10085x2),multipass-v1-lexical,373e0ce20215d71dcabbbc621467b5ca305632be55a597e0bc9b587bc775b755
H8427001_S_4066447452778,G5_d7cc5ccc6e302fb8,Balea 奶無矽護·杏仁 洗髮皂 60g (德國),2,Balea,shampoo_bar,60g,德國,1,4066447452778,芭樂雅 牛油果杏仁奶無矽護髮皂 60g (平行進口),multipass-v1-lexical,373e0ce20215d71dcabbbc621467b5ca305632be55a597e0bc9b587bc775b755
S6375001_S_4066447452778,G5_d7cc5ccc6e302fb8,Balea 奶無矽護·杏仁 洗髮皂 60g (德國),2,Balea,shampoo_bar,60g,德國,1,4066447452778,芭樂雅 牛油果杏仁奶無矽護髮皂 60g (平行進口),multipass-v1-lexical,373e0ce20215d71dcabbbc621467b5ca305632be55a597e0bc9b587bc775b755
H8427001_S_9349254006286,G5_2bfba9be504b8c43,Goat Soap 木瓜味·羊奶 香皂 100g (澳洲),2,Goat Soap,soap_bar,100g,澳洲,1,9349254006286,羊奶皂限量版 木瓜味 100g (平行進口),multipass-v1-lexical,373e0ce20215d71dcabbbc621467b5ca305632be55a597e0bc9b587bc775b755
S6375001_S_9349254006286,G5_2bfba9be504b8c43,Goat Soap 木瓜味·羊奶 香皂 100g (澳洲),2,Goat Soap,soap_bar,100g,澳洲,1,9349254006286,羊奶皂限量版 木瓜味 100g (平行進口),multipass-v1-lexical,373e0ce20215d71dcabbbc621467b5ca305632be55a597e0bc9b587bc775b755
H8427001_S_9421904511163,G5_691bbf4d9f7c98d0,香皂 60g (紐西蘭),2,,soap_bar,60g,紐西蘭,1,9421904511163,ini天然衣物清洗皂60g (平行進口),multipass-v1-lexical,373e0ce20215d71dcabbbc621467b5ca305632be55a597e0bc9b587bc775b755
S6375001_S_9421904511163,G5_691bbf4d9f7c98d0,香皂 60g (紐西蘭),2,,soap_bar,60g,紐西蘭,1,9421904511163,ini天然衣物清洗皂60g (平行進口),multipass-v1-lexical,373e0ce20215d71dcabbbc621467b5ca305632be55a597e0bc9b587bc775b755
H8708001_S_HK0748,G5_c5da13d824d86fca,屯京 洗面沖涼·洗手·硫磺 香皂 85g (中國),2,,soap_bar,85g,中國,1,,【3塊】上海牌香皂/香皂/肥皂/洗手皂/番碱/硫磺香皂 洗面沖涼香皂 每塊85克,multipass-v1-lexical,373e0ce20215d71dcabbbc621467b5ca305632be55a597e0bc9b587bc775b755
H9440001_S_HK0748,G5_c5da13d824d86fca,屯京 洗面沖涼·洗手·硫磺 香皂 85g (中國),2,屯京,soap_bar,85g,中國,1,,【3塊】上海牌香皂/香皂/肥皂/洗手皂/番碱/硫磺香皂 洗面沖涼香皂 每塊85克,multipass-v1-lexical,373e0ce20215d71dcabbbc621467b5ca305632be55a597e0bc9b587bc775b755
H8708001_S_PC5010_A,G5_3a2abddcd5ac7d51,屯京 便攜·戶外·洗手 皂紙 20pc (中國),2,,soap_paper,20pc,中國,1,,[20片裝] 白色 盒裝 便攜香皂紙 戶外洗手香皂片紙 肥皂片 [平行進口],multipass-v1-lexical,373e0ce20215d71dcabbbc621467b5ca305632be55a597e0bc9b587bc775b755
H9440001_S_PC5010_A,G5_3a2abddcd5ac7d51,屯京 便攜·戶外·洗手 皂紙 20pc (中國),2,屯京,soap_paper,20pc,中國,1,,[20片裝] 白色 盒裝 便攜香皂紙 戶外洗手香皂片紙 肥皂片 [平行進口],multipass-v1-lexical,373e0ce20215d71dcabbbc621467b5ca305632be55a597e0bc9b587bc775b755
H8867001_S_52224015,G5_cd8b99aecd84360d,alverde 艾薇德·草精油·薰衣草 香皂 100g (德國),2,alverde,soap_bar,100g,德國,1,,艾薇德 有機薰衣草精油肥皂 (100克) 平行進口,multipass-v1-lexical,373e0ce20215d71dcabbbc621467b5ca305632be55a597e0bc9b587bc775b755
H9125001_S_10900198,G5_cd8b99aecd84360d,alverde 艾薇德·草精油·薰衣草 香皂 100g (德國),2,alverde,soap_bar,100g,德國,1,,Alverde天然有機薰衣草皂(平行進口) 送皂網一個,multipass-v1-lexical,373e0ce20215d71dcabbbc621467b5ca305632be55a597e0bc9b587bc775b755
H9226003_S_HABA-4534551065837,G5_d6c17b61e4047d74,HABA 部和身體·兩用·潔膚 香皂 100g (日本),2,HABA,soap_bar,100g,日本,1,4534551065837,玫瑰保濕潔顏皂100g 絲柔潔膚皂（臉部和身體兩用） [平行進口] #4534551065837,multipass-v1-lexical,373e0ce20215d71dcabbbc621467b5ca305632be55a597e0bc9b587bc775b755
S6041001_S_HABA-4534551065837,G5_d6c17b61e4047d74,HABA 部和身體·兩用·潔膚 香皂 100g (日本),2,HABA,soap_bar,100g,日本,1,4534551065837,玫瑰保濕潔顏皂100g 絲柔潔膚皂（臉部和身體兩用） [平行進口] #4534551065837,multipass-v1-lexical,373e0ce20215d71dcabbbc621467b5ca305632be55a597e0bc9b587bc775b755
H9250001_S_A3614273737081,G5_17733cdd6a312e4f,阿瑪尼 armani 香皂 50g,2,阿瑪尼,soap_bar,50g,,1,,ARMANI阿瑪尼玉龍茶香皂50G 平行進口,multipass-v1-lexical,373e0ce20215d71dcabbbc621467b5ca305632be55a597e0bc9b587bc775b755
S2723001_S_A23910,G5_17733cdd6a312e4f,阿瑪尼 armani 香皂 50g,2,阿瑪尼,soap_bar,50g,,1,,阿瑪尼玉龍茶香皂50g  (平行進口),multipass-v1-lexical,373e0ce20215d71dcabbbc621467b5ca305632be55a597e0bc9b587bc775b755
H9592001_S_S002B__88,G5_802bc6ac9d5f6dd2,SHIOK SHOP 備長炭洗臉·清爽 香皂 90g (香港),2,SHIOK SHOP,soap_bar,90g,香港,1,,S#002B 備長炭洗臉皂(滋潤配方)［90G］,multipass-v1-lexical,373e0ce20215d71dcabbbc621467b5ca305632be55a597e0bc9b587bc775b755
H9592001_S_S002C__88,G5_802bc6ac9d5f6dd2,SHIOK SHOP 備長炭洗臉·清爽 香皂 90g (香港),2,SHIOK SHOP,soap_bar,90g,香港,1,,S#002C 備長炭洗臉皂(清爽配方)［90G］,multipass-v1-lexical,373e0ce20215d71dcabbbc621467b5ca305632be55a597e0bc9b587bc775b755
H9990001_S_360,G5_961228cf19852752,月桂油·沐浴·洗臉 香皂 180g (阿拉伯敘利亞共和國(敘利亞)),2,,soap_bar,180g,阿拉伯敘利亞共和國(敘利亞),1,,敘利亞天然 風乾手工古皂 - 10%月桂油 180g,multipass-v1-lexical,373e0ce20215d71dcabbbc621467b5ca305632be55a597e0bc9b587bc775b755
H9990001_S_511,G5_961228cf19852752,月桂油·沐浴·洗臉 香皂 180g (阿拉伯敘利亞共和國(敘利亞)),2,,soap_bar,180g,阿拉伯敘利亞共和國(敘利亞),1,,JOOMYNI - 敘利亞五年手工古皂 - 180g 清潔沐浴 洗髮 洗臉 32%月桂油 - 禮盒裝,multipass-v1-lexical,373e0ce20215d71dcabbbc621467b5ca305632be55a597e0bc9b587bc775b755
H9990001_S_529,G5_4842d7eb29a00f7f,牛乳石鹼 無添加沐浴·件裝 香皂 100g (日本),2,牛乳石鹼,soap_bar,100g,日本,3,,無添加沐浴肥皂 100G X 3件裝 【平行進口】,multipass-v1-lexical,373e0ce20215d71dcabbbc621467b5ca305632be55a597e0bc9b587bc775b755
S2214001_S_RW383035,G5_4842d7eb29a00f7f,牛乳石鹼 無添加沐浴·件裝 香皂 100g (日本),2,牛乳石鹼,soap_bar,100g,日本,3,,無添加沐浴肥皂100g X 3件裝【平行進口】,multipass-v1-lexical,373e0ce20215d71dcabbbc621467b5ca305632be55a597e0bc9b587bc775b755
S2090001_S_4NO5A,G5_242e26e9eccf0554,LUX 力士·每包 香皂 規格未知 (印尼),2,LUX,soap_bar,,印尼,1,,力士香皂 番梘 (每包6個) 6個香味隨機發放,multipass-v1-lexical,373e0ce20215d71dcabbbc621467b5ca305632be55a597e0bc9b587bc775b755
S6136001_S_4NO5A,G5_242e26e9eccf0554,LUX 力士·每包 香皂 規格未知 (印尼),2,LUX,soap_bar,,印尼,1,,力士香皂 番梘 (每包6個) 6個香味隨機發放,multipass-v1-lexical,373e0ce20215d71dcabbbc621467b5ca305632be55a597e0bc9b587bc775b755
S2090001_S_4NO5B1,G5_908cc83ed9c0f884,滴露 cool·薄荷清涼·發放 香皂 100g (印尼),2,滴露,soap_bar,100g,印尼,6,,薄荷清涼COOL香皂 番梘 (藍色) 6件裝   (100克 x6) 平行進口/包裝隨機發放,multipass-v1-lexical,373e0ce20215d71dcabbbc621467b5ca305632be55a597e0bc9b587bc775b755
S6136001_S_4NO5B1,G5_908cc83ed9c0f884,滴露 cool·薄荷清涼·發放 香皂 100g (印尼),2,滴露,soap_bar,100g,印尼,6,,薄荷清涼COOL香皂 番梘 (藍色) 6件裝   (100克 x6) 平行進口/包裝隨機發放,multipass-v1-lexical,373e0ce20215d71dcabbbc621467b5ca305632be55a597e0bc9b587bc775b755
S2090001_S_4NO5C,G5_3afeb8d0894f2932,多芬 發放 香皂 90g (德國),2,多芬,soap_bar,90g,德國,6,,香皂 番梘 6件裝  (90克 x6) 平行進口/包裝隨機發放,multipass-v1-lexical,373e0ce20215d71dcabbbc621467b5ca305632be55a597e0bc9b587bc775b755
S6136001_S_4NO5C,G5_3afeb8d0894f2932,多芬 發放 香皂 90g (德國),2,多芬,soap_bar,90g,德國,6,,香皂 番梘 6件裝  (90克 x6) 平行進口/包裝隨機發放,multipass-v1-lexical,373e0ce20215d71dcabbbc621467b5ca305632be55a597e0bc9b587bc775b755
S2232001_S_GOS2028X2,G5_11bab6eca8f33128,Goat Soap 檸檬香桃木味·山羊奶·綠色 香皂 100g (澳洲),2,Goat Soap,soap_bar,100g,澳洲,2,,*優惠兩件裝*純天然山羊奶手工皂 - 檸檬香桃木味-綠色 100g ✥ [02028x2] (平行進口貨) 香皂 肥皂,multipass-v1-lexical,373e0ce20215d71dcabbbc621467b5ca305632be55a597e0bc9b587bc775b755
S6258001_S_GOS2028X2,G5_11bab6eca8f33128,Goat Soap 檸檬香桃木味·山羊奶·綠色 香皂 100g (澳洲),2,Goat Soap,soap_bar,100g,澳洲,2,,*優惠兩件裝*純天然山羊奶手工皂 - 檸檬香桃木味 綠色 100g ✥ [02028x2] (平行進口貨) 香皂 肥皂,multipass-v1-lexical,373e0ce20215d71dcabbbc621467b5ca305632be55a597e0bc9b587bc775b755
S2858001_S_10037,G5_10e406d7ec530810,NOMINAL 無合成添加劑·初榨橄欖油·無添加劑 香皂 100g (黎巴嫩),2,NOMINAL,soap_bar,100g,黎巴嫩,1,,100%天然香皂 - 琥珀 (黎巴嫩製造 | 初榨橄欖油皂 | 手工製作 | 面身適用 | 無合成添加劑),multipass-v1-lexical,373e0ce20215d71dcabbbc621467b5ca305632be55a597e0bc9b587bc775b755
S2858001_S_10042,G5_10e406d7ec530810,NOMINAL 無合成添加劑·初榨橄欖油·無添加劑 香皂 100g (黎巴嫩),2,NOMINAL,soap_bar,100g,黎巴嫩,1,,NOMINAL - 100%天然香皂 - 橄欖油 (黎巴嫩製造 | 純橄欖油皂 | 手工製作 | 溫和潔淨 | 無添加劑),multipass-v1-lexical,373e0ce20215d71dcabbbc621467b5ca305632be55a597e0bc9b587bc775b755
S2858001_S_10041,G5_896f187689ee81c1,NOMINAL 橄欖油基底·橙花清香·蜂蜜蜂膠 香皂 100g (黎巴嫩),2,NOMINAL,soap_bar,100g,黎巴嫩,1,,100%天然香皂 - 蜂蜜蜂膠 (黎巴嫩製造 | 蜂蜜蜂膠皂 | 橄欖油基底 | 面身適用 | 天然成分),multipass-v1-lexical,373e0ce20215d71dcabbbc621467b5ca305632be55a597e0bc9b587bc775b755
S2858001_S_10046,G5_896f187689ee81c1,NOMINAL 橄欖油基底·橙花清香·蜂蜜蜂膠 香皂 100g (黎巴嫩),2,NOMINAL,soap_bar,100g,黎巴嫩,1,,100%天然香皂 - 橙花 (黎巴嫩製造 | 橙花清香 | 手工香皂 | 橄欖油基底 | 溫和潔淨),multipass-v1-lexical,373e0ce20215d71dcabbbc621467b5ca305632be55a597e0bc9b587bc775b755
S3046001_S_GN-SB-AP-01,G5_21cf368e2981cb33,GrabNat 杏桃 香皂 100g (土耳其),2,GrabNat,soap_bar,100g,土耳其,1,,天然杏桃手工皂 100克,multipass-v1-lexical,373e0ce20215d71dcabbbc621467b5ca305632be55a597e0bc9b587bc775b755
S3046001_S_GN-SB-AP-10,G5_21cf368e2981cb33,GrabNat 杏桃 香皂 100g (土耳其),2,GrabNat,soap_bar,100g,土耳其,10,,GrabNat 杏桃手工冷製香皂十入裝（10×100克）,multipass-v1-lexical,373e0ce20215d71dcabbbc621467b5ca305632be55a597e0bc9b587bc775b755
S3046001_S_GN-SB-AS-04,G5_f9b7db6a220b897d,GrabNat 明礬 香皂 100g (土耳其),2,GrabNat,soap_bar,100g,土耳其,4,,GrabNat 明礬手工冷製香皂四入裝（4×100克）,multipass-v1-lexical,373e0ce20215d71dcabbbc621467b5ca305632be55a597e0bc9b587bc775b755
S3046001_S_GN-SB-AS-10,G5_f9b7db6a220b897d,GrabNat 明礬 香皂 100g (土耳其),2,GrabNat,soap_bar,100g,土耳其,10,,GrabNat 明礬手工冷製香皂十入裝（10×100克）,multipass-v1-lexical,373e0ce20215d71dcabbbc621467b5ca305632be55a597e0bc9b587bc775b755
S3046001_S_GN-SB-BS-04,G5_1f9d06d394516984,GrabNat 黑種草籽·籽油 香皂 100g (土耳其),2,GrabNat,soap_bar,100g,土耳其,4,,黑種草籽天然手工皂 4件裝（4 x 100克）,multipass-v1-lexical,373e0ce20215d71dcabbbc621467b5ca305632be55a597e0bc9b587bc775b755
S3046001_S_GN-SB-BS-10,G5_1f9d06d394516984,GrabNat 黑種草籽·籽油 香皂 100g (土耳其),2,GrabNat,soap_bar,100g,土耳其,10,,GrabNat 黑種草籽油手工冷製香皂十入裝（10×100克）,multipass-v1-lexical,373e0ce20215d71dcabbbc621467b5ca305632be55a597e0bc9b587bc775b755
S3046001_S_GN-SB-CB-01,G5_80e6b4b91d071ba9,GrabNat 可可脂 香皂 100g (土耳其),2,GrabNat,soap_bar,100g,土耳其,1,,可可脂皂天然手工皂 100克,multipass-v1-lexical,373e0ce20215d71dcabbbc621467b5ca305632be55a597e0bc9b587bc775b755
S3046001_S_GN-SB-CB-04,G5_80e6b4b91d071ba9,GrabNat 可可脂 香皂 100g (土耳其),2,GrabNat,soap_bar,100g,土耳其,4,,可可脂天然手工皂 4件裝（4 x 100克）,multipass-v1-lexical,373e0ce20215d71dcabbbc621467b5ca305632be55a597e0bc9b587bc775b755
S3046001_S_GN-SB-CN-01,G5_0d5ace264e2e507b,GrabNat 膠原光澤 香皂 100g (土耳其),2,GrabNat,soap_bar,100g,土耳其,1,,GrabNat 膠原光澤手工冷製香皂（1入裝，1×100克),multipass-v1-lexical,373e0ce20215d71dcabbbc621467b5ca305632be55a597e0bc9b587bc775b755
S3046001_S_GN-SB-CN-04,G5_0d5ace264e2e507b,GrabNat 膠原光澤 香皂 100g (土耳其),2,GrabNat,soap_bar,100g,土耳其,4,,GrabNat 膠原光澤手工冷製香皂（4入裝，4×100克）,multipass-v1-lexical,373e0ce20215d71dcabbbc621467b5ca305632be55a597e0bc9b587bc775b755
S3046001_S_GN-SB-DM-01,G5_a881bf8132bf6982,GrabNat 驢奶 香皂 100g (土耳其),2,GrabNat,soap_bar,100g,土耳其,1,,天然驢奶手工皂 100克,multipass-v1-lexical,373e0ce20215d71dcabbbc621467b5ca305632be55a597e0bc9b587bc775b755
S3046001_S_GN-SB-DM-04,G5_a881bf8132bf6982,GrabNat 驢奶 香皂 100g (土耳其),2,GrabNat,soap_bar,100g,土耳其,4,,驢奶天然手工皂 4件裝（4 x 100克）,multipass-v1-lexical,373e0ce20215d71dcabbbc621467b5ca305632be55a597e0bc9b587bc775b755
S3046001_S_GN-SB-GM-01,G5_a942271816cd3da3,GrabNat 山羊奶蜂蜜 香皂 100g (土耳其),2,GrabNat,soap_bar,100g,土耳其,1,,天然山羊奶蜂蜜手工皂 100克,multipass-v1-lexical,373e0ce20215d71dcabbbc621467b5ca305632be55a597e0bc9b587bc775b755
S3046001_S_GN-SB-GM-04,G5_a942271816cd3da3,GrabNat 山羊奶蜂蜜 香皂 100g (土耳其),2,GrabNat,soap_bar,100g,土耳其,4,,山羊奶蜂蜜天然手工皂 4件裝（4 x 100克）,multipass-v1-lexical,373e0ce20215d71dcabbbc621467b5ca305632be55a597e0bc9b587bc775b755
S3046001_S_GN-SB-GR-01,G5_8e616e60a8ad811e,GrabNat 葡萄籽 香皂 100g (土耳其),2,GrabNat,soap_bar,100g,土耳其,1,,天然葡萄籽手工皂 100克,multipass-v1-lexical,373e0ce20215d71dcabbbc621467b5ca305632be55a597e0bc9b587bc775b755
S3046001_S_GN-SB-GR-04,G5_8e616e60a8ad811e,GrabNat 葡萄籽 香皂 100g (土耳其),2,GrabNat,soap_bar,100g,土耳其,4,,葡萄籽天然手工皂 4件裝（4 x 100克）,multipass-v1-lexical,373e0ce20215d71dcabbbc621467b5ca305632be55a597e0bc9b587bc775b755
S3046001_S_GN-SB-LE-01,G5_3aa701d2067685a7,GrabNat 檸檬 香皂 100g (土耳其),2,GrabNat,soap_bar,100g,土耳其,1,,天然檸檬手工皂 100克,multipass-v1-lexical,373e0ce20215d71dcabbbc621467b5ca305632be55a597e0bc9b587bc775b755
S3046001_S_GN-SB-LE-04,G5_3aa701d2067685a7,GrabNat 檸檬 香皂 100g (土耳其),2,GrabNat,soap_bar,100g,土耳其,4,,檸檬天然手工皂 4件裝（4 x 100克）,multipass-v1-lexical,373e0ce20215d71dcabbbc621467b5ca305632be55a597e0bc9b587bc775b755
S3046001_S_GN-SB-MA-01,G5_7f549175c79dc8ef,GrabNat 琥珀·麝香 香皂 100g (土耳其),2,GrabNat,soap_bar,100g,土耳其,1,,天然麝香琥珀手工皂 100克,multipass-v1-lexical,373e0ce20215d71dcabbbc621467b5ca305632be55a597e0bc9b587bc775b755
S3046001_S_GN-SB-MA-04,G5_7f549175c79dc8ef,GrabNat 琥珀·麝香 香皂 100g (土耳其),2,GrabNat,soap_bar,100g,土耳其,4,,麝香與琥珀天然手工皂 4件裝（4 x 100克）,multipass-v1-lexical,373e0ce20215d71dcabbbc621467b5ca305632be55a597e0bc9b587bc775b755
S3046001_S_GN-SB-NE-01,G5_246eeccf904e6c2b,GrabNat 蕁麻 香皂 100g (土耳其),2,GrabNat,soap_bar,100g,土耳其,1,,天然蕁麻手工皂 100克,multipass-v1-lexical,373e0ce20215d71dcabbbc621467b5ca305632be55a597e0bc9b587bc775b755
S3046001_S_GN-SB-NE-04,G5_246eeccf904e6c2b,GrabNat 蕁麻 香皂 100g (土耳其),2,GrabNat,soap_bar,100g,土耳其,4,,蕁麻天然手工皂 4件裝（4 x 100克）,multipass-v1-lexical,373e0ce20215d71dcabbbc621467b5ca305632be55a597e0bc9b587bc775b755
S3046001_S_GN-SB-OO-01,G5_dfe1acf9f7862604,GrabNat 橄欖油 香皂 100g (土耳其),2,GrabNat,soap_bar,100g,土耳其,1,,天然橄欖油手工皂 100克,multipass-v1-lexical,373e0ce20215d71dcabbbc621467b5ca305632be55a597e0bc9b587bc775b755
S3046001_S_GN-SB-OO-04,G5_dfe1acf9f7862604,GrabNat 橄欖油 香皂 100g (土耳其),2,GrabNat,soap_bar,100g,土耳其,4,,橄欖油天然手工皂 4件裝（4 x 100克）,multipass-v1-lexical,373e0ce20215d71dcabbbc621467b5ca305632be55a597e0bc9b587bc775b755
S3046001_S_GN-SB-RO-01,G5_419a40619c2064d5,GrabNat 迷迭香 香皂 100g (土耳其),2,GrabNat,soap_bar,100g,土耳其,1,,天然迷迭香手工皂100克,multipass-v1-lexical,373e0ce20215d71dcabbbc621467b5ca305632be55a597e0bc9b587bc775b755
S3046001_S_GN-SB-RO-04,G5_419a40619c2064d5,GrabNat 迷迭香 香皂 100g (土耳其),2,GrabNat,soap_bar,100g,土耳其,4,,迷迭香天然手工皂 4件裝（4 x 100克）,multipass-v1-lexical,373e0ce20215d71dcabbbc621467b5ca305632be55a597e0bc9b587bc775b755
S3046001_S_GN-SB-RS-01,G5_4fe26540a43d0d61,GrabNat 玫瑰 香皂 100g (土耳其),2,GrabNat,soap_bar,100g,土耳其,1,,天然玫瑰手工皂 100克,multipass-v1-lexical,373e0ce20215d71dcabbbc621467b5ca305632be55a597e0bc9b587bc775b755
S3046001_S_GN-SB-RS-04,G5_4fe26540a43d0d61,GrabNat 玫瑰 香皂 100g (土耳其),2,GrabNat,soap_bar,100g,土耳其,4,,玫瑰天然手工皂 4件裝（4 x 100克）,multipass-v1-lexical,373e0ce20215d71dcabbbc621467b5ca305632be55a597e0bc9b587bc775b755
S3046001_S_GN-SB-SB-01,G5_1d2c4696c4819799,GrabNat 乳木果油 香皂 100g (土耳其),2,GrabNat,soap_bar,100g,土耳其,1,,天然乳木果油手工皂100克,multipass-v1-lexical,373e0ce20215d71dcabbbc621467b5ca305632be55a597e0bc9b587bc775b755
S3046001_S_GN-SB-SB-04,G5_1d2c4696c4819799,GrabNat 乳木果油 香皂 100g (土耳其),2,GrabNat,soap_bar,100g,土耳其,4,,乳木果天然手工皂 4件裝（4 x 100克）,multipass-v1-lexical,373e0ce20215d71dcabbbc621467b5ca305632be55a597e0bc9b587bc775b755
S3046001_S_GN-SB-SS-01,G5_10b00563c5289386,GrabNat 海藻海鹽·臉部·身體 香皂 100g (土耳其),2,GrabNat,soap_bar,100g,土耳其,1,,GrabNat 海藻海鹽手工冷製香皂（1×100克）— 溫和去角質臉部／身體皂,multipass-v1-lexical,373e0ce20215d71dcabbbc621467b5ca305632be55a597e0bc9b587bc775b755
S3046001_S_GN-SB-SS-04,G5_10b00563c5289386,GrabNat 海藻海鹽·臉部·身體 香皂 100g (土耳其),2,GrabNat,soap_bar,100g,土耳其,4,,GrabNat 海藻海鹽手工冷製香皂四入組（4×100克）— 溫和去角質臉部／身體皂,multipass-v1-lexical,373e0ce20215d71dcabbbc621467b5ca305632be55a597e0bc9b587bc775b755
S3046001_S_GN-SB-TA-01,G5_edb6397b6301342a,GrabNat 焦油 香皂 100g (土耳其),2,GrabNat,soap_bar,100g,土耳其,1,,天然焦油手工皂 100克,multipass-v1-lexical,373e0ce20215d71dcabbbc621467b5ca305632be55a597e0bc9b587bc775b755
S3046001_S_GN-SB-TA-04,G5_edb6397b6301342a,GrabNat 焦油 香皂 100g (土耳其),2,GrabNat,soap_bar,100g,土耳其,4,,焦油天然手工皂 4件裝（4 x 100克）,multipass-v1-lexical,373e0ce20215d71dcabbbc621467b5ca305632be55a597e0bc9b587bc775b755
S3046001_S_GN-SB-TT-01,G5_a1f121c634f2bec0,GrabNat 茶樹 香皂 100g (土耳其),2,GrabNat,soap_bar,100g,土耳其,1,,天然茶樹手工皂 100克,multipass-v1-lexical,373e0ce20215d71dcabbbc621467b5ca305632be55a597e0bc9b587bc775b755
S3046001_S_GN-SB-TT-04,G5_a1f121c634f2bec0,GrabNat 茶樹 香皂 100g (土耳其),2,GrabNat,soap_bar,100g,土耳其,4,,茶樹天然手工皂 4件裝（4 x 100克）,multipass-v1-lexical,373e0ce20215d71dcabbbc621467b5ca305632be55a597e0bc9b587bc775b755
S6114001_S_ALEPIA-011,G5_68b98d8e1a19bd3e,Alepia 玫瑰·鐵盒 香皂 100g (法國),2,Alepia,soap_bar,100g,法國,1,,ALEPIA 玫瑰香皂,multipass-v1-lexical,373e0ce20215d71dcabbbc621467b5ca305632be55a597e0bc9b587bc775b755
S6114001_S_ALEPIA-012,G5_68b98d8e1a19bd3e,Alepia 玫瑰·鐵盒 香皂 100g (法國),2,Alepia,soap_bar,100g,法國,1,,ALEPIA 玫瑰香皂 (鐵盒包裝),multipass-v1-lexical,373e0ce20215d71dcabbbc621467b5ca305632be55a597e0bc9b587bc775b755
S6114001_S_ALEPIA-015,G5_c3d39a695a5446c8,Alepia 植物精油馬賽·鐵盒·雪松 香皂 100g (法國),2,Alepia,soap_bar,100g,法國,1,,ALEPIA  植物精油馬賽皂-雪松,multipass-v1-lexical,373e0ce20215d71dcabbbc621467b5ca305632be55a597e0bc9b587bc775b755
S6114001_S_ALEPIA-020,G5_c3d39a695a5446c8,Alepia 植物精油馬賽·鐵盒·雪松 香皂 100g (法國),2,Alepia,soap_bar,100g,法國,1,,ALEPIA 植物精油馬賽皂-雪松 (鐵盒包裝),multipass-v1-lexical,373e0ce20215d71dcabbbc621467b5ca305632be55a597e0bc9b587bc775b755
S6114001_S_ALEPIA-016,G5_57a2d9e1cea1614a,Alepia 植物精油馬賽·檸檬·鐵盒 香皂 100g (法國),2,Alepia,soap_bar,100g,法國,1,,ALEPIA 植物精油馬賽皂-檸檬,multipass-v1-lexical,373e0ce20215d71dcabbbc621467b5ca305632be55a597e0bc9b587bc775b755
S6114001_S_ALEPIA-021,G5_57a2d9e1cea1614a,Alepia 植物精油馬賽·檸檬·鐵盒 香皂 100g (法國),2,Alepia,soap_bar,100g,法國,1,,ALEPIA 植物精油馬賽皂-檸檬 (鐵盒包裝),multipass-v1-lexical,373e0ce20215d71dcabbbc621467b5ca305632be55a597e0bc9b587bc775b755
S6114001_S_ALEPIA-017,G5_932bb49c0a5ad6df,Alepia 植物精油馬賽·薰衣草·鐵盒 香皂 100g (法國),2,Alepia,soap_bar,100g,法國,1,,ALEPIA  植物精油馬賽皂-薰衣草,multipass-v1-lexical,373e0ce20215d71dcabbbc621467b5ca305632be55a597e0bc9b587bc775b755
S6114001_S_ALEPIA-022,G5_932bb49c0a5ad6df,Alepia 植物精油馬賽·薰衣草·鐵盒 香皂 100g (法國),2,Alepia,soap_bar,100g,法國,1,,ALEPIA 植物精油馬賽皂-薰衣草 (鐵盒包裝),multipass-v1-lexical,373e0ce20215d71dcabbbc621467b5ca305632be55a597e0bc9b587bc775b755
S6114001_S_ALEPIA-018,G5_e1922fe8150f8ec2,Alepia 植物精油馬賽·甜橙·鐵盒 香皂 100g (法國),2,Alepia,soap_bar,100g,法國,1,,ALEPIA 植物精油馬賽皂-甜橙,multipass-v1-lexical,373e0ce20215d71dcabbbc621467b5ca305632be55a597e0bc9b587bc775b755
S6114001_S_ALEPIA-023,G5_e1922fe8150f8ec2,Alepia 植物精油馬賽·甜橙·鐵盒 香皂 100g (法國),2,Alepia,soap_bar,100g,法國,1,,ALEPIA 植物精油馬賽皂-甜橙 (鐵盒包裝),multipass-v1-lexical,373e0ce20215d71dcabbbc621467b5ca305632be55a597e0bc9b587bc775b755
S6114001_S_ALEPIA-019,G5_fef2f610e104cd65,Alepia 植物精油馬賽·馬鞭草·鐵盒 香皂 100g (法國),2,Alepia,soap_bar,100g,法國,1,,ALEPIA  植物精油馬賽皂-馬鞭草,multipass-v1-lexical,373e0ce20215d71dcabbbc621467b5ca305632be55a597e0bc9b587bc775b755
S6114001_S_ALEPIA-024,G5_fef2f610e104cd65,Alepia 植物精油馬賽·馬鞭草·鐵盒 香皂 100g (法國),2,Alepia,soap_bar,100g,法國,1,,ALEPIA  植物精油馬賽皂-馬鞭草 (鐵盒包裝),multipass-v1-lexical,373e0ce20215d71dcabbbc621467b5ca305632be55a597e0bc9b587bc775b755
S6324001_S_nj-aleppo12,G5_30d524777a76b634,NAJEL 敘利亞濕疹·月桂油 香皂 185g (阿拉伯敘利亞共和國(敘利亞)),2,NAJEL,soap_bar,185g,阿拉伯敘利亞共和國(敘利亞),1,,敘利亞濕疹手工古皂 12%月桂油,multipass-v1-lexical,373e0ce20215d71dcabbbc621467b5ca305632be55a597e0bc9b587bc775b755
S6324001_S_nj-aleppo40,G5_30d524777a76b634,NAJEL 敘利亞濕疹·月桂油 香皂 185g (阿拉伯敘利亞共和國(敘利亞)),2,NAJEL,soap_bar,185g,阿拉伯敘利亞共和國(敘利亞),1,,敘利亞濕疹手工古皂 40%月桂油,multipass-v1-lexical,373e0ce20215d71dcabbbc621467b5ca305632be55a597e0bc9b587bc775b755
S6478001_S_478562_4976631478562,G5_2074f135b37ca8dc,PELICAN 胸部 香皂 70g,2,PELICAN,soap_bar,70g,,1,4976631478562,胸部專用香皂 70g [平行進口],multipass-v1-lexical,373e0ce20215d71dcabbbc621467b5ca305632be55a597e0bc9b587bc775b755
S6478006_S_478562_4976631478562,G5_2074f135b37ca8dc,PELICAN 胸部 香皂 70g,2,PELICAN,soap_bar,70g,,1,4976631478562,胸部專用香皂 70g  [平行進口],multipass-v1-lexical,373e0ce20215d71dcabbbc621467b5ca305632be55a597e0bc9b587bc775b755
U0043001_S_YANZSOAP-008-01,G5_1f36f6cef07ffcbf,焱芝手工皂 洗頭洗面沖涼·頭洗面洗澡·免運費 香皂 120g (台灣),2,焱芝手工皂,soap_bar,120g,台灣,1,,【買5送1＋免運費＋現折HK$15】Dr. Yanz 焱芝手工皂5塊精選組｜台灣熱賣｜洗頭洗面洗澡一皂多用｜120g±10%/塊,multipass-v1-lexical,373e0ce20215d71dcabbbc621467b5ca305632be55a597e0bc9b587bc775b755
U0043001_S_YANZSOAP-009-01,G5_1f36f6cef07ffcbf,焱芝手工皂 洗頭洗面沖涼·頭洗面洗澡·免運費 香皂 120g (台灣),2,焱芝手工皂,soap_bar,120g,台灣,1,,【買10送2＋免運費＋現折HK$50】Dr. Yanz 焱芝手工皂10塊精選組｜台灣熱賣｜洗頭洗面沖涼一皂多用｜120g±10%/塊,multipass-v1-lexical,373e0ce20215d71dcabbbc621467b5ca305632be55a597e0bc9b587bc775b755
B0005001_S_FB779,G5_3674b642644ca408,Fastbuy 精油 香皂 80g (中國),1,Fastbuy,soap_bar,80g,中國,1,,【思密絲】 檀香皂 檀香精油皂 手工製皂 清潔滋潤 80G,multipass-v1-lexical,373e0ce20215d71dcabbbc621467b5ca305632be55a597e0bc9b587bc775b755
B0058001_S_HS-0269,G5_3947321453b41c7a,HS 抑菌·日本·護理 香皂 80g (中國),1,HS,soap_bar,80g,中國,1,,日本熱銷 護理腳臭番梘 抑菌止痕癢去腳臭洗腳皂 洗腳香皂,multipass-v1-lexical,373e0ce20215d71dcabbbc621467b5ca305632be55a597e0bc9b587bc775b755
B0059001_S_3700962902851,G5_44a82989f020f179,kerzon 法國 香皂 99.79g (法國),1,kerzon,soap_bar,99.79g,法國,1,3700962902851,超豐富固體香皂 - 孚日廣場 3.52盎司 (法國製造),multipass-v1-lexical,373e0ce20215d71dcabbbc621467b5ca305632be55a597e0bc9b587bc775b755
B0059001_S_SAV26NJ_6,G5_65397217632494ce,NAJEL 摩洛哥堅果油·初榨橄欖油·月桂油 香皂 100g (阿拉伯敘利亞共和國(敘利亞)),1,NAJEL,soap_bar,100g,阿拉伯敘利亞共和國(敘利亞),1,,【摩洛哥堅果油&火岩泥】阿勒頗天然手工古皂-100g｜5%月桂油＋95%初榨橄欖油＋堅果油+火岩泥｜法國品牌 香港行貨,multipass-v1-lexical,373e0ce20215d71dcabbbc621467b5ca305632be55a597e0bc9b587bc775b755
B0107004_S_LPTD-No-01069,G5_6dd9f850887c4a20,沐浴·護理·身體 香皂 80g (泰國),1,,soap_bar,80g,泰國,1,,《PerfectSkinLady》—身體護理-α-羥基酸去角質美白沐浴香皂(80g)(平行進口)│#果酸,multipass-v1-lexical,373e0ce20215d71dcabbbc621467b5ca305632be55a597e0bc9b587bc775b755
B0107004_S_LPTD-No-01071,G5_64ce2e0c6f5ef486,snail·white·黃金 香皂 80g (泰國),1,,soap_bar,80g,泰國,10,,《Snail White》—身體護理-黃金PlusX10膠原蛋白美白沐浴香皂(80g)(平行進口),multipass-v1-lexical,373e0ce20215d71dcabbbc621467b5ca305632be55a597e0bc9b587bc775b755
B0107004_S_LPTD-No-01072,G5_aea930a4c0a44fc5,snail·white·三重 香皂 80g (泰國),1,,soap_bar,80g,泰國,1,,《Snail White》—身體護理-三重賦活膠原蛋白美白沐浴香皂(80g)(平行進口),multipass-v1-lexical,373e0ce20215d71dcabbbc621467b5ca305632be55a597e0bc9b587bc775b755
B0107004_S_LPTD-No-01073,G5_5b5546d3409bfb6a,膠原蛋白·沐浴·護理 香皂 65g (泰國),1,,soap_bar,65g,泰國,1,,《Jam》—身體護理-膠原蛋白米奶天然手工沐浴香皂(65g)(平行進口),multipass-v1-lexical,373e0ce20215d71dcabbbc621467b5ca305632be55a597e0bc9b587bc775b755
B0107004_S_LPTD-No-01388,G5_a660dd1bea901711,便攜式一次性·旅行·洗手 皂紙 50pc (中國),1,,soap_paper,50pc,中國,1,,《生活百貨》-旅行用品-便攜式一次性洗手香皂片-50片裝-黃色,multipass-v1-lexical,373e0ce20215d71dcabbbc621467b5ca305632be55a597e0bc9b587bc775b755
B0107004_S_LPTD-No-01626,G5_5647a5e0ae0aff18,護理 洗髮皂 100g (中國),1,,shampoo_bar,100g,中國,1,,個人護理-烏斯曼草五黑養髮洗髮皂(100g)(平行進口)│#男神#女神,multipass-v1-lexical,373e0ce20215d71dcabbbc621467b5ca305632be55a597e0bc9b587bc775b755
B0107004_S_LPTD-No-01749,G5_398b4b77399dbb05,家庭·洗手·精油 香皂 規格未知 (中國),1,,soap_bar,,中國,1,,《生活百貨》-家庭用品-懸掛式青提造型洗手香皂│手工#精油#番梘,multipass-v1-lexical,373e0ce20215d71dcabbbc621467b5ca305632be55a597e0bc9b587bc775b755
B0122001_S_CP0002,G5_e875422bea6ddeb1,成分 香皂 80g (泰國),1,,soap_bar,80g,泰國,1,,泰國雷夫人保濕梘 提亮梘 純天然成分,multipass-v1-lexical,373e0ce20215d71dcabbbc621467b5ca305632be55a597e0bc9b587bc775b755
B0148001_S_GA3614273737081,G5_5316d25bbb258090,阿瑪尼 armani·玉龍茶香 香皂 50g,1,阿瑪尼,soap_bar,50g,,1,,ARMANI 玉龍茶香香皂50g(737081)[平行進口]EXP:05/2027,multipass-v1-lexical,373e0ce20215d71dcabbbc621467b5ca305632be55a597e0bc9b587bc775b755
B0172001_S_OnTBDSoap-Coconut-01,G5_e0cd0596b6eddf2b,ON: THE BODY 椰子·滋養·美容 香皂 90g (韓國),1,ON: THE BODY,soap_bar,90g,韓國,1,,天然美容香皂滋養椰子香皂 90 克 [平行進口],multipass-v1-lexical,373e0ce20215d71dcabbbc621467b5ca305632be55a597e0bc9b587bc775b755
B0172001_S_OnTBDSoap-Lavender-01,G5_1efda8a2e975095a,ON: THE BODY 薰衣草·美容 香皂 90g (韓國),1,ON: THE BODY,soap_bar,90g,韓國,1,,天然美容香皂舒緩薰衣草香皂 90 克 [平行進口],multipass-v1-lexical,373e0ce20215d71dcabbbc621467b5ca305632be55a597e0bc9b587bc775b755
B0172001_S_OnTBDSoap-Lemon-01,G5_b312045160a43243,ON: THE BODY 檸檬·美容 香皂 90g (韓國),1,ON: THE BODY,soap_bar,90g,韓國,1,,天然美容香皂亮白檸檬香皂 90 克 [平行進口],multipass-v1-lexical,373e0ce20215d71dcabbbc621467b5ca305632be55a597e0bc9b587bc775b755
B0172001_S_OnTBDSoap-OliveO-01,G5_482e4e4a7adbde11,ON: THE BODY 橄欖·美容 香皂 90g (韓國),1,ON: THE BODY,soap_bar,90g,韓國,1,,天然美容香皂保濕橄欖香皂 90 克 [平行進口],multipass-v1-lexical,373e0ce20215d71dcabbbc621467b5ca305632be55a597e0bc9b587bc775b755
B0197001_S_A0065,G5_7362f9da53fe7448,里仁 使用期限·柚籽 香皂 100g (台灣),1,里仁,soap_bar,100g,台灣,1,,里仁柚籽皂 100g/個 (使用期限：2028年9月1日) #平行進口 柚子番梘肥皂,multipass-v1-lexical,373e0ce20215d71dcabbbc621467b5ca305632be55a597e0bc9b587bc775b755
B0197001_S_A0066,G5_6c614c33e7cc1c0a,里仁 使用期限 香皂 100g (台灣),1,里仁,soap_bar,100g,台灣,1,,里仁素皂 100g/個 (使用期限：2028年3月1日) #平行進口 番梘肥皂,multipass-v1-lexical,373e0ce20215d71dcabbbc621467b5ca305632be55a597e0bc9b587bc775b755
B0197001_S_A0067,G5_6c614c33e7cc1c0a52,里仁 使用期限·薄荷 香皂 100g (台灣),1,里仁,soap_bar,100g,台灣,1,,里仁薄荷皂 100g/個 (使用期限：2028年6月1日) #平行進口 番梘肥皂,multipass-v1-lexical,373e0ce20215d71dcabbbc621467b5ca305632be55a597e0bc9b587bc775b755
B0203001_S_kr74,G5_fcb948ad4bbf7ee5,Some By Mi 香皂 95g (韓國),1,Some By Mi,soap_bar,95g,韓國,1,,韓國直送 SOME BY MI 30天奇蹟皂 95g,multipass-v1-lexical,373e0ce20215d71dcabbbc621467b5ca305632be55a597e0bc9b587bc775b755
B0216001_S_4891080100034,G5_6c1d1da90a68ceea,Johnson's 及滋養肌膚 香皂 150g (馬來西亞),1,Johnson's,soap_bar,150g,馬來西亞,3,4891080100034,Johnson's - 香枧 溫和清潔及滋養肌膚 150g×3盒（4891080100034）,multipass-v1-lexical,373e0ce20215d71dcabbbc621467b5ca305632be55a597e0bc9b587bc775b755
B0243001_S_6976883645864,G5_7d040936894b1cd8,FITZELAR 泡沫·皮膚·種草 未分類 100g (中國),1,FITZELAR,UNKNOWN,100g,中國,1,6976883645864,神戶煙酰胺七白皁 多種草本精粹 呵護身體 清潔皮膚 細膩泡沫,multipass-v1-lexical,373e0ce20215d71dcabbbc621467b5ca305632be55a597e0bc9b587bc775b755
B0264001_S_8997206264256,G5_e519b4b146032e36,凱莎 玫瑰·花形 香皂 50g (印尼),1,凱莎,soap_bar,50g,印尼,1,8997206264256,手工香水皂 峇里島天然手工藝紅玫瑰花形香皂,multipass-v1-lexical,373e0ce20215d71dcabbbc621467b5ca305632be55a597e0bc9b587bc775b755
B0264001_S_8997206264683,G5_7083381fd0ed23b9,凱莎 花形 香皂 50g (印尼),1,凱莎,soap_bar,50g,印尼,1,8997206264683,手工香水皂 峇里島天然手工藝向日癸花形香皂,multipass-v1-lexical,373e0ce20215d71dcabbbc621467b5ca305632be55a597e0bc9b587bc775b755
B0264001_S_8997206264706,G5_5d3729524ae0301c,凱莎 藝白緬槴花·花形 香皂 50g (印尼),1,凱莎,soap_bar,50g,印尼,1,8997206264706,手工香水皂 峇里島天然手工藝白緬槴花形香皂,multipass-v1-lexical,373e0ce20215d71dcabbbc621467b5ca305632be55a597e0bc9b587bc775b755
B0264001_S_8997206265147,G5_9e923b5f7add43bd,凱莎 藝蜜糖味 香皂 50g (印尼),1,凱莎,soap_bar,50g,印尼,2,8997206265147,手工香水皂 峇里島天然手工藝蜜糖味香皂,multipass-v1-lexical,373e0ce20215d71dcabbbc621467b5ca305632be55a597e0bc9b587bc775b755
B0264001_S_8997206265154-50x2,G5_527039513d7d8ae2,凱莎 藝蓮花 香皂 50g (印尼),1,凱莎,soap_bar,50g,印尼,2,,手工香水皂 峇里島天然手工藝蓮花香皂,multipass-v1-lexical,373e0ce20215d71dcabbbc621467b5ca305632be55a597e0bc9b587bc775b755
B0264001_S_8997206265178x2,G5_3031eaa581e3d1ad,凱莎 衣草 香皂 50g (印尼),1,凱莎,soap_bar,50g,印尼,2,,手工香水皂 峇里島天然手工藝薫衣草香皂,multipass-v1-lexical,373e0ce20215d71dcabbbc621467b5ca305632be55a597e0bc9b587bc775b755
B0264001_S_8997206265192x2,G5_277082b72312fd70,凱莎 藝白緬槴花 香皂 50g (印尼),1,凱莎,soap_bar,50g,印尼,2,,手工香水皂 峇里島天然手工藝白緬槴花香皂,multipass-v1-lexical,373e0ce20215d71dcabbbc621467b5ca305632be55a597e0bc9b587bc775b755
B0264001_S_8997206265208-50x2,G5_4788c207f93791b1,凱莎 藝玉蘭花 香皂 50g (印尼),1,凱莎,soap_bar,50g,印尼,2,,手工香水皂 峇里島天然手工藝玉蘭花香皂,multipass-v1-lexical,373e0ce20215d71dcabbbc621467b5ca305632be55a597e0bc9b587bc775b755
B0264001_S_8997206265215-50x2,G5_2422f2d95ca90833,凱莎 藝檀香 香皂 50g (印尼),1,凱莎,soap_bar,50g,印尼,2,,手工香水皂 峇里島天然手工藝檀香香皂,multipass-v1-lexical,373e0ce20215d71dcabbbc621467b5ca305632be55a597e0bc9b587bc775b755
B0264001_S_8997206265260-50x2,G5_c7e0fce31a26cf62,凱莎 藝檸檬草 香皂 50g (印尼),1,凱莎,soap_bar,50g,印尼,2,,手工香水皂 峇里島天然手工藝檸檬草香皂,multipass-v1-lexical,373e0ce20215d71dcabbbc621467b5ca305632be55a597e0bc9b587bc775b755
B0264001_S_8997206265307,G5_b89419ffdb11b7a1,凱莎 藝芒果味 香皂 50g (印尼),1,凱莎,soap_bar,50g,印尼,2,8997206265307,手工香水皂 峇里島天然手工藝芒果味香皂,multipass-v1-lexical,373e0ce20215d71dcabbbc621467b5ca305632be55a597e0bc9b587bc775b755
B0264001_S_8997206265321,G5_a67ced2d0186d090,凱莎 藝椰子 香皂 50g (印尼),1,凱莎,soap_bar,50g,印尼,2,8997206265321,手工香水皂 峇里島天然手工藝椰子香皂,multipass-v1-lexical,373e0ce20215d71dcabbbc621467b5ca305632be55a597e0bc9b587bc775b755
B0264001_S_8997206265345,G5_5c64cae7cb4059f5,凱莎 藝蜜糖味 香皂 100g (印尼),1,凱莎,soap_bar,100g,印尼,1,8997206265345,手工香水皂 峇里島天然手工藝蜜糖味香皂 100g,multipass-v1-lexical,373e0ce20215d71dcabbbc621467b5ca305632be55a597e0bc9b587bc775b755
B0264001_S_8997206265352-100x2,G5_c5401922bfc74860,凱莎 藝蓮花 香皂 100g (印尼),1,凱莎,soap_bar,100g,印尼,2,,手工香水皂 峇里島天然手工藝蓮花香皂 100g x2,multipass-v1-lexical,373e0ce20215d71dcabbbc621467b5ca305632be55a597e0bc9b587bc775b755
B0264001_S_8997206265369x2,G5_babe777a7145dd98,凱莎 玫瑰 香皂 100g (印尼),1,凱莎,soap_bar,100g,印尼,2,,手工香水皂 峇里島天然手工藝玫瑰香皂,multipass-v1-lexical,373e0ce20215d71dcabbbc621467b5ca305632be55a597e0bc9b587bc775b755
B0264001_S_8997206265437,G5_fd55fc58fabe1aaf,凱莎 木瓜 香皂 100g (印尼),1,凱莎,soap_bar,100g,印尼,1,8997206265437,手工香水皂 峇里島天然手工藝木瓜香皂 100g,multipass-v1-lexical,373e0ce20215d71dcabbbc621467b5ca305632be55a597e0bc9b587bc775b755
B0264001_S_8997206265444,G5_edc9baaf888257fe,凱莎 藝奶 香皂 100g (印尼),1,凱莎,soap_bar,100g,印尼,1,8997206265444,手工香水皂 峇里島天然手工藝奶香皂 100g,multipass-v1-lexical,373e0ce20215d71dcabbbc621467b5ca305632be55a597e0bc9b587bc775b755
B0264001_S_8997206265451,G5_37009216681925a6,凱莎 薄荷 香皂 100g (印尼),1,凱莎,soap_bar,100g,印尼,1,8997206265451,手工香水皂 峇里島天然手工藝薄荷香皂 100g,multipass-v1-lexical,373e0ce20215d71dcabbbc621467b5ca305632be55a597e0bc9b587bc775b755
B0264001_S_8997206265475,G5_e968b926431fe67a,凱莎 藝香蕉 香皂 100g (印尼),1,凱莎,soap_bar,100g,印尼,1,8997206265475,手工香水皂 峇里島天然手工藝香蕉香皂 100g,multipass-v1-lexical,373e0ce20215d71dcabbbc621467b5ca305632be55a597e0bc9b587bc775b755
B0264001_S_8997206265482,G5_57434db1c3d14ff1,凱莎 草莓 香皂 100g (印尼),1,凱莎,soap_bar,100g,印尼,1,8997206265482,手工香水皂 峇里島天然手工藝草莓香皂 100g,multipass-v1-lexical,373e0ce20215d71dcabbbc621467b5ca305632be55a597e0bc9b587bc775b755
B0264001_S_8997206265499,G5_60f56ff3b85a5685,凱莎 藝橙味 香皂 100g (印尼),1,凱莎,soap_bar,100g,印尼,1,8997206265499,手工香水皂 峇里島天然手工藝橙味香皂 100g,multipass-v1-lexical,373e0ce20215d71dcabbbc621467b5ca305632be55a597e0bc9b587bc775b755
B0264001_S_8997206265505,G5_5619790c10dc8bb6,凱莎 藝芒果味 香皂 100g (印尼),1,凱莎,soap_bar,100g,印尼,1,8997206265505,手工香水皂 峇里島天然手工藝芒果味香皂 100g,multipass-v1-lexical,373e0ce20215d71dcabbbc621467b5ca305632be55a597e0bc9b587bc775b755
B0264001_S_8997206265512,G5_2b2ac185b496370c,凱莎 藝檸檬 香皂 100g (印尼),1,凱莎,soap_bar,100g,印尼,1,8997206265512,手工香水皂 峇里島天然手工藝檸檬香皂 100g,multipass-v1-lexical,373e0ce20215d71dcabbbc621467b5ca305632be55a597e0bc9b587bc775b755
B0264001_S_8997206265529,G5_f3d9778fa8c13c9a,凱莎 藝椰子 香皂 100g (印尼),1,凱莎,soap_bar,100g,印尼,1,8997206265529,手工香水皂 峇里島天然手工藝椰子香皂 100g,multipass-v1-lexical,373e0ce20215d71dcabbbc621467b5ca305632be55a597e0bc9b587bc775b755
B0264001_S_8997206265536,G5_fbe6e0bd6d6be339,凱莎 藝豆薯 香皂 100g (印尼),1,凱莎,soap_bar,100g,印尼,1,8997206265536,手工香水皂 峇里島天然手工藝豆薯香皂 100g,multipass-v1-lexical,373e0ce20215d71dcabbbc621467b5ca305632be55a597e0bc9b587bc775b755
B0264001_S_8997206266427,G5_a8776b95cb0ef68f,凱莎 茉莉花·花形 香皂 100g (印尼),1,凱莎,soap_bar,100g,印尼,1,8997206266427,手工香水皂 峇里島天然手工藝茉莉花形香皂,multipass-v1-lexical,373e0ce20215d71dcabbbc621467b5ca305632be55a597e0bc9b587bc775b755
B0271001_S_MN3255,G5_a65635120fb6b4cb,"The Handmade Soap Co., 檸檬草·雪松 香皂 140g (愛爾蘭)",1,"The Handmade Soap Co.,",soap_bar,140g,愛爾蘭,1,,純素手工皂 140g - 檸檬草與雪松 (平行進口),multipass-v1-lexical,373e0ce20215d71dcabbbc621467b5ca305632be55a597e0bc9b587bc775b755
B0271001_S_MN3260,G5_3a0a5fc5dc2f4096,"The Handmade Soap Co., 薰衣草·迷迭香·薄荷 香皂 140g (愛爾蘭)",1,"The Handmade Soap Co.,",soap_bar,140g,愛爾蘭,1,,純素手工皂 140g - 薰衣草、迷迭香、百里香與薄荷 (平行進口),multipass-v1-lexical,373e0ce20215d71dcabbbc621467b5ca305632be55a597e0bc9b587bc775b755
B0271001_S_MN3264,G5_0e9268bd2052dd56,"The Handmade Soap Co., 粉紅 香皂 140g (愛爾蘭)",1,"The Handmade Soap Co.,",soap_bar,140g,愛爾蘭,1,,純素手工皂 140g - 苦橙、粉紅胡椒與乾草 (平行進口),multipass-v1-lexical,373e0ce20215d71dcabbbc621467b5ca305632be55a597e0bc9b587bc775b755
B0271001_S_MN3271,G5_7ae7535a6a0c2dc4,"The Handmade Soap Co., 天竺葵 香皂 140g (愛爾蘭)",1,"The Handmade Soap Co.,",soap_bar,140g,愛爾蘭,1,,純素手工皂 140g - 芫荽籽、天竺葵與岩蘭草 (平行進口),multipass-v1-lexical,373e0ce20215d71dcabbbc621467b5ca305632be55a597e0bc9b587bc775b755
B0271001_S_MN3377,G5_6f3ed7a9a4ed3260,"The Handmade Soap Co., 香皂 100g (愛爾蘭)",1,"The Handmade Soap Co.,",soap_bar,100g,愛爾蘭,3,,純素手工皂禮盒3件裝x100g | 平行進口,multipass-v1-lexical,373e0ce20215d71dcabbbc621467b5ca305632be55a597e0bc9b587bc775b755
B0297001_S_9319944030358,G5_e0b9ad6b7f3337d9,AESOP 潔膚·香塊 香皂 310g (法國),1,AESOP,soap_bar,310g,法國,1,9319944030358,依蘭潔膚香塊香皂310g[平行進口],multipass-v1-lexical,373e0ce20215d71dcabbbc621467b5ca305632be55a597e0bc9b587bc775b755
B0355001_S_CLVOLO800109x3,G5_1917daffb042febd,樂家 純橄欖油 香皂 100g (義大利),1,樂家,soap_bar,100g,義大利,3,,特純橄欖油香皂 100克 x 3件,multipass-v1-lexical,373e0ce20215d71dcabbbc621467b5ca305632be55a597e0bc9b587bc775b755
B0364001_S_4796034991785,G5_87b2bc2911b39455,Silani 奢華·甘油·蘆薈 香皂 100g (斯里蘭卡),1,Silani,soap_bar,100g,斯里蘭卡,1,4796034991785,花漾奢華(蘆薈)手工甘油皂 100克 [平行進口] 4796034991785 到期日：2026年12月2日,multipass-v1-lexical,373e0ce20215d71dcabbbc621467b5ca305632be55a597e0bc9b587bc775b755
B0364001_S_4796034991792,G5_83ab254ca5726feb,Silani 櫻花·甘油 香皂 100g (斯里蘭卡),1,Silani,soap_bar,100g,斯里蘭卡,1,4796034991792,櫻花薄紗(竹炭)手工甘油皂 100克 4796034991792 到期日：2027年10月22日,multipass-v1-lexical,373e0ce20215d71dcabbbc621467b5ca305632be55a597e0bc9b587bc775b755
B0364001_S_4796034991808,G5_3e7c3c6ef5b37e15,Silani 甘油 香皂 100g (斯里蘭卡),1,Silani,soap_bar,100g,斯里蘭卡,1,4796034991808,花瓣綻放(核桃壳)手工甘油皂 100克 [平行進口] 4796034991808 到期日：2026年11月18日,multipass-v1-lexical,373e0ce20215d71dcabbbc621467b5ca305632be55a597e0bc9b587bc775b755
B0364001_S_PSN3631,G5_e51442ed9e8c39f6,滴露 dettol·保護潔膚·清涼 香皂 規格未知 (印尼),1,滴露,soap_bar,,印尼,1,8993560024574,Dettol 清涼抗菌保護潔膚皂 8993560024574 [平行進口］番梘,multipass-v1-lexical,373e0ce20215d71dcabbbc621467b5ca305632be55a597e0bc9b587bc775b755
B0364001_S_PSN3933,G5_db9de28a86c8811d,梨牌 pears·敏感肌·甘油 香皂 75g (英國),1,梨牌,soap_bar,75g,英國,4,8901030005015,[4件] Pears 純白美肌透明皂 75g 8901030005015 [平行進口] #梨牌香皂 #透明皂 #甘油皂 #敏感肌適用 #純素配方 #英國品牌,multipass-v1-lexical,373e0ce20215d71dcabbbc621467b5ca305632be55a597e0bc9b587bc775b755
B0368001_S_T839,G5_88e3536768d5b0af,HOTBUY 柔滑·潔膚·潤膚 香皂 90g (中國),1,HOTBUY,soap_bar,90g,中國,1,,《緊緻護膚》OUHOE 蜂蜜香柔滑潔膚皂 蜂毒纖體香皂 溫和滋潤護膚皂 深層清潔護膚皂 纖體修身潔膚皂 抗老化護膚皂 肌膚保濕護膚皂 塑形瘦身潔膚皂 持久保濕潤膚皂 皮膚亮白潔膚皂丨皮膚護理 纖體瘦身,multipass-v1-lexical,373e0ce20215d71dcabbbc621467b5ca305632be55a597e0bc9b587bc775b755
B0412001_S_0803629016076,G5_ac2a214063562048,於面部·護理·身體 香皂 100g (印度),1,,soap_bar,100g,印度,1,0803629016076,沙棘天然皂 100克 | 100%天然配方，適用於面部、身體及頭髮護理。,multipass-v1-lexical,373e0ce20215d71dcabbbc621467b5ca305632be55a597e0bc9b587bc775b755
B0412001_S_4800188108385,G5_ee556f6c333ccf9a,木瓜·沐浴·草本 香皂 135g (菲律賓),1,,soap_bar,135g,菲律賓,1,4800188108385,LIKAS 木瓜草本沐浴皂 - 135G,multipass-v1-lexical,373e0ce20215d71dcabbbc621467b5ca305632be55a597e0bc9b587bc775b755
B0412001_S_8463546,G5_f623ac17a63c1399,橄欖油·淡化·生薑 香皂 75g (印度),1,,soap_bar,75g,印度,1,,ARAAH AVARAMPOO 手工皂 75克 | 冷製工藝 | 野生薑黃+橄欖油 | 淡化色斑、色素沉澱及瑕疵,multipass-v1-lexical,373e0ce20215d71dcabbbc621467b5ca305632be55a597e0bc9b587bc775b755
B0412001_S_8901030871023,G5_99a584bfbbfabe84,梨牌 清新·透明 香皂 125g (印度),1,梨牌,soap_bar,125g,印度,2,8901030871023,柔软清新 - 透明皂条 - （125 克 x 2 包）,multipass-v1-lexical,373e0ce20215d71dcabbbc621467b5ca305632be55a597e0bc9b587bc775b755
B0412001_S_8901287100518,G5_c90ac283988730cd,Mysore 香氣·香油 香皂 450g (印度),1,Mysore,soap_bar,450g,印度,3,8901287100518,MYSORE 印度檀香皂 450克 (3件裝) | 純天然檀香油 | 80% TFM 頂級品質 | 深層滋潤 香氣持久 | 印度百年經典,multipass-v1-lexical,373e0ce20215d71dcabbbc621467b5ca305632be55a597e0bc9b587bc775b755
B0412001_S_8901399022012,G5_c740b62cdc3d5c14,阿育吠陀·椰子油 香皂 規格未知 (印度),1,,soap_bar,,印度,1,8901399022012,CHANDRIKA 阿育吠陀經典手工皂 | 檀香椰子油配方 | 1940年傳承 | 全家適用,multipass-v1-lexical,373e0ce20215d71dcabbbc621467b5ca305632be55a597e0bc9b587bc775b755
B0412001_S_8904018300249,G5_1e9fc6c36a50f0f7,Medimix 印度綠寶石皇室·藥草浴·日期 香皂 125g (印度),1,Medimix,soap_bar,125g,印度,1,8904018300249,印度綠寶石皇室 藥草浴美肌皂 經典美肌皂125g 最佳食用日期：2027 年 7 月,multipass-v1-lexical,373e0ce20215d71dcabbbc621467b5ca305632be55a597e0bc9b587bc775b755
B0412001_S_8904018308399,G5_377ba3444e50873a,Medimix 阿育吠陀·暗瘡·淡化 香皂 125g (印度),1,Medimix,soap_bar,125g,印度,1,8904018308399,MEDIMIX 阿育吠陀檀香甘油皂 125克 | 檀香油+ELADI草本油 | 淡化斑點暗瘡 均勻膚色 | 無防腐劑 零殘忍認證,multipass-v1-lexical,373e0ce20215d71dcabbbc621467b5ca305632be55a597e0bc9b587bc775b755
B0423001_S_Beroia_deadseasoap,G5_ce39210cab9b84a5,BEROIA 死海泥·阿勒頗 香皂 100g (阿拉伯敘利亞共和國(敘利亞)),1,BEROIA,soap_bar,100g,阿拉伯敘利亞共和國(敘利亞),1,,死海泥阿勒頗手工皂 (100g),multipass-v1-lexical,373e0ce20215d71dcabbbc621467b5ca305632be55a597e0bc9b587bc775b755
B0423001_S_beroia_40baylaureloil,G5_4faf1e4dc7c519b0,BEROIA 敘利亞阿勒頗古城·月桂油·橄欖油 香皂 185g (阿拉伯敘利亞共和國(敘利亞)),1,BEROIA,soap_bar,185g,阿拉伯敘利亞共和國(敘利亞),1,,Beroia 40%月桂油 60%橄欖油 阿勒頗手工古皂 | 敘利亞阿勒頗古城製造,multipass-v1-lexical,373e0ce20215d71dcabbbc621467b5ca305632be55a597e0bc9b587bc775b755
B0423001_S_beroia_olivesoap,G5_578cd2165fa539d6,BEROIA 敘利亞阿勒頗古城·純橄欖油·嬰兒 香皂 200g (阿拉伯敘利亞共和國(敘利亞)),1,BEROIA,soap_bar,200g,阿拉伯敘利亞共和國(敘利亞),1,,Beroia 純橄欖油手工古皂 200g  | 嬰兒、乾性肌膚適用 | 敘利亞阿勒頗古城製造,multipass-v1-lexical,373e0ce20215d71dcabbbc621467b5ca305632be55a597e0bc9b587bc775b755
B0448001_S_JAPAN479439,G5_662bd111fc40c326,PELICAN 低刺激·日本製·使用 香皂 80g (日本),1,PELICAN,soap_bar,80g,日本,1,4976631479439,【日本製】 蜂蜜香皂 80g 單件（ 4976631479439 ）石鹸 蜂蜜 溫和保濕 蜂蜜保濕配方 滋潤肌膚 溫和潔淨 梘適合全家使用 幼兒 成人皆可使用低刺激性 不含人工色素 溫和親膚,multipass-v1-lexical,373e0ce20215d71dcabbbc621467b5ca305632be55a597e0bc9b587bc775b755
B0605001_S_DNATURE3380380079757,G5_0d932c8203826ac7,Douce Nature 香皂 100g (法國),1,Douce Nature,soap_bar,100g,法國,1,,Organic Marseille Soap with Lavender 100g,multipass-v1-lexical,373e0ce20215d71dcabbbc621467b5ca305632be55a597e0bc9b587bc775b755
B0605001_S_DNATURE3380390900904,G5_77fc5f52f3f2099f,Douce Nature aleppo 香皂 200g (法國),1,Douce Nature,soap_bar,200g,法國,1,,Aleppo Soap Cube 12% 200g,multipass-v1-lexical,373e0ce20215d71dcabbbc621467b5ca305632be55a597e0bc9b587bc775b755
B0621001_S_TT0424,G5_57aae387f991a673,Marslako 洗手·洗臉 香皂 65g (泰國),1,Marslako,soap_bar,65g,泰國,1,,泰國JAM大米皂 手工米乳皂 洗臉皂 洗手皂 65g [平行進口],multipass-v1-lexical,373e0ce20215d71dcabbbc621467b5ca305632be55a597e0bc9b587bc775b755
B0621001_S_TT0917_A,G5_883b9c2fca6176c3,Marslako 洗手抗疫便攜·藍色 皂紙 50pc (中國),1,Marslako,soap_paper,50pc,中國,1,,[一盒50片] 洗手抗疫便攜肥皂片 番梘紙 - 藍色海洋味 [平行進口],multipass-v1-lexical,373e0ce20215d71dcabbbc621467b5ca305632be55a597e0bc9b587bc775b755
B0621001_S_TT0918_A,G5_6a3fa95c033fa27e,Marslako 洗手抗疫便攜·薰衣草·草味 皂紙 50pc (中國),1,Marslako,soap_paper,50pc,中國,1,,[一盒50片] 洗手抗疫便攜肥皂片 番梘紙- 薰衣草味 [平行進口],multipass-v1-lexical,373e0ce20215d71dcabbbc621467b5ca305632be55a597e0bc9b587bc775b755
B0631001_S_38858891600716,G5_f07a3ff14eb25f56,JAM 泰國 香皂 65g (泰國),1,JAM,soap_bar,65g,泰國,1,,泰國大米皂 JAM手工米乳皂 65G,multipass-v1-lexical,373e0ce20215d71dcabbbc621467b5ca305632be55a597e0bc9b587bc775b755
B0631001_S_4982659051573,G5_3f773956bae79a2b,膚適 松焦油·英國 未分類 100g (土耳其),1,膚適,UNKNOWN,100g,土耳其,1,,英國膚適 松焦油梘 100克,multipass-v1-lexical,373e0ce20215d71dcabbbc621467b5ca305632be55a597e0bc9b587bc775b755
B0638001_S_11661,G5_6391514271230b2c,熊本阿蘇艾草精油淨身·日本製 香皂 規格未知 (日本),1,,soap_bar,,日本,1,,日本製熊本阿蘇艾草精油淨身皂(1盒4件) 平行進口,multipass-v1-lexical,373e0ce20215d71dcabbbc621467b5ca305632be55a597e0bc9b587bc775b755
B0638001_S_11894,G5_9f9757faea5018a2,植物精油·檸檬香茅 香皂 200g (澳洲),1,,soap_bar,200g,澳洲,2,,澳洲 Botanical Soap 純天然植物精油手工皂(200g x2) - 檸檬香茅味 平行進口,multipass-v1-lexical,373e0ce20215d71dcabbbc621467b5ca305632be55a597e0bc9b587bc775b755
B0698001_S_TRL-0335-S,G5_9fb1c419ec12d924,植物精油·月桂·沐浴 香皂 80g (阿拉伯敘利亞共和國(敘利亞)),1,,soap_bar,80g,阿拉伯敘利亞共和國(敘利亞),1,,敘利亞 YTUK 植物精油 手工古皂 蘊含 月桂精華 清潔排濁*控油淨痘*潤膚細滑 沐浴 香皂 80g,multipass-v1-lexical,373e0ce20215d71dcabbbc621467b5ca305632be55a597e0bc9b587bc775b755
B0760001_S_CAL_CLNS_SP03,G5_c1f1016fd8c4fb4c,BATH & BALMS 草精油·薰衣草·燕麥 香皂 100g (香港),1,BATH & BALMS,soap_bar,100g,香港,1,,手工薰衣草精油香皂 ‧ 含爐甘石及燕麥 ‧ 溫和天然臉部及身體潔淨,multipass-v1-lexical,373e0ce20215d71dcabbbc621467b5ca305632be55a597e0bc9b587bc775b755
B0760001_S_CTR_CAL_SP04,G5_a1d48f81fbe34807,BATH & BALMS 乳木果油·橄欖油·薰衣草 香皂 100g (香港),1,BATH & BALMS,soap_bar,100g,香港,1,,手工金盞花乳木果油香皂，加入橄欖油同薰衣草油 — 溫和、天然，適合身體同面部清潔，再配合甜橙油，清新滋潤,multipass-v1-lexical,373e0ce20215d71dcabbbc621467b5ca305632be55a597e0bc9b587bc775b755
B0760001_S_LUX_TUR_SP01,G5_f7355c92f917982f,BATH & BALMS 乳木果油·薑黃 香皂 100g (香港),1,BATH & BALMS,soap_bar,100g,香港,1,,皂 薑黃和乳木果油肥皂  手做 肥皂 亮膚皂100g,multipass-v1-lexical,373e0ce20215d71dcabbbc621467b5ca305632be55a597e0bc9b587bc775b755
B0875001_S_KB-LHZ,G5_77f1201b279ec3ba,面部和身體·洗手·硫磺 香皂 85g (中國) #77f120,1,,soap_bar,85g,中國,1,,B16  (1塊）上海牌 硫磺香皂/香皂/肥皂/洗手皂/番鹼/上海硫磺香皂10%硫磺香皂面部和身體香皂85g,multipass-v1-lexical,373e0ce20215d71dcabbbc621467b5ca305632be55a597e0bc9b587bc775b755
B0939001_S_A1_0949,G5_ded78c1df162faca,便攜·旅行·洗手 皂紙 50pc (中國),1,,soap_paper,50pc,中國,1,,(綠茶味｜50片) FaSoLa旅行肥皂紙｜便攜清潔 即用即洗｜外遊隨身洗手皂片,multipass-v1-lexical,373e0ce20215d71dcabbbc621467b5ca305632be55a597e0bc9b587bc775b755
B0969001_S_3549620005080,G5_44e67cfaff9929a1,小橄欖樹 橄欖油·櫻花 香皂 100g (法國),1,小橄欖樹,soap_bar,100g,法國,2,3549620005080,櫻花溫和香皂 - 2 x 100g #天然 #橄欖油,multipass-v1-lexical,373e0ce20215d71dcabbbc621467b5ca305632be55a597e0bc9b587bc775b755
B0969001_S_3549620005097,G5_ba625c08a7526fd0,小橄欖樹 動物·成分·植物 香皂 100g (法國),1,小橄欖樹,soap_bar,100g,法國,2,3549620005097,蘆薈溫和香皂 - 2 x 100g #植物皂 #不含動物成分,multipass-v1-lexical,373e0ce20215d71dcabbbc621467b5ca305632be55a597e0bc9b587bc775b755
B0969001_S_3549620006001,G5_22e993987c1e8eb1,小橄欖樹 馬賽純梘液·薰衣草·甘油 香皂 300ml (法國),1,小橄欖樹,soap_bar,300ml,法國,1,3549620006001,馬賽純梘液- 薰衣草 300ml #天然 #甘油,multipass-v1-lexical,373e0ce20215d71dcabbbc621467b5ca305632be55a597e0bc9b587bc775b755
B0969001_S_3549620006056,G5_3122d430182ffeaf,小橄欖樹 馬賽純梘液·馬鞭草·刺激 香皂 300ml (法國),1,小橄欖樹,soap_bar,300ml,法國,1,3549620006056,馬賽純梘液- 檸檬馬鞭草 300ml #不添加色素 #溫和細緻 #不刺激肌膚,multipass-v1-lexical,373e0ce20215d71dcabbbc621467b5ca305632be55a597e0bc9b587bc775b755
B0970001_S_Footcare-blue,G5_3f33fe169324c4b7,日本·異味·護理 止汗/體香 90g (中國),1,,deodorant,90g,中國,1,,西田の涼子日本護理腳氣皂去角質消臭洗腳皂止汗乾爽祛除異味金銀花（藍）,multipass-v1-lexical,373e0ce20215d71dcabbbc621467b5ca305632be55a597e0bc9b587bc775b755
B0970001_S_Footcare-green,G5_ed0d14825ad2dfcb,日本·異味·薄荷 止汗/體香 90g (中國),1,,deodorant,90g,中國,1,,西田の涼子日本護理腳氣皂去角質消臭洗腳皂止汗乾爽祛除異味 薄荷（綠）,multipass-v1-lexical,373e0ce20215d71dcabbbc621467b5ca305632be55a597e0bc9b587bc775b755
B0970001_S_Footcare-orange,G5_442f679cf0694dbb,洋甘菊·日本·異味 止汗/體香 90g (中國),1,,deodorant,90g,中國,1,,西田の涼子日本護理腳氣皂去角質消臭洗腳皂止汗乾爽祛除異味 洋甘菊（橘子）,multipass-v1-lexical,373e0ce20215d71dcabbbc621467b5ca305632be55a597e0bc9b587bc775b755
B0970001_S_Footcare-soap-green,G5_2e40cdbdb834dc78,抑菌·日本·濕疹 止汗/體香 80g (中國),1,,deodorant,80g,中國,1,,日本護理腳氣皂 抑菌止癢止痕 去腳臭 止汗水泡 濕疹 香港脚 腳癣專用 汗疹 脫皮 洗腳 綠色 80g,multipass-v1-lexical,373e0ce20215d71dcabbbc621467b5ca305632be55a597e0bc9b587bc775b755
B0991001_S_10737400101,G5_43d6d24a94ab431b,AROMAS ARTESANALES DE ANTIGUA 羊奶·蜜糖 香皂 248g (中國),1,AROMAS ARTESANALES DE ANTIGUA,soap_bar,248g,中國,1,,蜜糖羊奶皂248g[192218010381] (平行進口),multipass-v1-lexical,373e0ce20215d71dcabbbc621467b5ca305632be55a597e0bc9b587bc775b755
B0991001_S_10737410101,G5_07fdcbc20a4d424d,AROMAS ARTESANALES DE ANTIGUA 玫瑰 香皂 150g (中國),1,AROMAS ARTESANALES DE ANTIGUA,soap_bar,150g,中國,1,,玫瑰檀香皂150g[192218010374] (平行進口),multipass-v1-lexical,373e0ce20215d71dcabbbc621467b5ca305632be55a597e0bc9b587bc775b755
B0991001_S_10737540101,G5_5af0e810c308bc84,ALCHIMIA 藍風鈴 香皂 200g (義大利),1,ALCHIMIA,soap_bar,200g,義大利,1,8032979002343,義大利天然純植物精華手工香皂 (藍風鈴) 200g[8032979002343] (平行進口),multipass-v1-lexical,373e0ce20215d71dcabbbc621467b5ca305632be55a597e0bc9b587bc775b755
B0991001_S_10737540201,G5_53ba81dc1bfd8ab4,ALCHIMIA 植物·檸檬 香皂 200g (義大利),1,ALCHIMIA,soap_bar,200g,義大利,1,8032979002404,義大利天然純植物精華手工香皂 (檸檬) 200g[8032979002404] (平行進口),multipass-v1-lexical,373e0ce20215d71dcabbbc621467b5ca305632be55a597e0bc9b587bc775b755
B0991001_S_10737540301,G5_5904a8b8a6fd4e54,ALCHIMIA 海風 香皂 200g (義大利),1,ALCHIMIA,soap_bar,200g,義大利,1,8032979002824,義大利天然純植物精華手工香皂 (海風) 200g[8032979002824] (平行進口),multipass-v1-lexical,373e0ce20215d71dcabbbc621467b5ca305632be55a597e0bc9b587bc775b755
B0991001_S_10737540401,G5_59353c7d22079050,ALCHIMIA 植物·茉莉 香皂 200g (義大利),1,ALCHIMIA,soap_bar,200g,義大利,1,8032979002435,義大利天然純植物精華手工香皂 (茉莉) 200g[8032979002435] (平行進口),multipass-v1-lexical,373e0ce20215d71dcabbbc621467b5ca305632be55a597e0bc9b587bc775b755
B0991001_S_10737540601,G5_fc141d9b21e2a1d3,ALCHIMIA 植物·葡萄 香皂 200g (義大利),1,ALCHIMIA,soap_bar,200g,義大利,1,8032979002008,義大利天然純植物精華手工香皂 (葡萄山桑子) 200g[8032979002008] (平行進口),multipass-v1-lexical,373e0ce20215d71dcabbbc621467b5ca305632be55a597e0bc9b587bc775b755
B0991001_S_A06760,G5_decadec9fa638e02,棕欖 牛乳 香皂 115g (泰國) #decade,1,棕欖,soap_bar,115g,泰國,1,4710168302040,棕欖自然之選 牛乳嫩膚香皂 115g[4710168302040]  (平行進口),multipass-v1-lexical,373e0ce20215d71dcabbbc621467b5ca305632be55a597e0bc9b587bc775b755
B1024001_S_PS_240041,G5_b319feea36f5afaf,左手·艾草 香皂 100g (香港),1,,soap_bar,100g,香港,1,,陽光社企 手工艾草/左手香皂 (100g),multipass-v1-lexical,373e0ce20215d71dcabbbc621467b5ca305632be55a597e0bc9b587bc775b755
B1057001_S_SakuraCherryblossomSoap,G5_ec5e62b57b7c0dc6,Calm Candles Essential 兩用·櫻花·淨化 香皂 150g (日本),1,Calm Candles Essential,soap_bar,150g,日本,1,,日本櫻花淨化美膚皂 – 含高嶺土與櫻花葉萃取 (150g) 潔面身體兩用,multipass-v1-lexical,373e0ce20215d71dcabbbc621467b5ca305632be55a597e0bc9b587bc775b755
B1103001_S_YANZSOAP-001-01,G5_da859696bd723903,焱芝手工皂 fda·左手 沐浴露 120g (台灣),1,焱芝手工皂,body_wash,120g,台灣,1,,台灣銷量第一Dr. Yanz手工皂 美國FDA認證 敏感肌專研 洗澡沖涼洗頭水沐浴露護髮素 皮炎改善祛痘美白水潤防乾燥 可食用級植物油脂 孕婦嬰兒可用 左手香皂,multipass-v1-lexical,373e0ce20215d71dcabbbc621467b5ca305632be55a597e0bc9b587bc775b755
B1103001_S_YANZSOAP-002-01,G5_4eb314d6d5073ac9,焱芝手工皂 芙蓉艾草 沐浴露 120g (台灣),1,焱芝手工皂,body_wash,120g,台灣,1,,台灣銷量第一Dr. Yanz手工皂 美國FDA認證 敏感肌專研 洗澡沖涼洗頭水沐浴露護髮素 皮炎改善祛痘美白水潤防乾燥 可食用級植物油脂 孕婦嬰兒可用 芙蓉艾草皂,multipass-v1-lexical,373e0ce20215d71dcabbbc621467b5ca305632be55a597e0bc9b587bc775b755
B1103001_S_YANZSOAP-003,G5_577904b45d573af9,焱芝手工皂 老青黛橄 沐浴露 120g (台灣),1,焱芝手工皂,body_wash,120g,台灣,1,,台灣銷量第一Dr. Yanz手工皂 美國FDA認證 敏感肌專研 洗澡沖涼洗頭水沐浴露護髮素 皮炎改善祛痘美白水潤防乾燥 可食用級植物油脂 孕婦嬰兒可用  老青黛橄榄马赛皂,multipass-v1-lexical,373e0ce20215d71dcabbbc621467b5ca305632be55a597e0bc9b587bc775b755
B1103001_S_YANZSOAP-004,G5_1581d4e96ab51739,焱芝手工皂 fda·紫草根 沐浴露 120g (台灣),1,焱芝手工皂,body_wash,120g,台灣,1,,台灣銷量第一Dr. Yanz手工皂 美國FDA認證 敏感肌專研 洗澡沖涼洗頭水沐浴露護髮素 皮炎改善祛痘美白水潤防乾燥 可食用級植物油脂 孕婦嬰兒可用 紫草根润白马赛皂,multipass-v1-lexical,373e0ce20215d71dcabbbc621467b5ca305632be55a597e0bc9b587bc775b755
B1103001_S_YANZSOAP-005,G5_bdfffc0f49d8e327,焱芝手工皂 fda·酪梨 沐浴露 120g (台灣),1,焱芝手工皂,body_wash,120g,台灣,1,,台灣銷量第一Dr. Yanz手工皂 美國FDA認證 敏感肌專研 洗澡沖涼洗頭水沐浴露護髮素 皮炎改善祛痘美白水潤防乾燥 可食用級植物油脂 孕婦嬰兒可用 酪梨马赛皂,multipass-v1-lexical,373e0ce20215d71dcabbbc621467b5ca305632be55a597e0bc9b587bc775b755
B1103001_S_YANZSOAP-006,G5_cbea9eb44b4d2462,焱芝手工皂 可食用級植物油脂·洗澡沖涼洗頭水·台灣銷量第一 沐浴露 1000ml (台灣),1,焱芝手工皂,body_wash,1000ml,台灣,1,,台灣銷量第一Dr. Yanz手工皂 美國FDA認證 敏感肌專研 洗澡沖涼洗頭水沐浴露護髮素 皮炎改善祛痘美白水潤防乾燥 可食用級植物油脂 孕婦嬰兒可用 玉容精华皂液,multipass-v1-lexical,373e0ce20215d71dcabbbc621467b5ca305632be55a597e0bc9b587bc775b755
B1112001_S_OM02363,G5_27951b17d958850a,AMORE COUNSELOR Nabi Perfumed 香皂 規格未知 (韓國),1,,soap_bar,,韓國,1,,AMORE COUNSELOR Nabi Perfumed Soap 赫拉香皂 1ea (平行進口) C333 exp07Jul2027,multipass-v1-lexical,373e0ce20215d71dcabbbc621467b5ca305632be55a597e0bc9b587bc775b755
B1125001_S_LCTlavenderSOAP100g,G5_2a05aeeda2723982,L'Occitane 乳木果·薰衣草·護膚 香皂 100g (法國),1,L'Occitane,soap_bar,100g,法國,1,3253581680551,歐舒丹Shea Lavender乳木果薰衣草護膚皂100g[3253581680551][平行進口],multipass-v1-lexical,373e0ce20215d71dcabbbc621467b5ca305632be55a597e0bc9b587bc775b755
B1149001_S_50173060038321,G5_e2670725286124c4,梨牌 pears 香皂 100g (印度) #e26707,1,梨牌,soap_bar,100g,印度,1,5017306008321,梨牌 - PEARS 透明香皂 100克 1件 (平行進口) #8321,multipass-v1-lexical,373e0ce20215d71dcabbbc621467b5ca305632be55a597e0bc9b587bc775b755
B1151001_S_NAJ2345,G5_17b87add5411bb3c,NAJEL 月桂油·橄欖油·阿勒坡 香皂 170g (阿拉伯敘利亞共和國(敘利亞)),1,NAJEL,soap_bar,170g,阿拉伯敘利亞共和國(敘利亞),1,,"阿勒坡手工古皂, 30%月桂油 + 70%橄欖油 170克【法國品牌 香港行貨】♥ 免費送起泡袋2個  ♥",multipass-v1-lexical,373e0ce20215d71dcabbbc621467b5ca305632be55a597e0bc9b587bc775b755
B1156002_S_4895252011081,G5_6c558f66bfc68858,隨機 香皂 30g (法國),1,,soap_bar,30g,法國,4,4895252011081,［1包4個裝］法國天然手工皂香皂番梘(隨機顏色）,multipass-v1-lexical,373e0ce20215d71dcabbbc621467b5ca305632be55a597e0bc9b587bc775b755
B1193001_S_H4147_TBD0604585101A,G5_1ce19a93644e40be,便攜式一次性·兒童·抑菌 皂紙 規格未知 (中國),1,,soap_paper,,中國,1,,便攜式一次性香皂片 學生兒童迷你花瓣抑菌洗手肥皂，（綠色茉莉）,multipass-v1-lexical,373e0ce20215d71dcabbbc621467b5ca305632be55a597e0bc9b587bc775b755
B1193001_S_H4147_TBD0604665503,G5_7750b9a64082c81e,沐浴·洗澡·洗頭 香皂 規格未知 (中國),1,,soap_bar,,中國,1,,包裝隨機 家用洗頭清潔沐浴香皂 控油洗澡殺菌硫磺皂,multipass-v1-lexical,373e0ce20215d71dcabbbc621467b5ca305632be55a597e0bc9b587bc775b755
B1260001_S_H4158_TBD0604585101A,G5_006a9b927811fe1e,便攜式一次性·兒童·抑菌 皂紙 13g (中國),1,,soap_paper,13g,中國,1,,便攜式一次性香皂片 學生兒童迷你花瓣抑菌洗手肥皂片，重量：13g（綠色茉莉）,multipass-v1-lexical,373e0ce20215d71dcabbbc621467b5ca305632be55a597e0bc9b587bc775b755
B1260001_S_H4158_TBD0604665503,G5_a67c1a7bf5a38cc4,沐浴·洗澡·洗臉 香皂 規格未知 (中國),1,,soap_bar,,中國,1,,硫磺皂 家用洗頭清潔沐浴 男女洗臉香皂 控油洗澡殺菌肥皂，新舊包裝隨機發貨,multipass-v1-lexical,373e0ce20215d71dcabbbc621467b5ca305632be55a597e0bc9b587bc775b755
B1301001_S_HMRS0001,G5_cdfe28dc0e31497b,北海道物語 玫瑰·馬油 未分類 100g (日本),1,北海道物語,UNKNOWN,100g,日本,1,,浄の肌玫瑰純馬油洗顏梘 (日本手工梘),multipass-v1-lexical,373e0ce20215d71dcabbbc621467b5ca305632be55a597e0bc9b587bc775b755
B1325001_S_OW-SY002-1,G5_1c1f91382dfed329,Soap Yummy 香皂 110g (香港),1,Soap Yummy,soap_bar,110g,香港,1,,碌柚葉開運手工皂,multipass-v1-lexical,373e0ce20215d71dcabbbc621467b5ca305632be55a597e0bc9b587bc775b755
B1355001_S_WQL-XZLW0500055,G5_ccc6fee3a5c7853b,鬼佬倉 植物精油·玫瑰·粉紅 香皂 170g,1,鬼佬倉,soap_bar,170g,,1,,玫瑰花瓣香氛皂花禮盒 母親節/生日/520情人節禮物 植物精油粉紅禮盒 送女友媽媽實用禮品,multipass-v1-lexical,373e0ce20215d71dcabbbc621467b5ca305632be55a597e0bc9b587bc775b755
B1374001_S_SP1135,G5_3ed5b316db8f41d3,HOTBUY 多用·奶油·肌膚 香皂 80g (中國),1,HOTBUY,soap_bar,80g,中國,1,,HANBOLI 香水黃金皂 80g — 肌膚嘅黃金盛宴 | 一皂多用，洗出如玉嫩滑奶油肌！,multipass-v1-lexical,373e0ce20215d71dcabbbc621467b5ca305632be55a597e0bc9b587bc775b755
B1390001_S_ke4976631477589,G5_8c303eb96f2b023b,PELICAN 草莓牛奶·使用·日期 香皂 80g (日本),1,PELICAN,soap_bar,80g,日本,1,,"草莓牛奶香皂 80g (平行進口) ""此日期前最佳使用：2027年8月""",multipass-v1-lexical,373e0ce20215d71dcabbbc621467b5ca305632be55a597e0bc9b587bc775b755
B1390001_S_ke4976631481043,G5_7c62144507d6c19e,PELICAN 專注女性敏感區域·clean·低刺激抑菌 香皂 17g (日本),1,PELICAN,soap_bar,17g,日本,1,,VIO CLEAN 專注女性敏感區域 低刺激抑菌除味天然草本肥皂 迷你裝 17g (平行進口),multipass-v1-lexical,373e0ce20215d71dcabbbc621467b5ca305632be55a597e0bc9b587bc775b755
B1390001_S_ke4976631481043-2,G5_067d094bfcc4f4d3,PELICAN 專注女性敏感區域·clean·低刺激抑菌 香皂 105g (日本),1,PELICAN,soap_bar,105g,日本,1,,VIO CLEAN 專注女性敏感區域 低刺激抑菌除味天然草本肥皂  105g (平行進口),multipass-v1-lexical,373e0ce20215d71dcabbbc621467b5ca305632be55a597e0bc9b587bc775b755
B1395001_S_DV_acne_bar01_120,G5_0d62163ae8b368dd,Dermavive 有效期·潔膚 香皂 120g (澳洲),1,Dermavive,soap_bar,120g,澳洲,1,,溫和抗痘潔膚皂 120克 [澳洲製造] [原廠行貨]（參考有效期：08/2028*),multipass-v1-lexical,373e0ce20215d71dcabbbc621467b5ca305632be55a597e0bc9b587bc775b755
B1395001_S_NL_soap01_100,G5_4bf6f562b20f19d9,Natural Life 麥蘆卡蜂蜜·有效期·蜂膠 香皂 100g (澳洲),1,Natural Life,soap_bar,100g,澳洲,1,,蜂膠皂 (含麥蘆卡蜂蜜)100克 [澳洲製造] [原廠行貨]（參考有效期：11/2029*),multipass-v1-lexical,373e0ce20215d71dcabbbc621467b5ca305632be55a597e0bc9b587bc775b755
B1400001_S_69025112037,G5_7930d4ff4238d36f,Jo Malone 小蒼蘭 香皂 99.22g (英國),1,Jo Malone,soap_bar,99.22g,英國,4,,Jo Malone英國梨與小蒼蘭香皂Soap Collection Coffret de Savons English Pear & Freesia 4 入裝，每塊淨重3.5 盎司/100 克,multipass-v1-lexical,373e0ce20215d71dcabbbc621467b5ca305632be55a597e0bc9b587bc775b755
B1401001_S_007-02-513315,G5_d7062fa09effc530,D'ORSAY 藍色 香皂 150g (法國),1,D'ORSAY,soap_bar,150g,法國,1,,藍色標籤香皂(150g),multipass-v1-lexical,373e0ce20215d71dcabbbc621467b5ca305632be55a597e0bc9b587bc775b755
B1401001_S_007-02-523315,G5_1450dfbe0ee897d2,D'ORSAY 奧賽騎士 香皂 150g (法國),1,D'ORSAY,soap_bar,150g,法國,1,,奧賽騎士香皂(150g),multipass-v1-lexical,373e0ce20215d71dcabbbc621467b5ca305632be55a597e0bc9b587bc775b755
B1401001_S_007-02-533315,G5_50296aff94c5edaa,D'ORSAY AROME 香皂 150g (法國),1,D'ORSAY,soap_bar,150g,法國,1,,AROME 3香皂(150g),multipass-v1-lexical,373e0ce20215d71dcabbbc621467b5ca305632be55a597e0bc9b587bc775b755
B1401001_S_007-02-543315,G5_8cb9f4c8123256cc,D'ORSAY 椴樹 香皂 150g (法國),1,D'ORSAY,soap_bar,150g,法國,1,,椴樹香皂(150g),multipass-v1-lexical,373e0ce20215d71dcabbbc621467b5ca305632be55a597e0bc9b587bc775b755
B1406001_S_H685240,G5_490a824e0d1980b8,BOTANIST 植物·護理 沐浴露 490ml (日本),1,BOTANIST,body_wash,490ml,日本,1,,Botanist 植物性溫和護理沐浴露 梨&白百合香 490ml 【平行進口】,multipass-v1-lexical,373e0ce20215d71dcabbbc621467b5ca305632be55a597e0bc9b587bc775b755
B1419001_S_SKIN-3616305446435,G5_8b4eeeef61a9752a,Chloé 雪松 香皂 100g (法國),1,Chloé,soap_bar,100g,法國,1,,Cedrus 北國雪松香皂 100g (平行進口貨)[C21-4],multipass-v1-lexical,373e0ce20215d71dcabbbc621467b5ca305632be55a597e0bc9b587bc775b755
B1465002_S_CBSS001,G5_056fc5f0031007a1,Codes 橢圓形 浴鹽/沐浴球 規格未知 (中國),1,Codes,bath_salt_bomb,,中國,1,,鹽皂 橢圓形推薦｜手工鹽皂｜岩鹽皂｜天然鹽皂｜喜馬拉雅鹽皂｜潔膚鹽皂｜洗面鹽皂｜沐浴鹽皂｜礦物鹽皂｜粉紅鹽皂｜去角質鹽皂｜手工皂鹽｜岩鹽潔膚｜天然潔膚皂｜洗手鹽皂【香港行貨】,multipass-v1-lexical,373e0ce20215d71dcabbbc621467b5ca305632be55a597e0bc9b587bc775b755
B1465002_S_CBSS002,G5_4ca25f753968ea56,Codes 心形 浴鹽/沐浴球 規格未知 (中國),1,Codes,bath_salt_bomb,,中國,1,,鹽皂 心形推薦｜手工鹽皂｜岩鹽皂｜天然鹽皂｜喜馬拉雅鹽皂｜潔膚鹽皂｜洗面鹽皂｜沐浴鹽皂｜礦物鹽皂｜粉紅鹽皂｜去角質鹽皂｜手工皂鹽｜岩鹽潔膚｜天然潔膚皂｜洗手鹽皂【香港行貨】,multipass-v1-lexical,373e0ce20215d71dcabbbc621467b5ca305632be55a597e0bc9b587bc775b755
B1465002_S_CBSS003,G5_d2bdf875ad23e7cf,Codes 元寶 浴鹽/沐浴球 規格未知 (中國),1,Codes,bath_salt_bomb,,中國,1,,鹽皂 元寶推薦｜手工鹽皂｜岩鹽皂｜天然鹽皂｜喜馬拉雅鹽皂｜潔膚鹽皂｜洗面鹽皂｜沐浴鹽皂｜礦物鹽皂｜粉紅鹽皂｜去角質鹽皂｜手工皂鹽｜岩鹽潔膚｜天然潔膚皂｜洗手鹽皂【香港行貨】,multipass-v1-lexical,373e0ce20215d71dcabbbc621467b5ca305632be55a597e0bc9b587bc775b755
B1465002_S_CBSS004,G5_159c0bc69667a09b,Codes 錐條 浴鹽/沐浴球 規格未知 (中國),1,Codes,bath_salt_bomb,,中國,1,,鹽皂 錐條推薦｜手工鹽皂｜岩鹽皂｜天然鹽皂｜喜馬拉雅鹽皂｜潔膚鹽皂｜洗面鹽皂｜沐浴鹽皂｜礦物鹽皂｜粉紅鹽皂｜去角質鹽皂｜手工皂鹽｜岩鹽潔膚｜天然潔膚皂｜洗手鹽皂【香港行貨】,multipass-v1-lexical,373e0ce20215d71dcabbbc621467b5ca305632be55a597e0bc9b587bc775b755
B1468001_S_xiangzao,G5_c608aebb957775c9,船牌 沐浴·清爽·精油 香皂 130g (中國),1,船牌,soap_bar,130g,中國,3,,船牌艾草香皂清爽控油保濕沐浴除蟎家用手工精油肥皂天然艾葉藥皂 送起泡網(130g*3件裝),multipass-v1-lexical,373e0ce20215d71dcabbbc621467b5ca305632be55a597e0bc9b587bc775b755
B1499001_S_102145,G5_19bc01aff57569c9,頭皮中心主義 淨化 洗髮皂 30g (日本),1,頭皮中心主義,shampoo_bar,30g,日本,1,,頭皮中心主義 淨化頭皮黑洗髮皂 30g,multipass-v1-lexical,373e0ce20215d71dcabbbc621467b5ca305632be55a597e0bc9b587bc775b755
B1535001_S_Cetaphil4-5CleansingBar,G5_5f394714735d3865,舒特膚 敏感肌·有效·潔膚 香皂 127g (加拿大),1,舒特膚,soap_bar,127g,加拿大,1,,舒特膚 Cetaphil 溫和潔膚皂 127 克 127g  | 專為乾性及敏感肌設計 |(6)有效舒緩濕疹症狀  |  非致痘性 | 不含皂性,multipass-v1-lexical,373e0ce20215d71dcabbbc621467b5ca305632be55a597e0bc9b587bc775b755
B1545001_S_8850299016129_2,G5_f1ddfa3008c46d12,King's Stella 薰衣草·草味 洗手液 450ml (泰國),1,King's Stella,hand_wash,450ml,泰國,2,8850299016129,King's Stella溫和潔手液450毫升-薰衣草味 X2件,multipass-v1-lexical,373e0ce20215d71dcabbbc621467b5ca305632be55a597e0bc9b587bc775b755
B1545001_S_8850299017621_2,G5_69b738d98b31f6b9,King's Stella 蜂蜜味·泡沫 洗手液 300ml (泰國),1,King's Stella,hand_wash,300ml,泰國,2,8850299017621,King's Stella泡沫潔手液300毫升-蜂蜜味 X2件,multipass-v1-lexical,373e0ce20215d71dcabbbc621467b5ca305632be55a597e0bc9b587bc775b755
B1545001_S_8850299017638_2,G5_5bacf5a7a639670d,King's Stella 沐浴·泡沫 洗手液 300ml (泰國),1,King's Stella,hand_wash,300ml,泰國,2,8850299017638,King's Stella泡沫潔手液300毫升-沐浴香 X2件,multipass-v1-lexical,373e0ce20215d71dcabbbc621467b5ca305632be55a597e0bc9b587bc775b755
B1545001_S_8853502015483,G5_683f332ac91b4a0f,興太太 平衡·植物 香皂 150g (泰國),1,興太太,soap_bar,150g,泰國,3,8853502015483,興太太 Dr. JENG 配方 平衡植物皂150g-3件裝,multipass-v1-lexical,373e0ce20215d71dcabbbc621467b5ca305632be55a597e0bc9b587bc775b755
B1545001_S_8853502015636,G5_f595da8d0f5d6ccc,興太太 植物 香皂 150g (泰國),1,興太太,soap_bar,150g,泰國,3,8853502015636,興太太 Dr. JENG配方 潔淨植物皂150g - 3件裝,multipass-v1-lexical,373e0ce20215d71dcabbbc621467b5ca305632be55a597e0bc9b587bc775b755
B1571001_S_TS001,G5_495b00ca2af87707,膚菌靈 松焦油·皮膚炎·乾燥 香皂 90g (中國),1,膚菌靈,soap_bar,90g,中國,1,,FUJUNLIN 香港品牌-天然松焦油皂 90g│止痕│抗菌│抑敏│緩解濕疹│汗斑│汗疹│牛皮癬│脂漏性皮膚炎│皮膚乾燥│抗真菌│香港腳,multipass-v1-lexical,373e0ce20215d71dcabbbc621467b5ca305632be55a597e0bc9b587bc775b755
B1583001_S_3253581786727,G5_b2020a75286f47ae,L'Occitane 乳木果·潔膚 香皂 250g (美國),1,L'Occitane,soap_bar,250g,美國,1,3253581786727,Loccitane 歐舒丹 乳木果潔膚皂250g,multipass-v1-lexical,373e0ce20215d71dcabbbc621467b5ca305632be55a597e0bc9b587bc775b755
B1583001_S_809280018572,G5_c3f12265be780c90,Fresh 馥蕾詩·西柚 香皂 250g (法國),1,Fresh,soap_bar,250g,法國,1,,Fresh 馥蕾詩 西柚香皂250g,multipass-v1-lexical,373e0ce20215d71dcabbbc621467b5ca305632be55a597e0bc9b587bc775b755
B1589001_S_liuhuangzao,G5_1feee3f7b34671ca,SADOER 硫磺 香皂 100g (中國),1,SADOER,soap_bar,100g,中國,2,,100g*2 硫磺除蟎香皂手工皂,multipass-v1-lexical,373e0ce20215d71dcabbbc621467b5ca305632be55a597e0bc9b587bc775b755
B1589001_S_meiguixiangzao,G5_1c6f773819863879,SADOER 滋養·玫瑰·精油 香皂 100g (中國),1,SADOER,soap_bar,100g,中國,2,,100g*2 玫瑰精油滋養香皂手工皂,multipass-v1-lexical,373e0ce20215d71dcabbbc621467b5ca305632be55a597e0bc9b587bc775b755
B1589001_S_nanshixiangzao,G5_ed1efca0c1eb6bbf,SADOER 香皂 100g (中國),1,SADOER,soap_bar,100g,中國,2,,100g*2 男士三合一手工皂香皂,multipass-v1-lexical,373e0ce20215d71dcabbbc621467b5ca305632be55a597e0bc9b587bc775b755
B1589001_S_xitouzao,G5_fcc112a41c4f9884,SADOER 生薑·薑黃 洗髮皂 100g (中國),1,SADOER,shampoo_bar,100g,中國,2,,100g*2 生薑薑黃洗髮皂,multipass-v1-lexical,373e0ce20215d71dcabbbc621467b5ca305632be55a597e0bc9b587bc775b755
B1615001_S_XM-JMXZ080000141,G5_2fe2602d81feafca,雜乜鋪 刺激·抗敏·敏感 香皂 80g,1,雜乜鋪,soap_bar,80g,,1,,薑黃羅勒 蜂花螺旋藻 冷式潔顏精油手工皂 臉部清潔皂 氣味清香 溫和不刺激 深層清潔肌膚 減少敏感 滋養保濕 舒緩抗敏 品質保證 適用於各種膚質 全方位呵護,multipass-v1-lexical,373e0ce20215d71dcabbbc621467b5ca305632be55a597e0bc9b587bc775b755
B1694001_S_043119,G5_38adeba2ce4a2927,MIYOSHI 無香·香料 香皂 190g (日本),1,MIYOSHI,soap_bar,190g,日本,2,,純保濕無香料 肥皂 (190g x 2pcs),multipass-v1-lexical,373e0ce20215d71dcabbbc621467b5ca305632be55a597e0bc9b587bc775b755
B1694001_S_383011,G5_2a379e9d2a51f848,牛乳石鹼 無添加 香皂 100g (日本),1,牛乳石鹼,soap_bar,100g,日本,2,,[ 無添加 ] 牛乳石鹼香皂 (100g x 2pcs),multipass-v1-lexical,373e0ce20215d71dcabbbc621467b5ca305632be55a597e0bc9b587bc775b755
B1694001_S_479361,G5_9d7680c55dba4a1a,PELICAN 鵜鶘家族 香皂 80g (日本),1,PELICAN,soap_bar,80g,日本,2,,鵜鶘家族柿子單寧肥皂 80克 X2,multipass-v1-lexical,373e0ce20215d71dcabbbc621467b5ca305632be55a597e0bc9b587bc775b755
B1694001_S_479385,G5_5cbf92685e3d7830,PELICAN 香皂 80g (日本),1,PELICAN,soap_bar,80g,日本,2,,柿涉 保濕美肌防體臭 肥皂 (80g x 2pcs),multipass-v1-lexical,373e0ce20215d71dcabbbc621467b5ca305632be55a597e0bc9b587bc775b755
B1694001_S_479408,G5_e494f4991834bad2,PELICAN 馬油 香皂 80g (日本),1,PELICAN,soap_bar,80g,日本,2,,馬油 保濕美肌 肥皂 (80g x 2pcs),multipass-v1-lexical,373e0ce20215d71dcabbbc621467b5ca305632be55a597e0bc9b587bc775b755
B1694001_S_479439,G5_6b447f938967708c,PELICAN 蜂蜜 香皂 80g (日本),1,PELICAN,soap_bar,80g,日本,2,,蜂蜜 保濕滋潤 肥皂 (80g x 2pcs),multipass-v1-lexical,373e0ce20215d71dcabbbc621467b5ca305632be55a597e0bc9b587bc775b755
B1694001_S_479453,G5_7ce3cad2e3da5565,PELICAN 鵜鶘家族·橄欖 香皂 80g (日本),1,PELICAN,soap_bar,80g,日本,20,,鵜鶘家族橄欖味香皂 (80克 x20),multipass-v1-lexical,373e0ce20215d71dcabbbc621467b5ca305632be55a597e0bc9b587bc775b755
B1694001_S_482415,G5_51b91de9e603b501,PELICAN 鵜鶘 香皂 85g (日本),1,PELICAN,soap_bar,85g,日本,3,,鵜鶘牌藥用皂 85克 x 3塊,multipass-v1-lexical,373e0ce20215d71dcabbbc621467b5ca305632be55a597e0bc9b587bc775b755
B1730001_S_MBB005,G5_b0c1230208e74045,MISS BAO BEI 香皂 80g (中國),1,MISS BAO BEI,soap_bar,80g,中國,1,,沐密私語清潔皂(80g),multipass-v1-lexical,373e0ce20215d71dcabbbc621467b5ca305632be55a597e0bc9b587bc775b755
B1795001_S_OFSC001c,G5_df1221be60547106,愛家漢方 香皂 規格未知 (香港),1,愛家漢方,soap_bar,,香港,1,,OK Family手工皂-煥白修護皂（附起泡網）100g±,multipass-v1-lexical,373e0ce20215d71dcabbbc621467b5ca305632be55a597e0bc9b587bc775b755
B1795001_S_OFSC002c,G5_c6fd9c6f3a4ab872,愛家漢方 香皂 100g (香港),1,愛家漢方,soap_bar,100g,香港,1,,OK Family手工皂-本草紓癢皂（附起泡網） 100g±,multipass-v1-lexical,373e0ce20215d71dcabbbc621467b5ca305632be55a597e0bc9b587bc775b755
B1795001_S_OFSC012c,G5_20034336de530e51,愛家漢方 洗髮皂 65g (香港),1,愛家漢方,shampoo_bar,65g,香港,1,,OK Family手工皂-防掉育髮洗髮皂（附起泡網） 65g±,multipass-v1-lexical,373e0ce20215d71dcabbbc621467b5ca305632be55a597e0bc9b587bc775b755
B1802001_S_4800119216202,G5_d562c4a02aa22c82,木瓜·草本 香皂 12pc (菲律賓),1,,soap_bar,12pc,菲律賓,12,4800119216202,"Extract Papaya Lightening Herbal Soap - 12pcs ,木瓜美白草本皂 - 12塊裝",multipass-v1-lexical,373e0ce20215d71dcabbbc621467b5ca305632be55a597e0bc9b587bc775b755
B1802001_S_5000101230745,G5_0291929b2bf7c397,加信氏皇室牌 英國·隨機 香皂 95g (印尼),1,加信氏皇室牌,soap_bar,95g,印尼,4,5000101230745,"Cussons Imperial Leather Soap 95g x 4  UK Version ,Cussons Imperial 皮革香皂 95g x 4 英國版（隨機包裝）",multipass-v1-lexical,373e0ce20215d71dcabbbc621467b5ca305632be55a597e0bc9b587bc775b755
B1802001_S_5011451401068,G5_b51f5d58233320a2,Simple sensitive·dettol·nivea 香皂 100g (土耳其) #b51f5d,1,Simple,soap_bar,100g,土耳其,2,5011451401068,"Pure Soap for Sensitive Skin 100g x 2 Bars ,SIMPLE 敏感肌膚純皂 100g x 2 條 (DETTOL,NIVEA DOVE最佳替代品)",multipass-v1-lexical,373e0ce20215d71dcabbbc621467b5ca305632be55a597e0bc9b587bc775b755
B1802001_S_5011451401068-6,G5_15bd0b86743d5c6f,Simple sensitive·dettol·nivea 香皂 100g (土耳其) #15bd0b,1,Simple,soap_bar,100g,土耳其,6,,"Pure Soap For Sensitive Skin 100g X 6 PCS , SIMPLE 敏感的純肥皂 100g x 6 條 (DOVE,DETTOL,NIVEA最佳替代品)",multipass-v1-lexical,373e0ce20215d71dcabbbc621467b5ca305632be55a597e0bc9b587bc775b755
B1802001_S_8000700000012,G5_5126e8d3904ddbd9,多芬 beauty·dove·bar 潔面 135g (德國),1,多芬,face_cleanser,135g,德國,4,8000700000012,DOVE Original Beauty Bar 135g  x 4 原創美容吧135克-4包,multipass-v1-lexical,373e0ce20215d71dcabbbc621467b5ca305632be55a597e0bc9b587bc775b755
B1802001_S_8711600804418,G5_fb24fd54b11275d5,多芬 dove·乳木果·潤膚 香皂 135g (德國),1,多芬,soap_bar,135g,德國,4,8711600804418,DOVE Shea Butter 540g (4 x 135g)多芬乳木果潤膚皂 135克 x 4塊,multipass-v1-lexical,373e0ce20215d71dcabbbc621467b5ca305632be55a597e0bc9b587bc775b755
B1802001_S_8711600804418-2,G5_05592582861023b9,QUALITY FIRST 最佳替代品·薑黃·蜂蜜 香皂 120g (泰國),1,QUALITY FIRST,soap_bar,120g,泰國,6,,"Turmeric with Honey Soap 120g x  ,薑黃蜂蜜皂 120公克 x 6塊(滴露消最佳替代品)",multipass-v1-lexical,373e0ce20215d71dcabbbc621467b5ca305632be55a597e0bc9b587bc775b755
B1802001_S_8712561306409,G5_6465108fb556720c,多芬 beauty·dove·bar 香皂 135g (印尼),1,多芬,soap_bar,135g,印尼,4,8712561306409,"Dove Relaxing Beauty Bar Coconut Milk & Jasmine, 135g x 4,多芬椰奶茉莉舒緩香皂，135克 x 4",multipass-v1-lexical,373e0ce20215d71dcabbbc621467b5ca305632be55a597e0bc9b587bc775b755
B1823001_S_6979526730002,G5_71f85b105b95a115,GOGOJII 香皂 規格未知 (中國),1,GOGOJII,soap_bar,,中國,1,6979526730002,枸杞金雲母皂  (新包裝),multipass-v1-lexical,373e0ce20215d71dcabbbc621467b5ca305632be55a597e0bc9b587bc775b755
B1823001_S_6979526730019,G5_45e65fa41432daca,GOGOJII 米漿奢華美容 香皂 規格未知 (中國),1,GOGOJII,soap_bar,,中國,1,6979526730019,枸杞米漿奢華美容皂 (新包裝),multipass-v1-lexical,373e0ce20215d71dcabbbc621467b5ca305632be55a597e0bc9b587bc775b755
B1823001_S_6979526730026,G5_135b99545f26ec03,GOGOJII 枸杞珍珠 香皂 規格未知 (中國),1,GOGOJII,soap_bar,,中國,1,6979526730026,枸杞珍珠粉亮澤手工皂 (新包裝),multipass-v1-lexical,373e0ce20215d71dcabbbc621467b5ca305632be55a597e0bc9b587bc775b755
B1823001_S_6979526730033,G5_4bf64280daa7a954,GOGOJII 奢華美容 香皂 規格未知 (中國),1,GOGOJII,soap_bar,,中國,1,6979526730033,枸杞竹炭奢華美容皂,multipass-v1-lexical,373e0ce20215d71dcabbbc621467b5ca305632be55a597e0bc9b587bc775b755
B1823001_S_6979526730071,G5_203f5a2b3a01127f,GOGOJII 奢華美容·薑黃 香皂 規格未知 (中國),1,GOGOJII,soap_bar,,中國,1,6979526730071,枸杞薑黃奢華美容皂,multipass-v1-lexical,373e0ce20215d71dcabbbc621467b5ca305632be55a597e0bc9b587bc775b755
B1823001_S_6979526730101,G5_532f693b3129364a,GOGOJII 米漿奢華美容·枸杞珍珠 香皂 規格未知 (中國),1,GOGOJII,soap_bar,,中國,1,6979526730101,枸杞珍珠米漿奢華美容皂,multipass-v1-lexical,373e0ce20215d71dcabbbc621467b5ca305632be55a597e0bc9b587bc775b755
B1823001_S_6979526730118,G5_aa66afbfc50ff42b,GOGOJII 奢華美容·燕麥 香皂 規格未知 (中國),1,GOGOJII,soap_bar,,中國,1,6979526730118,枸杞燕麥奢華美容皂,multipass-v1-lexical,373e0ce20215d71dcabbbc621467b5ca305632be55a597e0bc9b587bc775b755
B1823001_S_6979526730125,G5_aadd21b9faf56650,GOGOJII 奢華美容·薰衣草 香皂 規格未知 (中國),1,GOGOJII,soap_bar,,中國,1,6979526730125,枸杞薰衣草奢華美容皂,multipass-v1-lexical,373e0ce20215d71dcabbbc621467b5ca305632be55a597e0bc9b587bc775b755
B1823001_S_6979526730149,G5_598f84f66d630d04,GOGOJII 療護·硫磺 香皂 規格未知 (中國),1,GOGOJII,soap_bar,,中國,1,6979526730149,枸杞硫磺療護手工皂,multipass-v1-lexical,373e0ce20215d71dcabbbc621467b5ca305632be55a597e0bc9b587bc775b755
B1823001_S_6979526730156,G5_75d5cfe89ae036e4,GOGOJII 洋甘菊·金盞花·療護 香皂 規格未知 (中國),1,GOGOJII,soap_bar,,中國,1,6979526730156,枸杞洋甘菊金盞花療護手工皂,multipass-v1-lexical,373e0ce20215d71dcabbbc621467b5ca305632be55a597e0bc9b587bc775b755
B1908001_S_Chanel138,G5_8b0c8147e06c8d42,Chanel 香皂 200g (法國),1,Chanel,soap_bar,200g,法國,1,,傾城男士香皂 200G(平行進口),multipass-v1-lexical,373e0ce20215d71dcabbbc621467b5ca305632be55a597e0bc9b587bc775b755
B1908001_S_Chloe123,G5_c60eb4a950a433a6,Chloé fleurs 香皂 100g (法國),1,Chloé,soap_bar,100g,法國,3,,CHLOE 蔻依香皂三件套裝 ATELIER DES FLEURS 3 PIECE SOAP DUO SET 100G X3（平行進口）EXP:2027.5,multipass-v1-lexical,373e0ce20215d71dcabbbc621467b5ca305632be55a597e0bc9b587bc775b755
C0082001_S_1044638142101_H,G5_1787d33835eae144,多芬 柔膚乳霜香塊·dove·潔面沐浴 香皂 90g (德國),1,多芬,soap_bar,90g,德國,16,,Dove 多芬 德國入口 柔膚乳霜香塊 奶香小方  | 含1/4保濕乳霜 pH中性溫和 潔面沐浴2合1 洗頭沖涼都得| 90g×16塊 家庭囤貨裝 | 【平行進口】,multipass-v1-lexical,373e0ce20215d71dcabbbc621467b5ca305632be55a597e0bc9b587bc775b755
C0082001_S_6060364285542_H,G5_f517e24c7a33f2fc,優品閣 薰衣草·植物 洗衣皂 300g (中國),1,優品閣,laundry_soap,300g,中國,1,,RESANI  | 青蛙總管  植物萃取洗衣皂 薰衣草香 | 300g,multipass-v1-lexical,373e0ce20215d71dcabbbc621467b5ca305632be55a597e0bc9b587bc775b755
C0082001_S_6060509613705_H,G5_9cb907019609156d,優品閣 果香·植物·蘋果 洗衣皂 300g (中國),1,優品閣,laundry_soap,300g,中國,1,,RESANI | 青蛙總管  植物萃取洗衣皂 綠蘋果香  300g,multipass-v1-lexical,373e0ce20215d71dcabbbc621467b5ca305632be55a597e0bc9b587bc775b755
C0082001_S_6225261179894_H,G5_be76683587c32695,優品閣 植物·馬賽 洗衣皂 300g (中國),1,優品閣,laundry_soap,300g,中國,1,,RESANI | 青蛙總管 意大利進口 植物萃取洗衣皂 馬賽香 | 300g,multipass-v1-lexical,373e0ce20215d71dcabbbc621467b5ca305632be55a597e0bc9b587bc775b755
C0082001_S_YPG-W-00038,G5_3c4ec0f14ba12174,Best Botanicals 沐浴·潔面·肌膚 洗手液 200g (中國),1,Best Botanicals,hand_wash,200g,中國,8,,Best Botanicals 香皂 200g*8 塊 洗手液 潔手液 香皂 潔面皂 沐浴皂 肥皂香皂 滋潤肌膚【平行進口】,multipass-v1-lexical,373e0ce20215d71dcabbbc621467b5ca305632be55a597e0bc9b587bc775b755
C0129001_S_SKUCC0000086,G5_2e9c246c811161ca,GLISTBAY 無添加·孕婦·日本 洗衣皂 3pc (中國),1,GLISTBAY,laundry_soap,3pc,中國,1,,日本無添加洗衣皂 孕婦洗衣皂  洗衣皂內衣褲洗衣皂3枚/包,multipass-v1-lexical,373e0ce20215d71dcabbbc621467b5ca305632be55a597e0bc9b587bc775b755
C0129002_S_SKUDD000223,G5_6d1bff08331b6dfb,DESIROUS 敘利亞古·嬰可用·阿勒頗 香皂 185g (阿拉伯敘利亞共和國(敘利亞)),1,DESIROUS,soap_bar,185g,阿拉伯敘利亞共和國(敘利亞),1,,YTUK 敘利亞古法禦製手工皂 3 年 阿勒頗香皂 風乾古皂 洗頭 洗臉 去痘 母嬰可用 0 添加 100% 純天然,multipass-v1-lexical,373e0ce20215d71dcabbbc621467b5ca305632be55a597e0bc9b587bc775b755
C0129002_S_SKUYY0000065,G5_93f024b5f0896f7a,日本AMJ 椰子油·無添加·孕婦 洗衣皂 3pc (日本),1,日本AMJ,laundry_soap,3pc,日本,1,,日本無添加洗衣皂  洗衣皂  孕婦洗衣皂  內衣褲洗衣皂  天然椰子油洗衣皂  天然草本去漬抑菌  洗衣皂  3枚/包,multipass-v1-lexical,373e0ce20215d71dcabbbc621467b5ca305632be55a597e0bc9b587bc775b755
C0178001_S_XZZ01,G5_76e98c788c808b89,沐浴·海鹽·玫瑰 香皂 規格未知 (中國),1,,soap_bar,,中國,1,,薑黃-絲瓜皂2塊 手工精油皂 絲瓜絡皂 玫瑰海鹽潔顏沐浴香皂,multipass-v1-lexical,373e0ce20215d71dcabbbc621467b5ca305632be55a597e0bc9b587bc775b755
C0185001_S_5819649424364_H,G5_a2e0756c672c8cc3,香皂 規格未知 (中國),1,,soap_bar,,中國,1,,3 塊金泰康檀木香手工香皂帶網兜手工皂,multipass-v1-lexical,373e0ce20215d71dcabbbc621467b5ca305632be55a597e0bc9b587bc775b755
C0185001_S_5876183696240_H,G5_db29fdf80ba1d8dd,洗臉洗澡·潔麵沐浴·玫瑰 香皂 規格未知 (中國),1,,soap_bar,,中國,1,,8 盒艾膚佳品玫瑰精油皂潔麵沐浴洗臉洗澡持久留香皂手工精油皂,multipass-v1-lexical,373e0ce20215d71dcabbbc621467b5ca305632be55a597e0bc9b587bc775b755
C0185001_S_5876585208844_H,G5_315203e32805a900,沐浴·洗澡·硫磺 香皂 規格未知 (中國),1,,soap_bar,,中國,1,,6 盒裝雲南本草硫磺皂去背痘硫磺皂液洗澡用滋潤肌膚沐浴皂,multipass-v1-lexical,373e0ce20215d71dcabbbc621467b5ca305632be55a597e0bc9b587bc775b755
C0185001_S_5877738757083_H,G5_3983cd53270d9486,美臀·蜜桃 香皂 規格未知 (中國),1,,soap_bar,,中國,1,,8 盒裝卡姿莎美臀蜜桃 PP 皂粉嫩變白香皂愛心屁屁手工皂,multipass-v1-lexical,373e0ce20215d71dcabbbc621467b5ca305632be55a597e0bc9b587bc775b755
C0185001_S_944295097981_H,G5_3220acbcbd6bfb20,洗臉洗澡·潔麵沐浴·沉香 香皂 規格未知 (中國),1,,soap_bar,,中國,1,,6 盒裝沉香精油皂天然竹炭手工香皂清爽控油洗臉洗澡潔麵沐浴皂,multipass-v1-lexical,373e0ce20215d71dcabbbc621467b5ca305632be55a597e0bc9b587bc775b755
C0195001_S_4869779616735_H,G5_51a4e8130f1cd36d,TANGENT GC 木沉悟身 沐浴露 350ml,1,TANGENT GC,body_wash,350ml,,1,,木沉悟身 液體皂沐浴露350ml 木質調,multipass-v1-lexical,373e0ce20215d71dcabbbc621467b5ca305632be55a597e0bc9b587bc775b755
C0195001_S_4869979972534_H,G5_5460712982815e52,TANGENT GC 木沉悟身·oud 身體乳/護手霜 350ml (瑞典),1,TANGENT GC,body_lotion,350ml,瑞典,1,,OUD 木沉悟身香氛身體乳 350ml 保濕滋潤,multipass-v1-lexical,373e0ce20215d71dcabbbc621467b5ca305632be55a597e0bc9b587bc775b755
C0195001_S_5043132054280_H,G5_1a7831e8ba2c8c60,TANGENT GC 木沉悟身·oud 身體乳/護手霜 50ml (瑞典),1,TANGENT GC,body_lotion,50ml,瑞典,1,,OUD木沉悟身 香氛護手霜 50ml 自然有機保濕,multipass-v1-lexical,373e0ce20215d71dcabbbc621467b5ca305632be55a597e0bc9b587bc775b755
C0195001_S_5139453421560_H,G5_45d51c0f69be7eba,TANGENT GC 洗澡·用洗·馬賽 香皂 100g (法國),1,TANGENT GC,soap_bar,100g,法國,1,5139453421560,FIR 杉林沁身香氛馬賽皂 100g 家用洗澡香皂,multipass-v1-lexical,373e0ce20215d71dcabbbc621467b5ca305632be55a597e0bc9b587bc775b755
C0195001_S_5149647437574_H,G5_fc649531f1bac6f2,法拉夏 馬蹄鐵·便攜·洗澡 洗衣皂 65g (法國),1,法拉夏,laundry_soap,65g,法國,1,5149647437574,FER A CHEVAL 馬蹄鐵馬賽皂 65g 差旅便攜 洗衣洗澡 潔面溫和,multipass-v1-lexical,373e0ce20215d71dcabbbc621467b5ca305632be55a597e0bc9b587bc775b755
C0195001_S_5451156572814_H,G5_de2be9609f4c3658,TANGENT GC 日常 洗衣皂 1000ml (瑞典),1,TANGENT GC,laundry_soap,1000ml,瑞典,1,5451156572814,初心 經典棉麻日常衣物洗衣精 1000ml 幸會恬橙 KIYOMI,multipass-v1-lexical,373e0ce20215d71dcabbbc621467b5ca305632be55a597e0bc9b587bc775b755
C0195001_S_5466279464087_H,G5_093524e176fd6655,Maison Louis Marie 未分類 50ml (法國),1,Maison Louis Marie,UNKNOWN,50ml,法國,1,,香水 No.13 新浪潮 50ml,multipass-v1-lexical,373e0ce20215d71dcabbbc621467b5ca305632be55a597e0bc9b587bc775b755
C0195001_S_5469075849178_H,G5_2a0159e9b6fd53d6,Maison Louis Marie 兒時記憶 香氛蠟燭 240g,1,Maison Louis Marie,candle,240g,,1,,香氛蠟燭 No.02 Le Long Fond 兒時記憶 240g,multipass-v1-lexical,373e0ce20215d71dcabbbc621467b5ca305632be55a597e0bc9b587bc775b755
C0195001_S_5582812105140_H,G5_d3c0f20ca3d812ec,Maison Louis Marie 兒時記憶·滾珠 未分類 3ml (美國),1,Maison Louis Marie,UNKNOWN,3ml,美國,1,,No.02 兒時記憶 迷你滾珠香氛油 3ml,multipass-v1-lexical,373e0ce20215d71dcabbbc621467b5ca305632be55a597e0bc9b587bc775b755
C0195001_S_5671484492503_H,G5_042d5da81eea4b79,叁手 綠薄荷·水潤 沐浴露 500ml (中國),1,叁手,body_wash,500ml,中國,1,5671484492503,綠薄荷香氛沐浴露500ml 溫和潔淨 水潤亮澤,multipass-v1-lexical,373e0ce20215d71dcabbbc621467b5ca305632be55a597e0bc9b587bc775b755
C0195001_S_5677525901211_H,G5_0f4604f78d5fdfaa,叁手 水潤·清爽·花香 身體乳/護手霜 50ml,1,叁手,body_lotion,50ml,,1,,紅茶香氛護手霜50ml（木質花香調）清爽保濕 水潤不黏膩,multipass-v1-lexical,373e0ce20215d71dcabbbc621467b5ca305632be55a597e0bc9b587bc775b755
C0195001_S_5801038173481_H,G5_bc14abe9b1197aa3,THE LAUNDRESS 洗衣皂 250g,1,THE LAUNDRESS,laundry_soap,250g,,1,,【嘗鮮裝】經典全效棉麻洗衣液正品持久留香250G,multipass-v1-lexical,373e0ce20215d71dcabbbc621467b5ca305632be55a597e0bc9b587bc775b755
C0195001_S_5889829763980_H,G5_3ca82a053a80540c,Dr. Vranjes 果香·香薰 未分類 250ml (義大利),1,Dr. Vranjes,UNKNOWN,250ml,義大利,1,,紅酒貴族無火藤條香薰250ml-果香調,multipass-v1-lexical,373e0ce20215d71dcabbbc621467b5ca305632be55a597e0bc9b587bc775b755
C0195002_S_3519590213976-HK,G5_4bac13a761af9345,法拉夏 馬賽 香皂 65g (法國),1,法拉夏,soap_bar,65g,法國,4,,馬賽皂塊組合裝4*65g,multipass-v1-lexical,373e0ce20215d71dcabbbc621467b5ca305632be55a597e0bc9b587bc775b755
C0195002_S_3519590214072-HK,G5_ea70443610b4a591,法拉夏 馬蹄鐵植物橄欖馬賽·精裝 香皂 100g (法國),1,法拉夏,soap_bar,100g,法國,1,,馬蹄鐵植物橄欖馬賽皂精裝100g,multipass-v1-lexical,373e0ce20215d71dcabbbc621467b5ca305632be55a597e0bc9b587bc775b755
C0195002_S_3519590214171-HK,G5_c48da3f9c3aa56fc,法拉夏 馬蹄鐵植物橄欖馬賽·簡裝 香皂 100g (法國),1,法拉夏,soap_bar,100g,法國,1,,馬蹄鐵植物橄欖馬賽皂（長方形）簡裝 100g,multipass-v1-lexical,373e0ce20215d71dcabbbc621467b5ca305632be55a597e0bc9b587bc775b755
C0195002_S_3519590214270-HK,G5_26a6a5c169d9c207,法拉夏 馬蹄鐵植物橄欖馬賽·精裝 香皂 300g (法國),1,法拉夏,soap_bar,300g,法國,1,,馬蹄鐵植物橄欖馬賽皂精裝300g,multipass-v1-lexical,373e0ce20215d71dcabbbc621467b5ca305632be55a597e0bc9b587bc775b755
C0195002_S_3519590214331-HK,G5_28cec028f662c6cb,法拉夏 馬蹄鐵植物·棕櫚·簡裝 香皂 600g (法國),1,法拉夏,soap_bar,600g,法國,1,,馬蹄鐵植物棕櫚馬賽皂 簡裝 600g,multipass-v1-lexical,373e0ce20215d71dcabbbc621467b5ca305632be55a597e0bc9b587bc775b755
C0195002_S_3519590219046-HK,G5_7ecd3884a3378593,法拉夏 橄欖馬賽·掛繩 香皂 240g (法國),1,法拉夏,soap_bar,240g,法國,1,,掛繩橄欖馬賽皂240g,multipass-v1-lexical,373e0ce20215d71dcabbbc621467b5ca305632be55a597e0bc9b587bc775b755
C0195002_S_3519590223081-HK,G5_5ae107c0624afeb6,法拉夏 橙花·沐浴 香皂 125g (法國),1,法拉夏,soap_bar,125g,法國,1,,馥郁橙花沐浴皂 125g 溫和清潔,multipass-v1-lexical,373e0ce20215d71dcabbbc621467b5ca305632be55a597e0bc9b587bc775b755
C0195002_S_3519590223098-HK,G5_71121c36c498df48,法拉夏 草沐浴·馬鞭草·清新 香皂 125g (法國),1,法拉夏,soap_bar,125g,法國,1,,清新馬鞭草沐浴皂 125g 溫和清潔,multipass-v1-lexical,373e0ce20215d71dcabbbc621467b5ca305632be55a597e0bc9b587bc775b755
C0195002_S_3519590223104-HK,G5_2bdfa3f8bb376fed,法拉夏 沐浴·玫瑰 香皂 125g (法國),1,法拉夏,soap_bar,125g,法國,1,,玫瑰花瓣沐浴皂 125g 溫和清潔,multipass-v1-lexical,373e0ce20215d71dcabbbc621467b5ca305632be55a597e0bc9b587bc775b755
C0195002_S_3519590223111-HK,G5_5c87c6c8becbe31f,法拉夏 草沐浴·薰衣草 香皂 125g (法國),1,法拉夏,soap_bar,125g,法國,1,,活力薰衣草沐浴皂 125g 溫和清潔,multipass-v1-lexical,373e0ce20215d71dcabbbc621467b5ca305632be55a597e0bc9b587bc775b755
C0195002_S_3519590223128-HK,G5_e2e98be7af2a8cb8,法拉夏 無花果葉沐浴 香皂 125g (法國),1,法拉夏,soap_bar,125g,法國,1,,無花果葉沐浴皂 125g 溫和清潔,multipass-v1-lexical,373e0ce20215d71dcabbbc621467b5ca305632be55a597e0bc9b587bc775b755
C0195002_S_3519590223135-HK,G5_a1818e648f03a02e,法拉夏 杏仁·沐浴·蜂蜜 香皂 125g (法國),1,法拉夏,soap_bar,125g,法國,1,,蜂蜜杏仁沐浴皂 125g 溫和清潔,multipass-v1-lexical,373e0ce20215d71dcabbbc621467b5ca305632be55a597e0bc9b587bc775b755
C0195002_S_3519590223142-HK,G5_7592e8dd8c709182,法拉夏 白茶柚子沐浴 香皂 125g (法國),1,法拉夏,soap_bar,125g,法國,1,,白茶柚子沐浴皂 125g 溫和清潔,multipass-v1-lexical,373e0ce20215d71dcabbbc621467b5ca305632be55a597e0bc9b587bc775b755
C0195002_S_3519590223159-HK,G5_cc625fa000888a64,法拉夏 柑橘·沐浴 香皂 125g (法國),1,法拉夏,soap_bar,125g,法國,1,,海濱柑橘沐浴皂 125g 溫和清潔,multipass-v1-lexical,373e0ce20215d71dcabbbc621467b5ca305632be55a597e0bc9b587bc775b755
C0195002_S_3519590223166-HK,G5_0f51562a5ebddd63,法拉夏 桔子氣泡水沐浴 香皂 125g (法國),1,法拉夏,soap_bar,125g,法國,1,,桔子氣泡水沐浴皂 125g 溫和清潔,multipass-v1-lexical,373e0ce20215d71dcabbbc621467b5ca305632be55a597e0bc9b587bc775b755
C0195002_S_3519590223173-HK,G5_bca1f2323a5a734c,法拉夏 沐浴·琥珀·茉莉 香皂 125g (法國),1,法拉夏,soap_bar,125g,法國,1,,琥珀茉莉沐浴皂 125g 溫和清潔,multipass-v1-lexical,373e0ce20215d71dcabbbc621467b5ca305632be55a597e0bc9b587bc775b755
C0195002_S_3519590224026-HK,G5_eb2b8a7678e4ea60,法拉夏 馬蹄鐵燕麥·潔膚·潔面 香皂 100g (法國),1,法拉夏,soap_bar,100g,法國,1,,馬蹄鐵燕麥潔面潔膚皂 100g 溫和天然,multipass-v1-lexical,373e0ce20215d71dcabbbc621467b5ca305632be55a597e0bc9b587bc775b755
C0195002_S_3519590224101-HK,G5_305915bf3a02698c,法拉夏 馬蹄鐵植物橄欖馬賽·精裝 香皂 150g (法國),1,法拉夏,soap_bar,150g,法國,1,,馬蹄鐵植物橄欖馬賽皂精裝150g,multipass-v1-lexical,373e0ce20215d71dcabbbc621467b5ca305632be55a597e0bc9b587bc775b755
C0195002_S_3519590224125-HK,G5_4ee1f964f704a7da,法拉夏 洗衣皂 150g (法國),1,法拉夏,laundry_soap,150g,法國,1,,蘇打去污皂 150g 強效清潔 衣物潔淨,multipass-v1-lexical,373e0ce20215d71dcabbbc621467b5ca305632be55a597e0bc9b587bc775b755
C0195002_S_3519590224224-HK,G5_dcc434ccf119726a,法拉夏 馬蹄鐵植物橄欖馬賽·簡裝 香皂 300g (法國),1,法拉夏,soap_bar,300g,法國,1,,馬蹄鐵植物橄欖馬賽皂 簡裝 300g,multipass-v1-lexical,373e0ce20215d71dcabbbc621467b5ca305632be55a597e0bc9b587bc775b755
C0195002_S_3519590234001-HK,G5_e7927928eba3b8e5,法拉夏 馬蹄鐵燕麥·洗頭 香皂 100g (法國),1,法拉夏,soap_bar,100g,法國,1,,馬蹄鐵燕麥洗頭皂 100g,multipass-v1-lexical,373e0ce20215d71dcabbbc621467b5ca305632be55a597e0bc9b587bc775b755
C0195002_S_7350064921166-HK,G5_45c095eadda8a414,TANGENT GC 幸福甜心 香皂 100g (法國),1,TANGENT GC,soap_bar,100g,法國,1,,幸福甜心 香氛馬賽皂 100g,multipass-v1-lexical,373e0ce20215d71dcabbbc621467b5ca305632be55a597e0bc9b587bc775b755
C0195002_S_7350064921180-HK,G5_a8306cdcba02c348,TANGENT GC 幸運四葉 香皂 100g (法國),1,TANGENT GC,soap_bar,100g,法國,1,,幸運四葉 香氛馬賽皂100g,multipass-v1-lexical,373e0ce20215d71dcabbbc621467b5ca305632be55a597e0bc9b587bc775b755
C0242001_S_963253842035_H,G5_3c0437c8f4987d12,SAM 香皂 2080g (中國),1,SAM,soap_bar,2080g,中國,2,,Sam/山姆 扇牌 酵素天然濃縮皂粉(陽光香氛) 2.08kg*2,multipass-v1-lexical,373e0ce20215d71dcabbbc621467b5ca305632be55a597e0bc9b587bc775b755
C0526001_S_6103184914016_H,G5_3aa92981be37946b,Member's Mark 柔膚乳霜·家庭·滋養 香皂 90g (中國),1,Member's Mark,soap_bar,90g,中國,16,,山姆超市正品 多芬柔膚乳霜香皂90g*16塊 含1/4潤膚乳 溫和清潔 深層滋養 保濕滋潤 家庭裝,multipass-v1-lexical,373e0ce20215d71dcabbbc621467b5ca305632be55a597e0bc9b587bc775b755
C0569001_S_6035113556582_H,G5_b520ffed66fb3a9b,沐浴·羊奶 香皂 20g (中國),1,,soap_bar,20g,中國,8,6035113556582,紅貝緹羊奶皂除蟎皂車厘子百香果花瓣蒲公英沐浴迷你香皂20g*8塊,multipass-v1-lexical,373e0ce20215d71dcabbbc621467b5ca305632be55a597e0bc9b587bc775b755
C0631001_S_12414451169,G5_6423132358a1f675,洗澡沐浴·洗去·純白 香皂 規格未知 (中國),1,,soap_bar,,中國,1,,舒膚佳香皂 純白3塊皂 洗去99.9%細菌 洗澡沐浴皂肥皂 新舊包裝隨機,multipass-v1-lexical,373e0ce20215d71dcabbbc621467b5ca305632be55a597e0bc9b587bc775b755
C0631001_S_12414451577,G5_e91d4b4780aec496,洗澡沐浴·檸檬·洗去 香皂 規格未知 (中國),1,,soap_bar,,中國,1,,舒膚佳香皂 檸檬清新3塊皂 洗去99.9%細菌 洗澡沐浴皂肥皂 新舊包裝隨機,multipass-v1-lexical,373e0ce20215d71dcabbbc621467b5ca305632be55a597e0bc9b587bc775b755
C0631001_S_12414452072,G5_d990fb1ff9d7289e,Safeguard 檸檬·洗去·純白 香皂 規格未知 (中國),1,Safeguard,soap_bar,,中國,1,,舒膚佳香皂 3塊皂(純白+檸檬+蘆薈)肥皂 洗去99%細菌 新舊包裝隨機,multipass-v1-lexical,373e0ce20215d71dcabbbc621467b5ca305632be55a597e0bc9b587bc775b755
C0631001_S_12414452074,G5_684a03f2b485d8e4,洗澡沐浴·薰衣草·洗去 香皂 規格未知 (中國),1,,soap_bar,,中國,1,,舒膚佳香皂 薰衣草3塊皂 洗去99.9%細菌 洗澡沐浴皂肥皂 新舊包裝隨機,multipass-v1-lexical,373e0ce20215d71dcabbbc621467b5ca305632be55a597e0bc9b587bc775b755
C0631001_S_12414452561,G5_972b63898564e49c,Safeguard 薰衣草·檸檬·純白 香皂 規格未知 (中國),1,Safeguard,soap_bar,,中國,1,,舒膚佳香皂 3塊皂(純白+檸檬+薰衣草),multipass-v1-lexical,373e0ce20215d71dcabbbc621467b5ca305632be55a597e0bc9b587bc775b755
C0631001_S_12414453328,G5_19bc1b5207d882a9,Safeguard 檸檬·清新 香皂 規格未知 (中國),1,Safeguard,soap_bar,,中國,1,,舒膚佳香皂清新檸檬4塊皂,multipass-v1-lexical,373e0ce20215d71dcabbbc621467b5ca305632be55a597e0bc9b587bc775b755
C0631001_S_12414453592,G5_13ddb9aae91c14f9,Safeguard 薰衣草 香皂 規格未知 (中國),1,Safeguard,soap_bar,,中國,4,,舒膚佳香皂健康除菌薰衣草香*4塊,multipass-v1-lexical,373e0ce20215d71dcabbbc621467b5ca305632be55a597e0bc9b587bc775b755
C0631001_S_12414453935,G5_0ded5cf6997b2e7b,檸檬·洗去·純白 香皂 規格未知 (中國),1,,soap_bar,,中國,4,,舒膚佳香皂 6塊皂(純白*4+檸檬*2)肥皂 洗去99%細菌 新舊包裝隨機,multipass-v1-lexical,373e0ce20215d71dcabbbc621467b5ca305632be55a597e0bc9b587bc775b755
C0631001_S_12414453936,G5_0c76b89d96f83445,Safeguard 舒膚佳排滯·潔面沐浴·紅石榴 香皂 100g (中國),1,Safeguard,soap_bar,100g,中國,3,,舒膚佳排滯香皂 煥膚紅石榴100g*3 潔面沐浴洗手法皂 洗去99.9%細菌,multipass-v1-lexical,373e0ce20215d71dcabbbc621467b5ca305632be55a597e0bc9b587bc775b755
C0631001_S_12414454245,G5_ddf97002645454e2,舒膚佳排·紅石榴·山茶 香皂 100g (中國),1,,soap_bar,100g,中國,3,,舒膚佳排澀香皂100g*3塊(紅石榴*2+山茶*1)深层清潔 洗去99.9%細菌,multipass-v1-lexical,373e0ce20215d71dcabbbc621467b5ca305632be55a597e0bc9b587bc775b755
C0631001_S_12414454610,G5_0c76b89d96f83445ad,Safeguard 舒膚佳排·山茶花·紅石榴 香皂 100g (中國),1,Safeguard,soap_bar,100g,中國,6,,舒膚佳排汙香皂100g*6塊(紅石榴4+山茶花*2)深层清潔 洗去99.9%細菌,multipass-v1-lexical,373e0ce20215d71dcabbbc621467b5ca305632be55a597e0bc9b587bc775b755
C0631001_S_12415171557,G5_cf667d6dc52eb36c,多芬 柔膚乳霜香塊·沐浴 香皂 90g (中國),1,多芬,soap_bar,90g,中國,3,,多芬 柔膚乳霜香塊香皂 90g*3塊 滋潤保濕深层清潔控油沐浴滋潤保濕,multipass-v1-lexical,373e0ce20215d71dcabbbc621467b5ca305632be55a597e0bc9b587bc775b755
C0631001_S_12428220495,G5_2e6af7796c786ff3,DHC 橄欖·蜂蜜 香皂 2pc (中國),1,DHC,soap_bar,2pc,中國,6,,DHC水嫩眼膜2片*6包+橄欖蜂蜜皂5g*2滋潤眼週補水睡眠凝膠眼膜眼貼眼部精華,multipass-v1-lexical,373e0ce20215d71dcabbbc621467b5ca305632be55a597e0bc9b587bc775b755
C0631001_S_12430583480,G5_c9960078894e8e5b,LUX 牌家庭實惠裝男女士沐浴·力士·恆久 香皂 100g (中國),1,LUX,soap_bar,100g,中國,3,,力士香皂官方正品牌家庭實惠裝男女士沐浴香氛洗手肥皂-恆久嫩膚100g*3塊,multipass-v1-lexical,373e0ce20215d71dcabbbc621467b5ca305632be55a597e0bc9b587bc775b755
C0631001_S_12430583483,G5_d13a14d1435fa022,LUX 幽蓮魅膚·力士 香皂 100g (中國),1,LUX,soap_bar,100g,中國,3,,力士香皂幽蓮魅膚100g*3塊,multipass-v1-lexical,373e0ce20215d71dcabbbc621467b5ca305632be55a597e0bc9b587bc775b755
C0631001_S_12430583525,G5_927a722aa0d990d1,LUX 牌家庭實惠裝男女士沐浴·盈潤煥采·力士 香皂 100g (中國),1,LUX,soap_bar,100g,中國,3,,力士香皂官方正品牌家庭實惠裝男女士沐浴香氛洗手肥皂-盈潤煥采100g*3塊,multipass-v1-lexical,373e0ce20215d71dcabbbc621467b5ca305632be55a597e0bc9b587bc775b755
C0631001_S_12430585315,G5_c104678511c0c532,LUX 牌家庭實惠裝男女士沐浴·幽蓮魅膚·力士 香皂 105g (中國),1,LUX,soap_bar,105g,中國,4,,力士香皂官方正品牌家庭實惠裝男女士沐浴香氛洗手肥皂-幽蓮魅膚105g*4塊,multipass-v1-lexical,373e0ce20215d71dcabbbc621467b5ca305632be55a597e0bc9b587bc775b755
C0631001_S_12430590117,G5_f08c3a33a6d8e2d9,LUX 牌家庭實惠裝男女士沐浴·幽蓮魅膚·盈潤煥采 香皂 105g (中國),1,LUX,soap_bar,105g,中國,3,,力士香皂官方正品牌家庭實惠裝男女士沐浴香氛洗手肥皂-盈潤煥采105g*3+幽蓮魅膚105g*2,multipass-v1-lexical,373e0ce20215d71dcabbbc621467b5ca305632be55a597e0bc9b587bc775b755
C0631001_S_12433061011,G5_22b650c45408be3f,Safeguard 舒膚佳排滯·山茶花 香皂 100g (中國),1,Safeguard,soap_bar,100g,中國,3,,舒膚佳排滯香皂山茶花100g*3肥皂,multipass-v1-lexical,373e0ce20215d71dcabbbc621467b5ca305632be55a597e0bc9b587bc775b755
C0631001_S_12447831402,G5_8b1c6b4472e4e4af,多芬 柔膚 洗手液 240ml (中國),1,多芬,hand_wash,240ml,中國,2,,多芬淨潤柔膚泡泡洗手液240ml*2瓶,multipass-v1-lexical,373e0ce20215d71dcabbbc621467b5ca305632be55a597e0bc9b587bc775b755
C0631001_S_12447835573,G5_d5419e600c3f523c,多芬 敏感肌·水潤·潤膚 潔面 160ml (中國),1,多芬,face_cleanser,160ml,中國,1,,多芬保濕潔面泡泡160ml 氨基酸洗面奶敏感肌深层清潔水潤潤膚,multipass-v1-lexical,373e0ce20215d71dcabbbc621467b5ca305632be55a597e0bc9b587bc775b755
C0631001_S_12448640939,G5_dae05e1f4d7d9c38,植護 式一·抑菌·款式 洗衣皂 規格未知 (中國),1,植護,laundry_soap,,中國,1,,植護秘覺內衣洗衣皂 男女內褲專用 抑菌去血漬清香款 款式一,multipass-v1-lexical,373e0ce20215d71dcabbbc621467b5ca305632be55a597e0bc9b587bc775b755
C0673001_S_6206056362569_H,G5_529016c99b33d1af,蘭可欣 旗艦店·改善·清爽 止汗/體香 30ml (中國),1,蘭可欣,deodorant,30ml,中國,1,,止汗露 女腋下清爽改善異味持久留香體膏走滾珠噴霧男士官方旗艦店,multipass-v1-lexical,373e0ce20215d71dcabbbc621467b5ca305632be55a597e0bc9b587bc775b755
C0673001_S_6211800455404_H,G5_2a9812f9cf45b300,蘭可欣 女男士·滾珠·異味 止汗/體香 50ml (中國),1,蘭可欣,deodorant,50ml,中國,1,,止汗露 女男士腋下除臭去異味專用持久留香滾珠官方正品走珠液香體,multipass-v1-lexical,373e0ce20215d71dcabbbc621467b5ca305632be55a597e0bc9b587bc775b755
C0673001_S_6215991839191_H,G5_338bf7904e56d300,蘭可欣 女男士·旗艦店·便攜 未分類 規格未知 (中國),1,蘭可欣,UNKNOWN,,中國,1,,香膏持久留香72小時固體淡體睡眠小眾便攜香水女男士正品旗艦店,multipass-v1-lexical,373e0ce20215d71dcabbbc621467b5ca305632be55a597e0bc9b587bc775b755
C0748001_S_1059563949388_H,G5_edbc1a09df451846,潔面沐浴·國貨·硫磺 香皂 130g,1,,soap_bar,130g,,1,,國貨老牌大塊硫磺皂 130g 潔面沐浴除蟎控油清潔香皂【平行進口】,multipass-v1-lexical,373e0ce20215d71dcabbbc621467b5ca305632be55a597e0bc9b587bc775b755
C0748001_S_6102613952149_H,G5_89b0809916f123ea,何首烏·兩用·潔膚 香皂 規格未知,1,,soap_bar,,,1,,何首烏養髮潔膚手工皂 天然萃取洗護兩用香皂｜平行進口,multipass-v1-lexical,373e0ce20215d71dcabbbc621467b5ca305632be55a597e0bc9b587bc775b755
C0748001_S_6103392109070_H,G5_471b7a168a57992d,沐浴·潔膚·潤膚 香皂 規格未知,1,,soap_bar,,,1,,草本艾草香皂 溫和潤膚潔膚驅味沐浴肥皂 全家適用 【平行進口】,multipass-v1-lexical,373e0ce20215d71dcabbbc621467b5ca305632be55a597e0bc9b587bc775b755
C0748001_S_6103392277824_H,G5_02bd627803870bc0,茉莉精油·兩用·潔面 香皂 規格未知,1,,soap_bar,,,1,,茉莉精油潔面香皂 洗潤兩用溫和潔顏皂｜平行進口,multipass-v1-lexical,373e0ce20215d71dcabbbc621467b5ca305632be55a597e0bc9b587bc775b755
C0748001_S_6103942221418_H,G5_df1957e11b97c302,洗衣皂 200g,1,,laundry_soap,200g,,1,,大運河加香洗衣皂升級版 去污留香家用老式肥皂 200g 塊【平行進口】,multipass-v1-lexical,373e0ce20215d71dcabbbc621467b5ca305632be55a597e0bc9b587bc775b755
C0748001_S_6267464734147_H,G5_dbe706fbcc115cef,女士·抑菌·潔膚 洗衣皂 規格未知,1,,laundry_soap,,,1,,妙晨玫瑰精油內衣皂 親膚溫和抑菌內褲清洗皂 女士私處衣物去血漬污漬潔膚香皂【平行進口】,multipass-v1-lexical,373e0ce20215d71dcabbbc621467b5ca305632be55a597e0bc9b587bc775b755
C0748001_S_6267514542397_H,G5_598f5d2aaa7870dc,兩用·沐浴·洗臉 香皂 規格未知,1,,soap_bar,,,1,,天然羊脂手工皂 溫和潤膚羊奶香皂 洗臉沐浴兩用控油嫩膚肥皂 【平行進口】,multipass-v1-lexical,373e0ce20215d71dcabbbc621467b5ca305632be55a597e0bc9b587bc775b755
C0748001_S_6267820199562_H,G5_3374cd98e5bdb118,山茶花 洗衣皂 202g,1,,laundry_soap,202g,,1,,校服淨山茶花洗衣皂 202g 去漬除頑固污跡學生校服專用肥皂【平行進口】,multipass-v1-lexical,373e0ce20215d71dcabbbc621467b5ca305632be55a597e0bc9b587bc775b755
C0748001_S_6267845435401_H,G5_889842e25afc577e,茉莉花·全身·兩用 香皂 規格未知,1,,soap_bar,,,1,,YSY 茉莉花潤膚香氛香皂 全身沐浴洗臉兩用留香潤膚皂 【平行進口】,multipass-v1-lexical,373e0ce20215d71dcabbbc621467b5ca305632be55a597e0bc9b587bc775b755
C0806001_S_6126536333164_H,G5_9a900f1f05ad545c,AUSTRALIAN Botanical Soap 植物精油·沐浴·洗手 香皂 200g (澳洲),1,AUSTRALIAN Botanical Soap,soap_bar,200g,澳洲,8,,Botanical Soa 澳洲植物香皂 |4款 8個裝人氣香氣 純天然植物精油手工皂 洗手沐浴肥皂  | 無熒光劑 無磷【平行進口】,multipass-v1-lexical,373e0ce20215d71dcabbbc621467b5ca305632be55a597e0bc9b587bc775b755
D0013002_S_P00907622-1,G5_6083f6c402ce76e3,Mytheresa bar 香皂 規格未知,1,Mytheresa,soap_bar,,,1,,Loewe Home Scents Tomato Leaves bar soap,multipass-v1-lexical,373e0ce20215d71dcabbbc621467b5ca305632be55a597e0bc9b587bc775b755
D0029001_S_20415,G5_dfd494bfdc60e6fb,Abib 未分類 150ml,1,Abib,UNKNOWN,150ml,,1,,Abib - Acne Foam Cleanser Heartleaf Foam - 150ml,multipass-v1-lexical,373e0ce20215d71dcabbbc621467b5ca305632be55a597e0bc9b587bc775b755
H0128002_S_TB69680438,G5_d0551ee0fb206507,拾 款式·水果·泰國 香皂 100g (中國),1,拾,soap_bar,100g,中國,1,,泰國水果香皂 1件_款式隨機,multipass-v1-lexical,373e0ce20215d71dcabbbc621467b5ca305632be55a597e0bc9b587bc775b755
H0178001_S_LEO-SP-005,G5_5f16710ed2a4d639,小橄欖樹 櫻花 香皂 100g (法國),1,小橄欖樹,soap_bar,100g,法國,2,,【原裝行貨】櫻花 溫和香皂 - 2 x 100gm,multipass-v1-lexical,373e0ce20215d71dcabbbc621467b5ca305632be55a597e0bc9b587bc775b755
H0178001_S_LEO-SP-006A,G5_58e8a739ff4e8bcf,小橄欖樹 薰衣草 香皂 規格未知 (法國),1,小橄欖樹,soap_bar,,法國,1,,【原裝行貨】薰衣草溫和香皂 100gm,multipass-v1-lexical,373e0ce20215d71dcabbbc621467b5ca305632be55a597e0bc9b587bc775b755
H0178001_S_LEO-SP-012,G5_dfbb9a0da9e44411,小橄欖樹 甘油馬賽 香皂 100g (法國),1,小橄欖樹,soap_bar,100g,法國,3,,【原裝行貨】甘油馬賽皂 (3 x 100gm),multipass-v1-lexical,373e0ce20215d71dcabbbc621467b5ca305632be55a597e0bc9b587bc775b755
H0178001_S_LEO-SP-026,G5_a9b21e8a82f5cf5e,小橄欖樹 蘆薈 香皂 100g (法國),1,小橄欖樹,soap_bar,100g,法國,2,,【原裝行貨】蘆薈溫和香皂 - 2 x 100gm,multipass-v1-lexical,373e0ce20215d71dcabbbc621467b5ca305632be55a597e0bc9b587bc775b755
H0178001_S_LEO-SP-027A,G5_efb3e8dff8788425,小橄欖樹 蜂蜜 香皂 250g (法國),1,小橄欖樹,soap_bar,250g,法國,1,,【原裝行貨】蜂蜜香皂 250克,multipass-v1-lexical,373e0ce20215d71dcabbbc621467b5ca305632be55a597e0bc9b587bc775b755
H0178001_S_LEP-SP-030,G5_e1496762776b7b90,小橄欖樹 薰衣草 香皂 250g (法國),1,小橄欖樹,soap_bar,250g,法國,1,,薰衣草溫和香皂 250克,multipass-v1-lexical,373e0ce20215d71dcabbbc621467b5ca305632be55a597e0bc9b587bc775b755
H0178001_S_LP-008,G5_081fa7405482e95e,小橄欖樹 乳木果·草本 香皂 250g (法國),1,小橄欖樹,soap_bar,250g,法國,1,,【原裝行貨】草本極致滋潤超柔香皂 250g (乳木果),multipass-v1-lexical,373e0ce20215d71dcabbbc621467b5ca305632be55a597e0bc9b587bc775b755
H0229003_S_5TAD-3593290001514,G5_ef2b434b8bd5cc7c,tade PAYS DU LEVANT 月桂油·阿勒頗 香皂 100g (法國),1,tade PAYS DU LEVANT,soap_bar,100g,法國,1,,有機阿勒頗月桂油剃鬚皂,multipass-v1-lexical,373e0ce20215d71dcabbbc621467b5ca305632be55a597e0bc9b587bc775b755
H0229003_S_5TAD-3593290002658,G5_53402c67d956cd4b,tade PAYS DU LEVANT 香皂 150g (法國),1,tade PAYS DU LEVANT,soap_bar,150g,法國,1,,天然茶葉修護再生手工皂,multipass-v1-lexical,373e0ce20215d71dcabbbc621467b5ca305632be55a597e0bc9b587bc775b755
H0229003_S_5TAD-3593290002665,G5_8ce2f3daf3a7248e,tade PAYS DU LEVANT 摩洛哥·紅泥 香皂 150g (法國),1,tade PAYS DU LEVANT,soap_bar,150g,法國,1,,天然摩洛哥紅泥潔淨手工皂,multipass-v1-lexical,373e0ce20215d71dcabbbc621467b5ca305632be55a597e0bc9b587bc775b755
H0229003_S_5TAD-3593290019298,G5_919051623d45a7fa,tade PAYS DU LEVANT 摩洛哥堅果·月桂油 香皂 100g (法國),1,tade PAYS DU LEVANT,soap_bar,100g,法國,1,,有機摩洛哥堅果月桂油皂,multipass-v1-lexical,373e0ce20215d71dcabbbc621467b5ca305632be55a597e0bc9b587bc775b755
H0229003_S_5TAD-3593290022779,G5_e6e528c4e0b9c94b,tade PAYS DU LEVANT 玫瑰阿勒頗 香皂 100g (阿拉伯敘利亞共和國(敘利亞)),1,tade PAYS DU LEVANT,soap_bar,100g,阿拉伯敘利亞共和國(敘利亞),1,,天然玫瑰阿勒頗皂,multipass-v1-lexical,373e0ce20215d71dcabbbc621467b5ca305632be55a597e0bc9b587bc775b755
H0229003_S_5TAD-3593290022809,G5_b165581bf7d8fda7,tade PAYS DU LEVANT 阿勒頗·橙花 香皂 100g (阿拉伯敘利亞共和國(敘利亞)),1,tade PAYS DU LEVANT,soap_bar,100g,阿拉伯敘利亞共和國(敘利亞),1,,天然橙花阿勒頗皂,multipass-v1-lexical,373e0ce20215d71dcabbbc621467b5ca305632be55a597e0bc9b587bc775b755
H0229003_S_5TAD-3593290025473,G5_d7b5095f55037369,tade PAYS DU LEVANT 阿勒頗·茉莉 香皂 100g (阿拉伯敘利亞共和國(敘利亞)),1,tade PAYS DU LEVANT,soap_bar,100g,阿拉伯敘利亞共和國(敘利亞),1,,天然茉莉阿勒頗皂,multipass-v1-lexical,373e0ce20215d71dcabbbc621467b5ca305632be55a597e0bc9b587bc775b755
H0229003_S_5TAD-3593290026432,G5_0ec66f6f3f15e0b0,tade PAYS DU LEVANT 乳木果油阿勒頗·茉莉 香皂 200g (法國),1,tade PAYS DU LEVANT,soap_bar,200g,法國,1,,有機茉莉乳木果油阿勒頗皂,multipass-v1-lexical,373e0ce20215d71dcabbbc621467b5ca305632be55a597e0bc9b587bc775b755
H0229003_S_5TAD-3593290026463,G5_7fa36a507f11a226,tade PAYS DU LEVANT 乳木果油阿勒頗·玫瑰 香皂 200g (法國),1,tade PAYS DU LEVANT,soap_bar,200g,法國,1,,有機玫瑰乳木果油阿勒頗皂,multipass-v1-lexical,373e0ce20215d71dcabbbc621467b5ca305632be55a597e0bc9b587bc775b755
H0229003_S_5TAD-3593290026494,G5_1be6c22d438574b5,tade PAYS DU LEVANT 乳木果油阿勒頗·橙花 香皂 200g (法國),1,tade PAYS DU LEVANT,soap_bar,200g,法國,1,,有機橙花乳木果油阿勒頗皂,multipass-v1-lexical,373e0ce20215d71dcabbbc621467b5ca305632be55a597e0bc9b587bc775b755
H0229003_S_5TAD-3593290026524,G5_1368e5f3de5e1c33,tade PAYS DU LEVANT 乳木果油阿勒頗·摩洛哥堅果 香皂 200g (法國),1,tade PAYS DU LEVANT,soap_bar,200g,法國,1,,有機摩洛哥堅果/乳木果油阿勒頗皂,multipass-v1-lexical,373e0ce20215d71dcabbbc621467b5ca305632be55a597e0bc9b587bc775b755
H0229003_S_5TAD-3593290027736,G5_669aa4f7427e7b01,tade PAYS DU LEVANT aleppo 香皂 150g (法國),1,tade PAYS DU LEVANT,soap_bar,150g,法國,1,,Purifying Sulphur Aleppo Soap - 100% Natural,multipass-v1-lexical,373e0ce20215d71dcabbbc621467b5ca305632be55a597e0bc9b587bc775b755
H0229003_S_5TAD-3593290027859,G5_1230d95d0365e5ac,tade PAYS DU LEVANT 摩洛哥堅果·阿勒頗 香皂 100g (阿拉伯敘利亞共和國(敘利亞)),1,tade PAYS DU LEVANT,soap_bar,100g,阿拉伯敘利亞共和國(敘利亞),1,,摩洛哥堅果阿勒頗皂,multipass-v1-lexical,373e0ce20215d71dcabbbc621467b5ca305632be55a597e0bc9b587bc775b755
H0229003_S_5TAD-3593290027910,G5_7775bd728a893794,tade PAYS DU LEVANT 玫瑰阿勒頗·美容 香皂 150g (法國),1,tade PAYS DU LEVANT,soap_bar,150g,法國,1,,玫瑰阿勒頗美容皂,multipass-v1-lexical,373e0ce20215d71dcabbbc621467b5ca305632be55a597e0bc9b587bc775b755
H0229003_S_5TAD-3593290028030,G5_b4c507097594b668,tade PAYS DU LEVANT 摩洛哥堅果 未分類 250g (法國),1,tade PAYS DU LEVANT,UNKNOWN,250g,法國,1,,摩洛哥堅果去角質磨砂膏,multipass-v1-lexical,373e0ce20215d71dcabbbc621467b5ca305632be55a597e0bc9b587bc775b755
H0229003_S_5TAD-3593290032297,G5_7577c2f2af7aa165,tade PAYS DU LEVANT cosmos·nat·認證 香皂 100g (法國),1,tade PAYS DU LEVANT,soap_bar,100g,法國,1,,無花果馬賽皂 (COSMOS NAT認證）,multipass-v1-lexical,373e0ce20215d71dcabbbc621467b5ca305632be55a597e0bc9b587bc775b755
H0229003_S_5TAD-3593290032358,G5_7577c2f2af7aa165b1,tade PAYS DU LEVANT cosmos·nat·杏仁 香皂 100g (法國),1,tade PAYS DU LEVANT,soap_bar,100g,法國,1,,杏仁馬賽皂  (COSMOS NAT認證）,multipass-v1-lexical,373e0ce20215d71dcabbbc621467b5ca305632be55a597e0bc9b587bc775b755
H0229003_S_5TAD-3593290032389,G5_cf9280ec62bc2543,tade PAYS DU LEVANT cosmos·nat·草馬賽 香皂 100g (法國),1,tade PAYS DU LEVANT,soap_bar,100g,法國,1,,馬鞭草馬賽皂 (COSMOS NAT認證,multipass-v1-lexical,373e0ce20215d71dcabbbc621467b5ca305632be55a597e0bc9b587bc775b755
H0229003_S_5TAD-3593290032419,G5_4b1d0c7e7a09975c,tade PAYS DU LEVANT cosmos·nat·檸檬 香皂 100g (法國),1,tade PAYS DU LEVANT,soap_bar,100g,法國,1,,檸檬馬賽皂 (COSMOS NAT認證）,multipass-v1-lexical,373e0ce20215d71dcabbbc621467b5ca305632be55a597e0bc9b587bc775b755
H0229003_S_5TAD-3593290034840,G5_baa3a8594259ffac,tade PAYS DU LEVANT 月桂油阿勒頗·明礬 香皂 150g (法國),1,tade PAYS DU LEVANT,soap_bar,150g,法國,1,,明礬月桂油阿勒頗手工皂 (緩解體臭),multipass-v1-lexical,373e0ce20215d71dcabbbc621467b5ca305632be55a597e0bc9b587bc775b755
H0229003_S_5TAD-3593290034901,G5_931f9f03644af68d,tade PAYS DU LEVANT 蜂蜜·馬賽 香皂 100g (法國),1,tade PAYS DU LEVANT,soap_bar,100g,法國,1,,蜂蜜馬賽皂,multipass-v1-lexical,373e0ce20215d71dcabbbc621467b5ca305632be55a597e0bc9b587bc775b755
H0229003_S_5TAD-3593290034963,G5_0e056dd032fef8cd,tade PAYS DU LEVANT 草馬賽 香皂 100g (法國),1,tade PAYS DU LEVANT,soap_bar,100g,法國,1,,含羞草馬賽皂,multipass-v1-lexical,373e0ce20215d71dcabbbc621467b5ca305632be55a597e0bc9b587bc775b755
H0525002_S_SOORI-LS-4BX-1PK,G5_573c98fc16b0a6cf,Humble 檸檬草·鼠尾草 香皂 113g (美國),1,Humble,soap_bar,113g,美國,1,,檸檬草及鼠尾草手工香皂 113克 *純素* *零殘忍*,multipass-v1-lexical,373e0ce20215d71dcabbbc621467b5ca305632be55a597e0bc9b587bc775b755
H0583001_S_IT30201,G5_984ea0a41a76173d,IDEA TOSCANA 橄欖 香皂 100g (義大利),1,IDEA TOSCANA,soap_bar,100g,義大利,3,,意大利橄欖香皂禮盒 (100g x 3),multipass-v1-lexical,373e0ce20215d71dcabbbc621467b5ca305632be55a597e0bc9b587bc775b755
H0606003_S_V-SALT-SOAP,G5_5b07b00e99ec0777,2virgo 喜馬拉雅山岩鹽·rose·磨沙岩鹽 浴鹽/沐浴球 規格未知 (巴基斯坦),1,2virgo,bath_salt_bomb,,巴基斯坦,1,,熱賣 岩鹽 鹽粒 Rose SaltSoap玫瑰鹽皂粉晶 粉紅鹽浴皂 沐浴 泡腳 浸腳專用岩鹽 喜馬拉雅山岩鹽推薦 磨沙岩鹽 浸浴岩鹽 泡腳鹽 鹽粒推薦 淨化 舒緩 療癒 身心靈V-SALT-SOAP,multipass-v1-lexical,373e0ce20215d71dcabbbc621467b5ca305632be55a597e0bc9b587bc775b755
H0606003_S_V-SALT-STONE-001,G5_73c6332b598a8bef,2virgo stone·rose·平衡 浴鹽/沐浴球 100g (巴基斯坦),1,2virgo,bath_salt_bomb,100g,巴基斯坦,1,,鹽石 岩鹽 原粒鴨血鹽石 原石100g Rose Salt Stone 豐富礦物質 鴨血鹽粒 粉晶 沐浴 喜瑪拉亞山鹽石 電解質平衡 淨化 舒緩 療癒 身心靈 V-SALT-STONE-001,multipass-v1-lexical,373e0ce20215d71dcabbbc621467b5ca305632be55a597e0bc9b587bc775b755
H0606003_S_V-SALT-STONE-100X1,G5_31d67f65e6a654cd,2virgo 喜馬拉雅山岩鹽·stone·磨沙岩鹽 浴鹽/沐浴球 100g (巴基斯坦),1,2virgo,bath_salt_bomb,100g,巴基斯坦,1,,熱賣 岩鹽 一顆原鹽石 100g RoseSaltStone玫瑰鹽石 粉晶 沐浴 泡腳 浸浴 浸腳專用岩鹽 喜馬拉雅山岩鹽 磨沙岩鹽 淨化 舒緩 療癒 身心靈V-SALT-STONE-100X1,multipass-v1-lexical,373e0ce20215d71dcabbbc621467b5ca305632be55a597e0bc9b587bc775b755
H0610011_S_241-72-00203-1,G5_aca3dd98421d7d02,小米 泡沫·消毒 洗手液 規格未知 (中國),1,小米,hand_wash,,中國,3,6971098560575,泡沫抗菌洗手液 3支裝 (6971098560575) (NUN4046RT) 米家自動洗手機專用 Xiaomi 米家 小米 殺菌 消毒 洗手液,multipass-v1-lexical,373e0ce20215d71dcabbbc621467b5ca305632be55a597e0bc9b587bc775b755
H0610032_S_241-72-00203-1,G5_8cfd49a97a2c4d90,小米 泡沫 洗手液 規格未知 (中國),1,小米,hand_wash,,中國,3,,小衛質品泡沫抗菌洗手液 (3支裝),multipass-v1-lexical,373e0ce20215d71dcabbbc621467b5ca305632be55a597e0bc9b587bc775b755
H0717001_S_ONENAT0015,G5_c0bd6050995b8401,ONE WITH NATURE 活性炭·礦物 香皂 200g (約旦),1,ONE WITH NATURE,soap_bar,200g,約旦,1,,活性炭礦物香皂 (Activate Charcoal)*新舊包裝隨機發貨*,multipass-v1-lexical,373e0ce20215d71dcabbbc621467b5ca305632be55a597e0bc9b587bc775b755
H0888001_S_10020978,G5_68f8bf3d5138b6a5,便利妥 安全 未分類 5pc (中國),1,便利妥,UNKNOWN,5pc,中國,1,,安全急救箱 (附必備物品),multipass-v1-lexical,373e0ce20215d71dcabbbc621467b5ca305632be55a597e0bc9b587bc775b755
H0890002_S_HHP81247,G5_11a2e0b2b8686291,Lilydale 羊奶 香皂 120g (澳洲),1,Lilydale,soap_bar,120g,澳洲,1,,Babyme 3D羊奶皂120g(行貨  9820)EXP:12/2026,multipass-v1-lexical,373e0ce20215d71dcabbbc621467b5ca305632be55a597e0bc9b587bc775b755
H0908003_S_NE60190,G5_e4052d8569539195,NEUTRADERM 潔膚 香皂 200g (法國),1,NEUTRADERM,soap_bar,200g,法國,1,,海洋賦活滋潤溫和潔膚皂 200g,multipass-v1-lexical,373e0ce20215d71dcabbbc621467b5ca305632be55a597e0bc9b587bc775b755
H0918004_S_639136917434,G5_9882e1e73dbfe039,Naturally European 香皂 規格未知 (英國),1,Naturally European,soap_bar,,英國,1,,橡木苔岩蘭草香皂,multipass-v1-lexical,373e0ce20215d71dcabbbc621467b5ca305632be55a597e0bc9b587bc775b755
H0918004_S_639136917854,G5_10983662ffa4281f,Naturally European 青檸 香皂 規格未知 (英國),1,Naturally European,soap_bar,,英國,1,,青檸薑香香皂,multipass-v1-lexical,373e0ce20215d71dcabbbc621467b5ca305632be55a597e0bc9b587bc775b755
H0918004_S_639136917885,G5_c8aefec528586f0c,Naturally European 馬鞭草·清新 香皂 規格未知 (英國),1,Naturally European,soap_bar,,英國,1,,清新馬鞭草香皂,multipass-v1-lexical,373e0ce20215d71dcabbbc621467b5ca305632be55a597e0bc9b587bc775b755
H0918004_S_639136917908,G5_ed03b022d53983f4,Naturally European 小蒼蘭 香皂 規格未知 (英國),1,Naturally European,soap_bar,,英國,1,,梨香小蒼蘭香皂,multipass-v1-lexical,373e0ce20215d71dcabbbc621467b5ca305632be55a597e0bc9b587bc775b755
H0918004_S_639136920014,G5_571a1a122ec44340,Naturally European 雪松 香皂 規格未知 (英國),1,Naturally European,soap_bar,,英國,1,,深海雪松香皂,multipass-v1-lexical,373e0ce20215d71dcabbbc621467b5ca305632be55a597e0bc9b587bc775b755
H0958013_S_DRB-786055,G5_028a952756c37543,Dr. Bronner's 多用途·茶樹 香皂 140g (美國),1,Dr. Bronner's,soap_bar,140g,美國,1,,多用途有機茶樹皂 140g (原裝行貨),multipass-v1-lexical,373e0ce20215d71dcabbbc621467b5ca305632be55a597e0bc9b587bc775b755
H0958013_S_DRB-788059,G5_e81faab7d9f54538,Dr. Bronner's 多用途·玫瑰 香皂 140g (美國),1,Dr. Bronner's,soap_bar,140g,美國,1,,多用途有機玫瑰皂 140g (原裝行貨),multipass-v1-lexical,373e0ce20215d71dcabbbc621467b5ca305632be55a597e0bc9b587bc775b755
H5120001_S_CC-ADP_XL-10,G5_74459b1108057c5f,加護 成人紙尿褲·大碼 未分類 10pc (中國/台灣),1,加護,UNKNOWN,10pc,中國/台灣,1,,加護寶™成人紙尿褲(加大碼),multipass-v1-lexical,373e0ce20215d71dcabbbc621467b5ca305632be55a597e0bc9b587bc775b755
H5120001_S_CC-ELGM-100,G5_d84917ae45b00571,加護 latex·微粉 未分類 規格未知 (馬來西亞),1,加護,UNKNOWN,,馬來西亞,1,,Latex 醫用手套(微粉) 中碼,multipass-v1-lexical,373e0ce20215d71dcabbbc621467b5ca305632be55a597e0bc9b587bc775b755
H5120001_S_CC-ELGPFL-100,G5_83372482c065cf70,加護 latex·醫用手套·大碼 未分類 規格未知 (馬來西亞),1,加護,UNKNOWN,,馬來西亞,1,,Latex 醫用手套(無粉) 大碼,multipass-v1-lexical,373e0ce20215d71dcabbbc621467b5ca305632be55a597e0bc9b587bc775b755
H5120001_S_CC-ELGPFM-100,G5_2892512e02d452c0,加護 latex·無粉 未分類 規格未知 (馬來西亞),1,加護,UNKNOWN,,馬來西亞,1,,Latex 醫用手套(無粉) 中碼,multipass-v1-lexical,373e0ce20215d71dcabbbc621467b5ca305632be55a597e0bc9b587bc775b755
H5120001_S_CC-ELGPFS-100,G5_5f93241fcf9efb25,加護 latex·醫用手套·無粉 未分類 規格未知 (馬來西亞),1,加護,UNKNOWN,,馬來西亞,1,,Latex 醫用手套(無粉) 細碼,multipass-v1-lexical,373e0ce20215d71dcabbbc621467b5ca305632be55a597e0bc9b587bc775b755
H5120001_S_CC-FAB-99,G5_a4fa995670da1f91,加護 使用·安全 未分類 100pc,1,加護,UNKNOWN,100pc,,1,,安全藥箱(急救箱) (供50至100人使用),multipass-v1-lexical,373e0ce20215d71dcabbbc621467b5ca305632be55a597e0bc9b587bc775b755
H5120001_S_CC-PEGM-100,G5_5de6bbc1c8bda9da,加護 手套 未分類 規格未知 (中國),1,加護,UNKNOWN,,中國,1,,PE方便手套™,multipass-v1-lexical,373e0ce20215d71dcabbbc621467b5ca305632be55a597e0bc9b587bc775b755
H5120001_S_CC-WCK,G5_f15dcf6ae588f42c,加護 護理 未分類 10pc,1,加護,UNKNOWN,10pc,,1,,傷口護理包,multipass-v1-lexical,373e0ce20215d71dcabbbc621467b5ca305632be55a597e0bc9b587bc775b755
H5215003_S_FORET-04C,G5_b8eefa7deab2fdb2,Forêt de Flo 能量 香皂 100g (韓國),1,Forêt de Flo,soap_bar,100g,韓國,1,,香薰療癒 手工皂 - 潔淨能量 100g,multipass-v1-lexical,373e0ce20215d71dcabbbc621467b5ca305632be55a597e0bc9b587bc775b755
H5215003_S_FORET-05C,G5_61f3c334edd4d590,Forêt de Flo 鎮靜 香皂 100g (韓國),1,Forêt de Flo,soap_bar,100g,韓國,1,,香薰療癒 手工皂 - 鎮靜 100g,multipass-v1-lexical,373e0ce20215d71dcabbbc621467b5ca305632be55a597e0bc9b587bc775b755
H5215003_S_SOAPMUM-15,G5_ca5f8d62afa50141,平凡媽媽 艾草·香茅 香皂 99.22g (香港),1,平凡媽媽,soap_bar,99.22g,香港,1,,香茅艾草乳皂 3.5oz (100g ±8g),multipass-v1-lexical,373e0ce20215d71dcabbbc621467b5ca305632be55a597e0bc9b587bc775b755
H5215003_S_SOAPMUM-16,G5_f0b56e0b682ae832,平凡媽媽 蜂蜜 香皂 99.22g (香港),1,平凡媽媽,soap_bar,99.22g,香港,1,,滋潤蜂蜜皂 3.5oz (100g ±8g),multipass-v1-lexical,373e0ce20215d71dcabbbc621467b5ca305632be55a597e0bc9b587bc775b755
H5273001_S_KH4945_01,G5_f8a6ae7952b25858,/kit·sch/ biotin·及護 洗髮皂 規格未知 (美國),1,/kit·sch/,shampoo_bar,,美國,1,,迷迭香Biotin強韌豐盈洗髮皂及護髮皂套裝（美國製造）,multipass-v1-lexical,373e0ce20215d71dcabbbc621467b5ca305632be55a597e0bc9b587bc775b755
H5273001_S_KH5472,G5_c9e31aecccad17a4,/kit·sch/ 美國 洗髮皂 91g (美國),1,/kit·sch/,shampoo_bar,91g,美國,1,,美國製造天然蓖麻油深層滋潤洗髮皂,multipass-v1-lexical,373e0ce20215d71dcabbbc621467b5ca305632be55a597e0bc9b587bc775b755
H5273001_S_KH64945,G5_92f0f7b4681e6b7d,/kit·sch/ biotin·強韌豐盈 洗髮皂 規格未知 (美國),1,/kit·sch/,shampoo_bar,,美國,1,,迷迭香Biotin強韌豐盈洗髮皂（美國製造）,multipass-v1-lexical,373e0ce20215d71dcabbbc621467b5ca305632be55a597e0bc9b587bc775b755
H5273001_S_KH64952,G5_1cb41d2937d77d8e,/kit·sch/ biotin·強韌豐盈·迷迭香 洗髮皂 77g (美國),1,/kit·sch/,shampoo_bar,77g,美國,1,,迷迭香Biotin強韌豐盈護髮皂（美國製造）,multipass-v1-lexical,373e0ce20215d71dcabbbc621467b5ca305632be55a597e0bc9b587bc775b755
H5273001_S_KH6745_01,G5_ab03b003a8985a02,/kit·sch/ 及護·頭髮 洗髮皂 91g (美國),1,/kit·sch/,shampoo_bar,91g,美國,1,,促進頭髮再生米水洗髮皂及護髮皂套裝（美國製造）,multipass-v1-lexical,373e0ce20215d71dcabbbc621467b5ca305632be55a597e0bc9b587bc775b755
H5273001_S_KH9605,G5_9283bca4a938ba91,/kit·sch/ 摩洛哥堅果油 洗髮皂 91g (美國),1,/kit·sch/,shampoo_bar,91g,美國,1,,摩洛哥堅果油深層修護洗髮皂（美國製造）,multipass-v1-lexical,373e0ce20215d71dcabbbc621467b5ca305632be55a597e0bc9b587bc775b755
H5273001_S_KH9838,G5_93f1fa43f54fe5ea,/kit·sch/ biotin·去黃校色 洗髮皂 規格未知 (美國),1,/kit·sch/,shampoo_bar,,美國,1,,美國製造Biotin去黃校色洗髮皂,multipass-v1-lexical,373e0ce20215d71dcabbbc621467b5ca305632be55a597e0bc9b587bc775b755
H5292003_S_199CC,G5_7f1dcd4907b5dc90,CLAUS PORTO 香皂 190g (葡萄牙),1,CLAUS PORTO,soap_bar,190g,葡萄牙,1,,SOAP ON A ROPE - CLASSIC SCENT 190g肥皂,multipass-v1-lexical,373e0ce20215d71dcabbbc621467b5ca305632be55a597e0bc9b587bc775b755
H5292003_S_SAV22NJ-8,G5_1cc8042e36162c68,NAJEL 純橄欖油 香皂 190g (阿拉伯敘利亞共和國(敘利亞)),1,NAJEL,soap_bar,190g,阿拉伯敘利亞共和國(敘利亞),1,,純橄欖油手工皂,multipass-v1-lexical,373e0ce20215d71dcabbbc621467b5ca305632be55a597e0bc9b587bc775b755
H5292003_S_SAV33NJ-5P,G5_aaf8c06f2c3d4e7f,NAJEL 含月桂橄欖油·琥珀沉香 香皂 150g (阿拉伯敘利亞共和國(敘利亞)),1,NAJEL,soap_bar,150g,阿拉伯敘利亞共和國(敘利亞),1,,琥珀沉香手工皂（含月桂橄欖油）,multipass-v1-lexical,373e0ce20215d71dcabbbc621467b5ca305632be55a597e0bc9b587bc775b755
H5292003_S_SAV57NJ5,G5_9fdc5ccef9c209a0,NAJEL 含月桂橄欖油·大馬士革玫瑰 香皂 100g (阿拉伯敘利亞共和國(敘利亞)),1,NAJEL,soap_bar,100g,阿拉伯敘利亞共和國(敘利亞),1,,有機大馬士革玫瑰花手工皂（含月桂橄欖油）,multipass-v1-lexical,373e0ce20215d71dcabbbc621467b5ca305632be55a597e0bc9b587bc775b755
H5621001_S_104886,G5_5efd5046491f6720,MOLTON BROWN 身體 香皂 250g,1,MOLTON BROWN,soap_bar,250g,,1,,黑胡椒身體磨砂皂 250g/8.8oz - [平行進口],multipass-v1-lexical,373e0ce20215d71dcabbbc621467b5ca305632be55a597e0bc9b587bc775b755
H5621001_S_186650,G5_b09c77e8421ef34a,Dior 沐浴露 200ml,1,Dior,body_wash,200ml,,1,,迪奧男士沐浴露 200ml/6.8oz - [平行進口],multipass-v1-lexical,373e0ce20215d71dcabbbc621467b5ca305632be55a597e0bc9b587bc775b755
H5621001_S_222869,G5_ec9104a83b984ac2,L'Occitane 乳木果油·馬鞭草 香皂 250g (法國),1,L'Occitane,soap_bar,250g,法國,1,,乳木果油超溫和肥皂 – 乳木果馬鞭草 250g/8.8oz - [平行進口],multipass-v1-lexical,373e0ce20215d71dcabbbc621467b5ca305632be55a597e0bc9b587bc775b755
H5621001_S_246028,G5_4bac6fbe552b1ca8,Mustela 滋養 香皂 100g,1,Mustela,soap_bar,100g,,1,,高效滋養皂 100g/3.52oz - [平行進口],multipass-v1-lexical,373e0ce20215d71dcabbbc621467b5ca305632be55a597e0bc9b587bc775b755
H5621001_S_247266,G5_cbf4c6a7289c7256,MALIN+GOETZ 沐浴露 473ml,1,MALIN+GOETZ,body_wash,473ml,,1,,Eucalyptus 桉樹洗手液+沐浴露 473ml/16oz - [平行進口],multipass-v1-lexical,373e0ce20215d71dcabbbc621467b5ca305632be55a597e0bc9b587bc775b755
H5621001_S_250523,G5_dd79f608148a0c7d,GLASSHOUSE 潔膚 香皂 180g,1,GLASSHOUSE,soap_bar,180g,,1,,潔膚皂 - Lost In Amalfi（海霧）  180g/6.3oz - [平行進口],multipass-v1-lexical,373e0ce20215d71dcabbbc621467b5ca305632be55a597e0bc9b587bc775b755
H5621001_S_263586,G5_7962a58b4009df87,LAGERFELD 未分類 100ml,1,LAGERFELD,UNKNOWN,100ml,,1,,Fleur De Murier 香水噴霧 100ml/3.3oz - [平行進口],multipass-v1-lexical,373e0ce20215d71dcabbbc621467b5ca305632be55a597e0bc9b587bc775b755
H5621001_S_347787,G5_7198c538ad8b0f9c,FLORIS 百合豪華 香皂 100g,1,FLORIS,soap_bar,100g,,1,,百合豪華香皂 100g - [平行進口],multipass-v1-lexical,373e0ce20215d71dcabbbc621467b5ca305632be55a597e0bc9b587bc775b755
H5621001_S_347788,G5_7cfc257d71a5151e,FLORIS 花語微風豪華 香皂 100g,1,FLORIS,soap_bar,100g,,1,,花語微風豪華香皂 100g - [平行進口],multipass-v1-lexical,373e0ce20215d71dcabbbc621467b5ca305632be55a597e0bc9b587bc775b755
H5621001_S_67818,G5_de507f8eee64aed4,sisley 鄉之水 香皂 100g,1,sisley,soap_bar,100g,,1,,鄉之水 香皂 100g/3.5oz - [平行進口],multipass-v1-lexical,373e0ce20215d71dcabbbc621467b5ca305632be55a597e0bc9b587bc775b755
H5621001_S_71465,G5_55f2e2b14031866b,Fresh 原創 香皂 250g,1,Fresh,soap_bar,250g,,1,,原創香皂 - Waterlily 250g/8.8oz - [平行進口],multipass-v1-lexical,373e0ce20215d71dcabbbc621467b5ca305632be55a597e0bc9b587bc775b755
H5621001_S_79678,G5_90059ff98dcb79ea,Fresh 果園 香皂 250g,1,Fresh,soap_bar,250g,,1,,果園香皂 250g/8.8oz - [平行進口],multipass-v1-lexical,373e0ce20215d71dcabbbc621467b5ca305632be55a597e0bc9b587bc775b755
H5621001_S_95967,G5_c269f7545f655a1d,sisley 夜之泉 香皂 100g,1,sisley,soap_bar,100g,,1,,夜之泉 香皂 100g/3.5oz - [平行進口],multipass-v1-lexical,373e0ce20215d71dcabbbc621467b5ca305632be55a597e0bc9b587bc775b755
H5755004_S_LN05028,G5_53c8db1e2808b1f3,獅王 水果·花香 香皂 70g (日本),1,獅王,soap_bar,70g,日本,1,,龍年開運香皂(水果花香 70g) (平行進口貨品),multipass-v1-lexical,373e0ce20215d71dcabbbc621467b5ca305632be55a597e0bc9b587bc775b755
H5836001_S_LeChatelard_SoapDonkeyMilk,G5_4fcba774586a037f,Le Chatelard 1802 精油·驢奶 香皂 規格未知 (法國),1,Le Chatelard 1802,soap_bar,,法國,1,,法國 Le Chatelard 1802 法國製天然植萃精油香梘皂 - 天然驢奶,multipass-v1-lexical,373e0ce20215d71dcabbbc621467b5ca305632be55a597e0bc9b587bc775b755
H5859001_S_ST4107,G5_f9c022b70250ff70,AESOP 天竺葵·身體 沐浴露 500ml (澳洲),1,AESOP,body_wash,500ml,澳洲,1,,天竺葵身體潔膚露 500ml,multipass-v1-lexical,373e0ce20215d71dcabbbc621467b5ca305632be55a597e0bc9b587bc775b755
H5922001_S_SM01,G5_0ff73f23c1fe4fec,Bio d'Azur 法國馬賽·橄欖油 香皂 300g (法國),1,Bio d'Azur,soap_bar,300g,法國,1,,法國馬賽皂-橄欖油 300g,multipass-v1-lexical,373e0ce20215d71dcabbbc621467b5ca305632be55a597e0bc9b587bc775b755
H5922001_S_SM10,G5_91edad936a00cbe6,Bio d'Azur 法國馬賽·薰衣草 香皂 300g (法國),1,Bio d'Azur,soap_bar,300g,法國,1,,法國馬賽皂-薰衣草 300g,multipass-v1-lexical,373e0ce20215d71dcabbbc621467b5ca305632be55a597e0bc9b587bc775b755
H5922001_S_SOC01,G5_2ff4b4f44fcc9434,Bio d'Azur 驢奶掛繩 香皂 175g (法國),1,Bio d'Azur,soap_bar,175g,法國,1,,法國有機驢奶掛繩皂 175g,multipass-v1-lexical,373e0ce20215d71dcabbbc621467b5ca305632be55a597e0bc9b587bc775b755
H5922001_S_SOC03,G5_8489a441b8afc0b9,Bio d'Azur 驢奶金銀花掛繩 香皂 175g (法國),1,Bio d'Azur,soap_bar,175g,法國,1,,法國有機驢奶金銀花掛繩皂 175g,multipass-v1-lexical,373e0ce20215d71dcabbbc621467b5ca305632be55a597e0bc9b587bc775b755
H5922001_S_SOC05,G5_53535e240dda1d69,Bio d'Azur 薰衣草·掛繩·驢奶 香皂 175g (法國),1,Bio d'Azur,soap_bar,175g,法國,1,,法國有機驢奶薰衣草掛繩皂 175g,multipass-v1-lexical,373e0ce20215d71dcabbbc621467b5ca305632be55a597e0bc9b587bc775b755
H5922001_S_SOC09,G5_042966e56f938fc2,Bio d'Azur 掛繩·玫瑰·驢奶 香皂 175g (法國),1,Bio d'Azur,soap_bar,175g,法國,1,,法國有機驢奶玫瑰掛繩皂 175g,multipass-v1-lexical,373e0ce20215d71dcabbbc621467b5ca305632be55a597e0bc9b587bc775b755
H5922001_S_SOL003,G5_d365ec2bff7a3252,Bio d'Azur 橄欖油乳木果·蘆薈 香皂 125g (法國),1,Bio d'Azur,soap_bar,125g,法國,1,,法國有機橄欖油乳木果皂125g - 蘆薈,multipass-v1-lexical,373e0ce20215d71dcabbbc621467b5ca305632be55a597e0bc9b587bc775b755
H5922001_S_SOL007,G5_d529780349da3543,Bio d'Azur 橄欖油乳木果·香茅 香皂 125g (法國),1,Bio d'Azur,soap_bar,125g,法國,1,,法國有機橄欖油乳木果皂125g - 香茅驅蚊,multipass-v1-lexical,373e0ce20215d71dcabbbc621467b5ca305632be55a597e0bc9b587bc775b755
H5922001_S_SOL031,G5_c30fe33f756ded97,Bio d'Azur 橄欖油乳木果·蓮花 香皂 125g (法國),1,Bio d'Azur,soap_bar,125g,法國,1,,法國有機橄欖油乳木果皂125g - 蓮花,multipass-v1-lexical,373e0ce20215d71dcabbbc621467b5ca305632be55a597e0bc9b587bc775b755
H5922001_S_SOL037,G5_3fa2363879ed64cc,Bio d'Azur 橄欖油乳木果·草本 香皂 125g (法國),1,Bio d'Azur,soap_bar,125g,法國,1,,法國有機橄欖油乳木果皂125g - 普羅旺斯有機草本,multipass-v1-lexical,373e0ce20215d71dcabbbc621467b5ca305632be55a597e0bc9b587bc775b755
H5922001_S_SOL038,G5_adf30011c5fc00ba,Bio d'Azur 摩洛哥堅果油·橄欖油乳木果 香皂 125g (法國),1,Bio d'Azur,soap_bar,125g,法國,1,,法國有機橄欖油乳木果皂125g - 摩洛哥堅果油,multipass-v1-lexical,373e0ce20215d71dcabbbc621467b5ca305632be55a597e0bc9b587bc775b755
H5922001_S_SOL047,G5_d419b2ca58782bcf,Bio d'Azur 媽媽 香皂 125g (法國),1,Bio d'Azur,soap_bar,125g,法國,1,,法國有機橄欖油乳木果皂125g - 我愛你，媽媽,multipass-v1-lexical,373e0ce20215d71dcabbbc621467b5ca305632be55a597e0bc9b587bc775b755
H5922001_S_SOL050,G5_b456bbbb4c047032,Bio d'Azur 爸爸 香皂 125g (法國),1,Bio d'Azur,soap_bar,125g,法國,1,,法國有機橄欖油乳木果皂125g - 我愛你，爸爸,multipass-v1-lexical,373e0ce20215d71dcabbbc621467b5ca305632be55a597e0bc9b587bc775b755
H5922001_S_SOL054,G5_366bc8618996ca15,Bio d'Azur 橄欖油乳木果·山羊奶 香皂 125g (法國),1,Bio d'Azur,soap_bar,125g,法國,1,,法國有機橄欖油乳木果皂125g - 山羊奶,multipass-v1-lexical,373e0ce20215d71dcabbbc621467b5ca305632be55a597e0bc9b587bc775b755
H5922001_S_SOL056,G5_414a58f461e8c9ae,Bio d'Azur 橄欖油乳木果·薰衣草 香皂 125g (法國),1,Bio d'Azur,soap_bar,125g,法國,1,,法國有機橄欖油乳木果皂125g - 薰衣草,multipass-v1-lexical,373e0ce20215d71dcabbbc621467b5ca305632be55a597e0bc9b587bc775b755
H5922001_S_SOL057,G5_9330126495045c17,Bio d'Azur 薰衣草花 香皂 125g (法國),1,Bio d'Azur,soap_bar,125g,法國,1,,法國有機橄欖油乳木果皂125g - 薰衣草花,multipass-v1-lexical,373e0ce20215d71dcabbbc621467b5ca305632be55a597e0bc9b587bc775b755
H5922001_S_SOL065,G5_504ee656c985b0a6,Bio d'Azur 橄欖油乳木果·蜂蜜 香皂 125g (法國),1,Bio d'Azur,soap_bar,125g,法國,1,,法國有機橄欖油乳木果皂125g - 蜂蜜,multipass-v1-lexical,373e0ce20215d71dcabbbc621467b5ca305632be55a597e0bc9b587bc775b755
H5922001_S_SOL066,G5_89b169854e3209d0,Bio d'Azur 橄欖油乳木果·金合歡 香皂 125g (法國),1,Bio d'Azur,soap_bar,125g,法國,1,,法國有機橄欖油乳木果皂125g - 小黃花(金合歡),multipass-v1-lexical,373e0ce20215d71dcabbbc621467b5ca305632be55a597e0bc9b587bc775b755
H5922001_S_SOL070,G5_e5566ee93827dea0,Bio d'Azur 鈴蘭 香皂 125g (法國),1,Bio d'Azur,soap_bar,125g,法國,1,,法國有機橄欖油乳木果皂125g - 鈴蘭,multipass-v1-lexical,373e0ce20215d71dcabbbc621467b5ca305632be55a597e0bc9b587bc775b755
H5922001_S_SOL072,G5_f367617653753242,Bio d'Azur 橄欖油乳木果·麝香 香皂 125g (法國),1,Bio d'Azur,soap_bar,125g,法國,1,,法國有機橄欖油乳木果皂125g - 麝香,multipass-v1-lexical,373e0ce20215d71dcabbbc621467b5ca305632be55a597e0bc9b587bc775b755
H5922001_S_SOL079,G5_d42aa0e6dccf7228,Bio d'Azur 橄欖油乳木果·椰子 香皂 125g (法國),1,Bio d'Azur,soap_bar,125g,法國,1,,法國有機橄欖油乳木果皂125g - 椰子,multipass-v1-lexical,373e0ce20215d71dcabbbc621467b5ca305632be55a597e0bc9b587bc775b755
H5922001_S_SOL093,G5_f896d97186e7070f,Bio d'Azur 橄欖油乳木果·玫瑰 香皂 125g (法國),1,Bio d'Azur,soap_bar,125g,法國,1,,法國有機橄欖油乳木果皂125g - 玫瑰花瓣,multipass-v1-lexical,373e0ce20215d71dcabbbc621467b5ca305632be55a597e0bc9b587bc775b755
H5922001_S_SOL106,G5_653d552f7ce3f8ef,Bio d'Azur 橄欖油乳木果·葡萄 香皂 125g (法國),1,Bio d'Azur,soap_bar,125g,法國,1,,法國有機橄欖油乳木果皂125g - 紅葡萄,multipass-v1-lexical,373e0ce20215d71dcabbbc621467b5ca305632be55a597e0bc9b587bc775b755
H5922001_S_SOL126,G5_5041009f0e38131a,Bio d'Azur 橄欖油乳木果·檸檬·羅勒 香皂 125g (法國),1,Bio d'Azur,soap_bar,125g,法國,1,,法國有機橄欖油乳木果皂125g - 檸檬羅勒,multipass-v1-lexical,373e0ce20215d71dcabbbc621467b5ca305632be55a597e0bc9b587bc775b755
H5922001_S_SOL132,G5_836ad8282c62f549,Bio d'Azur I LOVE YOU 香皂 125g (法國),1,Bio d'Azur,soap_bar,125g,法國,1,,法國有機橄欖油乳木果皂125g - I LOVE YOU,multipass-v1-lexical,373e0ce20215d71dcabbbc621467b5ca305632be55a597e0bc9b587bc775b755
H5977005_S_PRO01726,G5_cb03043cb3a84b59,Snow Fox 黑泥 未分類 規格未知 (澳洲),1,Snow Fox,UNKNOWN,,澳洲,1,,黑泥潔淨洗護磚,multipass-v1-lexical,373e0ce20215d71dcabbbc621467b5ca305632be55a597e0bc9b587bc775b755
H5977005_S_PRO01727,G5_c90a5f8b5cc42b1a,Snow Fox 雪花 未分類 規格未知 (澳洲),1,Snow Fox,UNKNOWN,,澳洲,1,,雪花保濕洗護磚,multipass-v1-lexical,373e0ce20215d71dcabbbc621467b5ca305632be55a597e0bc9b587bc775b755
H6011001_S_OLICAMEL,G5_ebe7bdeb1034dee5,OLIVOS 土耳其奇·駱駝奶 香皂 150g (土耳其),1,OLIVOS,soap_bar,150g,土耳其,1,,OLIVOS - 土耳其奇手工皂 (150克) – 駱駝奶,multipass-v1-lexical,373e0ce20215d71dcabbbc621467b5ca305632be55a597e0bc9b587bc775b755
H6011001_S_OLIMARE,G5_27eac0b03f90c866,OLIVOS 土耳其奇 香皂 150g (土耳其),1,OLIVOS,soap_bar,150g,土耳其,1,,OLIVOS - 土耳其奇手工皂 (150克) – 馬奶,multipass-v1-lexical,373e0ce20215d71dcabbbc621467b5ca305632be55a597e0bc9b587bc775b755
H6141001_S_A076-30,G5_06dccfd2cea79575,NAJEL 月桂油·橄欖油·阿勒頗 香皂 185g (阿拉伯敘利亞共和國(敘利亞)),1,NAJEL,soap_bar,185g,阿拉伯敘利亞共和國(敘利亞),1,,Najel 阿勒頗天然手工古皂 30%月桂油 70%橄欖油 185g (送起泡袋),multipass-v1-lexical,373e0ce20215d71dcabbbc621467b5ca305632be55a597e0bc9b587bc775b755
H6141001_S_A076-40,G5_17b87add5411bb3c59,NAJEL 法國 香皂 185g (阿拉伯敘利亞共和國(敘利亞)),1,NAJEL,soap_bar,185g,阿拉伯敘利亞共和國(敘利亞),1,,Najel 阿勒頗天然手工古皂 40%月桂油 60%橄欖油 185g (送起泡袋) 香港行貨 法國品牌,multipass-v1-lexical,373e0ce20215d71dcabbbc621467b5ca305632be55a597e0bc9b587bc775b755
H6141001_S_A403,G5_ac1abfeb3a84c672,NAJEL 茉莉精油·阿勒頗·法國 香皂 1000g (阿拉伯敘利亞共和國(敘利亞)),1,NAJEL,soap_bar,1000g,阿拉伯敘利亞共和國(敘利亞),1,3760061221727,茉莉精油 阿勒頗天然手工古皂 香港行貨 法國品牌 #1727,multipass-v1-lexical,373e0ce20215d71dcabbbc621467b5ca305632be55a597e0bc9b587bc775b755
H6167001_S_837524004258,G5_b03269f548a5a020,NESTI DANTE 柑橘 香皂 250g (義大利),1,NESTI DANTE,soap_bar,250g,義大利,1,,意大利手工香皂 #阿瑪菲柑橘香 250g (平行進口) &,multipass-v1-lexical,373e0ce20215d71dcabbbc621467b5ca305632be55a597e0bc9b587bc775b755
H6173001_S_KAPPUS-DOCTOR-SENSITIV,G5_e798161fdb36e156,KAPPUS 抑菌·敏感 香皂 100g (德國),1,KAPPUS,soap_bar,100g,德國,1,,敏感抑菌德國肥皂 100g  (平行進口) 305265,multipass-v1-lexical,373e0ce20215d71dcabbbc621467b5ca305632be55a597e0bc9b587bc775b755
H6173001_S_KIKUBOSHI-BODY-SOAP,G5_36a8a2273d336126,菊星 日本製 香皂 30g (日本),1,菊星,soap_bar,30g,日本,1,,【買一送一】日本製 淨膚皂 除蟎小黑皂 30g,multipass-v1-lexical,373e0ce20215d71dcabbbc621467b5ca305632be55a597e0bc9b587bc775b755
H6173001_S_NAJEL-HONEY,G5_7260245b302f268f,NAJEL 阿勒頗·法國·蜜糖 香皂 100g (阿拉伯敘利亞共和國(敘利亞)),1,NAJEL,soap_bar,100g,阿拉伯敘利亞共和國(敘利亞),1,,蜜糖 阿勒頗天然手工皂  法國品牌 香港行貨 包裝隨機發貨,multipass-v1-lexical,373e0ce20215d71dcabbbc621467b5ca305632be55a597e0bc9b587bc775b755
H6173001_S_NAJEL-INCENSE-SOAP-,G5_dbc3c00dc2552979,NAJEL 月桂油·法國·隨機 香皂 20g (阿拉伯敘利亞共和國(敘利亞)),1,NAJEL,soap_bar,20g,阿拉伯敘利亞共和國(敘利亞),1,,檀香小皂 (含12%月桂油) 隨機形狀1件 20g 法國品牌 香港行貨 包裝隨機發貨,multipass-v1-lexical,373e0ce20215d71dcabbbc621467b5ca305632be55a597e0bc9b587bc775b755
H6173001_S_VW8507,G5_bbba29d7adb70dca,薑心比心 薰衣草 香皂 120g (台灣),1,薑心比心,soap_bar,120g,台灣,1,,薰衣草薑芬皂(120g),multipass-v1-lexical,373e0ce20215d71dcabbbc621467b5ca305632be55a597e0bc9b587bc775b755
H6185001_S_FLOW2028,G5_dfe95ee3958f408d,FLOW COSMETICS 金盞花·冷壓·洗頭 洗髮皂 120g (芬蘭),1,FLOW COSMETICS,shampoo_bar,120g,芬蘭,1,,有機金盞花蜂蜜滋潤修護洗髮皂 (全新配方及新包裝) (針對乾性、自然捲及受損髮質 | 深層保濕 | 提升柔順感| 芬蘭手工製冷壓皂| 洗頭梘),multipass-v1-lexical,373e0ce20215d71dcabbbc621467b5ca305632be55a597e0bc9b587bc775b755
H6214001_S_Soap_YL_Jasmine_3pc_set,G5_f92d7a184bc9ca58,Yardley London 茉莉花·沐浴 香皂 100g (英國),1,Yardley London,soap_bar,100g,英國,1,,茉莉花番梘 (原盒裝) 100克 - 3個/盒 #沐浴用品,multipass-v1-lexical,373e0ce20215d71dcabbbc621467b5ca305632be55a597e0bc9b587bc775b755
H6280001_S_N235JSBS56045,G5_e8ebabb09bc5ad17,Johnson's 嬰兒 香皂 75g (馬來西亞),1,Johnson's,soap_bar,75g,馬來西亞,1,,嬰兒香皂 75g [平行進口],multipass-v1-lexical,373e0ce20215d71dcabbbc621467b5ca305632be55a597e0bc9b587bc775b755
H6280001_S_N235JSBS56152,G5_ffb1098e77542d9a,Johnson's 嬰兒·花香 香皂 75g (馬來西亞),1,Johnson's,soap_bar,75g,馬來西亞,1,,花香嬰兒香皂 75g [平行進口],multipass-v1-lexical,373e0ce20215d71dcabbbc621467b5ca305632be55a597e0bc9b587bc775b755
H6280001_S_N235JSBS56232,G5_c6c83a346ab42fc7,Johnson's 嬰兒·牛奶 香皂 75g (馬來西亞),1,Johnson's,soap_bar,75g,馬來西亞,1,,牛奶嬰兒香皂 75g [平行進口],multipass-v1-lexical,373e0ce20215d71dcabbbc621467b5ca305632be55a597e0bc9b587bc775b755
H6280001_S_N235LUBS52756X6,G5_eeebe03b71c7eaa8,LUX 杏仁油柔嫩·有效期至·法國玫瑰 香皂 80g (印尼),1,LUX,soap_bar,80g,印尼,1,,法國玫瑰&杏仁油柔嫩香皂 80g (6件)[平行進口] (ref : 02244)(有效期至2027年7月14日),multipass-v1-lexical,373e0ce20215d71dcabbbc621467b5ca305632be55a597e0bc9b587bc775b755
H6280001_S_N235LUBS52767X6,G5_3e9aac65b202ac4e,LUX 杏仁油柔嫩·有效期至·茉莉花香 香皂 80g (印尼),1,LUX,soap_bar,80g,印尼,1,,茉莉花香&杏仁油柔嫩香皂 80g (6件) [平行進口] (ref : 02245)(有效期至2027年7月12日),multipass-v1-lexical,373e0ce20215d71dcabbbc621467b5ca305632be55a597e0bc9b587bc775b755
H6280001_S_N235LUBS52769X6,G5_ac39635219afc90a,LUX 異國情調精油柔嫩·有效期至 香皂 80g (印尼),1,LUX,soap_bar,80g,印尼,1,,異國情調精油柔嫩香皂 80g (6件) [平行進口](有效期至2027年6月),multipass-v1-lexical,373e0ce20215d71dcabbbc621467b5ca305632be55a597e0bc9b587bc775b755
H6280001_S_N235LUBS52770X6,G5_28eb30604fdd063a,LUX 有效期至·花香麝香·薄荷柔嫩 香皂 80g (印尼),1,LUX,soap_bar,80g,印尼,1,,花香麝香&薄荷柔嫩香皂 80g (6件) [平行進口] (有效期至2027年3月) (ref : 02237),multipass-v1-lexical,373e0ce20215d71dcabbbc621467b5ca305632be55a597e0bc9b587bc775b755
H6280001_S_N235LUBS52771X6,G5_ef61794e4df44209,LUX 有效期至·ref·山茶 香皂 80g (印尼),1,LUX,soap_bar,80g,印尼,1,,日本山茶&柑橘油香皂 80g (6件)(ref : 02238) [平行進口](有效期至2027年7月13日),multipass-v1-lexical,373e0ce20215d71dcabbbc621467b5ca305632be55a597e0bc9b587bc775b755
H6300002_S_BWCOW-25A,G5_c08f49870c710720,牛乳石鹼 件裝·花香 香皂 90g (日本),1,牛乳石鹼,soap_bar,90g,日本,3,4901525010917,牛乳滋潤香皂(薔薇花香) 90g x 3件裝  4901525010917,multipass-v1-lexical,373e0ce20215d71dcabbbc621467b5ca305632be55a597e0bc9b587bc775b755
H6300002_S_BWNJL-10,G5_22b3f913f436ce89,NAJEL 死海泥·阿勒頗·製作 香皂 100g (阿拉伯敘利亞共和國(敘利亞)),1,NAJEL,soap_bar,100g,阿拉伯敘利亞共和國(敘利亞),1,,"死海泥 阿勒頗手工皂【減輕痘印疤痕】100g (+/- 10%,手工製作) 香港行貨 60061223820",multipass-v1-lexical,373e0ce20215d71dcabbbc621467b5ca305632be55a597e0bc9b587bc775b755
H6300002_S_BWNJL-4,G5_14eb2ba1a2e0cace,NAJEL 月桂油·阿勒頗·暗瘡 香皂 170g (阿拉伯敘利亞共和國(敘利亞)),1,NAJEL,soap_bar,170g,阿拉伯敘利亞共和國(敘利亞),1,3760061221215,"30%月桂油 阿勒頗手工古皂【油性、暗瘡肌膚適用】170g (+/- 10%,手工製作) 香港行貨 3760061221215",multipass-v1-lexical,373e0ce20215d71dcabbbc621467b5ca305632be55a597e0bc9b587bc775b755
H6300002_S_BWNJL-5A,G5_c365f4519150f78c,NAJEL 月桂油·阿勒頗·救星 香皂 185g (阿拉伯敘利亞共和國(敘利亞)),1,NAJEL,soap_bar,185g,阿拉伯敘利亞共和國(敘利亞),1,3760061222236,"40%月桂油 阿勒頗手工古皂【濕疹救星】185g (+/- 10%,手工製作) 香港行貨 3760061222236",multipass-v1-lexical,373e0ce20215d71dcabbbc621467b5ca305632be55a597e0bc9b587bc775b755
H6300002_S_BWNJL-6,G5_08d196c4f589ff39,NAJEL 琥珀沉香·阿勒頗 香皂 150g (阿拉伯敘利亞共和國(敘利亞)),1,NAJEL,soap_bar,150g,阿拉伯敘利亞共和國(敘利亞),1,3760061222816,"琥珀沉香 阿勒頗手工皂【東方木調香味】150g (+/- 10%, handmade) 3760061222816",multipass-v1-lexical,373e0ce20215d71dcabbbc621467b5ca305632be55a597e0bc9b587bc775b755
H6300002_S_BWNJL-7,G5_d5c80d9fc9580d1a,NAJEL 大馬士革玫瑰·阿勒頗·製作 香皂 100g (阿拉伯敘利亞共和國(敘利亞)),1,NAJEL,soap_bar,100g,阿拉伯敘利亞共和國(敘利亞),1,3760061220058,"有機大馬士革玫瑰 阿勒頗手工古皂＿美白淡斑】100g (+/- 10%,手工製作) 香港行貨 3760061220058",multipass-v1-lexical,373e0ce20215d71dcabbbc621467b5ca305632be55a597e0bc9b587bc775b755
H6328002_S_JB044,G5_fdaafad802cc1a3f,MIYOSHI 無添加·嬰兒·沐浴 香皂 250ml (日本),1,MIYOSHI,soap_bar,250ml,日本,1,4537130100714,日本Miyoshi 無添加嬰兒沐浴泡沫 250ml ｜4537130100714 原裝日本,multipass-v1-lexical,373e0ce20215d71dcabbbc621467b5ca305632be55a597e0bc9b587bc775b755
H6399001_S_7121145,G5_0d5dd0c81fe5a0f3,Manna 椰子油 香皂 90g (菲律賓),1,Manna,soap_bar,90g,菲律賓,1,,椰子油肥皂 [天然親膚],multipass-v1-lexical,373e0ce20215d71dcabbbc621467b5ca305632be55a597e0bc9b587bc775b755
H6401001_S_25568C2,G5_13873ffd544441d5,加信氏 香皂 110g,1,加信氏,soap_bar,110g,,4,,加信氏 香皂 (110gX4) (平行進口),multipass-v1-lexical,373e0ce20215d71dcabbbc621467b5ca305632be55a597e0bc9b587bc775b755
H6401001_S_luxsoap,G5_be5f6de02c6df1ff,LUX 力士·款式 香皂 規格未知 (印尼/印度),1,LUX,soap_bar,,印尼/印度,6,,"力士 香皂 x 6件 (顏色, 款式隨機發貨) [平行進口]",multipass-v1-lexical,373e0ce20215d71dcabbbc621467b5ca305632be55a597e0bc9b587bc775b755
H6488002_S_4897018170186,G5_b30b69188050e118,Edenworld 山茶花 香皂 規格未知 (香港),1,Edenworld,soap_bar,,香港,1,4897018170186,山茶花手工皂[D29],multipass-v1-lexical,373e0ce20215d71dcabbbc621467b5ca305632be55a597e0bc9b587bc775b755
H6488002_S_4897018170230,G5_1f428377973c9658,Edenworld 洗髮皂 90g (香港),1,Edenworld,shampoo_bar,90g,香港,1,4897018170230,茶麩洗髮皂 90g-110g[D29],multipass-v1-lexical,373e0ce20215d71dcabbbc621467b5ca305632be55a597e0bc9b587bc775b755
H6522001_S_3704_New,G5_0658421bc479f11e,Douce Nature 阿勒頗古·月桂油 香皂 200g (阿拉伯敘利亞共和國(敘利亞)),1,Douce Nature,soap_bar,200g,阿拉伯敘利亞共和國(敘利亞),1,,阿勒頗古皂(12%月桂油) (200克),multipass-v1-lexical,373e0ce20215d71dcabbbc621467b5ca305632be55a597e0bc9b587bc775b755
H6522001_S_6920_NEW,G5_9761cca02abbbfe0,Douce Nature 死海泥·阿勒頗 香皂 100g (阿拉伯敘利亞共和國(敘利亞)),1,Douce Nature,soap_bar,100g,阿拉伯敘利亞共和國(敘利亞),1,,阿勒頗死海泥古皂(100克),multipass-v1-lexical,373e0ce20215d71dcabbbc621467b5ca305632be55a597e0bc9b587bc775b755
H6522001_S_7973_New,G5_0f0668d85f74f7d8,Douce Nature 橄欖油馬賽 香皂 100g (法國),1,Douce Nature,soap_bar,100g,法國,1,,法國橄欖油馬賽皂(100克),multipass-v1-lexical,373e0ce20215d71dcabbbc621467b5ca305632be55a597e0bc9b587bc775b755
H6522001_S_7977_New,G5_bc84f0ce46fa5707,Douce Nature 馬鞭草·草味·馬賽 香皂 100g (法國),1,Douce Nature,soap_bar,100g,法國,1,,法國有機馬賽皂(馬鞭草味) (100克),multipass-v1-lexical,373e0ce20215d71dcabbbc621467b5ca305632be55a597e0bc9b587bc775b755
H6522001_S_DN_7975,G5_cca6c9c6e9c9bcb2,Douce Nature 薰衣草·草味·馬賽 香皂 100g (法國),1,Douce Nature,soap_bar,100g,法國,1,,法國有機馬賽皂(薰衣草味)(100克),multipass-v1-lexical,373e0ce20215d71dcabbbc621467b5ca305632be55a597e0bc9b587bc775b755
H6522001_S_SAVBAD150_New,G5_38a479bda1ca7f49,emma noel 杏仁油 香皂 150g (法國),1,emma noel,soap_bar,150g,法國,3,,有機甜杏仁油香皂3件套裝 (150克 x 3),multipass-v1-lexical,373e0ce20215d71dcabbbc621467b5ca305632be55a597e0bc9b587bc775b755
H6522001_S_SAVBKAR150_2nd,G5_06ee6942fd7b1d1b,emma noel 乳木果 香皂 150g (法國),1,emma noel,soap_bar,150g,法國,3,,有機乳木果香皂3件套裝 (150克 x 3),multipass-v1-lexical,373e0ce20215d71dcabbbc621467b5ca305632be55a597e0bc9b587bc775b755
H6522001_S_SAVBOL150_New,G5_31c0abceec075a29,emma noel 橄欖油·油及·礦泥 香皂 150g (法國),1,emma noel,soap_bar,150g,法國,3,,有機橄欖油及綠礦泥香皂3件套裝 (150克 x 3),multipass-v1-lexical,373e0ce20215d71dcabbbc621467b5ca305632be55a597e0bc9b587bc775b755
H6592001_S_8938508416011-Cinnamon,G5_022969c9de99a814,Green Garden 日期·最佳·肉桂 香皂 100g (越南),1,Green Garden,soap_bar,100g,越南,1,,肉桂味手工皂 (此日期前最佳 : 2026年12月1日),multipass-v1-lexical,373e0ce20215d71dcabbbc621467b5ca305632be55a597e0bc9b587bc775b755
H6592001_S_8938508416011-Honey,G5_70b0fef53769d13e,Green Garden 蜜糖味·日期·最佳 香皂 100g (越南),1,Green Garden,soap_bar,100g,越南,1,,蜜糖味手工皂 (此日期前最佳 : 2027年8月4日),multipass-v1-lexical,373e0ce20215d71dcabbbc621467b5ca305632be55a597e0bc9b587bc775b755
H6592001_S_8938508416011-Peppermint,G5_4b5c68a7120f8aa8,Green Garden 薄荷味·日期·最佳 香皂 100g (越南),1,Green Garden,soap_bar,100g,越南,1,,[限量優惠]薄荷味手工皂  (此日期前最佳 : 2027年8月16日),multipass-v1-lexical,373e0ce20215d71dcabbbc621467b5ca305632be55a597e0bc9b587bc775b755
H6592001_S_8938508416011-Rice,G5_bdf313a92bbdeb8f,Green Garden 日期·最佳 香皂 100g (越南),1,Green Garden,soap_bar,100g,越南,1,,純米手工皂 (此日期前最佳 : 2027年8月16日),multipass-v1-lexical,373e0ce20215d71dcabbbc621467b5ca305632be55a597e0bc9b587bc775b755
H6592001_S_8938508416011-Rose,G5_9c6f8f8ea875f686,Green Garden 玫瑰味·日期·最佳 香皂 100g (越南),1,Green Garden,soap_bar,100g,越南,1,,玫瑰味手工皂  (此日期前最佳 : 2027年8月16日),multipass-v1-lexical,373e0ce20215d71dcabbbc621467b5ca305632be55a597e0bc9b587bc775b755
H6592001_S_8938508416790,G5_0db4f732d4692d48,Green Garden 薰衣草·日期·最佳 香皂 規格未知 (越南),1,Green Garden,soap_bar,,越南,1,8938508416790,薰衣草味手工皂 (此日期前最佳 : 2027年8月4日),multipass-v1-lexical,373e0ce20215d71dcabbbc621467b5ca305632be55a597e0bc9b587bc775b755
H6607001_S_Saifan_Soap_WhiteMusk_150,G5_cabd7af486dc332e,SAIFAN 橄欖油·麝香 香皂 150g (黎巴嫩),1,SAIFAN,soap_bar,150g,黎巴嫩,1,,白麝香橄欖油肥皂 150克,multipass-v1-lexical,373e0ce20215d71dcabbbc621467b5ca305632be55a597e0bc9b587bc775b755
H6687001_S_988846248,G5_51b6de2fa8f2558f,Alviana 摩洛哥堅果油·潔膚 香皂 100g (法國),1,Alviana,soap_bar,100g,法國,1,,純素摩洛哥堅果油潔膚皂 - 100g﹙平行進口﹚,multipass-v1-lexical,373e0ce20215d71dcabbbc621467b5ca305632be55a597e0bc9b587bc775b755
H6706001_S_cs168539,G5_9fe9a0edc8c5e7de,PELICAN 去黑色素·臀部 香皂 80g (日本),1,PELICAN,soap_bar,80g,日本,1,,臀部去黑色素去角質香皂80g（平行進口）,multipass-v1-lexical,373e0ce20215d71dcabbbc621467b5ca305632be55a597e0bc9b587bc775b755
H6706001_S_cs169530,G5_877650073598538d,多芬 柔嫩潔膚 香皂 90g (柬埔寨/泰國/香港),1,多芬,soap_bar,90g,柬埔寨/泰國/香港,1,,多芬柔嫩潔膚香皂90g（平行進口）,multipass-v1-lexical,373e0ce20215d71dcabbbc621467b5ca305632be55a597e0bc9b587bc775b755
H6706001_S_cs169531,G5_141181bb1fcdd2d5,梨牌 清涼·甘油·薄荷 香皂 125g,1,梨牌,soap_bar,125g,,1,,梨牌 - 清涼薄荷甘油香皂125g 藍色（平行進口）,multipass-v1-lexical,373e0ce20215d71dcabbbc621467b5ca305632be55a597e0bc9b587bc775b755
H6706001_S_cs169865,G5_bccf75b7a81c155f,LUX 英文中文新旧·杏仁油柔嫩·法國玫瑰 香皂 70g (印尼),1,LUX,soap_bar,70g,印尼,4,,LUX 法國玫瑰&杏仁油柔嫩香皂 70g*4件（粉色）(平行進口)（英文中文新旧包装随机发）,multipass-v1-lexical,373e0ce20215d71dcabbbc621467b5ca305632be55a597e0bc9b587bc775b755
H6706001_S_cs169962,G5_6b197c5281004cbb,KAO 花王 優雅花香·藍色 香皂 130g (馬來西亞),1,KAO 花王,soap_bar,130g,馬來西亞,3,,花王香皂 優雅花香 （藍色）130g x 3件）,multipass-v1-lexical,373e0ce20215d71dcabbbc621467b5ca305632be55a597e0bc9b587bc775b755
H6706001_S_cs169963,G5_c9e3f90442618e95,蜂花 綠色·茉莉 香皂 125g (中國),1,蜂花,soap_bar,125g,中國,4,,蜂花茉莉香皂 （綠色）(125克 x 4件),multipass-v1-lexical,373e0ce20215d71dcabbbc621467b5ca305632be55a597e0bc9b587bc775b755
H6706001_S_cs169964,G5_b96f14f29c7c6588,蜂花 玫瑰·粉色 香皂 125g (中國),1,蜂花,soap_bar,125g,中國,4,,蜂花玫瑰香皂 （粉色）(125克 x 4件),multipass-v1-lexical,373e0ce20215d71dcabbbc621467b5ca305632be55a597e0bc9b587bc775b755
H6706001_S_cs169965,G5_0377c10458514afb,蜂花 黃色 香皂 125g (中國),1,蜂花,soap_bar,125g,中國,4,,蜂花檀香皂 （黃色）(125克 x 4件),multipass-v1-lexical,373e0ce20215d71dcabbbc621467b5ca305632be55a597e0bc9b587bc775b755
H6706001_S_cs169985,G5_61f7456281374e96,焦油·英國 香皂 規格未知,1,,soap_bar,,,1,,英國百菌敵精製鬆焦油皂 Dermacura,multipass-v1-lexical,373e0ce20215d71dcabbbc621467b5ca305632be55a597e0bc9b587bc775b755
H6729001_S_D0457,G5_80128969c6aee0de,滴露 清涼 香皂 100g (印尼),1,滴露,soap_bar,100g,印尼,4,,抗菌香皂-清涼 (100克*4/套) 1套,multipass-v1-lexical,373e0ce20215d71dcabbbc621467b5ca305632be55a597e0bc9b587bc775b755
H6729001_S_D0460A,G5_e3ae1a09944ff5f3,滴露 清爽 香皂 100g (印尼),1,滴露,soap_bar,100g,印尼,4,,滴露抗菌香皂-清爽 (100克*4/套) 1套,multipass-v1-lexical,373e0ce20215d71dcabbbc621467b5ca305632be55a597e0bc9b587bc775b755
H6729001_S_D0462,G5_826ece864147c113,滴露 原味 香皂 100g (印尼),1,滴露,soap_bar,100g,印尼,4,,抗菌香皂-原味 (100克*4/套) 1套,multipass-v1-lexical,373e0ce20215d71dcabbbc621467b5ca305632be55a597e0bc9b587bc775b755
H6729001_S_D0463,G5_5f1140dbce1394ce,滴露 香皂 100g (印尼),1,滴露,soap_bar,100g,印尼,4,,滴露抗菌香皂-能量 (100克*4/套) 1套,multipass-v1-lexical,373e0ce20215d71dcabbbc621467b5ca305632be55a597e0bc9b587bc775b755
H6729001_S_D0522,G5_43cb114aecca0aab,多芬 香皂 90g (德國),1,多芬,soap_bar,90g,德國,1,,多芬溫和去角質香皂 90克 1件,multipass-v1-lexical,373e0ce20215d71dcabbbc621467b5ca305632be55a597e0bc9b587bc775b755
H6729001_S_L0311,G5_1cd812e33972cce4,LUX 亮澤 香皂 80g (印尼),1,LUX,soap_bar,80g,印尼,3,,力士香皂亮澤 (80g x 3件)  1套,multipass-v1-lexical,373e0ce20215d71dcabbbc621467b5ca305632be55a597e0bc9b587bc775b755
H6729001_S_L0312,G5_5a58cfd40ee7effc,LUX 柔軟 香皂 80g (印尼),1,LUX,soap_bar,80g,印尼,3,,力士香皂柔軟 (80g x 3件)  1套,multipass-v1-lexical,373e0ce20215d71dcabbbc621467b5ca305632be55a597e0bc9b587bc775b755
H6729001_S_L0313,G5_fb1b420ff25fe489,LUX 絲絨 香皂 80g (印尼),1,LUX,soap_bar,80g,印尼,3,,力士香皂絲絨 (80g x 3件) 1套,multipass-v1-lexical,373e0ce20215d71dcabbbc621467b5ca305632be55a597e0bc9b587bc775b755
H6729001_S_L0324,G5_b9997888cee76de3,LUX 水漾閃耀 香皂 80g (印尼),1,LUX,soap_bar,80g,印尼,3,,力士香皂水漾閃耀 (80克*3) 1件,multipass-v1-lexical,373e0ce20215d71dcabbbc621467b5ca305632be55a597e0bc9b587bc775b755
H6729001_S_L0325,G5_e5e51aed06b8ffca,LUX 魅惑幽香 香皂 80g (印尼),1,LUX,soap_bar,80g,印尼,3,,力士香皂魅惑幽香  (80克*3) 1件,multipass-v1-lexical,373e0ce20215d71dcabbbc621467b5ca305632be55a597e0bc9b587bc775b755
H6729001_S_P0025,G5_b6b1dd5c359950b0,梨牌 透明·黃色 香皂 125g,1,梨牌,soap_bar,125g,,1,,透明香皂 (黃色) 125克 1件,multipass-v1-lexical,373e0ce20215d71dcabbbc621467b5ca305632be55a597e0bc9b587bc775b755
H6729001_S_P0141A,G5_d874bb73bf1ad441,梨牌 pears 香皂 100g (印度) #d874bb,1,梨牌,soap_bar,100g,印度,1,,PEARS 透明香皂 100克 1件 (平行進口),multipass-v1-lexical,373e0ce20215d71dcabbbc621467b5ca305632be55a597e0bc9b587bc775b755
H6729001_S_P0291,G5_4a5fc39ec7c3016d,梨牌 透明 香皂 75g (印度),1,梨牌,soap_bar,75g,印度,1,,(組合) 透明香皂 75克 2件,multipass-v1-lexical,373e0ce20215d71dcabbbc621467b5ca305632be55a597e0bc9b587bc775b755
H6729001_S_S0343,G5_281e5cec2886e02e,Simple 件裝 香皂 100g (印尼),1,Simple,soap_bar,100g,印尼,2,,SIMPLE 香皂 (9340) (100克*2件裝) 1套,multipass-v1-lexical,373e0ce20215d71dcabbbc621467b5ca305632be55a597e0bc9b587bc775b755
H6729001_S_S0374,G5_ba4b1b2bb13d6d20,Simple 燕麥 香皂 100g (印尼),1,Simple,soap_bar,100g,印尼,2,,SIMPLE 燕麥香皂 (100克*2件) 1套,multipass-v1-lexical,373e0ce20215d71dcabbbc621467b5ca305632be55a597e0bc9b587bc775b755
H6729001_S_V0087,G5_69dccb5e226d878d,Vaseline 粉紅·紅色 香皂 75g (印尼),1,Vaseline,soap_bar,75g,印尼,3,,凡士林亮膚香皂(粉紅色) (75克*3件) 1套,multipass-v1-lexical,373e0ce20215d71dcabbbc621467b5ca305632be55a597e0bc9b587bc775b755
H6729001_S_W0105,G5_1627b572f19fe529,Wright's 香皂 100g (印尼),1,Wright's,soap_bar,100g,印尼,4,,WRIGHTS 傳統香皂 (100克*4件/套) 1套,multipass-v1-lexical,373e0ce20215d71dcabbbc621467b5ca305632be55a597e0bc9b587bc775b755
H6836002_S_ACLANS100,G5_1ed9967e7f189d7f,4711 香皂 100g (美國),1,4711,soap_bar,100g,美國,1,,Acqua Colonia Lime And Nutmeg Soap 100g,multipass-v1-lexical,373e0ce20215d71dcabbbc621467b5ca305632be55a597e0bc9b587bc775b755
H6869001_S_ALEPIA-003,G5_01f2be1914cce431,Alepia 法國敍利亞古·初榨橄欖油·月桂油 香皂 125g (阿拉伯敘利亞共和國(敘利亞)),1,Alepia,soap_bar,125g,阿拉伯敘利亞共和國(敘利亞),1,,"法國敍利亞古皂 16% 月桂油 + 84% 初榨橄欖油(香皂,濕疹適用) (AL109545)",multipass-v1-lexical,373e0ce20215d71dcabbbc621467b5ca305632be55a597e0bc9b587bc775b755
H6954002_S_8809990135943_pink,G5_ba23734e2078c3ac,MOODi 沐浴·粉紅·紅色 香皂 規格未知 (韓國),1,MOODi,soap_bar,,韓國,1,8809990135943,韓國Pickp!ick鯉魚沐浴香皂_粉紅色,multipass-v1-lexical,373e0ce20215d71dcabbbc621467b5ca305632be55a597e0bc9b587bc775b755
H6974001_S_AE5300,G5_c6fb654c3af77484,Odaiba 蜂蜜 香皂 100g (泰國),1,Odaiba,soap_bar,100g,泰國,1,,泰國天然蜂蜜手工皂❤,multipass-v1-lexical,373e0ce20215d71dcabbbc621467b5ca305632be55a597e0bc9b587bc775b755
H6974001_S_AE5362,G5_e2c3c5e5b95e1af7,Odaiba 泰國 香皂 100g (泰國),1,Odaiba,soap_bar,100g,泰國,1,,泰國天然抹茶手工皂❤,multipass-v1-lexical,373e0ce20215d71dcabbbc621467b5ca305632be55a597e0bc9b587bc775b755
H6974001_S_AE5363,G5_f478efc97470abd4,Odaiba 蘆薈 香皂 100g (泰國),1,Odaiba,soap_bar,100g,泰國,1,,泰國天然蘆薈手工皂❤,multipass-v1-lexical,373e0ce20215d71dcabbbc621467b5ca305632be55a597e0bc9b587bc775b755
H6974001_S_SA1578,G5_c889d41e901f2183,Odaiba 薰衣草 香皂 100g (泰國),1,Odaiba,soap_bar,100g,泰國,1,,泰國天然薰衣草手工皂❤,multipass-v1-lexical,373e0ce20215d71dcabbbc621467b5ca305632be55a597e0bc9b587bc775b755
H6974001_S_SA1587,G5_db056965df76892e,Odaiba 玫瑰 香皂 100g (泰國),1,Odaiba,soap_bar,100g,泰國,1,,泰國天然玫瑰花手工皂❤,multipass-v1-lexical,373e0ce20215d71dcabbbc621467b5ca305632be55a597e0bc9b587bc775b755
H6974002_S_SA1782,G5_2ac97362e6e59156,洗臉洗澡·柑橘 香皂 65g (泰國),1,,soap_bar,65g,泰國,1,,泰國製造✿Jam✿洗臉洗澡香皂✿柑橘✿65克,multipass-v1-lexical,373e0ce20215d71dcabbbc621467b5ca305632be55a597e0bc9b587bc775b755
H6974002_S_SA1784,G5_cc0be2185831f76d,泰國 香皂 100g (泰國),1,,soap_bar,100g,泰國,1,,泰國✿JAM✿天然米乳手工冷製皂✿100g✿,multipass-v1-lexical,373e0ce20215d71dcabbbc621467b5ca305632be55a597e0bc9b587bc775b755
H6974002_S_SA2820,G5_5ad46701a8dcf309,Pigeon 日本製·刺激·無香 香皂 2pc (日本),1,Pigeon,soap_bar,2pc,日本,1,,日本製 PIGEON ✿ 無刺激 無香料 無色素  香皂 2枚入料 無色素  香皂 2枚入 ✿ 日本平行進口,multipass-v1-lexical,373e0ce20215d71dcabbbc621467b5ca305632be55a597e0bc9b587bc775b755
H7058001_S_PC152-1,G5_6e3ca20ecc7c58a3,emma noel 摩洛哥堅果 香皂 150g (法國),1,emma noel,soap_bar,150g,法國,3,,"有機摩洛哥堅果香皂, Organic Argan Oil  Soap (3x150g)",multipass-v1-lexical,373e0ce20215d71dcabbbc621467b5ca305632be55a597e0bc9b587bc775b755
H7064001_S_GR8201,G5_12c71c580d3cb078,薑心比心 香皂 120g (台灣),1,薑心比心,soap_bar,120g,台灣,1,,薑心比心薑奶皂 120g,multipass-v1-lexical,373e0ce20215d71dcabbbc621467b5ca305632be55a597e0bc9b587bc775b755
H7064001_S_GR8203,G5_a6f3461883a85e0a,薑心比心 燕麥 香皂 120g (台灣),1,薑心比心,soap_bar,120g,台灣,1,,薑心比心蝴蝶白薑花燕麥皂 120g,multipass-v1-lexical,373e0ce20215d71dcabbbc621467b5ca305632be55a597e0bc9b587bc775b755
H7071001_S_8801173801614,G5_a3242fa7e792502c,AKM 洗澡沐浴·全身·蜂蜜 香皂 規格未知 (韓國),1,AKM,soap_bar,,韓國,1,8801173801614,韓國蕪瓊花全身洗澡沐浴香皂 蜂蜜栗子皮 (平行進口貨品),multipass-v1-lexical,373e0ce20215d71dcabbbc621467b5ca305632be55a597e0bc9b587bc775b755
H7071001_S_9000000001495,G5_117cadcd73dd251c,AKM 沐浴·精油 香皂 100g (中國),1,AKM,soap_bar,100g,中國,1,,天然手工香皂100G 沐浴水晶皂 精油手工皂,multipass-v1-lexical,373e0ce20215d71dcabbbc621467b5ca305632be55a597e0bc9b587bc775b755
H7071001_S_AKM00340,G5_ef104fe0ecb8fd35,AKM 抑菌·紫色·護理 香皂 80g (中國),1,AKM,soap_bar,80g,中國,1,,【**紫色**】護理腳氣皂 護理臭腳番梘 抑菌止痕癢去腳臭洗腳皂,multipass-v1-lexical,373e0ce20215d71dcabbbc621467b5ca305632be55a597e0bc9b587bc775b755
H7080001_S_CBBS,G5_0a9468c1ca0be7b0,Cubed HK 香皂 100g (美國),1,Cubed HK,soap_bar,100g,美國,1,,低敏潔淨皂,multipass-v1-lexical,373e0ce20215d71dcabbbc621467b5ca305632be55a597e0bc9b587bc775b755
H7114002_S_Alepia-16,G5_01194e1ed282da0e,Alepia 皮膚炎救星·敍利亞古·月桂油 香皂 125g (阿拉伯敘利亞共和國(敘利亞)),1,Alepia,soap_bar,125g,阿拉伯敘利亞共和國(敘利亞),1,,法國 Alepia 天然敍利亞古皂 16％ 月桂油 濕疹、暗瘡、皮膚炎救星 125g,multipass-v1-lexical,373e0ce20215d71dcabbbc621467b5ca305632be55a597e0bc9b587bc775b755
H7115001_S_4711401486121,G5_916a479c8e232683,阿原 植癒 香皂 100g (台灣),1,阿原,soap_bar,100g,台灣,1,4711401486121,植癒香氛-艾抹皂-100g,multipass-v1-lexical,373e0ce20215d71dcabbbc621467b5ca305632be55a597e0bc9b587bc775b755
H7115001_S_4711401486138,G5_91f5605bfe459fac,阿原 魚腥草·植癒·迷迭 香皂 100g (台灣),1,阿原,soap_bar,100g,台灣,1,4711401486138,植癒香氛-魚腥草迷迭香皂-100g,multipass-v1-lexical,373e0ce20215d71dcabbbc621467b5ca305632be55a597e0bc9b587bc775b755
H7115001_S_4711401486152,G5_d329f72733a89845,阿原 植癒·白鶴 香皂 100g (台灣),1,阿原,soap_bar,100g,台灣,1,4711401486152,植癒香氛-白鶴蒲公英皂-100g,multipass-v1-lexical,373e0ce20215d71dcabbbc621467b5ca305632be55a597e0bc9b587bc775b755
H7115001_S_4718022187536,G5_4be7f81c5250d65f,阿原 淨化·艾草 香皂 115g (台灣),1,阿原,soap_bar,115g,台灣,1,4718022187536,艾草皂115g-修護淨化,multipass-v1-lexical,373e0ce20215d71dcabbbc621467b5ca305632be55a597e0bc9b587bc775b755
H7115001_S_4718022187543,G5_8233f8e9d16354e1,阿原 左手·淨肌·清爽 香皂 115g (台灣),1,阿原,soap_bar,115g,台灣,1,4718022187543,左手香皂115g-清爽淨肌,multipass-v1-lexical,373e0ce20215d71dcabbbc621467b5ca305632be55a597e0bc9b587bc775b755
H7115001_S_4718022187550,G5_d6751b89849e4784,阿原 薰衣草 香皂 115g (台灣),1,阿原,soap_bar,115g,台灣,1,4718022187550,馬纓丹皂115g-薰衣草香,multipass-v1-lexical,373e0ce20215d71dcabbbc621467b5ca305632be55a597e0bc9b587bc775b755
H7115001_S_4718022187574,G5_c06662d87bd84c92,阿原 綠豆薏仁 香皂 115g (台灣),1,阿原,soap_bar,115g,台灣,1,4718022187574,綠豆薏仁皂115g-角質代謝,multipass-v1-lexical,373e0ce20215d71dcabbbc621467b5ca305632be55a597e0bc9b587bc775b755
H7115001_S_4718022187581,G5_24b09f6bc4e28211,阿原 檸檬 香皂 115g (台灣),1,阿原,soap_bar,115g,台灣,1,4718022187581,檸檬皂115g-掃除黯沉,multipass-v1-lexical,373e0ce20215d71dcabbbc621467b5ca305632be55a597e0bc9b587bc775b755
H7115001_S_4718022187604,G5_ca02cb970a1a167b,阿原 毛孔·淨化·清肌 香皂 115g (台灣),1,阿原,soap_bar,115g,台灣,1,4718022187604,清肌玉膚皂115g-淨化毛孔,multipass-v1-lexical,373e0ce20215d71dcabbbc621467b5ca305632be55a597e0bc9b587bc775b755
H7115001_S_4718022187611,G5_dc85c8331344bca4,阿原 檜木 香皂 115g (台灣),1,阿原,soap_bar,115g,台灣,1,4718022187611,檜木皂115g-甦活放鬆,multipass-v1-lexical,373e0ce20215d71dcabbbc621467b5ca305632be55a597e0bc9b587bc775b755
H7115001_S_4718022187628,G5_b0f0e48a14cc6497,阿原 四神 香皂 115g (台灣),1,阿原,soap_bar,115g,台灣,1,4718022187628,四神皂115g-滑嫩潤澤,multipass-v1-lexical,373e0ce20215d71dcabbbc621467b5ca305632be55a597e0bc9b587bc775b755
H7115001_S_4718022187635,G5_c6c055ce386f64cd,阿原 洗頭·頭皮 香皂 115g (台灣),1,阿原,soap_bar,115g,台灣,1,4718022187635,甘草洗頭皂115g-舒爽頭皮,multipass-v1-lexical,373e0ce20215d71dcabbbc621467b5ca305632be55a597e0bc9b587bc775b755
H7115001_S_4718022187642,G5_02148514972a152c,阿原 毛孔·清肌 香皂 115g (台灣),1,阿原,soap_bar,115g,台灣,1,4718022187642,清肌男生皂115g-毛孔通暢,multipass-v1-lexical,373e0ce20215d71dcabbbc621467b5ca305632be55a597e0bc9b587bc775b755
H7115001_S_4718022187666,G5_bb471dc057985ae3,阿原 月白 香皂 115g (台灣),1,阿原,soap_bar,115g,台灣,1,4718022187666,月白皂115g-嫩白無瑕,multipass-v1-lexical,373e0ce20215d71dcabbbc621467b5ca305632be55a597e0bc9b587bc775b755
H7115001_S_4718022187673,G5_a804ca10246ed844,阿原 金銀花 香皂 115g (台灣),1,阿原,soap_bar,115g,台灣,1,4718022187673,金銀花皂115g-Q彈淨透,multipass-v1-lexical,373e0ce20215d71dcabbbc621467b5ca305632be55a597e0bc9b587bc775b755
H7115001_S_4718022187680,G5_0d205ac162c0681b,阿原 魚腥草·淨化 香皂 115g (台灣),1,阿原,soap_bar,115g,台灣,1,4718022187680,魚腥草皂115g-去味淨化,multipass-v1-lexical,373e0ce20215d71dcabbbc621467b5ca305632be55a597e0bc9b587bc775b755
H7115001_S_4718022187703,G5_c0e36305ff6fb79a,阿原 月桃 香皂 115g (台灣),1,阿原,soap_bar,115g,台灣,1,4718022187703,月桃皂115g-潤澤透亮,multipass-v1-lexical,373e0ce20215d71dcabbbc621467b5ca305632be55a597e0bc9b587bc775b755
H7115001_S_4718022187710,G5_9e0b2ba2f1fbb45f,阿原 滋養·白鶴 香皂 115g (台灣),1,阿原,soap_bar,115g,台灣,1,4718022187710,白鶴草皂115g-滋養活化,multipass-v1-lexical,373e0ce20215d71dcabbbc621467b5ca305632be55a597e0bc9b587bc775b755
H7115001_S_4718022188373,G5_ba11a688427cf597,阿原 香皂 180g (台灣),1,阿原,soap_bar,180g,台灣,1,4718022188373,衣皂180g-家事萬用,multipass-v1-lexical,373e0ce20215d71dcabbbc621467b5ca305632be55a597e0bc9b587bc775b755
H7138001_S_Y350100067,G5_933a240a6ff05d2a,里仁 香皂 規格未知 (台灣),1,里仁,soap_bar,,台灣,2,,里仁素皂 x 2,multipass-v1-lexical,373e0ce20215d71dcabbbc621467b5ca305632be55a597e0bc9b587bc775b755
H7138001_S_Y350100227,G5_ea24e9e922e6efed,里仁 薄荷 香皂 100g (台灣),1,里仁,soap_bar,100g,台灣,2,,里仁薄荷皂100g x 2,multipass-v1-lexical,373e0ce20215d71dcabbbc621467b5ca305632be55a597e0bc9b587bc775b755
H7148001_S_20110556,G5_4644f59e610872c7,Avène 於面部和身體·敏感肌·冷霜 香皂 100g (法國),1,Avène,soap_bar,100g,法國,1,,冷霜活泉滋潤潔膚皂 (敏感肌 / 極乾肌膚 / 舒緩修復 / 適用於面部和身體，潔面皂) [平行進口],multipass-v1-lexical,373e0ce20215d71dcabbbc621467b5ca305632be55a597e0bc9b587bc775b755
H7148001_S_20110836,G5_795e37bc7f243527,Bioderma 潔膚 香皂 150g (法國),1,Bioderma,soap_bar,150g,法國,1,,Atoderm Intensive Pain 強效舒緩潔膚皂 150g [平行進口],multipass-v1-lexical,373e0ce20215d71dcabbbc621467b5ca305632be55a597e0bc9b587bc775b755
H7206001_S_TN02-R005,G5_8a6b8a00e2598703,TANAMERA 沐浴 香皂 規格未知 (馬來西亞),1,TANAMERA,soap_bar,,馬來西亞,1,,滋潤米奶沐浴皂 100 gm,multipass-v1-lexical,373e0ce20215d71dcabbbc621467b5ca305632be55a597e0bc9b587bc775b755
H7235001_S_Soap_01,G5_f9593c9352aaf74f,晴手作 香皂 5g (香港),1,晴手作,soap_bar,5g,香港,1,,黑糖薑汁山楂果皂,multipass-v1-lexical,373e0ce20215d71dcabbbc621467b5ca305632be55a597e0bc9b587bc775b755
H7285001_S_AS-113,G5_3c74804f98ee7d22,Medimix 香皂 規格未知 (印度),1,Medimix,soap_bar,,印度,5,,Ayurvedic 18-Herbs Soap (125gm x 5 Packs),multipass-v1-lexical,373e0ce20215d71dcabbbc621467b5ca305632be55a597e0bc9b587bc775b755
H7285001_S_KN055,G5_a8cc4cac5bbe839a,Khadi 香皂 25g (印度),1,Khadi,soap_bar,25g,印度,1,,手工皂系列 Handmade Soap Collection (12件 x 25g),multipass-v1-lexical,373e0ce20215d71dcabbbc621467b5ca305632be55a597e0bc9b587bc775b755
H7285001_S_M002,G5_721567c1bb0790ad,Medimix 香皂 125g (印度),1,Medimix,soap_bar,125g,印度,5,,Natural Glycerine Soap 125g x 5,multipass-v1-lexical,373e0ce20215d71dcabbbc621467b5ca305632be55a597e0bc9b587bc775b755
H7285001_S_M035,G5_98c1d27ac7f80b3a,Medimix 阿育吠陀·甘油 香皂 125g (印度),1,Medimix,soap_bar,125g,印度,1,,阿育吠陀天然甘油皂（125 克）,multipass-v1-lexical,373e0ce20215d71dcabbbc621467b5ca305632be55a597e0bc9b587bc775b755
H7285001_S_SM-134,G5_e6af120a93ecb396,梨牌 清新 香皂 125g (印度),1,梨牌,soap_bar,125g,印度,2,,柔軟清新肥皂（125 克 x 2 包）,multipass-v1-lexical,373e0ce20215d71dcabbbc621467b5ca305632be55a597e0bc9b587bc775b755
H7322001_S_KHESP001LAV90,G5_5dfcced5bddff7be,KHEONI 薰衣草·防敏·香料 香皂 90g (印度),1,KHEONI,soap_bar,90g,印度,1,,益生菌 | 薰衣草 | 手工皂 | 防敏肥皂 | 天然香料 | 純豆乳皂,multipass-v1-lexical,373e0ce20215d71dcabbbc621467b5ca305632be55a597e0bc9b587bc775b755
H7322001_S_KHESP002ALO90,G5_3dc5028666de1378,KHEONI 蘆薈·香料 香皂 90g (印度),1,KHEONI,soap_bar,90g,印度,1,,益生菌 | 蘆薈牛油果 | 手工皂 | 防敞肥皂 | 天然香料 | 純豆乳皂,multipass-v1-lexical,373e0ce20215d71dcabbbc621467b5ca305632be55a597e0bc9b587bc775b755
H7322001_S_KHESP011SHAM,G5_ae94bb6c516eadf9,KHEONI 敏感·頭皮 洗髮皂 90g (印度),1,KHEONI,shampoo_bar,90g,印度,1,,益生菌 | 手工 | 洗髮皂 | 純豆乳 | 天然 | 敏感頭皮 | 番梘,multipass-v1-lexical,373e0ce20215d71dcabbbc621467b5ca305632be55a597e0bc9b587bc775b755
H7343013_S_HK240529JJQT11687RMN01,G5_34f17a509240bb6b,去污神器 香皂 135g (中國),1,,soap_bar,135g,中國,1,,深層清潔背部香皂 深層清潔香皂 美背潤膚皂 背部清潔皂 背部祛痘皂 ｜ 大掃除潔淨去污神器 家居洗滌好幫手 強力去漬,multipass-v1-lexical,373e0ce20215d71dcabbbc621467b5ca305632be55a597e0bc9b587bc775b755
H7343013_S_HK260107JJQT15884RMN01,G5_df43c49c24469c44,隨身外出輕便·兒童洗手·外出旅行 皂紙 50pc (中國),1,,soap_paper,50pc,中國,1,,[50片玫瑰味] 日本便攜香皂紙 /兒童洗手香皂片 /外出旅行/防疫衛生殺菌/一次性番梘紙 ｜ 隨身外出輕便 旅行出差必備 小童小朋友 男孩女孩適用 趣味滿分,multipass-v1-lexical,373e0ce20215d71dcabbbc621467b5ca305632be55a597e0bc9b587bc775b755
H7343015_S_3PLHK230223JJQT05858RMN01,G5_20a5e7271b7a4943,沐浴 香皂 65g (泰國),1,,soap_bar,65g,泰國,1,,泰國大米皂 JAM手工米乳皂 清潔沐浴香皂 泰國jam大米皂米奶皂 [平行進口],multipass-v1-lexical,373e0ce20215d71dcabbbc621467b5ca305632be55a597e0bc9b587bc775b755
H7345001_S_CS201208NT042,G5_a5457e9f1e976ad0,白千層 抗疫·檸檬·茶樹 香皂 150g (澳洲),1,白千層,soap_bar,150g,澳洲,1,,澳洲純天然茶樹檸檬香皂 (抗疫),multipass-v1-lexical,373e0ce20215d71dcabbbc621467b5ca305632be55a597e0bc9b587bc775b755
H7397001_S_ITLS04-7207LG,G5_7fe0f307e2255f31,italy import 茉莉花 香皂 100g (義大利),1,italy import,soap_bar,100g,義大利,1,,【意大利製】Fiorentino手工皂 - 茉莉花手工皂 [平行進口] (Exp 05/2027),multipass-v1-lexical,373e0ce20215d71dcabbbc621467b5ca305632be55a597e0bc9b587bc775b755
H7416001_S_018787778166_DrBronners_RosePureCastileSoap473ml,G5_880d1a13fddde957,Dr. Bronner's 純橄欖·玫瑰 香皂 473ml (美國),1,Dr. Bronner's,soap_bar,473ml,美國,1,,473ml 玫瑰純橄欖皂液 平行進口,multipass-v1-lexical,373e0ce20215d71dcabbbc621467b5ca305632be55a597e0bc9b587bc775b755
H7416001_S_808124141049_Clean_Day_Liquid_Hand_Soap_by_Mrs_Meyers_237ml,G5_2b5a70d32a72ed58,Mrs. MEYER'S 羅勒 洗手液 370ml (美國),1,Mrs. MEYER'S,hand_wash,370ml,美國,1,,370ml 保濕洗手液羅勒味 平行進口,multipass-v1-lexical,373e0ce20215d71dcabbbc621467b5ca305632be55a597e0bc9b587bc775b755
H7416001_S_827854001126_IrishSpring_DeodorantSoap4p5oz,G5_d7cfa3d448aee584,Irish Spring 香皂 127.57g (墨西哥),1,Irish Spring,soap_bar,127.57g,墨西哥,1,,4.5oz 愛爾蘭春季原裝 平行進口,multipass-v1-lexical,373e0ce20215d71dcabbbc621467b5ca305632be55a597e0bc9b587bc775b755
H7416001_S_893455000332_OneWithNature_SheaButter_Soap_198g,G5_598bd9f7c65de40e,ONE WITH NATURE 摩洛哥堅果油·乳木果油·死海礦物 香皂 198g (約旦),1,ONE WITH NATURE,soap_bar,198g,約旦,1,,198克 死海礦物皂 - 摩洛哥堅果油&乳木果油 平行進口,multipass-v1-lexical,373e0ce20215d71dcabbbc621467b5ca305632be55a597e0bc9b587bc775b755
H7420001_S_MASKHOME-485,G5_644b47c742b2b065,洗手·異味 香皂 規格未知 (中國),1,,soap_bar,,中國,1,,[銀色連底座] 不鏽鋼除臭皂 除異味肥皂 去腥去味除汗洗手皂 納米鋼金屬洗手器,multipass-v1-lexical,373e0ce20215d71dcabbbc621467b5ca305632be55a597e0bc9b587bc775b755
H7445001_S_drwoodscoconutsoap,G5_156215951a9e1c6f,DR. WOODS 乳木果油·椰子奶·肌膚 香皂 149g (美國),1,DR. WOODS,soap_bar,149g,美國,1,,純天然椰子奶滋潤肥皂 149g (含有機乳木果油) 適合所有肌膚,multipass-v1-lexical,373e0ce20215d71dcabbbc621467b5ca305632be55a597e0bc9b587bc775b755
H7445001_S_drwoodsrawblacksoap,G5_156215951a9e1c6f01,DR. WOODS 乳木果油·可可脂·原生 香皂 149g (美國),1,DR. WOODS,soap_bar,149g,美國,1,,"全天然原生黑皂 去角質 149g (含有機乳木果油, 可可脂油)",multipass-v1-lexical,373e0ce20215d71dcabbbc621467b5ca305632be55a597e0bc9b587bc775b755
H7445001_S_mildAfricanBlackSoap141,G5_51ba09f6911eaf20,mild by nature 維生素·車前草·迷迭香 香皂 141g (美國),1,mild by nature,soap_bar,141g,美國,1,,非洲黑皁 141克 (含燕麥 車前草 蘆薈 維生素 E  迷迭香),multipass-v1-lexical,373e0ce20215d71dcabbbc621467b5ca305632be55a597e0bc9b587bc775b755
H7445001_S_mildLavenderCastileSoap1005,G5_d1bb57176da2f0da,mild by nature 荷荷巴油·堅果油·薰衣草 洗髮水 1005ml (美國),1,mild by nature,shampoo_liquid,1005ml,美國,1,,薰衣草型有機橄欖荷荷巴油堅果油皂液 1005毫升 - (沐浴露/洗髮水/洗手液/潔面乳/洗腳/浸浴/浸腳),multipass-v1-lexical,373e0ce20215d71dcabbbc621467b5ca305632be55a597e0bc9b587bc775b755
H7445001_S_mildMangoTurmericSoap141,G5_2d95381ec5a81001,mild by nature 乳木果油·荷荷巴油·可可脂 香皂 141g (美國),1,mild by nature,soap_bar,141g,美國,1,,芒果薑黃香皂 141克 (含芒果油  維生素 E  乳木果油   蘆薈  薑黃 牛油果油 荷荷巴油  可可脂  迷迭香),multipass-v1-lexical,373e0ce20215d71dcabbbc621467b5ca305632be55a597e0bc9b587bc775b755
H7445001_S_mildbynatureexfoliatingsoap141,G5_2f87c450f619e96e,mild by nature 乳木果·車前草·成分 香皂 141g (美國),1,mild by nature,soap_bar,141g,美國,1,,去角質天然無香皂 141克 (含馬魯拉油  瓊崖海棠油 乳木果 蘆薈素 海鹽 燕麥 非洲紫檀 杏桃籽 車前草精華）珍貴成分組合,multipass-v1-lexical,373e0ce20215d71dcabbbc621467b5ca305632be55a597e0bc9b587bc775b755
H7445001_S_nubiansheasoap,G5_c13cfc9ba8e1f5ef,Nubian Heritage 乳木果油·保護 香皂 142g (美國),1,Nubian Heritage,soap_bar,142g,美國,1,,逆齡保護乳木果油香皂 142克,multipass-v1-lexical,373e0ce20215d71dcabbbc621467b5ca305632be55a597e0bc9b587bc775b755
H7445001_S_onewithnatureSandalwood198g,G5_598bd9f7c65de40ead,ONE WITH NATURE 死海檀木礦物 香皂 198g (約旦),1,ONE WITH NATURE,soap_bar,198g,約旦,1,,約旦死海檀木礦物香皂198克 (三重研磨香皂：完全保留檀木 堅果油 乳木果油精華）,multipass-v1-lexical,373e0ce20215d71dcabbbc621467b5ca305632be55a597e0bc9b587bc775b755
H7445001_S_onewithnatureTurmericHoney198g,G5_12eeec9963ef1f78,ONE WITH NATURE 薑黃 香皂 198g (約旦),1,ONE WITH NATURE,soap_bar,198g,約旦,1,,約旦死海薑黃蜂蜜礦物香皂198克 (三重研磨香皂：完全保留薑黃蜂蜜 堅果油 乳木果油精華）,multipass-v1-lexical,373e0ce20215d71dcabbbc621467b5ca305632be55a597e0bc9b587bc775b755
H7445001_S_sheamoistureGlowRadianceBarSoap227g,G5_9d2d37982d2e979d,Shea Moisture 植物·椰子·滋養 香皂 227g (美國),1,Shea Moisture,soap_bar,227g,美國,1,,美白亮澤香皂-椰子 洛神花和植物滋養因子- 227克 - EXP: 2029.01,multipass-v1-lexical,373e0ce20215d71dcabbbc621467b5ca305632be55a597e0bc9b587bc775b755
H7473001_S_DHBL0003K,G5_68a9c35fc8c6e4cb,dindinaturals 純橄欖油·乾燥·保護 香皂 100g (澳洲),1,dindinaturals,soap_bar,100g,澳洲,1,,"敏感濕疹洗護組合﹒純橄欖油手工皂+麻籽手工皂+皇牌蜂蜜修護霜｜有效舒緩濕疹, 牛皮癬, 口水疹, 尿布疹, 過敏或龜裂｜保護脆弱, 乾燥及易受刺激皮膚﹒3件套",multipass-v1-lexical,373e0ce20215d71dcabbbc621467b5ca305632be55a597e0bc9b587bc775b755
H7517001_S_GDP-7004,G5_ffb958886a69afbc,The Grandpa Soap 原生態奇跡松焦油頭髮及面部和身體·金牌全 香皂 92g (美國),1,The Grandpa Soap,soap_bar,92g,美國,1,,【常規版】金牌全天然原生態奇跡松焦油頭髮及面部和身體皂 (92g)【平行進口】（新舊包裝隨機發）,multipass-v1-lexical,373e0ce20215d71dcabbbc621467b5ca305632be55a597e0bc9b587bc775b755
H7517001_S_GDP-7011,G5_a15fe074ff4f9b88,The Grandpa Soap 原生態奇跡松焦油頭髮及面部和身體·金牌全 香皂 120g (美國),1,The Grandpa Soap,soap_bar,120g,美國,1,,【加大版】金牌全天然原生態奇跡松焦油頭髮及面部和身體皂 (120 g)【平行進口】（新舊包裝隨機發）,multipass-v1-lexical,373e0ce20215d71dcabbbc621467b5ca305632be55a597e0bc9b587bc775b755
H7517001_S_GDP-8087,G5_0a473efef4fefd0c,The Grandpa Soap 沐浴 香皂 120g (美國),1,The Grandpa Soap,soap_bar,120g,美國,1,,【全天然100%】深層清潔含瀉鹽小蘇打沐浴皂 (120 g)【平行進口】,multipass-v1-lexical,373e0ce20215d71dcabbbc621467b5ca305632be55a597e0bc9b587bc775b755
H7517001_S_NAJ1017,G5_0b4758eef83a5586,NAJEL 月桂油·阿勒頗·法國 香皂 200g (阿拉伯敘利亞共和國(敘利亞)),1,NAJEL,soap_bar,200g,阿拉伯敘利亞共和國(敘利亞),1,,【法國品牌】大大裝-阿勒頗天然12%月桂油手工古皂（200g）【平行進口】,multipass-v1-lexical,373e0ce20215d71dcabbbc621467b5ca305632be55a597e0bc9b587bc775b755
H7517001_S_OOWN-0490,G5_957331d342910fb1,ONE WITH NATURE 乳木果油·死海泥·洋甘菊 香皂 200g (約旦),1,ONE WITH NATURE,soap_bar,200g,約旦,1,,約旦黃牌-乳木果油精製死海泥含硫磺和洋甘菊天然礦物皂（200g)【平行進口】（新舊包裝隨機發）,multipass-v1-lexical,373e0ce20215d71dcabbbc621467b5ca305632be55a597e0bc9b587bc775b755
H7517001_S_OWN-0004,G5_2f4ca1c3920a6eb1,ONE WITH NATURE 死海礦物潔面沐浴·含摩洛哥堅果油·薰衣草 香皂 200g (約旦),1,ONE WITH NATURE,soap_bar,200g,約旦,1,,薰衣草死海礦物潔面沐浴皂-含摩洛哥堅果油（200g)【平行進口】（新舊包裝隨機發）,multipass-v1-lexical,373e0ce20215d71dcabbbc621467b5ca305632be55a597e0bc9b587bc775b755
H7517001_S_OWN-0073,G5_9e36784e873b6750,ONE WITH NATURE 死海礦物潔面沐浴·含摩洛哥堅果油·死海泥 香皂 200g (約旦),1,ONE WITH NATURE,soap_bar,200g,約旦,1,,死海泥死海礦物潔面沐浴皂-含摩洛哥堅果油（200g)【平行進口】（新舊包裝隨機發）,multipass-v1-lexical,373e0ce20215d71dcabbbc621467b5ca305632be55a597e0bc9b587bc775b755
H7517001_S_OWN-0332,G5_3dd34e65261d25d5,ONE WITH NATURE 死海礦物潔面沐浴·含摩洛哥堅果油·乳木果油 香皂 200g (約旦),1,ONE WITH NATURE,soap_bar,200g,約旦,1,,乳木果油死海礦物潔面沐浴皂-含摩洛哥堅果油（200g)【平行進口】（新舊包裝隨機發）,multipass-v1-lexical,373e0ce20215d71dcabbbc621467b5ca305632be55a597e0bc9b587bc775b755
H7517001_S_OWN-0773,G5_039f3c74d9b5b684,ONE WITH NATURE 死海礦物潔面沐浴·含摩洛哥堅果油·活性炭 香皂 200g (約旦),1,ONE WITH NATURE,soap_bar,200g,約旦,1,,活性炭死海礦物潔面沐浴皂-含摩洛哥堅果油（200g)【平行進口】（新舊包裝隨機發）,multipass-v1-lexical,373e0ce20215d71dcabbbc621467b5ca305632be55a597e0bc9b587bc775b755
H7517001_S_PAL-3809,G5_21b0edf084fd9494,美國雅兒 skin·洗臉 香皂 100g (美國),1,美國雅兒,soap_bar,100g,美國,1,,Skin Success 柔軟淨膚抑痘祛斑洗臉香皂（100g）【平行進口】（新舊包裝隨機發）,multipass-v1-lexical,373e0ce20215d71dcabbbc621467b5ca305632be55a597e0bc9b587bc775b755
H7517001_S_SLG-0135,G5_1a79b4ccd6c5d492,Smell Lemongrass 檸檬草·維生素·絲瓜 香皂 95g (泰國),1,Smell Lemongrass,soap_bar,95g,泰國,1,,【【泰國製】檸檬草絲瓜手工皂 (95g)【平行進口】-含維生素E,multipass-v1-lexical,373e0ce20215d71dcabbbc621467b5ca305632be55a597e0bc9b587bc775b755
H7517001_S_SLG-SSLV100G,G5_08618c2306d31be5,Smell Lemongrass 乳木果油·維生素·薰衣草 香皂 100g (泰國),1,Smell Lemongrass,soap_bar,100g,泰國,1,,【泰國製】天然草本薰衣草味純手工香梘（100g）【平行進口】-含乳木果油/維生素E,multipass-v1-lexical,373e0ce20215d71dcabbbc621467b5ca305632be55a597e0bc9b587bc775b755
H7517001_S_TTT-1001,G5_aee9cd7265d57087,Tea Tree Therapy 茶樹油·面部及·療法 香皂 110g (美國),1,Tea Tree Therapy,soap_bar,110g,美國,1,,天然溫和茶樹油療法&有機蔬菜香皂-面部及身體適用（110g）【平行進口】,multipass-v1-lexical,373e0ce20215d71dcabbbc621467b5ca305632be55a597e0bc9b587bc775b755
H7605002_S_VGJ28,G5_8e632a5946245795,集寶 女性 洗衣皂 150g (中國),1,集寶,laundry_soap,150g,中國,12,,蕪瓊花 女性內衣衛生皂 | 洗衣皂棒 | 去污皂 | 強力清潔 | 内衣清潔皂 | 衣服清潔用品 150g - 2塊（VGJ28）,multipass-v1-lexical,373e0ce20215d71dcabbbc621467b5ca305632be55a597e0bc9b587bc775b755
H7616001_S_HS_00767,G5_303c0a0381dad1da,熊本阿蘇艾草精油淨身·日本製·濕疹 香皂 98g (日本),1,,soap_bar,98g,日本,4,,日本製熊本阿蘇艾草精油淨身皂(1盒4件) 98g x 4 保濕滋潤 | 濕疹皮膚用 | 消腫止痕 (平行進口),multipass-v1-lexical,373e0ce20215d71dcabbbc621467b5ca305632be55a597e0bc9b587bc775b755
H7616001_S_HS_00919,G5_03e05a224acecb0f,植物精油·山羊奶 香皂 200g (澳洲),1,,soap_bar,200g,澳洲,8,,Botanical Soap 純天然植物精油手工皂 (山羊奶味) (8 x 200g)【平行進口】,multipass-v1-lexical,373e0ce20215d71dcabbbc621467b5ca305632be55a597e0bc9b587bc775b755
H7616001_S_HS_00981,G5_9525bbc3fc0edede,ecostore 植物零刺激·檸檬草 香皂 150g (紐西蘭),1,ecostore,soap_bar,150g,紐西蘭,1,,檸檬草香皂 150g *純天然植物零刺激*【平行進口】,multipass-v1-lexical,373e0ce20215d71dcabbbc621467b5ca305632be55a597e0bc9b587bc775b755
H7616001_S_HS_00982,G5_cb118c3b5f19e311,ecostore 植物零刺激·杏仁玫瑰 香皂 150g (紐西蘭),1,ecostore,soap_bar,150g,紐西蘭,1,,杏仁玫瑰香皂 150g *純天然植物零刺激*【平行進口】,multipass-v1-lexical,373e0ce20215d71dcabbbc621467b5ca305632be55a597e0bc9b587bc775b755
H7616001_S_HS_00994,G5_b849668e80770076,Vaseline 黃色 香皂 75g (印尼),1,Vaseline,soap_bar,75g,印尼,3,,凡士林全效保濕香皂(黃色) (75g*3件)【平行進口】,multipass-v1-lexical,373e0ce20215d71dcabbbc621467b5ca305632be55a597e0bc9b587bc775b755
H7673001_S_GN107,G5_f059647f03eb08ee,Grahams Natural 麥盧卡蜂蜜·敏感·有效 香皂 100g (澳洲),1,Grahams Natural,soap_bar,100g,澳洲,1,,麥盧卡蜂蜜潔膚皂(洗髮及沐浴) 100g【香港原裝行貨】活性麥盧卡蜂蜜有效抑制皮膚上的細菌，敏感性肌膚適用,multipass-v1-lexical,373e0ce20215d71dcabbbc621467b5ca305632be55a597e0bc9b587bc775b755
H7880001_S_BT-003,G5_ad112e784db2a49b,乳木果脂·椰子油·無添加 香皂 100g (香港),1,,soap_bar,100g,香港,1,,Beetales｜手工冷製蜂蜜洗髮梘 100g (啡)｜胡桃油｜芥花油｜乳木果脂｜本地蜂蜜｜椰子油｜無添加,multipass-v1-lexical,373e0ce20215d71dcabbbc621467b5ca305632be55a597e0bc9b587bc775b755
H7911001_S_lysaskin_atolys_gel,G5_9613adb4db16946a,LYSASKIN 有效期·期限·沐浴 未分類 500ml (法國),1,LYSASKIN,UNKNOWN,500ml,法國,1,,Atolys Gel 潔淨沐浴凝膠 500ml (有效期限 31-08-2027),multipass-v1-lexical,373e0ce20215d71dcabbbc621467b5ca305632be55a597e0bc9b587bc775b755
H7911001_S_soratinex_soap,G5_f904ae99a45128c1,Soratinex 精油 香皂 100g (澳洲),1,Soratinex,soap_bar,100g,澳洲,1,,精油保濕香皂 100g,multipass-v1-lexical,373e0ce20215d71dcabbbc621467b5ca305632be55a597e0bc9b587bc775b755
H7911001_S_soratinex_soap_shampoo_set_A,G5_cd4380fcaf0b7e05,Soratinex 無硫酸鹽·沐浴·洗髮 香皂 100g (澳洲),1,Soratinex,soap_bar,100g,澳洲,2,,潤膚沐浴套裝(精油保濕香皂 100g x2 + 無硫酸鹽關注銀屑洗髮乳 200ml x1) (香港行貨),multipass-v1-lexical,373e0ce20215d71dcabbbc621467b5ca305632be55a597e0bc9b587bc775b755
H8026001_S_57287,G5_bca0c8b8beb56e8e,DESERT ESSENCE 椰子·潔膚 香皂 142g (美國),1,DESERT ESSENCE,soap_bar,142g,美國,1,,椰子潔膚香肥皂,multipass-v1-lexical,373e0ce20215d71dcabbbc621467b5ca305632be55a597e0bc9b587bc775b755
H8115001_S_KY-C00077,G5_9ad4fe4d8fe8b0f7,梨牌 pears·甘油 香皂 125g (印度),1,梨牌,soap_bar,125g,印度,1,5000228009194,Pears 梨牌 甘油香皂 125克 平行進口 (5000228009194),multipass-v1-lexical,373e0ce20215d71dcabbbc621467b5ca305632be55a597e0bc9b587bc775b755
H8116001_S_TW22-MED-002,G5_5a888558df2fa053,Medimix 印度綠寶石皇室·藥草浴·不同 香皂 125g (印度),1,Medimix,soap_bar,125g,印度,1,,印度綠寶石皇室 藥草浴美肌皂 經典美肌皂125g[深綠0249][不同包裝隨機出貨],multipass-v1-lexical,373e0ce20215d71dcabbbc621467b5ca305632be55a597e0bc9b587bc775b755
H8116001_S_TW22-MED-004,G5_95163844c6d2df8f,Medimix 印度綠寶石皇室·摩洛哥油·有效期 香皂 125g (印度),1,Medimix,soap_bar,125g,印度,1,,印度綠寶石皇室 藥草浴美肌皂 薑黃摩洛哥油皂 125g[黃660][不同包裝隨機出貨] 有效期:2027/11月1日,multipass-v1-lexical,373e0ce20215d71dcabbbc621467b5ca305632be55a597e0bc9b587bc775b755
H8196001_S_3182612701043,G5_f541148a3069ff05,香甜·驢奶 香皂 100g (法國),1,,soap_bar,100g,法國,1,3182612701043,La Corvette法國天然有機香甜皂-驢奶100g(平行進口),multipass-v1-lexical,373e0ce20215d71dcabbbc621467b5ca305632be55a597e0bc9b587bc775b755
H8196001_S_3182612701074,G5_7ec2560a2a75c903,香甜 香皂 100g (法國),1,,soap_bar,100g,法國,1,3182612701074,La Corvette法國天然有機香甜皂-桃子100g(平行進口),multipass-v1-lexical,373e0ce20215d71dcabbbc621467b5ca305632be55a597e0bc9b587bc775b755
H8196001_S_3182612701098,G5_4b03f8a1c1c6e594,乳木果油·石榴·香甜 香皂 100g (法國),1,,soap_bar,100g,法國,1,3182612701098,La Corvette法國天然有機香甜皂-石榴和乳木果油100g(平行進口),multipass-v1-lexical,373e0ce20215d71dcabbbc621467b5ca305632be55a597e0bc9b587bc775b755
H8196001_S_3182612701142,G5_9ce1d02708863d8e,羊奶·香甜 香皂 100g (法國),1,,soap_bar,100g,法國,1,3182612701142,La Corvette法國天然有機香甜皂-羊奶100g(平行進口),multipass-v1-lexical,373e0ce20215d71dcabbbc621467b5ca305632be55a597e0bc9b587bc775b755
H8196001_S_3182612701166,G5_31606811741c26c5,杏仁·香甜 香皂 100g (法國),1,,soap_bar,100g,法國,1,3182612701166,La Corvette法國天然有機香甜皂-甜杏仁100g(平行進口),multipass-v1-lexical,373e0ce20215d71dcabbbc621467b5ca305632be55a597e0bc9b587bc775b755
H8196001_S_3182612707229,G5_20c535992f93cbf1,羊奶 香皂 100g (法國),1,,soap_bar,100g,法國,1,3182612707229,La Corvette法國普羅旺斯香氛皂-羊奶100g(平行進口),multipass-v1-lexical,373e0ce20215d71dcabbbc621467b5ca305632be55a597e0bc9b587bc775b755
H8203001_S_gm245b,G5_016c6d8f9b3f64b7,小柑家品 配件 規格未知 (中國),1,小柑家品,accessory,,中國,1,,壁掛式瀝水肥皂架 百潔布架 免打孔,multipass-v1-lexical,373e0ce20215d71dcabbbc621467b5ca305632be55a597e0bc9b587bc775b755
H8203001_S_gm419,G5_e8722b3878d71410,KORMESIC 成分·沐浴·油成 香皂 100g (中國),1,KORMESIC,soap_bar,100g,中國,1,,羊奶皂 羊奶補濕肥皂 可沐浴 洗臉 洗手 富含羊奶及大豆油成分 溫和滋潤皂,multipass-v1-lexical,373e0ce20215d71dcabbbc621467b5ca305632be55a597e0bc9b587bc775b755
H8257001_S_hm0641_0160,G5_1f9904114c2ee386,使用·日期 香皂 100g (中國),1,,soap_bar,100g,中國,1,,沉香皂 100g #新舊包裝隨機發貨 平行進口 此日期或之前使用：2027年03月15日,multipass-v1-lexical,373e0ce20215d71dcabbbc621467b5ca305632be55a597e0bc9b587bc775b755
H8347001_S_DOVE-005,G5_ec338e336613d995,多芬 dove·柔膚·滋養 香皂 106g (美國),1,多芬,soap_bar,106g,美國,16,,Dove 多芬 - 經典柔膚滋養美容皂 (106克 x 16塊) 01872 (平行進口),multipass-v1-lexical,373e0ce20215d71dcabbbc621467b5ca305632be55a597e0bc9b587bc775b755
H8391001_S_AW0117,G5_34b0fa08cf7a0218,THANN 香木米糠 香皂 100g (泰國),1,THANN,soap_bar,100g,泰國,1,,天然香木米糠皂 100g,multipass-v1-lexical,373e0ce20215d71dcabbbc621467b5ca305632be55a597e0bc9b587bc775b755
H8391001_S_OE0111,G5_0428611a46834a02,THANN 東方米糠 香皂 100g (泰國),1,THANN,soap_bar,100g,泰國,1,,天然東方米糠皂 100g (新舊包裝隨機發送),multipass-v1-lexical,373e0ce20215d71dcabbbc621467b5ca305632be55a597e0bc9b587bc775b755
H8391001_S_RC0106,G5_de3959fc860c3167,THANN 純米 香皂 100g (泰國),1,THANN,soap_bar,100g,泰國,1,,純米天然米糠皂 100g (新舊包裝隨機發送),multipass-v1-lexical,373e0ce20215d71dcabbbc621467b5ca305632be55a597e0bc9b587bc775b755
H8424001_S_4891392106755,G5_e0b61d84cb599e5a,滴露 松木 香皂 100g (中國),1,滴露,soap_bar,100g,中國,1,4891392106755,- 滴露經典松木香皂 100g 4 送 1優惠裝 [原裝正貨](新舊包裝隨機發貨),multipass-v1-lexical,373e0ce20215d71dcabbbc621467b5ca305632be55a597e0bc9b587bc775b755
H8424001_S_6297000323060,G5_aa7de67c67c17168,加信氏 皇室 香皂 110g (中國),1,加信氏,soap_bar,110g,中國,4,6297000323060,- 加信氏 皇室香皂110g 4個裝新舊包裝隨機發貨,multipass-v1-lexical,373e0ce20215d71dcabbbc621467b5ca305632be55a597e0bc9b587bc775b755
H8427001_S_9329401000428,G5_2b778556442d3a1d,THE GOAT SKINCARE 山羊奶·洋甘菊 香皂 100g (澳洲),1,THE GOAT SKINCARE,soap_bar,100g,澳洲,1,9329401000428,山羊奶皂 洋甘菊味 100g (平行進口),multipass-v1-lexical,373e0ce20215d71dcabbbc621467b5ca305632be55a597e0bc9b587bc775b755
H8427001_S_9349254002011-01,G5_901e8343e0e741ae,Goat Soap 山羊奶·原味 香皂 24pc (澳洲),1,Goat Soap,soap_bar,24pc,澳洲,24,,【*24 pcs】純天然山羊奶皂 - 原味 100克  (平行進口),multipass-v1-lexical,373e0ce20215d71dcabbbc621467b5ca305632be55a597e0bc9b587bc775b755
H8427001_S_9349254002028-01,G5_e04f61bb206de1a3,Goat Soap 山羊奶·檸檬香 香皂 24pc (澳洲),1,Goat Soap,soap_bar,24pc,澳洲,24,,【*24 pcs】純天然山羊奶皂 - 檸檬香 100克 (平行進口),multipass-v1-lexical,373e0ce20215d71dcabbbc621467b5ca305632be55a597e0bc9b587bc775b755
H8427001_S_9349254002035-01,G5_04d19334ce46d6a5,Goat Soap 山羊奶·燕麥 香皂 24pc (澳洲),1,Goat Soap,soap_bar,24pc,澳洲,24,,【*24 pcs】純天然山羊奶皂 - 燕麥 100克(平行進口),multipass-v1-lexical,373e0ce20215d71dcabbbc621467b5ca305632be55a597e0bc9b587bc775b755
H8427001_S_9349254002042-01,G5_8b92daa2c8359fed,Goat Soap 麥盧卡蜂蜜·山羊奶 香皂 24pc (澳洲),1,Goat Soap,soap_bar,24pc,澳洲,24,,【*24 pcs】純天然山羊奶皂 - 麥盧卡蜂蜜 100克 (平行進口),multipass-v1-lexical,373e0ce20215d71dcabbbc621467b5ca305632be55a597e0bc9b587bc775b755
H8427001_S_9349254002059-01,G5_10aba36f585f9c1c,Goat Soap 摩洛哥堅果油·山羊奶 香皂 24pc (澳洲),1,Goat Soap,soap_bar,24pc,澳洲,24,,【*24 pcs】純天然山羊奶皂 - 摩洛哥堅果油 100克 (平行進口),multipass-v1-lexical,373e0ce20215d71dcabbbc621467b5ca305632be55a597e0bc9b587bc775b755
H8427001_S_9349254002066-01,G5_eddc176a324e91aa,Goat Soap 山羊奶·椰子油 香皂 24pc (澳洲),1,Goat Soap,soap_bar,24pc,澳洲,24,,【*24 pcs】純天然山羊奶皂 - 椰子油 100克 (平行進口),multipass-v1-lexical,373e0ce20215d71dcabbbc621467b5ca305632be55a597e0bc9b587bc775b755
H8427001_S_9400541044029-01,G5_9ff88487662bfb90,Protex 香皂 90g (泰國),1,Protex,soap_bar,90g,泰國,1,,【破損特價】溫和抗菌皂 90G (平行進口),multipass-v1-lexical,373e0ce20215d71dcabbbc621467b5ca305632be55a597e0bc9b587bc775b755
H8427001_S_9556031064227-01,G5_5db3872255e26676,Protex 清新 香皂 90g (泰國),1,Protex,soap_bar,90g,泰國,1,,【破損特價】清新香味 抗菌皂 90g(平行進口),multipass-v1-lexical,373e0ce20215d71dcabbbc621467b5ca305632be55a597e0bc9b587bc775b755
H8461001_S_NL0004,G5_4bf6f562b20f19d9f7,Natural Life 麥蘆卡蜂蜜蜂膠·有效期 香皂 100g (澳洲),1,Natural Life,soap_bar,100g,澳洲,1,,麥蘆卡蜂蜜蜂膠皂 100g 有效期 9/2026,multipass-v1-lexical,373e0ce20215d71dcabbbc621467b5ca305632be55a597e0bc9b587bc775b755
H8513003_S_Ehome-2011,G5_caafde83b805c974,牛奶 皂紙 規格未知 (中國),1,,soap_paper,,中國,1,,"(藍色牛奶味) 便攜香皂紙, 兒童洗手香皂片, 外出旅行, 防疫衛生殺菌, 一次性番梘紙, 花瓣香皂紙片",multipass-v1-lexical,373e0ce20215d71dcabbbc621467b5ca305632be55a597e0bc9b587bc775b755
H8513003_S_Ehome-2012,G5_46b8a0ba8ab5c371,玫瑰味 皂紙 規格未知 (中國),1,,soap_paper,,中國,1,,"(粉色玫瑰味) 便攜香皂紙, 兒童洗手香皂片, 外出旅行, 防疫衛生殺菌, 一次性番梘紙, 花瓣香皂紙片",multipass-v1-lexical,373e0ce20215d71dcabbbc621467b5ca305632be55a597e0bc9b587bc775b755
H8562001_S_13So01MaA0701,G5_1c3cdb0f025baf09,Freedom 日期·曲酸·最佳 香皂 140g (中國),1,Freedom,soap_bar,140g,中國,1,,美白曲酸皂條，140g [此日期前最佳 08日03月2027年 ],multipass-v1-lexical,373e0ce20215d71dcabbbc621467b5ca305632be55a597e0bc9b587bc775b755
H8562001_S_13So01Ona0103,G5_c3b5e8e3f4721fe2,O NATURALS 死海泥·綠色 潔面 114g (以色列),1,O NATURALS,face_cleanser,114g,以色列,3,,（3 件裝）死海泥和綠色粘土天然香皂潔面乳，每件 114 克 (新舊包裝隨機發貨),multipass-v1-lexical,373e0ce20215d71dcabbbc621467b5ca305632be55a597e0bc9b587bc775b755
H8699001_S_L100031,G5_d60c211dfae1e6e5,妮維雅 牛奶 沐浴露 340ml (日本),1,妮維雅,body_wash,340ml,日本,2,,Creme Care 牛奶滋潤沐浴乳 白皂香味 補充裝 340ML X 2,multipass-v1-lexical,373e0ce20215d71dcabbbc621467b5ca305632be55a597e0bc9b587bc775b755
H8699001_S_L100037,G5_3dd0de2830993bcc,Naïve 沐浴露 360ml (日本),1,Naïve,body_wash,360ml,日本,2,,多啦A夢Kracie Naive  沐浴露補充裝  360ML X 2 (藍),multipass-v1-lexical,373e0ce20215d71dcabbbc621467b5ca305632be55a597e0bc9b587bc775b755
H8699001_S_L100038,G5_6c383d2ee19c32c8,Naïve 泡沫 沐浴露 480ml (日本),1,Naïve,body_wash,480ml,日本,2,,多啦A夢Kracie Naive 泡沫沐浴露補充裝(黃)  480ML X 2,multipass-v1-lexical,373e0ce20215d71dcabbbc621467b5ca305632be55a597e0bc9b587bc775b755
H8699001_S_L100129,G5_9f9c44b6730c445c,Mitsuei pure·小蒼蘭 沐浴露 500ml (日本),1,Mitsuei,body_wash,500ml,日本,1,,日本Pure Body  小蒼蘭香味 沐浴露 500ML,multipass-v1-lexical,373e0ce20215d71dcabbbc621467b5ca305632be55a597e0bc9b587bc775b755
H8699001_S_L100130,G5_9b340c08145d410f,Mitsuei pure·茉莉花 沐浴露 500ml (日本),1,Mitsuei,body_wash,500ml,日本,1,,日本Pure Body  茉莉花香味 沐浴露 500ML,multipass-v1-lexical,373e0ce20215d71dcabbbc621467b5ca305632be55a597e0bc9b587bc775b755
H8708001_S_PC5010_Bx6,G5_2fd95bd5bf9d4126,藍色 皂紙 20pc (中國),1,,soap_paper,20pc,中國,1,,[20片裝] 藍色 盒裝 便攜香皂紙 戶外洗手香皂片紙 肥皂片 [平行進口] [6件販量裝],multipass-v1-lexical,373e0ce20215d71dcabbbc621467b5ca305632be55a597e0bc9b587bc775b755
H8708001_S_PC5010_Fx6,G5_e4de9668e54306de,紫色 皂紙 20pc (中國),1,,soap_paper,20pc,中國,1,,[20片裝] 紫色 盒裝 便攜香皂紙 戶外洗手香皂片紙 肥皂片 [平行進口] [6件販量裝],multipass-v1-lexical,373e0ce20215d71dcabbbc621467b5ca305632be55a597e0bc9b587bc775b755
H8734001_S_Dor_care_body_soap,G5_8511a84bad9fc792,Camellia D’or 油乳木果油·山茶 香皂 規格未知 (中國),1,Camellia D’or,soap_bar,,中國,1,,Camellia D’or 山茶油乳木果油手工皂,multipass-v1-lexical,373e0ce20215d71dcabbbc621467b5ca305632be55a597e0bc9b587bc775b755
H8765001_S_25154,G5_d6cd9b43028df119,GOONGBE 兒童 香皂 90g (韓國),1,GOONGBE,soap_bar,90g,韓國,1,,宮中秘策 兒童溫和香皂 90g | 平行進口商品,multipass-v1-lexical,373e0ce20215d71dcabbbc621467b5ca305632be55a597e0bc9b587bc775b755
H8782002_S_8858891600715,G5_fc8910475ccd5ce6,泰國 香皂 65g (泰國),1,,soap_bar,65g,泰國,1,8858891600715,泰國製造JAM 手工米乳皂65g (平行進口貨),multipass-v1-lexical,373e0ce20215d71dcabbbc621467b5ca305632be55a597e0bc9b587bc775b755
H8822001_S_SIBUSOAP_2051,G5_0adbc573e56ee7c3,SIBU 沐浴·潔面 香皂 100g (美國),1,SIBU,soap_bar,100g,美國,1,,沙棘潔面及沐浴皂 100g,multipass-v1-lexical,373e0ce20215d71dcabbbc621467b5ca305632be55a597e0bc9b587bc775b755
H8848001_S_STL_003,G5_33808cc0866c8f92,聖樂 日期·最佳·清涼 香皂 100g (泰國),1,聖樂,soap_bar,100g,泰國,1,,清涼適香皂100g [香港行貨] 泰國蛇牌 | 肥皂 *此日期前最佳: 2027年5月16日,multipass-v1-lexical,373e0ce20215d71dcabbbc621467b5ca305632be55a597e0bc9b587bc775b755
H8867001_S_52224014,G5_56bc12a9f7d1c879,alverde 艾薇德·草精油·馬鞭草 香皂 100g (德國),1,alverde,soap_bar,100g,德國,1,,艾薇德 有機檸檬馬鞭草精油肥皂 (100克) 平行進口,multipass-v1-lexical,373e0ce20215d71dcabbbc621467b5ca305632be55a597e0bc9b587bc775b755
H8867001_S_PEN0005,G5_79fba7d78bd87a2b,PENATEN 嬰兒·潤膚·蜜糖 香皂 90g (歐盟),1,PENATEN,soap_bar,90g,歐盟,1,,牧羊人 嬰兒溫和蜜糖潤膚肥皂 90g #嬰兒蜜糖皂,multipass-v1-lexical,373e0ce20215d71dcabbbc621467b5ca305632be55a597e0bc9b587bc775b755
H8976001_S_809280018602,G5_612030a5d2c5babc,Fresh 新日期·馥蕾詩·馬鞭草 香皂 250g (法國),1,Fresh,soap_bar,250g,法國,1,,【香港行貨】【新日期】馥蕾詩馬鞭草瑰麗香皂250g,multipass-v1-lexical,373e0ce20215d71dcabbbc621467b5ca305632be55a597e0bc9b587bc775b755
H8999001_S_LZ_soap_4710942103153,G5_fe0436e583638362,里仁 香皂 100g (台灣),1,里仁,soap_bar,100g,台灣,1,4710942103153,素皂,multipass-v1-lexical,373e0ce20215d71dcabbbc621467b5ca305632be55a597e0bc9b587bc775b755
H8999001_S_LZ_soap_4710942103184,G5_17ebef3b2ad46ce3,里仁 蘆薈 香皂 規格未知 (台灣),1,里仁,soap_bar,,台灣,1,4710942103184,蘆薈手工皂,multipass-v1-lexical,373e0ce20215d71dcabbbc621467b5ca305632be55a597e0bc9b587bc775b755
H8999001_S_LZ_soap_4710942103450,G5_41fa3c719399b1cb,里仁 洗髮皂 規格未知 (台灣),1,里仁,shampoo_bar,,台灣,1,4710942103450,養護洗髮皂,multipass-v1-lexical,373e0ce20215d71dcabbbc621467b5ca305632be55a597e0bc9b587bc775b755
H8999001_S_LZ_soap_4710942104075,G5_cbade17573ad0f5f,里仁 平衡 洗髮皂 250ml (台灣),1,里仁,shampoo_bar,250ml,台灣,1,4710942104075,平衡洗髮皂,multipass-v1-lexical,373e0ce20215d71dcabbbc621467b5ca305632be55a597e0bc9b587bc775b755
H9071001_S_SKN5022026590001,G5_89d3161202d05018,Cubed HK 金盞花·潔膚 香皂 100g (美國),1,Cubed HK,soap_bar,100g,美國,1,,金盞花舒緩潔膚皂 100g,multipass-v1-lexical,373e0ce20215d71dcabbbc621467b5ca305632be55a597e0bc9b587bc775b755
H9125001_S_10800175,G5_c5e78933b10eadc9,Alterra 紅石榴 香皂 100g (德國),1,Alterra,soap_bar,100g,德國,1,,Alterra 德國天然有機紅石榴肥皂(平行進口),multipass-v1-lexical,373e0ce20215d71dcabbbc621467b5ca305632be55a597e0bc9b587bc775b755
H9125001_S_10800180,G5_692b7396eddccacd,Alterra 薰衣草 香皂 100g (德國),1,Alterra,soap_bar,100g,德國,1,,Alterra 德國天然有機薰衣草肥皂 (平行進口),multipass-v1-lexical,373e0ce20215d71dcabbbc621467b5ca305632be55a597e0bc9b587bc775b755
H9125001_S_10800181,G5_74a14f2ba8ac8a98,Alterra 香皂 100g (德國),1,Alterra,soap_bar,100g,德國,1,,Alterra 德國天然有機香橙肥皂 (平行進口),multipass-v1-lexical,373e0ce20215d71dcabbbc621467b5ca305632be55a597e0bc9b587bc775b755
H9125001_S_10800196,G5_5496c2dd930d80d1,Alterra 植物 香皂 100g (德國),1,Alterra,soap_bar,100g,德國,1,,Alterra 德國天然有機植物肥皂(平行進口) 新!,multipass-v1-lexical,373e0ce20215d71dcabbbc621467b5ca305632be55a597e0bc9b587bc775b755
H9125001_S_10900199,G5_56bc12a9f7d1c87910,alverde 馬鞭草 香皂 100g (德國),1,alverde,soap_bar,100g,德國,1,,Alverde天然有機馬鞭草皂 *送皂網1個(平行進口),multipass-v1-lexical,373e0ce20215d71dcabbbc621467b5ca305632be55a597e0bc9b587bc775b755
H9125001_S_10900262,G5_bd5a4e7494e04b85,alverde 蜜桃 香皂 100g (德國),1,alverde,soap_bar,100g,德國,1,,Alverde天然有機蜜桃皂 (送皂網1個)(平行進口),multipass-v1-lexical,373e0ce20215d71dcabbbc621467b5ca305632be55a597e0bc9b587bc775b755
H9125001_S_48200101,G5_9fe9a0edc8c5e7de87,PELICAN 黑色素·美臀·蜜桃 香皂 80g (日本),1,PELICAN,soap_bar,80g,日本,1,,蜜桃保濕去角質&黑色素美臀皂,multipass-v1-lexical,373e0ce20215d71dcabbbc621467b5ca305632be55a597e0bc9b587bc775b755
H9125001_S_48200102,G5_40ab7d53891ddeea,PELICAN 沐浴·牛乳 香皂 80g (日本),1,PELICAN,soap_bar,80g,日本,1,,日本抹茶牛乳保濕洗顏沐浴皂 (平行進口),multipass-v1-lexical,373e0ce20215d71dcabbbc621467b5ca305632be55a597e0bc9b587bc775b755
H9125001_S_48200103,G5_3b9e0dfd6733ecd6,PELICAN 草莓牛奶 香皂 80g (日本),1,PELICAN,soap_bar,80g,日本,1,,日本草莓牛奶皂 (平行進口),multipass-v1-lexical,373e0ce20215d71dcabbbc621467b5ca305632be55a597e0bc9b587bc775b755
H9140001_S_G20A_PanOxyl_303160264047,G5_a0664ad53e27a675,PanOxyl 面部和身體·祛痘·肌膚 香皂 113g,1,PanOxyl,soap_bar,113g,,1,,祛痘肥皂番梘 香皂 痤瘡消除身體肥皂 113g [D32] 面部和身體皂10% 過氧化苯甲酰 適用於痤瘡肌膚 平行進口,multipass-v1-lexical,373e0ce20215d71dcabbbc621467b5ca305632be55a597e0bc9b587bc775b755
H9222001_S_bathball-jp967041pl,G5_9ddf50661202c1e3,Targa 洗手 香皂 100g (中國),1,Targa,soap_bar,100g,中國,1,,新幹線玩具洗手皂/肥皂/石鹼/香皂,multipass-v1-lexical,373e0ce20215d71dcabbbc621467b5ca305632be55a597e0bc9b587bc775b755
H9250001_S_A9349254005005,G5_8cb20d1c3eb5429e,Goat Soap 摩洛哥堅果油·麥盧卡蜂蜜·山羊奶 香皂 100g (澳洲),1,Goat Soap,soap_bar,100g,澳洲,6,,GOAT SOAPS 山羊奶皂套装 6隻裝 100g*6（原味、檸檬香、燕麥、麥盧卡蜂蜜、摩洛哥堅果油、椰子油）,multipass-v1-lexical,373e0ce20215d71dcabbbc621467b5ca305632be55a597e0bc9b587bc775b755
H9299001_S_6901404341253_3pcs,G5_55e1a8dac524bd7e,蜂花 硫磺 香皂 125g (中國),1,蜂花,soap_bar,125g,中國,3,6901404341253,【x3件】上海硫磺皂 (紙盒裝) 125克,multipass-v1-lexical,373e0ce20215d71dcabbbc621467b5ca305632be55a597e0bc9b587bc775b755
H9299001_S_6901404712534,G5_db5f14f2847a2e5e,蜂花 梨韻春茶 香皂 125g (中國),1,蜂花,soap_bar,125g,中國,4,6901404712534,香皂 梨韻春茶 (125克 x 4件)【6901404712534】,multipass-v1-lexical,373e0ce20215d71dcabbbc621467b5ca305632be55a597e0bc9b587bc775b755
H9299001_S_6901404812548,G5_3ecb8160377d40aa,蜂花 洛神牡丹 香皂 125g (中國),1,蜂花,soap_bar,125g,中國,4,6901404812548,香皂 洛神牡丹  125克x4件 【6901404812548】,multipass-v1-lexical,373e0ce20215d71dcabbbc621467b5ca305632be55a597e0bc9b587bc775b755
H9299001_S_SD6901404571506,G5_e2dc88dd6fd2add7,泉昌 洗衣皂 150g (中國),1,泉昌,laundry_soap,150g,中國,2,,扇牌洗衣皂 #新包裝 #香港行貨 #泉昌代理 150g*2件,multipass-v1-lexical,373e0ce20215d71dcabbbc621467b5ca305632be55a597e0bc9b587bc775b755
H9299001_S_SOHC-HN001,G5_306fb95a6bb04b0f,泉昌 蜜糖 香皂 100g (中國),1,泉昌,soap_bar,100g,中國,1,,Honeycomb手工蜜糖皂  100g,multipass-v1-lexical,373e0ce20215d71dcabbbc621467b5ca305632be55a597e0bc9b587bc775b755
H9330001_S_PE-SO-01,G5_4fb8cdf12b402c73,膠原蛋白·植物·沐浴 香皂 2pc (日本),1,,soap_bar,2pc,日本,1,,日本製造MAX植物由來保濕溫和沐浴香皂/水解膠原蛋白神經醯胺洗澡肥皂(1包2枚入，平行進口),multipass-v1-lexical,373e0ce20215d71dcabbbc621467b5ca305632be55a597e0bc9b587bc775b755
H9338001_S_D-CP-01,G5_1f64e52736a59ae5,Tanokai 便攜式·薰衣草·旅行 皂紙 50pc (中國),1,Tanokai,soap_paper,50pc,中國,3,,[旅人必備]150片(50片x 3 盒)旅行便攜式肥皂紙 一次性迷你香味隨身攜帶洗手清潔香皂片 混裝發貨  薰衣草 /綠茶/玫瑰（D-CP）,multipass-v1-lexical,373e0ce20215d71dcabbbc621467b5ca305632be55a597e0bc9b587bc775b755
H9357001_S_4891080100034,G5_7dea2ea3723dfeb1,Johnson's 及滋養肌膚 香皂 120g (馬來西亞),1,Johnson's,soap_bar,120g,馬來西亞,3,4891080100034,Johnson's - 香枧 溫和清潔及滋養肌膚 120g×3盒（4891080100034）,multipass-v1-lexical,373e0ce20215d71dcabbbc621467b5ca305632be55a597e0bc9b587bc775b755
H9357001_S_4892368001111,G5_1192dbc0316390c3,棕欖 蘆薈 香皂 115g (泰國),1,棕欖,soap_bar,115g,泰國,4,4892368001111,棕欖自然之選香皂-蘆薈保濕115g×4（4892368001111）,multipass-v1-lexical,373e0ce20215d71dcabbbc621467b5ca305632be55a597e0bc9b587bc775b755
H9357001_S_4892368001135,G5_df7804556f3be984,棕欖 牛乳 香皂 115g (泰國) #df7804,1,棕欖,soap_bar,115g,泰國,4,4892368001135,棕欖自然之選香皂-牛乳嫩膚115g × 4 （4892368001135）,multipass-v1-lexical,373e0ce20215d71dcabbbc621467b5ca305632be55a597e0bc9b587bc775b755
H9357001_S_4897025527393,G5_1ea2fcaf322c0da7,低刺激·嬰兒·無香 未分類 100g,1,,UNKNOWN,100g,,1,4897025527393,嬰兒透明蜜糖梘 100g#無香料低刺激（4897025527393）,multipass-v1-lexical,373e0ce20215d71dcabbbc621467b5ca305632be55a597e0bc9b587bc775b755
H9422001_S_WISHMI-0974,G5_d54995edcbe6fa2e,ONE WITH NATURE 死海泥·潔面·礦物 香皂 198g (約旦),1,ONE WITH NATURE,soap_bar,198g,約旦,1,,約旦 死海泥 礦物 香皂 / 潔面皂 198克 Dead Sea Mud,multipass-v1-lexical,373e0ce20215d71dcabbbc621467b5ca305632be55a597e0bc9b587bc775b755
H9422001_S_WISHMI-0977,G5_de9122c940315666,ONE WITH NATURE 死海·潔面·石榴 香皂 200g (約旦),1,ONE WITH NATURE,soap_bar,200g,約旦,1,,約旦 死海 柚子+石榴 礦物香皂 / 潔面皂 200克 (葡萄柚芭樂),multipass-v1-lexical,373e0ce20215d71dcabbbc621467b5ca305632be55a597e0bc9b587bc775b755
H9422001_S_WISHMI-0980,G5_29f5839308893ebb,ONE WITH NATURE 洋甘菊·死海·潔面 香皂 198g (約旦),1,ONE WITH NATURE,soap_bar,198g,約旦,1,,死海 硫磺 洋甘菊 礦物皂 / 潔面皂  (Sulfur & Chamomile) 198g 平行進口 新舊包裝 隨機出貨,multipass-v1-lexical,373e0ce20215d71dcabbbc621467b5ca305632be55a597e0bc9b587bc775b755
H9467001_S_Sweet_Dream_Soap,G5_af11a5ff78210bf9,AYUR BALA 香皂 100g (泰國),1,AYUR BALA,soap_bar,100g,泰國,1,,甜睡手工肥皂-保濕 (100克),multipass-v1-lexical,373e0ce20215d71dcabbbc621467b5ca305632be55a597e0bc9b587bc775b755
H9481001_S_H2583,G5_ad794a2bf9230d6b,登の家 淡化黑色素·沐浴·蜜桃 香皂 80g (中國),1,登の家,soap_bar,80g,中國,1,,West&Month 蜜桃粉嫩肥皂 私密處粉嫩肥皂 沐浴肥皂 身體清潔美膚皂 淡化黑色素,multipass-v1-lexical,373e0ce20215d71dcabbbc621467b5ca305632be55a597e0bc9b587bc775b755
H9481001_S_H2584,G5_cef7a66ad5314bc7,登の家 防汗 止汗/體香 12pc (中國),1,登の家,deodorant,12pc,中國,1,,【12片】EELHOE 腋下吸汗貼 腋下止汗貼 防汗吸汗貼 超薄吸汗貼 夏季止汗墊 隱形持久（最少至2027-3）,multipass-v1-lexical,373e0ce20215d71dcabbbc621467b5ca305632be55a597e0bc9b587bc775b755
H9481001_S_H2585,G5_95cf493f2c55b93c,登の家 精油·草本 未分類 10ml (中國),1,登の家,UNKNOWN,10ml,中國,1,,South Moon 草本通便塑身精油 潤腸通便精油 緊緻塑形精油 瘦身精油 收肚子 清腸排油,multipass-v1-lexical,373e0ce20215d71dcabbbc621467b5ca305632be55a597e0bc9b587bc775b755
H9481001_S_H3808,G5_397213b2ead734ec,KORMESIC 淡化黑色素·膠原蛋白·維生素 香皂 90g (中國),1,KORMESIC,soap_bar,90g,中國,1,,【90g】KORMESIC 維生素C 膠原蛋白皂 沐浴皂 美白皂 清潔沐浴皂 私密處粉嫩肥皂 沐浴肥皂 身體清潔美膚皂 淡化黑色素【Exp:22/11/2026】,multipass-v1-lexical,373e0ce20215d71dcabbbc621467b5ca305632be55a597e0bc9b587bc775b755
H9481001_S_H4445,G5_75327cab0c4168fb,登の家 日本製·沐浴·粉刺 香皂 100g (日本),1,登の家,soap_bar,100g,日本,1,,【日本製】日本藥用清潔皂 防止體臭藥用肥皂 防粉刺 防汗臭身體清潔護理肥皂 殺菌沐浴皂,multipass-v1-lexical,373e0ce20215d71dcabbbc621467b5ca305632be55a597e0bc9b587bc775b755
H9481001_S_H4968,G5_3ae12a28fb41407c,登の家 平衡·暗瘡·沐浴 香皂 100g (台灣),1,登の家,soap_bar,100g,台灣,1,,【台灣製|針對背部】DR.ITAYA 黑魔法控油保濕美背皂 竹炭背部去痘皂 洗背皂 背部暗瘡清潔肥皂 吸附油脂 去除角質深層清潔身體香皂 淨痘沐浴皂 控油平衡潔膚皂 沐浴皂 去痘皂 背部去痘清潔,multipass-v1-lexical,373e0ce20215d71dcabbbc621467b5ca305632be55a597e0bc9b587bc775b755
H9564001_S_KU05SB06,G5_7547e0504d57e160,LUX 力士·款式 香皂 規格未知 (印尼),1,LUX,soap_bar,,印尼,1,,力士 香皂 6件 [平行進口] (LUX) 款式隨機發貨,multipass-v1-lexical,373e0ce20215d71dcabbbc621467b5ca305632be55a597e0bc9b587bc775b755
H9564001_S_VI06PS100,G5_3f307bd2918305d7,松焦油 香皂 100g (澳洲),1,,soap_bar,100g,澳洲,1,4897037940333,膚癬敵 松焦油皂 100克 (4897037940333),multipass-v1-lexical,373e0ce20215d71dcabbbc621467b5ca305632be55a597e0bc9b587bc775b755
H9564001_S_YH05SS100,G5_a2bcfc29398e6744,潔膚·硫磺 香皂 100g,1,,soap_bar,100g,,1,4897132310581,Y.H.W 天然潔膚 硫磺皂 100克 (4897132310581),multipass-v1-lexical,373e0ce20215d71dcabbbc621467b5ca305632be55a597e0bc9b587bc775b755
H9592001_S_S001__88,G5_b84ccd060419cb86,SHIOK SHOP 洋甘菊·木果 香皂 100g (香港),1,SHIOK SHOP,soap_bar,100g,香港,1,,S#001 乳油木果洋甘菊皂［100G］,multipass-v1-lexical,373e0ce20215d71dcabbbc621467b5ca305632be55a597e0bc9b587bc775b755
H9592001_S_S007__88,G5_f48a92eed69b7b9d,SHIOK SHOP 何首烏 洗髮皂 100g (香港),1,SHIOK SHOP,shampoo_bar,100g,香港,1,,S#007 何首烏苦茶油洗髮皂［100G］,multipass-v1-lexical,373e0ce20215d71dcabbbc621467b5ca305632be55a597e0bc9b587bc775b755
H9592001_S_S009D2__88,G5_6d0ccfa8a45d4021,SHIOK SHOP 滋養·羊奶·酪梨 香皂 90g (香港),1,SHIOK SHOP,soap_bar,90g,香港,1,,S#009D2 酪梨滋養皂 (羊奶配方)［90G］,multipass-v1-lexical,373e0ce20215d71dcabbbc621467b5ca305632be55a597e0bc9b587bc775b755
H9592001_S_S010C__78,G5_6e4c1bd7aa95a51f,SHIOK SHOP 平安·改良·艾草 香皂 90g (香港),1,SHIOK SHOP,soap_bar,90g,香港,1,,S#010C 艾草平安皂 (改良配方)［90G］,multipass-v1-lexical,373e0ce20215d71dcabbbc621467b5ca305632be55a597e0bc9b587bc775b755
H9592001_S_S011B__78,G5_d6a52d53a65d08c7,SHIOK SHOP 金盞花 香皂 90g (香港),1,SHIOK SHOP,soap_bar,90g,香港,1,,S#011B 金盞花皂［90G］,multipass-v1-lexical,373e0ce20215d71dcabbbc621467b5ca305632be55a597e0bc9b587bc775b755
H9592001_S_S011C__98,G5_ca4c951d26b9f3dc,SHIOK SHOP 金盞花·羊奶 香皂 100g (香港),1,SHIOK SHOP,soap_bar,100g,香港,1,,S#011C 金盞花皂(羊奶配方)［100G］,multipass-v1-lexical,373e0ce20215d71dcabbbc621467b5ca305632be55a597e0bc9b587bc775b755
H9592001_S_S015B__78,G5_8425e2388e4c7391,SHIOK SHOP 改良 香皂 90g (香港),1,SHIOK SHOP,soap_bar,90g,香港,1,,S#015B 小蓖麻皂(改良配方)［90G］,multipass-v1-lexical,373e0ce20215d71dcabbbc621467b5ca305632be55a597e0bc9b587bc775b755
H9592001_S_S016B__88,G5_93fe46aa60d789c6,SHIOK SHOP 紫草 香皂 90g (香港),1,SHIOK SHOP,soap_bar,90g,香港,1,,S#016B 紫草皂(滋潤配方)［90G］,multipass-v1-lexical,373e0ce20215d71dcabbbc621467b5ca305632be55a597e0bc9b587bc775b755
H9592001_S_S017B__78,G5_e23504ce6aa426f7,SHIOK SHOP 蜂蜜 香皂 90g (香港),1,SHIOK SHOP,soap_bar,90g,香港,1,,S#017B 蜂蜜甜杏滋潤皂［90G］,multipass-v1-lexical,373e0ce20215d71dcabbbc621467b5ca305632be55a597e0bc9b587bc775b755
H9592001_S_S022B__88,G5_d2a9d26eb188cd08,SHIOK SHOP 薰衣草 香皂 100g (香港),1,SHIOK SHOP,soap_bar,100g,香港,1,,S#022B 薰衣草甜睡皂［100G］,multipass-v1-lexical,373e0ce20215d71dcabbbc621467b5ca305632be55a597e0bc9b587bc775b755
H9592001_S_S024__78,G5_40815354d75ad8ea,SHIOK SHOP 咖啡·沐浴 香皂 90g (香港),1,SHIOK SHOP,soap_bar,90g,香港,1,,S#024 咖啡角質沐浴皂［90G］,multipass-v1-lexical,373e0ce20215d71dcabbbc621467b5ca305632be55a597e0bc9b587bc775b755
H9592001_S_S025__88,G5_f64bca64dc33f03c,SHIOK SHOP 消炎 香皂 90g (香港),1,SHIOK SHOP,soap_bar,90g,香港,1,,S#025 苦瓜消炎抗痘皂［90G］,multipass-v1-lexical,373e0ce20215d71dcabbbc621467b5ca305632be55a597e0bc9b587bc775b755
H9592001_S_S028__78,G5_95da7e4d170773cd,SHIOK SHOP 平安 香皂 90g (香港),1,SHIOK SHOP,soap_bar,90g,香港,1,,S#028 碌柚葉平安皂［90G］,multipass-v1-lexical,373e0ce20215d71dcabbbc621467b5ca305632be55a597e0bc9b587bc775b755
H9592001_S_S031B__88,G5_3e858409008e99bc,SHIOK SHOP 啤酒 洗髮皂 100g (香港),1,SHIOK SHOP,shampoo_bar,100g,香港,1,,S#031B 啤酒洗髮皂［100G］,multipass-v1-lexical,373e0ce20215d71dcabbbc621467b5ca305632be55a597e0bc9b587bc775b755
H9592001_S_S032__78,G5_e916a05e25d943b1,SHIOK SHOP 沐浴·玫瑰·青黛 香皂 90g (香港),1,SHIOK SHOP,soap_bar,90g,香港,1,,S#032 玫瑰果青黛沐浴皂［90G］,multipass-v1-lexical,373e0ce20215d71dcabbbc621467b5ca305632be55a597e0bc9b587bc775b755
H9592001_S_S034__88,G5_0db6528558b84add,SHIOK SHOP 燕麥·牛乳·蜂蜜 香皂 100g (香港),1,SHIOK SHOP,soap_bar,100g,香港,1,,S#034 蜂蜜燕麥牛乳皂［100G］,multipass-v1-lexical,373e0ce20215d71dcabbbc621467b5ca305632be55a597e0bc9b587bc775b755
H9592001_S_S045B__88,G5_d1bfe0212dd0de20,SHIOK SHOP 魚腥草 香皂 100g (香港),1,SHIOK SHOP,soap_bar,100g,香港,1,,S#045B 魚腥草止痕皂［100G］,multipass-v1-lexical,373e0ce20215d71dcabbbc621467b5ca305632be55a597e0bc9b587bc775b755
H9592001_S_S049__78,G5_7c6f2e067b63c14e,SHIOK SHOP 菊花散 洗髮皂 100g (香港),1,SHIOK SHOP,shampoo_bar,100g,香港,1,,S#049 菊花散洗髮皂［100G］,multipass-v1-lexical,373e0ce20215d71dcabbbc621467b5ca305632be55a597e0bc9b587bc775b755
H9592001_S_S053B__78,G5_24a6247078c3e845,SHIOK SHOP 玫瑰 香皂 90g (香港),1,SHIOK SHOP,soap_bar,90g,香港,1,,S#053B 玫瑰修護保濕皂［90G］,multipass-v1-lexical,373e0ce20215d71dcabbbc621467b5ca305632be55a597e0bc9b587bc775b755
H9592001_S_S057__78,G5_53d91c4ac02943f0,SHIOK SHOP 左手香·消炎 香皂 90g (香港),1,SHIOK SHOP,soap_bar,90g,香港,1,,S#057 左手香消炎抗菌皂［90G］,multipass-v1-lexical,373e0ce20215d71dcabbbc621467b5ca305632be55a597e0bc9b587bc775b755
H9592001_S_S062__88,G5_b3c0f1115966af58,SHIOK SHOP 山茶花·蕁麻 洗髮皂 100g (香港),1,SHIOK SHOP,shampoo_bar,100g,香港,1,,S#062 山茶花蕁麻洗髮皂［100G］,multipass-v1-lexical,373e0ce20215d71dcabbbc621467b5ca305632be55a597e0bc9b587bc775b755
H9592001_S_S063__88,G5_678070bfbddf6df8,SHIOK SHOP 香皂 100g (香港),1,SHIOK SHOP,soap_bar,100g,香港,1,,S#063 甘草潤澤舒緩皂［100G］,multipass-v1-lexical,373e0ce20215d71dcabbbc621467b5ca305632be55a597e0bc9b587bc775b755
H9592001_S_S065__88,G5_927b057352492d87,SHIOK SHOP 咖啡 洗髮皂 90g (香港),1,SHIOK SHOP,shampoo_bar,90g,香港,1,,S#065 咖啡薑汁活髮皂［90G］,multipass-v1-lexical,373e0ce20215d71dcabbbc621467b5ca305632be55a597e0bc9b587bc775b755
H9592001_S_S066__88,G5_c7950c05c0027a8d,SHIOK SHOP 左手香·雪松 洗髮皂 100g (香港),1,SHIOK SHOP,shampoo_bar,100g,香港,1,,S#066 左手香雪松洗髮皂［100G］,multipass-v1-lexical,373e0ce20215d71dcabbbc621467b5ca305632be55a597e0bc9b587bc775b755
H9592001_S_S070__98,G5_b892bb791d2a9d79,SHIOK SHOP 羊奶 香皂 100g (香港),1,SHIOK SHOP,soap_bar,100g,香港,1,,S#070 羊奶黑糖保濕皂［100G］,multipass-v1-lexical,373e0ce20215d71dcabbbc621467b5ca305632be55a597e0bc9b587bc775b755
H9592001_S_S072__78,G5_ccd9926e3c6aa178,SHIOK SHOP 酪梨 潔面 90g (香港),1,SHIOK SHOP,face_cleanser,90g,香港,1,,S#072 酪梨卸妝皂［90G］,multipass-v1-lexical,373e0ce20215d71dcabbbc621467b5ca305632be55a597e0bc9b587bc775b755
H9592001_S_S076__88,G5_060d1368debe6c7a,SHIOK SHOP 牛乳 香皂 90g (香港),1,SHIOK SHOP,soap_bar,90g,香港,1,,S#076 3.6牛乳七子白美肌皂［90G］,multipass-v1-lexical,373e0ce20215d71dcabbbc621467b5ca305632be55a597e0bc9b587bc775b755
H9601001_S_YFN1001,G5_08a8953cc2000452,Faith in Nature 蘆薈 香皂 100g (英國),1,Faith in Nature,soap_bar,100g,英國,1,,蘆薈依蘭(Ylang Ylang)香皂100g (平行進口),multipass-v1-lexical,373e0ce20215d71dcabbbc621467b5ca305632be55a597e0bc9b587bc775b755
H9601001_S_YFN1002,G5_49a0489fca19f775,Faith in Nature 香皂 100g (英國),1,Faith in Nature,soap_bar,100g,英國,1,,天然無香味香皂100g (平行進口),multipass-v1-lexical,373e0ce20215d71dcabbbc621467b5ca305632be55a597e0bc9b587bc775b755
H9601001_S_YFN1003,G5_ea772536ebaa9d28,Faith in Nature 火龍果 香皂 100g (英國),1,Faith in Nature,soap_bar,100g,英國,1,,火龍果(Dragon Fruit)香皂100g (平行進口),multipass-v1-lexical,373e0ce20215d71dcabbbc621467b5ca305632be55a597e0bc9b587bc775b755
H9601001_S_YFN1004,G5_1fbf63fbc68246c7,Faith in Nature 薰衣草 香皂 100g (英國),1,Faith in Nature,soap_bar,100g,英國,1,,薰衣草(Lavender)香皂100g (平行進口),multipass-v1-lexical,373e0ce20215d71dcabbbc621467b5ca305632be55a597e0bc9b587bc775b755
H9601001_S_YFN1005,G5_84c37b1ca7b3a3f0,Faith in Nature 茶樹 香皂 100g (英國),1,Faith in Nature,soap_bar,100g,英國,1,,茶樹(Tea Tree)香皂100g (平行進口),multipass-v1-lexical,373e0ce20215d71dcabbbc621467b5ca305632be55a597e0bc9b587bc775b755
H9653001_S_60019,G5_46035a7ab7b6f9c4,NAJEL 敘利亞阿勒頗·琥珀沉香·月桂油 香皂 150g (阿拉伯敘利亞共和國(敘利亞)),1,NAJEL,soap_bar,150g,阿拉伯敘利亞共和國(敘利亞),1,,琥珀沉香 阿勒坡手工古皂 150g｜橄欖和月桂油香皂｜香港行貨 敘利亞阿勒頗製造,multipass-v1-lexical,373e0ce20215d71dcabbbc621467b5ca305632be55a597e0bc9b587bc775b755
H9653001_S_60888,G5_120abadfd2b53e11,NAJEL 敘利亞阿勒頗·月桂油·潔面 香皂 200g (阿拉伯敘利亞共和國(敘利亞)),1,NAJEL,soap_bar,200g,阿拉伯敘利亞共和國(敘利亞),1,,阿勒頗天然手工古皂 12% 月桂油 200g｜香港行貨 敘利亞阿勒頗製造 | 天然香皂 手工皂 潔面,multipass-v1-lexical,373e0ce20215d71dcabbbc621467b5ca305632be55a597e0bc9b587bc775b755
H9737001_S_natural_Olivos_milksoap_goat_150,G5_50ab213fcb4fa6d2,OLIVOS 山羊奶 香皂 150g (土耳其),1,OLIVOS,soap_bar,150g,土耳其,1,,山羊奶皂(送皂袋）- 150克,multipass-v1-lexical,373e0ce20215d71dcabbbc621467b5ca305632be55a597e0bc9b587bc775b755
H9737001_S_natural_Olivos_milksoap_wholemilk_150,G5_73325ffbe36323c5,OLIVOS 潔膚 香皂 150g (土耳其),1,OLIVOS,soap_bar,150g,土耳其,1,,純有機奶潔膚皂(送皂袋) 150克,multipass-v1-lexical,373e0ce20215d71dcabbbc621467b5ca305632be55a597e0bc9b587bc775b755
H9737001_S_natural_Olivos_soap_honey_250,G5_a6ff126e3640e72c,OLIVOS 蜂蜜 香皂 250g (土耳其),1,OLIVOS,soap_bar,250g,土耳其,1,,Zeyteen秘密花園 - 蜂蜜香皂 - 250克,multipass-v1-lexical,373e0ce20215d71dcabbbc621467b5ca305632be55a597e0bc9b587bc775b755
H9737001_S_natural_Olivos_spasoap_seaweed_250,G5_fcd7ee46968e947f,OLIVOS 海藻·礦物 香皂 250g (土耳其),1,OLIVOS,soap_bar,250g,土耳其,1,,水療系列 - 海藻礦物香皂- 250克,multipass-v1-lexical,373e0ce20215d71dcabbbc621467b5ca305632be55a597e0bc9b587bc775b755
H9737001_S_natural_nesossoap_nettle,G5_114c6c0b2e109eeb,NESOS SOAP 蕁麻 香皂 100g (土耳其),1,NESOS SOAP,soap_bar,100g,土耳其,1,,蕁麻香皂-100克,multipass-v1-lexical,373e0ce20215d71dcabbbc621467b5ca305632be55a597e0bc9b587bc775b755
H9737001_S_natural_nesossoap_sage,G5_1b0696fe823e64ca,NESOS SOAP 鼠尾草 香皂 100g (土耳其),1,NESOS SOAP,soap_bar,100g,土耳其,1,,鼠尾草香皂-100克,multipass-v1-lexical,373e0ce20215d71dcabbbc621467b5ca305632be55a597e0bc9b587bc775b755
H9737001_S_nm_alepia_aleppo_soap_25,G5_e08ee0def011479a,Alepia 阿勒坡 香皂 190g (阿拉伯敘利亞共和國(敘利亞)),1,Alepia,soap_bar,190g,阿拉伯敘利亞共和國(敘利亞),1,,阿勒坡手工皂 25% 190g,multipass-v1-lexical,373e0ce20215d71dcabbbc621467b5ca305632be55a597e0bc9b587bc775b755
H9801001_S_B1383,G5_9588cdc57e46753c,Tom's OF MAINE 摩洛哥堅果油·橙花·美容 香皂 141g (美國),1,Tom's OF MAINE,soap_bar,141g,美國,1,,天然美容香皂 橙花 & 摩洛哥堅果油 141g [平行進口],multipass-v1-lexical,373e0ce20215d71dcabbbc621467b5ca305632be55a597e0bc9b587bc775b755
H9801001_S_B1384,G5_ed1ffb3e61e97579,Tom's OF MAINE 乳木果油·薰衣草·美容 香皂 141g (美國),1,Tom's OF MAINE,soap_bar,141g,美國,1,,天然美容香皂 薰衣草&乳木果油 141g   [平行進口],multipass-v1-lexical,373e0ce20215d71dcabbbc621467b5ca305632be55a597e0bc9b587bc775b755
H9801001_S_B1387,G5_24f1dd48c4933e2b,Zum Bar 薰衣草·迷迭香·羊奶 香皂 85.05g (美國),1,Zum Bar,soap_bar,85.05g,美國,1,,手工羊奶香皂 薰衣草&迷迭香 3oz   [平行進口],multipass-v1-lexical,373e0ce20215d71dcabbbc621467b5ca305632be55a597e0bc9b587bc775b755
H9822001_S_WW085-safeguard-100glemon,G5_4b03a080ec278990,Safeguard 檸檬·洗去·細菌 香皂 100g (中國),1,Safeguard,soap_bar,100g,中國,1,,舒膚佳除臭香皂/洗去細菌/100g - 檸檬,multipass-v1-lexical,373e0ce20215d71dcabbbc621467b5ca305632be55a597e0bc9b587bc775b755
H9822001_S_WW086-FrenchMillScentedSoap-Rose,G5_90348bf773b3200d,WANTAT 部和身體·冷壓·女士 香皂 200g (中國),1,WANTAT,soap_bar,200g,中國,1,,韩宝莉手工皂/有机純天然/手工製作/男士和女士純素香皂/冷壓面部/手部和身體/多種香味/200g - 玫瑰,multipass-v1-lexical,373e0ce20215d71dcabbbc621467b5ca305632be55a597e0bc9b587bc775b755
H9824001_S_309001,G5_f2ee7570f2b9cc85,尚吉品 洗澡沐浴·男女士·抑菌 香皂 85g (中國),1,尚吉品,soap_bar,85g,中國,2,,(清貨特價 機會難逢) 上海硫磺皂 抑菌 去除蟎蟲香皂 男女士洗臉 洗澡沐浴香皂 85克x2塊 309001 此日期前最佳 : 2028年7月12日,multipass-v1-lexical,373e0ce20215d71dcabbbc621467b5ca305632be55a597e0bc9b587bc775b755
H9942001_S_CLN_005,G5_d8ab3f6c636ac880,台鹽生技 海藻 香皂 130g (台灣),1,台鹽生技,soap_bar,130g,台灣,1,,蓓舒美海藻潤澤皂 130g 3入 [平行進口],multipass-v1-lexical,373e0ce20215d71dcabbbc621467b5ca305632be55a597e0bc9b587bc775b755
H9942001_S_CLN_006,G5_3ccb82282479e84e,台鹽生技 海鹽 香皂 130g (台灣),1,台鹽生技,soap_bar,130g,台灣,1,,蓓舒美海鹽淨膚皂 130g 3入 [平行進口],multipass-v1-lexical,373e0ce20215d71dcabbbc621467b5ca305632be55a597e0bc9b587bc775b755
H9942001_S_CLN_007,G5_8a3d8aa344ec21ca,沐浴·洗手·清爽 香皂 100g (台灣),1,,soap_bar,100g,台灣,1,,臺灣茶摳 茶樹抗菌皂 100g 3入 清爽潔淨 沐浴洗手適用 [平行進口],multipass-v1-lexical,373e0ce20215d71dcabbbc621467b5ca305632be55a597e0bc9b587bc775b755
H9942001_S_CLN_008,G5_693d3e0e5851aa8e,鳶尾花 香皂 110g (台灣),1,,soap_bar,110g,台灣,1,,臺灣茶摳 鳶尾花潤澤滋養皂 110g 3入 [平行進口],multipass-v1-lexical,373e0ce20215d71dcabbbc621467b5ca305632be55a597e0bc9b587bc775b755
H9942001_S_CLN_009,G5_7ebb7dbc8f95641b,小蒼蘭·滋養 香皂 110g (台灣),1,,soap_bar,110g,台灣,1,,臺灣茶摳 小蒼蘭水漾滋養皂 110g 3入 [平行進口],multipass-v1-lexical,373e0ce20215d71dcabbbc621467b5ca305632be55a597e0bc9b587bc775b755
H9942001_S_CLN_010,G5_dcbe7044c9510c7f,桃花 香皂 110g (台灣),1,,soap_bar,110g,台灣,1,,臺灣茶摳 桃花嫩白滋養皂 110g 3入 [平行進口],multipass-v1-lexical,373e0ce20215d71dcabbbc621467b5ca305632be55a597e0bc9b587bc775b755
H9990001_S_344,G5_c9bdd376734ee358,loofah·曲酸·絲瓜 香皂 100g (中國),1,,soap_bar,100g,中國,1,,LOOFAH - 曲酸絲瓜手工皂 - 100g,multipass-v1-lexical,373e0ce20215d71dcabbbc621467b5ca305632be55a597e0bc9b587bc775b755
H9990001_S_352,G5_2ce03238867d1df1,PELICAN 暗瘡·祛痘·粉刺 香皂 135g (日本),1,PELICAN,soap_bar,135g,日本,1,,背部粉刺痘痘祛痘香皂 135g 美背 去痘 去暗瘡 平行進口貨品,multipass-v1-lexical,373e0ce20215d71dcabbbc621467b5ca305632be55a597e0bc9b587bc775b755
H9990001_S_406,G5_0123f0988157b667,香皂 100g (中國),1,,soap_bar,100g,中國,1,,姜黄皂 - 手工皂 - 100g,multipass-v1-lexical,373e0ce20215d71dcabbbc621467b5ca305632be55a597e0bc9b587bc775b755
H9990001_S_438,G5_55fd1ca5bd5791c4,曲酸·檸檬·生薑 香皂 100g (中國),1,,soap_bar,100g,中國,1,,薑黃檸檬 曲酸生薑 手工皂 - 100g,multipass-v1-lexical,373e0ce20215d71dcabbbc621467b5ca305632be55a597e0bc9b587bc775b755
H9990001_S_471,G5_abe7c60e8c08989e,miaofutong·原蛋白·維他命 香皂 100g (中國),1,,soap_bar,100g,中國,4,,MIAOFUTONG - 曲酸皂 4盒1 套裝 - 薑黃皂 / 濕潤蜗牛皂 / 檸檬皂 / 碳灰皂 - 維他命 C - 膚質改善 - 胶原蛋白 - 100g * 4塊,multipass-v1-lexical,373e0ce20215d71dcabbbc621467b5ca305632be55a597e0bc9b587bc775b755
H9990001_S_486,G5_afcd46eb29efb0fc,miaofutong·椰子·精油 香皂 100g (中國),1,,soap_bar,100g,中國,1,,MIAOFUTONG - 椰子磨砂粒 手工精油皂 - 100g,multipass-v1-lexical,373e0ce20215d71dcabbbc621467b5ca305632be55a597e0bc9b587bc775b755
H9990001_S_492,G5_97514c46b92cf3eb,艾草 香皂 120g (中國),1,,soap_bar,120g,中國,1,,艾草手工皂 - 120g,multipass-v1-lexical,373e0ce20215d71dcabbbc621467b5ca305632be55a597e0bc9b587bc775b755
H9990001_S_507,G5_775de817411c8726,薰衣草·羊奶 香皂 70g (中國),1,,soap_bar,70g,中國,1,,薰衣草羊奶研磨皂 - 70g,multipass-v1-lexical,373e0ce20215d71dcabbbc621467b5ca305632be55a597e0bc9b587bc775b755
H9990001_S_508,G5_54c156a81b9fb350,何首烏 洗髮皂 120g (中國),1,,shampoo_bar,120g,中國,1,,何首烏黑靈芝烏髮皂 - 120G,multipass-v1-lexical,373e0ce20215d71dcabbbc621467b5ca305632be55a597e0bc9b587bc775b755
H9990001_S_520,G5_70d968aee0687055,洗髮皂 120g (中國),1,,shampoo_bar,120g,中國,1,,Jimfens - 側柏葉 烏斯曼 洗髮皂 - 120g,multipass-v1-lexical,373e0ce20215d71dcabbbc621467b5ca305632be55a597e0bc9b587bc775b755
H9990001_S_530,G5_456c9f7b3ae11983,Soapmax 備長炭·沐浴 香皂 100g (日本),1,Soapmax,soap_bar,100g,日本,3,,備長炭 木炭沐浴香皂 100g x 3 件,multipass-v1-lexical,373e0ce20215d71dcabbbc621467b5ca305632be55a597e0bc9b587bc775b755
H9990001_S_532,G5_54c156a81b9fb35058,何首烏·洗頭 香皂 120g (中國),1,,soap_bar,120g,中國,1,,GREENLEM 何首烏 滋潤柔順髮 洗頭皂 - 120g,multipass-v1-lexical,373e0ce20215d71dcabbbc621467b5ca305632be55a597e0bc9b587bc775b755
H9990001_S_544,G5_457a7b8a22475e46,PELICAN 無添加·馬油 香皂 80g (日本),1,PELICAN,soap_bar,80g,日本,2,,無添加馬油濃密泡泡天然保濕手工香皂 80g (2個裝) [平行進口],multipass-v1-lexical,373e0ce20215d71dcabbbc621467b5ca305632be55a597e0bc9b587bc775b755
H9990001_S_545,G5_898cad4d0fead528,精油·茶樹 香皂 100g (中國),1,,soap_bar,100g,中國,1,,HASSELAN - 茶樹精油香皂 - 100g,multipass-v1-lexical,373e0ce20215d71dcabbbc621467b5ca305632be55a597e0bc9b587bc775b755
H9990001_S_546,G5_832fe87fb336b0cb,膠原 香皂 100g (中國),1,,soap_bar,100g,中國,1,,SKINEVER - 3A 視黃醇膠原美白潔皂 - 100g,multipass-v1-lexical,373e0ce20215d71dcabbbc621467b5ca305632be55a597e0bc9b587bc775b755
H9990001_S_551,G5_7fc235dd9f66be0e,loofah·精油·絲瓜 香皂 100g (中國),1,,soap_bar,100g,中國,1,,LOOFAH - 天然有機絲瓜蘆薈手工精油香皂 - 100g,multipass-v1-lexical,373e0ce20215d71dcabbbc621467b5ca305632be55a597e0bc9b587bc775b755
H9990001_S_552,G5_cf0e6bc149dd57d4,loofah·薰衣草·精油 香皂 100g (中國),1,,soap_bar,100g,中國,1,,LOOFAH - 天然有機絲瓜薰衣草手工精油香皂 - 100g,multipass-v1-lexical,373e0ce20215d71dcabbbc621467b5ca305632be55a597e0bc9b587bc775b755
H9990001_S_553,G5_e6dc0e6ee4e730c5,loofah·玫瑰·精油 香皂 100g (中國),1,,soap_bar,100g,中國,1,,LOOFAH - 天然有機絲瓜玫瑰手工精油香皂 - 100g,multipass-v1-lexical,373e0ce20215d71dcabbbc621467b5ca305632be55a597e0bc9b587bc775b755
H9990001_S_554,G5_e5afc14d395a61f9,艾草 香皂 100g (中國),1,,soap_bar,100g,中國,1,,艾草手工皂 - 100g,multipass-v1-lexical,373e0ce20215d71dcabbbc621467b5ca305632be55a597e0bc9b587bc775b755
H9990001_S_557,G5_3580d4108f64d1a6,牛乳石鹼 無添加沐浴 香皂 100g (日本),1,牛乳石鹼,soap_bar,100g,日本,1,,無添加沐浴肥皂 100G【平行進口】,multipass-v1-lexical,373e0ce20215d71dcabbbc621467b5ca305632be55a597e0bc9b587bc775b755
H9990001_S_563,G5_919392cd069a0088,咖啡·滋養 洗髮皂 60g (中國),1,,shampoo_bar,60g,中國,1,,咖啡滋養洗髮皂 控油去屑 深層清潔 - 60g,multipass-v1-lexical,373e0ce20215d71dcabbbc621467b5ca305632be55a597e0bc9b587bc775b755
H9990001_S_564,G5_5ce37806ca90d3d5,薰衣草·滋養 洗髮皂 60g (中國),1,,shampoo_bar,60g,中國,1,,薰衣草滋養洗髮皂 控油去屑 深層清潔 - 60g,multipass-v1-lexical,373e0ce20215d71dcabbbc621467b5ca305632be55a597e0bc9b587bc775b755
H9990001_S_565,G5_7263219a0aa174d8,滋養·生薑 洗髮皂 60g (中國),1,,shampoo_bar,60g,中國,1,,生薑人参滋養洗髮皂 控油去屑 深層清潔 - 60g,multipass-v1-lexical,373e0ce20215d71dcabbbc621467b5ca305632be55a597e0bc9b587bc775b755
H9990001_S_567,G5_9913464aec7cad37,miaofutong 香皂 110g (中國),1,,soap_bar,110g,中國,1,,MIAOFUTONG - 水楊酸和印楝 磨砂 手工皂 - 110g,multipass-v1-lexical,373e0ce20215d71dcabbbc621467b5ca305632be55a597e0bc9b587bc775b755
S1052001_S_AWC-CMS-NS,G5_1549391f0f39860e,AWC 駱駝奶·原味 香皂 100g (澳洲),1,AWC,soap_bar,100g,澳洲,1,,澳洲天然駱駝奶皂 - 原味,multipass-v1-lexical,373e0ce20215d71dcabbbc621467b5ca305632be55a597e0bc9b587bc775b755
S1052001_S_AWC-CMS-RG,G5_84adf7e59f45badf,AWC 天竺葵·薰衣草·駱駝奶 香皂 100g (澳洲),1,AWC,soap_bar,100g,澳洲,1,,澳洲天然駱駝奶皂 - 玫瑰天竺葵、薰衣草,multipass-v1-lexical,373e0ce20215d71dcabbbc621467b5ca305632be55a597e0bc9b587bc775b755
S1052001_S_AWC-CMS-SO,G5_ec6dc18ae7b33700,AWC 駱駝奶·甜橙·肉桂 香皂 100g (澳洲),1,AWC,soap_bar,100g,澳洲,1,,澳洲天然駱駝奶皂 - 甜橙、肉桂,multipass-v1-lexical,373e0ce20215d71dcabbbc621467b5ca305632be55a597e0bc9b587bc775b755
S1052001_S_AWC-SET3-MIXED,G5_1549391f0f39860e2d,AWC 澳洲駱駝奶 香皂 100g (澳洲),1,AWC,soap_bar,100g,澳洲,3,,澳洲駱駝奶皂3件裝,multipass-v1-lexical,373e0ce20215d71dcabbbc621467b5ca305632be55a597e0bc9b587bc775b755
S1052001_S_AWC-SET6-2N2R2O,G5_9635f8c70bc83196,AWC 澳洲駱駝奶 香皂 600g (澳洲),1,AWC,soap_bar,600g,澳洲,6,,澳洲駱駝奶皂6件裝,multipass-v1-lexical,373e0ce20215d71dcabbbc621467b5ca305632be55a597e0bc9b587bc775b755
S1061001_S_MON-030-158-0000,G5_d1e82419810cc74f,日本製·沐浴·玫瑰 香皂 80g,1,,soap_bar,80g,,1,,日本Pelican石鹸 日本製 Sachico 幸福玫瑰花香 沐浴香皂番梘 80g (814)【市集世界 - 日本市集】,multipass-v1-lexical,373e0ce20215d71dcabbbc621467b5ca305632be55a597e0bc9b587bc775b755
S1061001_S_MON-624-153-0000,G5_881dda136afef6cb,日本 香皂 85g,1,,soap_bar,85g,,1,,日本 シンビ 韓方100％天然草藥皂番梘 85g【市集世界 - 日本市集】,multipass-v1-lexical,373e0ce20215d71dcabbbc621467b5ca305632be55a597e0bc9b587bc775b755
S1061001_S_MON-624-581-0000,G5_5c5d47f1ed8c9382,日本·潔面 香皂 100g,1,,soap_bar,100g,,1,,日本 鶴の玉手箱 大吟醸藥用亮澤保濕手工潔面皂番梘 100g【市集世界 - 日本市集】,multipass-v1-lexical,373e0ce20215d71dcabbbc621467b5ca305632be55a597e0bc9b587bc775b755
S1061001_S_MON-624-855-0000,G5_4a09da80b4bc4888,日本·橄欖 香皂 90g,1,,soap_bar,90g,,1,,日本 エトワール 超保濕手工橄欖皂番梘 90g【市集世界 - 日本市集】,multipass-v1-lexical,373e0ce20215d71dcabbbc621467b5ca305632be55a597e0bc9b587bc775b755
S1061001_S_MON-748-027-0000,G5_551f3186962fb127,日本·櫻花 未分類 規格未知,1,,UNKNOWN,,,7,,[半價 清倉]日本 櫻花の旅 日和雜貨 櫻花季節 情景擺設座檯裝飾公仔【市集世界 - 日本市集】,multipass-v1-lexical,373e0ce20215d71dcabbbc621467b5ca305632be55a597e0bc9b587bc775b755
S1061001_S_MON-CHI-PSC-10079a,G5_70a6934a4786c043,CHINOSHIO 面部及全身·地之塩社·日本製 香皂 80g (日本),1,CHINOSHIO,soap_bar,80g,日本,1,,日本 地之塩社 Chinoshio KT抗菌消臭 柿渋茶葉石鹼 淨肌除體臭 日本製 無添加 面部及全身適用 肥皂番梘 護膚品 80g (079)【市集世界 - 日本市集】,multipass-v1-lexical,373e0ce20215d71dcabbbc621467b5ca305632be55a597e0bc9b587bc775b755
S1061001_S_MON-CHI-PSC-10239,G5_9e810ca6f09355cb,CHINOSHIO 海泥 香皂 100g (日本),1,CHINOSHIO,soap_bar,100g,日本,1,,日本 地之塩社 Chinoshio KD琉球海泥微粒潔膚礦物皂 日本製 無添加 面部及全身適用 肥皂番梘 護膚品 100g (239)【市集世界 - 日本市集】,multipass-v1-lexical,373e0ce20215d71dcabbbc621467b5ca305632be55a597e0bc9b587bc775b755
S1061001_S_MON-CHI-PSC-11135a,G5_2f9b96d1ce94ec8a,CHINOSHIO 竹炭礦物淨肌 香皂 100g (日本),1,CHINOSHIO,soap_bar,100g,日本,1,,日本 地之塩社 Chinoshio C&B 天然竹炭礦物淨肌保濕皂 日本製 無添加 面部及全身適用 肥皂番梘 護膚品 100g (135)【市集世界 - 日本市集】,multipass-v1-lexical,373e0ce20215d71dcabbbc621467b5ca305632be55a597e0bc9b587bc775b755
S1061001_S_MON-CHI-PSC-11531a,G5_10c294074eeb056e,CHINOSHIO 草本 香皂 100g (日本),1,CHINOSHIO,soap_bar,100g,日本,1,,日本 地之塩社 Chinoshio 和の美肌 十藥草本石鹼 淨肌保濕皂 日本製 無添加 面部及全身適用 肥皂番梘 護膚品 100g (531)【市集世界 - 日本市集】,multipass-v1-lexical,373e0ce20215d71dcabbbc621467b5ca305632be55a597e0bc9b587bc775b755
S1061001_S_MON-CHI-PSC-11647,G5_be70ae00abf966d8,CHINOSHIO 魚腥草 香皂 130g (日本),1,CHINOSHIO,soap_bar,130g,日本,1,,日本 地之塩社 Chinoshio 天然草本魚腥草 石鹼 日本製 無添加 保濕防痘潔膚 肥皂番梘 護膚品 130g (647)【市集世界 - 日本市集】,multipass-v1-lexical,373e0ce20215d71dcabbbc621467b5ca305632be55a597e0bc9b587bc775b755
S1061001_S_MON-CHI-PSC-11951,G5_f5579bf40ce70540,CHINOSHIO 清涼 香皂 130g (日本),1,CHINOSHIO,soap_bar,130g,日本,1,,日本 地之塩社 Chinoshio 男士系列 草本無添加 薄荷防異味 深層潔淨 清涼舒爽皂(大) 日本製 肥皂番梘 護膚品 130g (951)【市集世界 - 日本市集】,multipass-v1-lexical,373e0ce20215d71dcabbbc621467b5ca305632be55a597e0bc9b587bc775b755
S1061001_S_MON-CHI-PSC-11968,G5_1af6703d8f50d557,CHINOSHIO 熊本熊造型·地之塩社·及全身 香皂 110g,1,CHINOSHIO,soap_bar,110g,,2,,日本 地之塩社 Chinoshio 熊本熊造型 天然艾草 保濕皂(大) 洗顏及全身用 肥皂番梘 110gx2個【市集世界 - 日本市集】,multipass-v1-lexical,373e0ce20215d71dcabbbc621467b5ca305632be55a597e0bc9b587bc775b755
S1061001_S_MON-CHI-PSC-11999,G5_bfd5b8c15bfdcdc3,CHINOSHIO 熊本熊造型·面部及全身·地之塩社 香皂 14g,1,CHINOSHIO,soap_bar,14g,,1,,日本 地之塩社 Chinoshio 外出旅遊便攜 熊本熊造型 天然艾草 保濕皂 面部及全身適用 肥皂番梘 14g【市集世界 - 日本市集】,multipass-v1-lexical,373e0ce20215d71dcabbbc621467b5ca305632be55a597e0bc9b587bc775b755
S1161001_S_7070,G5_9898bcfb96182a54,綺緣 美容 香皂 100g (台灣),1,綺緣,soap_bar,100g,台灣,1,,台灣紅檜木美容皂,multipass-v1-lexical,373e0ce20215d71dcabbbc621467b5ca305632be55a597e0bc9b587bc775b755
S1161001_S_70703,G5_fb17340d9b2dd8f6,綺緣 精油·香茅 香皂 96g (台灣),1,綺緣,soap_bar,96g,台灣,1,,台灣香茅精油皂,multipass-v1-lexical,373e0ce20215d71dcabbbc621467b5ca305632be55a597e0bc9b587bc775b755
S1161001_S_78842,G5_07ed1316dfa1d865,SAVON DU MIDI 薰衣草 香皂 100g (法國),1,SAVON DU MIDI,soap_bar,100g,法國,1,,法國薰衣草花皂  (100g),multipass-v1-lexical,373e0ce20215d71dcabbbc621467b5ca305632be55a597e0bc9b587bc775b755
S1161001_S_78844,G5_97694457d0150d9a,SAVON DU MIDI 杏仁·蜜糖 香皂 100g (法國),1,SAVON DU MIDI,soap_bar,100g,法國,1,,蜜糖杏仁皂,multipass-v1-lexical,373e0ce20215d71dcabbbc621467b5ca305632be55a597e0bc9b587bc775b755
S1237001_S_17US004,G5_cdf552ca731e6031,VANICREAM 敏感肌·測試·潔膚 香皂 110g (美國),1,VANICREAM,soap_bar,110g,美國,1,,"「#母親節禮物推薦」 「#送禮佳品」[美國制造] 溫和低致敏潔膚皂 (110 g) 適合敏感肌膚  不含香料, 染料, 經過皮膚專家測試 (送起泡網袋1個)",multipass-v1-lexical,373e0ce20215d71dcabbbc621467b5ca305632be55a597e0bc9b587bc775b755
S1275001_S_EGARDEN_BugRepellentSoap,G5_c56245794bf536a1,WISEWAY 皮膚 香皂 規格未知 (菲律賓),1,WISEWAY,soap_bar,,菲律賓,1,,天然防蚊止癢手工皂 香皂 防蝨防蟲梘 蚊叮蟲咬 驅蚊  舒緩止痕 皮膚痕癢| 消腫| 退紅,multipass-v1-lexical,373e0ce20215d71dcabbbc621467b5ca305632be55a597e0bc9b587bc775b755
S1275001_S_EGARDEN_LAVENDER,G5_3d9dd4d7160dc79d,WISEWAY 草精油成份·植物草本·香薰療法 香皂 100g (菲律賓),1,WISEWAY,soap_bar,100g,菲律賓,1,,天然手工皂  香薰療法冷製   鎮靜及舒緩緊張   薰衣草精油成份  植物草本精華 護膚梘  潔膚肥皂  香皂 香梘(100g),multipass-v1-lexical,373e0ce20215d71dcabbbc621467b5ca305632be55a597e0bc9b587bc775b755
S1275001_S_EGARDEN_LIME,G5_e7d6e4612d1ddd94,WISEWAY 青檸 香皂 100g (菲律賓),1,WISEWAY,soap_bar,100g,菲律賓,1,,天然手工皂  香薰療法冷製  活力充沛  青檸精油成份  植物草本精華  護膚梘  潔膚肥皂  香皂 香梘 (100g),multipass-v1-lexical,373e0ce20215d71dcabbbc621467b5ca305632be55a597e0bc9b587bc775b755
S1275001_S_EGARDEN_PEPPERMINT,G5_7772fddace3f4110,WISEWAY 清爽 香皂 100g (菲律賓),1,WISEWAY,soap_bar,100g,菲律賓,1,,天然手工皂  香薰療法冷製  提神清爽  薄荷精油成份  植物草本精華  護膚梘  潔膚肥皂 香皂 香梘 (100g),multipass-v1-lexical,373e0ce20215d71dcabbbc621467b5ca305632be55a597e0bc9b587bc775b755
S1275001_S_PC_Shea_Butter_Soap,G5_17b0a8483e368c45,WISEWAY 乳木果油·兩用·沐浴 身體乳/護手霜 70g (菲律賓),1,WISEWAY,body_lotion,70g,菲律賓,1,,TT-garden乳木果油手工皂告別身體乳極速滋潤修復乾裂洗臉沐浴兩用手工冷製皂（送起泡袋）,multipass-v1-lexical,373e0ce20215d71dcabbbc621467b5ca305632be55a597e0bc9b587bc775b755
S1275001_S_TTGarden_Soap_Papaya,G5_916043b0d6a640a7,WISEWAY 女士·木瓜·滋養 香皂 90g (菲律賓),1,WISEWAY,soap_bar,90g,菲律賓,1,,天然木瓜燕麥手工皂 香梘 香皂 深層清潔滋潤  提亮膚色 抗衰老 滋養 提拉 潤膚 保濕 （女士身體美容專用）,multipass-v1-lexical,373e0ce20215d71dcabbbc621467b5ca305632be55a597e0bc9b587bc775b755
S1275001_S_Thalia_Soap_MidnightRose,G5_22515073a62545b2,WISEWAY 功效·植物·淡化 香皂 75g (土耳其),1,WISEWAY,soap_bar,75g,土耳其,2,,Thalia土耳其天然手工皂 玫瑰精油香皂 香梘 植物萃取 玫瑰花香 保濕抗菌  滋潤修護  淡化幼紋 清爽淨透功效 75g*2 (送起泡袋）,multipass-v1-lexical,373e0ce20215d71dcabbbc621467b5ca305632be55a597e0bc9b587bc775b755
S2043001_S_4039B,G5_7a617cac1b59ee43,HOPE'S Relief 敏感·暗瘡·洗面 香皂 110g (澳洲),1,HOPE'S Relief,soap_bar,110g,澳洲,1,,(全新配方) 天然雙重三效燕麥洗面皂110g(適合暗瘡/濕疹/敏感皮膚）,multipass-v1-lexical,373e0ce20215d71dcabbbc621467b5ca305632be55a597e0bc9b587bc775b755
S2070001_S_1001,G5_38204a4e7eac4d1c,Lavender Breeze Aroma 濕疹·皮膚·細菌 香皂 110g (香港),1,Lavender Breeze Aroma,soap_bar,110g,香港,1,,防皮膚病毒細菌止癢中藥皂 | 蛇床子 板藍根 金銀花 | 手工皂 汗斑 體癬 香港腳 濕疹 | 1001,multipass-v1-lexical,373e0ce20215d71dcabbbc621467b5ca305632be55a597e0bc9b587bc775b755
S2070001_S_1002,G5_35b69d87d1ff3831,Lavender Breeze Aroma 金盞花·植物·橄欖 香皂 100g (香港),1,Lavender Breeze Aroma,soap_bar,100g,香港,1,,"金盞花橄欖皂(100g, +/-10g) / 濕疹皂 / 防敏皂 / 手工皂 / 植物皂 / 香皂 / 肥皂 / 番梘 #1002",multipass-v1-lexical,373e0ce20215d71dcabbbc621467b5ca305632be55a597e0bc9b587bc775b755
S2070001_S_1014,G5_ed486eb941b4fac2,Lavender Breeze Aroma 防敏感·乾燥·濕疹 香皂 120g (香港),1,Lavender Breeze Aroma,soap_bar,120g,香港,1,,濕疹.癬.防敏感皂 | 手工皂 | 舒緩濕疹痕癢 皮膚紅腫 洗後皮膚不乾燥 | 手工皂 肥皂 番梘 [大手折扣] #1014,multipass-v1-lexical,373e0ce20215d71dcabbbc621467b5ca305632be55a597e0bc9b587bc775b755
S2070001_S_1030,G5_acd016c55d22cf9c,Lavender Breeze Aroma 珍珠·茉莉 香皂 110g (香港),1,Lavender Breeze Aroma,soap_bar,110g,香港,1,,美白珍珠茉莉皂 | 漢方七子白珍珠.美白.去印.亮膚 | 肥皂.番梘 #1030,multipass-v1-lexical,373e0ce20215d71dcabbbc621467b5ca305632be55a597e0bc9b587bc775b755
S2070001_S_P10145025,G5_f53a203f67796ed8,Lavender Breeze Aroma 濕疹癬防敏感·紫草膏·紫雲膏 香皂 110g (香港),1,Lavender Breeze Aroma,soap_bar,110g,香港,1,,濕疹癬防敏感皂(110g) +濕疹癬防敏感舒緩膏 (5g) | 濕疹皂  手工皂 肥皂 番梘 紫草膏 紫雲膏 | SKU#P10145025,multipass-v1-lexical,373e0ce20215d71dcabbbc621467b5ca305632be55a597e0bc9b587bc775b755
S2070001_S_P10145025-30,G5_2795d1dc68c12767,Lavender Breeze Aroma 濕疹癬防敏感·紫草膏·紫雲膏 香皂 100g (香港),1,Lavender Breeze Aroma,soap_bar,100g,香港,1,,濕疹癬防敏感皂(100g) +濕疹癬防敏感舒緩膏 (30g) (紫草膏 紫雲膏)  濕疹皂 / 手工皂 / / 肥皂 / 番梘 #P10145025-30,multipass-v1-lexical,373e0ce20215d71dcabbbc621467b5ca305632be55a597e0bc9b587bc775b755
S2171001_S_PTS-105,G5_35edd63c3b18ebf6,柏堤 松焦油·皮膚炎·乾燥 未分類 105g (中國),1,柏堤,UNKNOWN,105g,中國,1,,松焦油梘 105克 - 適合濕疹、牛皮癬、脂漏性皮膚炎和其他乾燥、發癢、片狀或發炎的皮膚病,multipass-v1-lexical,373e0ce20215d71dcabbbc621467b5ca305632be55a597e0bc9b587bc775b755
S2171001_S_RYG-HONEY-2,G5_95c8c97ee14f3d9e,御林軍 甘菊·蜜糖 香皂 105g (英國),1,御林軍,soap_bar,105g,英國,2,,甘菊蜜糖梘 兩件裝 - 英國製造 - 105克x2,multipass-v1-lexical,373e0ce20215d71dcabbbc621467b5ca305632be55a597e0bc9b587bc775b755
S2171001_S_RYG-SANWD-2,G5_12d94ecf61c6eb23,御林軍 英國 香皂 105g (英國),1,御林軍,soap_bar,105g,英國,2,,香水檀香梘 兩件裝 - 英國製造 - 105 克 x2,multipass-v1-lexical,373e0ce20215d71dcabbbc621467b5ca305632be55a597e0bc9b587bc775b755
S2171001_S_Sulphur_soap,G5_c2e13195f0e806c5,御林軍 硫磺 未分類 105g (英國),1,御林軍,UNKNOWN,105g,英國,2,,硫磺梘,multipass-v1-lexical,373e0ce20215d71dcabbbc621467b5ca305632be55a597e0bc9b587bc775b755
S2188001_S_AVNbarXERACALM100g0684,G5_9d6f33a1b35b50be,Avène xeracalm·乾燥·潔膚 香皂 100g (法國),1,Avène,soap_bar,100g,法國,1,,XeraCalm AD 舒緩鎮靜潔膚皂 100g [舒緩鎮靜乾燥、發癢、濕疹肌膚},multipass-v1-lexical,373e0ce20215d71dcabbbc621467b5ca305632be55a597e0bc9b587bc775b755
S2188001_S_AVNcleananceSOLID100g8021,G5_302a2ea1b18ffd98,Avène 法國 未分類 100g (法國),1,Avène,UNKNOWN,100g,法國,1,,Cleanance Purifying Solid Cleanser 100g [Eco-conscious solid format] [平行進口產品] [法國進口],multipass-v1-lexical,373e0ce20215d71dcabbbc621467b5ca305632be55a597e0bc9b587bc775b755
S2188001_S_AVNcoldBARsoap100g8992,G5_00abececd8d22038,Avène 冷霜·可用·潔膚 香皂 100g (法國),1,Avène,soap_bar,100g,法國,1,,冷霜滋潤潔膚皂 100g [面部&身體可用] [平行進口產品]/(EXP:03/2029) [新舊包裝隨機發送],multipass-v1-lexical,373e0ce20215d71dcabbbc621467b5ca305632be55a597e0bc9b587bc775b755
S2188001_S_AVNxeraADultracleansBar100g8472,G5_8e2fc2823509fd1a,Avène xeracalm·於面部及全身·潔膚 香皂 100g (法國),1,Avène,soap_bar,100g,法國,1,,XeraCalm AD 極致滋潤潔膚皂 100g 【適用於面部及全身清潔】[平行進口產品] [法國進口][Exp: 2028],multipass-v1-lexical,373e0ce20215d71dcabbbc621467b5ca305632be55a597e0bc9b587bc775b755
S2188001_S_NAJLalepSOAPsea100g3820N,G5_22b3f913f436ce89c0,NAJEL 於面部·死海泥·阿勒頗 香皂 100g (阿拉伯敘利亞共和國(敘利亞)),1,NAJEL,soap_bar,100g,阿拉伯敘利亞共和國(敘利亞),1,,阿勒頗死海泥肥皂 100g [適用於面部、身體和頭髮][純素],multipass-v1-lexical,373e0ce20215d71dcabbbc621467b5ca305632be55a597e0bc9b587bc775b755
S2188001_S_SBMDcleansingBAR100g1180,G5_d99b473625ab13bc,施巴 cleansing·face·bar 香皂 100g (德國),1,施巴,soap_bar,100g,德國,1,,Cleansing Bar 100g  [Soap-Free][Ideal for face and body care] [平行進口產品],multipass-v1-lexical,373e0ce20215d71dcabbbc621467b5ca305632be55a597e0bc9b587bc775b755
S2188001_S_SBMDcleansingBAR100g3672,G5_8d462c04c169b2d3,施巴 cleansing·bar 未分類 100g (德國),1,施巴,UNKNOWN,100g,德國,1,,Cleansing Bar 100g [平行進口產品],multipass-v1-lexical,373e0ce20215d71dcabbbc621467b5ca305632be55a597e0bc9b587bc775b755
S2188001_S_SBMDclearfaceCleanBAR100g8548BIS,G5_ef70796e9a6806d5,施巴 cleansing·face·bar 未分類 100g (德國),1,施巴,UNKNOWN,100g,德國,1,,Clear Face Cleansing Bar 100 gr [No Box] (平行進口產品),multipass-v1-lexical,373e0ce20215d71dcabbbc621467b5ca305632be55a597e0bc9b587bc775b755
S2214001_S_RW008632,G5_68f39d31bdbbfe83,熊野 用沐浴·消毒·異味 香皂 100g (日本),1,熊野,soap_bar,100g,日本,3,,Pharmaact 防異味藥用沐浴皂(殺菌消毒) 100gx3【平行進口】,multipass-v1-lexical,373e0ce20215d71dcabbbc621467b5ca305632be55a597e0bc9b587bc775b755
S2214001_S_RW911647_2,G5_78775332d861bd6a,CHINOSHIO 地之塩社·無添加·魚腥草 香皂 130g (日本),1,CHINOSHIO,soap_bar,130g,日本,2,,[2件] 地之塩社 魚腥草抗痘淨膚無添加香皂130g【平行進口貨品】,multipass-v1-lexical,373e0ce20215d71dcabbbc621467b5ca305632be55a597e0bc9b587bc775b755
S2232001_S_GOS4053X2,G5_a62090b05cc6c44e,Goat Soap 山羊奶·兒童·白色 香皂 100g (澳洲),1,Goat Soap,soap_bar,100g,澳洲,2,,*優惠兩件裝* 天然兒童有機山羊奶手工皂 100g - 白色✥ [04053X2] (平行進口貨) 0M+,multipass-v1-lexical,373e0ce20215d71dcabbbc621467b5ca305632be55a597e0bc9b587bc775b755
S2232001_S_PEA08321X2,G5_7a72991f1ffe2a8a,梨牌 pears·油脂·透明 香皂 125g (印度),1,梨牌,soap_bar,125g,印度,2,,*優惠兩件裝* Pears 透明香皂125g - 天然油脂(黃色) ✥ [08321x2] (平行進口貨),multipass-v1-lexical,373e0ce20215d71dcabbbc621467b5ca305632be55a597e0bc9b587bc775b755
S2232001_S_PEA24023X2,G5_875c92acb93bb793,梨牌 pears·薄荷·藍色 香皂 125g (印度),1,梨牌,soap_bar,125g,印度,2,,*優惠兩件裝* Pears 透明香皂125g - 薄荷(藍色) ✥ [24023x2] (平行進口貨),multipass-v1-lexical,373e0ce20215d71dcabbbc621467b5ca305632be55a597e0bc9b587bc775b755
S2232001_S_TDP06602,G5_f15f32961551a292,星期四茶樹 護膚 香皂 125g (澳洲),1,星期四茶樹,soap_bar,125g,澳洲,3,,茶樹護膚香皂 125g x 3塊裝 (平行進口貨),multipass-v1-lexical,373e0ce20215d71dcabbbc621467b5ca305632be55a597e0bc9b587bc775b755
S2262001_S_Bountypepper,G5_41d5ea5add7ef128,Bounty Himalaya 喜馬拉雅·無添加·改善 香皂 100g (尼泊爾),1,Bounty Himalaya,soap_bar,100g,尼泊爾,1,,"喜馬拉雅""胡椒薄荷"" 手工皂 全天然清新效果 改善氣管 100g｜素食者無添加｜不含化學物人工香料｜佛教祝福｜身心靈健康｜ 777",multipass-v1-lexical,373e0ce20215d71dcabbbc621467b5ca305632be55a597e0bc9b587bc775b755
S2262001_S_bountyblack,G5_3b993b912fd65737,Bounty Himalaya 喜馬拉雅·無添加·濕疹 香皂 100g (尼泊爾),1,Bounty Himalaya,soap_bar,100g,尼泊爾,1,,"喜馬拉雅""黑鹽""手工皂 全天然深層清潔 濕疹皮膚｜100g｜素食者無添加｜不含化學物人工香料｜佛教祝福｜身心靈健康｜ 777",multipass-v1-lexical,373e0ce20215d71dcabbbc621467b5ca305632be55a597e0bc9b587bc775b755
S2262001_S_bountyoil,G5_24e0877a8b4fdbfe,Bounty Himalaya 喜馬拉雅·杏仁油·無添加 香皂 100g (尼泊爾),1,Bounty Himalaya,soap_bar,100g,尼泊爾,1,,"喜馬拉雅""杏仁油"" 手工皂 敏感乾燥皮膚 全天然保濕 100g｜素食者無添加｜不含化學物人工香料｜佛教祝福｜身心靈健康｜ 777",multipass-v1-lexical,373e0ce20215d71dcabbbc621467b5ca305632be55a597e0bc9b587bc775b755
S2270001_S_TV-050080100,G5_265bb20c765bc6f0,Aster Aroma 何首烏·山茶花 香皂 100g (香港),1,Aster Aroma,soap_bar,100g,香港,1,,何首烏山茶花 調理養髮手工皂 100g,multipass-v1-lexical,373e0ce20215d71dcabbbc621467b5ca305632be55a597e0bc9b587bc775b755
S2270001_S_TV-050270100,G5_f3969f8e662d4831,Aster Aroma 防脫 香皂 100g (香港),1,Aster Aroma,soap_bar,100g,香港,1,,雷公根防脫髮手工皂 100g,multipass-v1-lexical,373e0ce20215d71dcabbbc621467b5ca305632be55a597e0bc9b587bc775b755
S2570001_S_4546978105690,G5_bde2def0347f4ff1,大輪明日葉 消炎 香皂 120g (日本),1,大輪明日葉,soap_bar,120g,日本,1,4546978105690,大輪明日葉舒敏消炎皂 120g,multipass-v1-lexical,373e0ce20215d71dcabbbc621467b5ca305632be55a597e0bc9b587bc775b755
S2570001_S_4546978105706,G5_07c35d77cbc20e6b,大輪明日葉 消炎 香皂 15g (日本),1,大輪明日葉,soap_bar,15g,日本,1,4546978105706,大輪明日葉舒敏消炎皂-15g,multipass-v1-lexical,373e0ce20215d71dcabbbc621467b5ca305632be55a597e0bc9b587bc775b755
S2652002_S_Apivita-20641827703,G5_9deed3973c209268,APIVITA 茉莉 香皂 125g (義大利),1,APIVITA,soap_bar,125g,義大利,1,,天然茉莉手工皂 125g (平行進口),multipass-v1-lexical,373e0ce20215d71dcabbbc621467b5ca305632be55a597e0bc9b587bc775b755
S2652002_S_Bandai-1120923323,G5_2e03e45fb9b5cc3a,BANDAI 款式·隨機 浴鹽/沐浴球 1pc (中國),1,BANDAI,bath_salt_bomb,1pc,中國,1,,寵物小精靈伊布朋友沐浴球 1 pc - 隨機款式 (平行進口),multipass-v1-lexical,373e0ce20215d71dcabbbc621467b5ca305632be55a597e0bc9b587bc775b755
S2652002_S_PelicanSoap-1124536462,G5_7f0c61d2daabcfb9,家族 香皂 80g (日本),1,,soap_bar,80g,日本,1,,PelicanSoap-家族皂 藥用柿子 80g (平行進口),multipass-v1-lexical,373e0ce20215d71dcabbbc621467b5ca305632be55a597e0bc9b587bc775b755
S2802001_S_CussonsBathSoap,G5_d03b196c4748b938,加信氏 皇室·紅色 香皂 規格未知,1,加信氏,soap_bar,,,4,,加信氏皇室香皂 X 4塊裝 (紅色) [原裝正貨]新舊包裝隨機發貨,multipass-v1-lexical,373e0ce20215d71dcabbbc621467b5ca305632be55a597e0bc9b587bc775b755
S2802001_S_DettolOriginalSoap,G5_a8fbcafc16df1867,滴露 松木·綠色 香皂 100g (中國),1,滴露,soap_bar,100g,中國,1,,滴露經典松木香皂 100g 4 送 1優惠裝 (綠色皂)[原裝正貨],multipass-v1-lexical,373e0ce20215d71dcabbbc621467b5ca305632be55a597e0bc9b587bc775b755
S2802001_S_DettolSkinCareSoap,G5_fcb364dfd17af8e0,滴露 倍護·松木·粉紅 香皂 100g (中國),1,滴露,soap_bar,100g,中國,1,,滴露滋潤倍護松木香皂100g 4送1優惠裝 (粉紅色皂) [原裝正貨],multipass-v1-lexical,373e0ce20215d71dcabbbc621467b5ca305632be55a597e0bc9b587bc775b755
S2858001_S_10037A,G5_318ae09dd69af418,NOMINAL 敏感肌·友善·濕疹 香皂 100g (黎巴嫩),1,NOMINAL,soap_bar,100g,黎巴嫩,2,,100%天然香皂 - 琥珀 【2件裝】 (黎巴嫩製造 | 天然皂雙裝 | 適合敏感肌 | 濕疹友善 | 符合道德生產),multipass-v1-lexical,373e0ce20215d71dcabbbc621467b5ca305632be55a597e0bc9b587bc775b755
S2858001_S_10038,G5_beb9b034c8a9d4fe,NOMINAL 黑孜然 香皂 100g (黎巴嫩),1,NOMINAL,soap_bar,100g,黎巴嫩,1,,100% 全天然肥皂 -黑孜然味,multipass-v1-lexical,373e0ce20215d71dcabbbc621467b5ca305632be55a597e0bc9b587bc775b755
S2858001_S_10038A,G5_d1529bad99acd92b,NOMINAL 無硫酸鹽·黑孜然·成分 香皂 100g (黎巴嫩),1,NOMINAL,soap_bar,100g,黎巴嫩,2,,100%天然香皂 - 黑孜然 【2件裝】 (黎巴嫩製造 | 天然皂雙裝 | 天然成分 | 溫和護膚 | 無硫酸鹽),multipass-v1-lexical,373e0ce20215d71dcabbbc621467b5ca305632be55a597e0bc9b587bc775b755
S2858001_S_10039,G5_46b115a6aad9fd0f,NOMINAL 無合成添加劑·梔子花·成分 香皂 100g (黎巴嫩),1,NOMINAL,soap_bar,100g,黎巴嫩,1,,100%天然香皂 - 梔子花 (黎巴嫩製造 | 100%天然成分 | 溫和潔淨 | 無合成添加劑 | 手工製作),multipass-v1-lexical,373e0ce20215d71dcabbbc621467b5ca305632be55a597e0bc9b587bc775b755
S2858001_S_10039A,G5_2903ea739201d307,NOMINAL 梔子花·材料·皮膚 香皂 100g (黎巴嫩),1,NOMINAL,soap_bar,100g,黎巴嫩,2,,100%天然香皂 - 梔子花 【2件裝】 (黎巴嫩製造 | 梔子花香 | 雙皂套裝 | 天然材料 | 皮膚舒緩),multipass-v1-lexical,373e0ce20215d71dcabbbc621467b5ca305632be55a597e0bc9b587bc775b755
S2858001_S_10040,G5_721cb644d6a44520,NOMINAL 橄欖油基底·無動物測試·綠茶 香皂 100g (黎巴嫩),1,NOMINAL,soap_bar,100g,黎巴嫩,1,,100%天然香皂 - 綠茶 (黎巴嫩製造 | 手工天然香皂 | 橄欖油基底 | 適合面部清潔 | 無動物測試),multipass-v1-lexical,373e0ce20215d71dcabbbc621467b5ca305632be55a597e0bc9b587bc775b755
S2858001_S_10040A,G5_77a1340f19d70af1,NOMINAL 無棕櫚油·皮膚·綠茶 香皂 100g (黎巴嫩),1,NOMINAL,soap_bar,100g,黎巴嫩,2,,100%天然香皂 - 綠茶 【2件裝】 (黎巴嫩製造 | 雙皂套裝 | 天然潔淨 | 皮膚舒緩 | 無棕櫚油),multipass-v1-lexical,373e0ce20215d71dcabbbc621467b5ca305632be55a597e0bc9b587bc775b755
S2858001_S_10041A,G5_dcbd7bea0b5495c1,NOMINAL 無棕櫚油·蜂蜜蜂膠·皮膚 香皂 100g (黎巴嫩),1,NOMINAL,soap_bar,100g,黎巴嫩,2,,100%天然香皂 - 蜂蜜蜂膠 【2件裝】 (黎巴嫩製造 | 蜂蜜蜂膠雙裝 | 天然香皂 | 皮膚舒緩 | 無棕櫚油),multipass-v1-lexical,373e0ce20215d71dcabbbc621467b5ca305632be55a597e0bc9b587bc775b755
S2858001_S_10043,G5_d1529bad99acd92b62,NOMINAL 無棕櫚油·無硫酸鹽·月桂油 香皂 100g (黎巴嫩),1,NOMINAL,soap_bar,100g,黎巴嫩,1,,100%天然香皂 - 月桂油30% (黎巴嫩製造 | 手工橄欖油皂 | 無棕櫚油 | 面身適用 | 無硫酸鹽),multipass-v1-lexical,373e0ce20215d71dcabbbc621467b5ca305632be55a597e0bc9b587bc775b755
S2858001_S_10043A,G5_3f97b77be414944f,NOMINAL 月桂油·添加·皮膚 香皂 100g (黎巴嫩),1,NOMINAL,soap_bar,100g,黎巴嫩,2,,100%天然香皂 - 月桂油30% 【2件裝】 (黎巴嫩製造 | 雙皂套裝 | 手工香皂 | 皮膚舒緩 | 無化學添加),multipass-v1-lexical,373e0ce20215d71dcabbbc621467b5ca305632be55a597e0bc9b587bc775b755
S2858001_S_10044,G5_429a787d3f674007,NOMINAL 初榨橄欖油基底·無動物測試·薰衣草 香皂 100g (黎巴嫩),1,NOMINAL,soap_bar,100g,黎巴嫩,1,,100%天然香皂 - 薰衣草 (黎巴嫩製造 | 初榨橄欖油基底 | 面身適用 | 無色素添加 | 無動物測試),multipass-v1-lexical,373e0ce20215d71dcabbbc621467b5ca305632be55a597e0bc9b587bc775b755
S2858001_S_10044A,G5_67a85fb8550ab8cf,NOMINAL 護膚功效·薰衣草·材料 香皂 100g (黎巴嫩),1,NOMINAL,soap_bar,100g,黎巴嫩,2,,100%天然香皂 - 薰衣草 【2件裝】 (黎巴嫩製造 | 薰衣草清香 | 雙皂套裝 | 天然材料 | 護膚功效),multipass-v1-lexical,373e0ce20215d71dcabbbc621467b5ca305632be55a597e0bc9b587bc775b755
S2858001_S_10046A,G5_99e05bb950fb1593,NOMINAL 橙花清香·成分 香皂 100g (黎巴嫩),1,NOMINAL,soap_bar,100g,黎巴嫩,2,,100%天然香皂 - 橙花 【2件裝】 (黎巴嫩製造 | 雙皂套裝 | 橙花清香 | 天然成分 | 溫和潔淨),multipass-v1-lexical,373e0ce20215d71dcabbbc621467b5ca305632be55a597e0bc9b587bc775b755
S2858001_S_10047,G5_53cc5f0969874dc7,NOMINAL infusion·成分·玫瑰 香皂 100g (黎巴嫩),1,NOMINAL,soap_bar,100g,黎巴嫩,1,,100%天然香皂 - 玫瑰 infusion (黎巴嫩製造 | 玫瑰清香皂 | 手工製作 | 天然成分 | 面身適用),multipass-v1-lexical,373e0ce20215d71dcabbbc621467b5ca305632be55a597e0bc9b587bc775b755
S2858001_S_10047A,G5_aa27dd858d7da403,NOMINAL infusion·友善·玫瑰 香皂 100g (黎巴嫩),1,NOMINAL,soap_bar,100g,黎巴嫩,2,,100%天然香皂 - 玫瑰 infusion 【2件裝】 (黎巴嫩製造 | 雙皂套裝 | 玫瑰香氣 | 天然潔淨 | 皮膚友善),multipass-v1-lexical,373e0ce20215d71dcabbbc621467b5ca305632be55a597e0bc9b587bc775b755
S2858001_S_10048,G5_84ee16c400b6bf67,NOMINAL 無棕櫚油·無硫酸鹽·護膚功效 香皂 規格未知 (黎巴嫩),1,NOMINAL,soap_bar,,黎巴嫩,1,,100%天然香皂 - 茉莉花 (黎巴嫩製造 | 天然手工香皂 | 護膚功效 | 無棕櫚油 | 無硫酸鹽),multipass-v1-lexical,373e0ce20215d71dcabbbc621467b5ca305632be55a597e0bc9b587bc775b755
S2858001_S_10048A,G5_02304d30b9ba66bf,NOMINAL 無棕櫚油·無硫酸鹽·茉莉花 香皂 100g (黎巴嫩),1,NOMINAL,soap_bar,100g,黎巴嫩,2,,100%天然香皂 - 茉莉花 【2件裝】 (黎巴嫩製造 | 天然材料 | 舒緩濕疹 | 無棕櫚油 | 無硫酸鹽),multipass-v1-lexical,373e0ce20215d71dcabbbc621467b5ca305632be55a597e0bc9b587bc775b755
S2858001_S_Gift-NSP-A,G5_d8fe96eeb9a1b4a7,NOMINAL 成分·琥珀·生產 香皂 100g (黎巴嫩),1,NOMINAL,soap_bar,100g,黎巴嫩,1,,贈品 - 100%天然香皂 - 琥珀 (黎巴嫩製造 | 手工香皂 | 天然成分 | 皮膚問題舒緩 | 環保生產),multipass-v1-lexical,373e0ce20215d71dcabbbc621467b5ca305632be55a597e0bc9b587bc775b755
S2858001_S_NOM-SOAP-MIX-A,G5_b8394aa7ad101018,NOMINAL 冷壓橄欖油·sls·敏感肌 香皂 400g (黎巴嫩),1,NOMINAL,soap_bar,400g,黎巴嫩,1,,100%天然香皂套裝 - 橄欖花典雅系列 (黎巴嫩製造 | 4款香氣組合 | 新舊包裝隨機發送 | 冷壓橄欖油 | 適合敏感肌 | 無SLS),multipass-v1-lexical,373e0ce20215d71dcabbbc621467b5ca305632be55a597e0bc9b587bc775b755
S2858001_S_NOM-SOAP-MIX-B,G5_6d2485174b7aba77,NOMINAL 冷壓橄欖油·sls·敏感肌 香皂 4pc (黎巴嫩),1,NOMINAL,soap_bar,4pc,黎巴嫩,1,,100%天然香皂套裝 - 橄欖莊園尊奢系列 | 黎巴嫩製造 | 4款香氣組合 | 冷壓橄欖油 | 適合敏感肌 | 無SLS,multipass-v1-lexical,373e0ce20215d71dcabbbc621467b5ca305632be55a597e0bc9b587bc775b755
S3046001_S_GN-SB-AP-04,G5_a0e0591839c7bbcd,GrabNat 杏子 香皂 100g (土耳其),1,GrabNat,soap_bar,100g,土耳其,4,,杏子天然手工皂 4件裝（4 x 100克）,multipass-v1-lexical,373e0ce20215d71dcabbbc621467b5ca305632be55a597e0bc9b587bc775b755
S3046001_S_GN-SB-AR-01,G5_29732fdbb42a5b65,GrabNat 摩洛哥堅果 香皂 100g (土耳其),1,GrabNat,soap_bar,100g,土耳其,1,,摩洛哥堅果皂 天然手工皂 100克,multipass-v1-lexical,373e0ce20215d71dcabbbc621467b5ca305632be55a597e0bc9b587bc775b755
S3046001_S_GN-SB-AR-04,G5_24592b3824728002,GrabNat 甘油 香皂 100g (土耳其),1,GrabNat,soap_bar,100g,土耳其,4,,阿甘油天然手工皂 4件裝（4 x 100克）,multipass-v1-lexical,373e0ce20215d71dcabbbc621467b5ca305632be55a597e0bc9b587bc775b755
S3046001_S_GN-SB-AS-01,G5_3c3a4d067a6e6b96,GrabNat 乳木果脂·明礬 香皂 100g (土耳其),1,GrabNat,soap_bar,100g,土耳其,1,,GrabNat 明礬手工冷製香皂（1×100克）— 含鉀明礬與乳木果脂,multipass-v1-lexical,373e0ce20215d71dcabbbc621467b5ca305632be55a597e0bc9b587bc775b755
S3046001_S_GN-SB-BM-05,G5_65cb45073f934616,GrabNat 植物 香皂 規格未知 (黎巴嫩),1,GrabNat,soap_bar,,黎巴嫩,1,,天然植物混合系列手工皂,multipass-v1-lexical,373e0ce20215d71dcabbbc621467b5ca305632be55a597e0bc9b587bc775b755
S3046001_S_GN-SB-BS-01,G5_e3a4af1c862a3805,GrabNat 黑種 香皂 100g (土耳其),1,GrabNat,soap_bar,100g,土耳其,1,,黑種子天然手工皂 100克,multipass-v1-lexical,373e0ce20215d71dcabbbc621467b5ca305632be55a597e0bc9b587bc775b755
S3046001_S_GN-SB-CO-01,G5_4131fc7364303c03,GrabNat 椰子油 香皂 100g (土耳其),1,GrabNat,soap_bar,100g,土耳其,1,,天然椰子油手工皂 100克,multipass-v1-lexical,373e0ce20215d71dcabbbc621467b5ca305632be55a597e0bc9b587bc775b755
S3046001_S_GN-SB-CS-05,G5_61bd2f80ca1a14a4,GrabNat 柑橘 香皂 100g (土耳其),1,GrabNat,soap_bar,100g,土耳其,5,,天然晨曦柑橘手工皂 5x100克,multipass-v1-lexical,373e0ce20215d71dcabbbc621467b5ca305632be55a597e0bc9b587bc775b755
S3046001_S_GN-SB-DA-01,G5_a2d46b0594e08ee8,GrabNat 月桂 香皂 100g (土耳其),1,GrabNat,soap_bar,100g,土耳其,1,,天然月桂手工皂 100克,multipass-v1-lexical,373e0ce20215d71dcabbbc621467b5ca305632be55a597e0bc9b587bc775b755
S3046001_S_GN-SB-GE-05,G5_2f273bc7b539ef29,GrabNat 潤膚·精油 香皂 100g (土耳其),1,GrabNat,soap_bar,100g,土耳其,5,,天然潤膚精油手工皂 5x 100克,multipass-v1-lexical,373e0ce20215d71dcabbbc621467b5ca305632be55a597e0bc9b587bc775b755
S3046001_S_GN-SB-GL-01,G5_e50e0087557c6194,GrabNat 香茅綠茶 香皂 100g (土耳其),1,GrabNat,soap_bar,100g,土耳其,1,,天然香茅綠茶手工皂 100克,multipass-v1-lexical,373e0ce20215d71dcabbbc621467b5ca305632be55a597e0bc9b587bc775b755
S3046001_S_GN-SB-GL-04,G5_29f68bf6b7365d20,GrabNat 檸檬草·綠茶 香皂 100g (土耳其),1,GrabNat,soap_bar,100g,土耳其,4,,檸檬草綠茶天然手工皂 4件裝（4 x 100克）,multipass-v1-lexical,373e0ce20215d71dcabbbc621467b5ca305632be55a597e0bc9b587bc775b755
S3046001_S_GN-SB-KE-01,G5_b7e4952b9fa53daf,GrabNat 開菲爾 香皂 100g (土耳其),1,GrabNat,soap_bar,100g,土耳其,1,,開菲爾皂 天然手工皂 100克,multipass-v1-lexical,373e0ce20215d71dcabbbc621467b5ca305632be55a597e0bc9b587bc775b755
S3046001_S_GN-SB-NO-05,G5_b6437b8b2efef1d0,GrabNat 滋養 香皂 100g (土耳其),1,GrabNat,soap_bar,100g,土耳其,5,,天然綠洲滋養手工皂 5x100克,multipass-v1-lexical,373e0ce20215d71dcabbbc621467b5ca305632be55a597e0bc9b587bc775b755
S3046001_S_GN-SB-PF-05,G5_75276dd107a20464,GrabNat 無棕櫚油 香皂 100g (土耳其),1,GrabNat,soap_bar,100g,土耳其,5,,天然無棕櫚油手工皂 5x100克,multipass-v1-lexical,373e0ce20215d71dcabbbc621467b5ca305632be55a597e0bc9b587bc775b755
S3046001_S_GN-SB-PL-01,G5_ff49fb51b8dabf00,GrabNat 草檸檬·薰衣草 香皂 100g (土耳其),1,GrabNat,soap_bar,100g,土耳其,1,,天然薰衣草檸檬手工皂 100克,multipass-v1-lexical,373e0ce20215d71dcabbbc621467b5ca305632be55a597e0bc9b587bc775b755
S3046001_S_GN-SB-PL-04,G5_c9dcc5715811c018,GrabNat 廣藿香·檸檬 香皂 100g (土耳其),1,GrabNat,soap_bar,100g,土耳其,4,,廣藿香檸檬皂 天然手工皂 四件組 (4 x 100克),multipass-v1-lexical,373e0ce20215d71dcabbbc621467b5ca305632be55a597e0bc9b587bc775b755
S3046001_S_GN-SB-PO-01,G5_c5e6c43db58ae172,GrabNat 石榴 香皂 100g (土耳其),1,GrabNat,soap_bar,100g,土耳其,1,,天然石榴手工皂 100克,multipass-v1-lexical,373e0ce20215d71dcabbbc621467b5ca305632be55a597e0bc9b587bc775b755
S3046001_S_GN-SB-PP-05,G5_5add1f7b7aff0e82,GrabNat 強力 香皂 100g (土耳其),1,GrabNat,soap_bar,100g,土耳其,5,,天然強力清潔手工皂 5x100克,multipass-v1-lexical,373e0ce20215d71dcabbbc621467b5ca305632be55a597e0bc9b587bc775b755
S3046001_S_GN-SB-SJ-01,G5_88dfc59c57a1c14f,GrabNat 金絲桃 香皂 100g (土耳其),1,GrabNat,soap_bar,100g,土耳其,1,,天然金絲桃手工皂100克,multipass-v1-lexical,373e0ce20215d71dcabbbc621467b5ca305632be55a597e0bc9b587bc775b755
S3046001_S_GN-SB-SJ-04,G5_0483b4f0b8ca4c96,GrabNat 聖約翰草 香皂 100g (土耳其),1,GrabNat,soap_bar,100g,土耳其,4,,聖約翰草天然手工皂 4件裝（4 x 100克）,multipass-v1-lexical,373e0ce20215d71dcabbbc621467b5ca305632be55a597e0bc9b587bc775b755
S3046001_S_GN-SB-SW-04,G5_52342d6d2bc81689,GrabNat 檀香 香皂 100g (土耳其),1,GrabNat,soap_bar,100g,土耳其,4,,GrabNat 檀香手工冷製香皂四入裝（4×100克）,multipass-v1-lexical,373e0ce20215d71dcabbbc621467b5ca305632be55a597e0bc9b587bc775b755
S3046001_S_GN-SB-TU-01,G5_72c5b8556137b389,GrabNat 姜黃 香皂 100g (土耳其),1,GrabNat,soap_bar,100g,土耳其,1,,天然姜黃手工皂100克,multipass-v1-lexical,373e0ce20215d71dcabbbc621467b5ca305632be55a597e0bc9b587bc775b755
S3046001_S_GN-SB-WP-01,G5_677215997f0ab839,GrabNat 野生開心果·果油 香皂 100g (土耳其),1,GrabNat,soap_bar,100g,土耳其,1,,天然野生開心果油皂手工皂 100克,multipass-v1-lexical,373e0ce20215d71dcabbbc621467b5ca305632be55a597e0bc9b587bc775b755
S3046001_S_GN-SB-WP-04,G5_677215997f0ab8391f,GrabNat 野生開心果 香皂 100g (土耳其),1,GrabNat,soap_bar,100g,土耳其,4,,野生開心果Bittim天然手工皂 4件裝（4 x 100克）,multipass-v1-lexical,373e0ce20215d71dcabbbc621467b5ca305632be55a597e0bc9b587bc775b755
S3046001_S_GN10470,G5_ade3133759ead579,GrabNat 絲瓜·雪松 香皂 70g (土耳其),1,GrabNat,soap_bar,70g,土耳其,1,,雪松天然絲瓜肥皂 70 克,multipass-v1-lexical,373e0ce20215d71dcabbbc621467b5ca305632be55a597e0bc9b587bc775b755
S3046001_S_GN10483,G5_6c47f595fa0aed54,GrabNat 薰衣草·絲瓜 香皂 70g (黎巴嫩),1,GrabNat,soap_bar,70g,黎巴嫩,1,,薰衣草天然絲瓜皂 70克,multipass-v1-lexical,373e0ce20215d71dcabbbc621467b5ca305632be55a597e0bc9b587bc775b755
S3046001_S_GN10490,G5_50be14cf098a961b,GrabNat 絲瓜·綠茶 香皂 70g (黎巴嫩),1,GrabNat,soap_bar,70g,黎巴嫩,1,,綠茶天然絲瓜皂 70克,multipass-v1-lexical,373e0ce20215d71dcabbbc621467b5ca305632be55a597e0bc9b587bc775b755
S3046001_S_GN10667,G5_b526b1138cd344da,GrabNat 敏感·每包·燥肌 香皂 100g (土耳其),1,GrabNat,soap_bar,100g,土耳其,5,,五包橄榄精油全天然手工制冷处理肥皂套装（每包100克）—— 适用于敏感干燥肌肤（共五个）,multipass-v1-lexical,373e0ce20215d71dcabbbc621467b5ca305632be55a597e0bc9b587bc775b755
S6046001_S_HMNBSSLEGCH,G5_f29ee618bfb38a4d,HANDMADE NATURALS 荷荷巴油·檸檬草·洋甘菊 香皂 100g (英國),1,HANDMADE NATURALS,soap_bar,100g,英國,1,,甜杏•椰子•荷荷巴油 - 手工香皂 (含洋甘菊•檸檬草) 100g,multipass-v1-lexical,373e0ce20215d71dcabbbc621467b5ca305632be55a597e0bc9b587bc775b755
S6046001_S_HMNBSSLEGEU,G5_194745afc95fcd3c,HANDMADE NATURALS 藍膠尤加利·荷荷巴油·檸檬草 香皂 100g (英國),1,HANDMADE NATURALS,soap_bar,100g,英國,1,,橄欖•椰子•荷荷巴油手工香皂 (含檸檬草•藍膠尤加利) 100g,multipass-v1-lexical,373e0ce20215d71dcabbbc621467b5ca305632be55a597e0bc9b587bc775b755
S6088001_S_0014334557812_3,G5_ac98164264d856fe,ABE DUA 椰子油·非洲 香皂 100g (迦納),1,ABE DUA,soap_bar,100g,迦納,1,,(3件優惠裝) 非洲黑梘 (Coconut Oil 椰子油) (100克),multipass-v1-lexical,373e0ce20215d71dcabbbc621467b5ca305632be55a597e0bc9b587bc775b755
S6088001_S_0035479134989_3,G5_f66edf114a388a79,ABE DUA 乳木果·非洲 香皂 100g (迦納),1,ABE DUA,soap_bar,100g,迦納,1,,(3件優惠裝) 非洲黑梘 (Shea Butter 乳木果) (100克),multipass-v1-lexical,373e0ce20215d71dcabbbc621467b5ca305632be55a597e0bc9b587bc775b755
S6088001_S_9334518002807_3,G5_e27202f92972593b,Careline 柯藍 紅石榴 香皂 規格未知 (澳洲),1,Careline 柯藍,soap_bar,,澳洲,1,9334518002807,(3件優惠裝) 澳洲紅石榴香皂,multipass-v1-lexical,373e0ce20215d71dcabbbc621467b5ca305632be55a597e0bc9b587bc775b755
S6088001_S_9334518002838_3,G5_585a8fdf54e2d009,Careline 柯藍 蘆薈 香皂 規格未知 (澳洲),1,Careline 柯藍,soap_bar,,澳洲,1,9334518002838,(3件優惠裝) 澳洲蘆薈香皂,multipass-v1-lexical,373e0ce20215d71dcabbbc621467b5ca305632be55a597e0bc9b587bc775b755
S6088001_S_9334518002845_3,G5_7029ae3400c2d3ec,Careline 柯藍 荷荷巴 香皂 規格未知 (澳洲),1,Careline 柯藍,soap_bar,,澳洲,1,9334518002845,(3件優惠裝) 澳洲荷荷巴香皂,multipass-v1-lexical,373e0ce20215d71dcabbbc621467b5ca305632be55a597e0bc9b587bc775b755
S6090001_S_AT8809487590040,G5_998359a8a38ebb98,atoMU 濕疹·皮炎 香皂 100g (韓國),1,atoMU,soap_bar,100g,韓國,1,,皮炎消濕疹天然香皂 100g,multipass-v1-lexical,373e0ce20215d71dcabbbc621467b5ca305632be55a597e0bc9b587bc775b755
S6114001_S_ALEPIA-003,G5_4f45b5d802b34d32,Alepia 敍利亞阿勒頗古·又名濕疹·月桂油 香皂 125g (阿拉伯敘利亞共和國(敘利亞)),1,Alepia,soap_bar,125g,阿拉伯敘利亞共和國(敘利亞),1,,ALEPIA 敍利亞阿勒頗古皂(又名濕疹皂)- 橄欖油 、含16%月桂油,multipass-v1-lexical,373e0ce20215d71dcabbbc621467b5ca305632be55a597e0bc9b587bc775b755
S6114001_S_ALEPIA-006,G5_f3d321e5794dd615,Alepia 印花 香皂 125g (阿拉伯敘利亞共和國(敘利亞)),1,Alepia,soap_bar,125g,阿拉伯敘利亞共和國(敘利亞),1,,ALEPIA 印花手工皂-柔順,multipass-v1-lexical,373e0ce20215d71dcabbbc621467b5ca305632be55a597e0bc9b587bc775b755
S6114001_S_ALEPIA-007,G5_896bee801b1d0790,Alepia 粉紅礦泥·印花 香皂 125g (阿拉伯敘利亞共和國(敘利亞)),1,Alepia,soap_bar,125g,阿拉伯敘利亞共和國(敘利亞),1,,ALEPIA 印花手工皂-粉紅礦泥,multipass-v1-lexical,373e0ce20215d71dcabbbc621467b5ca305632be55a597e0bc9b587bc775b755
S6114001_S_ALEPIA-009,G5_98d2c5060428b935,Alepia 香皂 25g (阿拉伯敘利亞共和國(敘利亞)),1,Alepia,soap_bar,25g,阿拉伯敘利亞共和國(敘利亞),1,,ALEPIA 便携皂,multipass-v1-lexical,373e0ce20215d71dcabbbc621467b5ca305632be55a597e0bc9b587bc775b755
S6114001_S_ALEPIA-010,G5_72de2432c42f2f2a,Alepia 香皂 220g (阿拉伯敘利亞共和國(敘利亞)),1,Alepia,soap_bar,220g,阿拉伯敘利亞共和國(敘利亞),1,,ALEPIA  冒險家 皂,multipass-v1-lexical,373e0ce20215d71dcabbbc621467b5ca305632be55a597e0bc9b587bc775b755
S6114001_S_ALEPIA-014,G5_7f57227570d1f752,Alepia 純橄欖·馬賽 香皂 230g (法國),1,Alepia,soap_bar,230g,法國,1,,ALEPIA 馬賽皂-清純橄欖 -有機,multipass-v1-lexical,373e0ce20215d71dcabbbc621467b5ca305632be55a597e0bc9b587bc775b755
S6114001_S_ALEPIA-048,G5_fb38336c7ca474e3,Alepia 山羊 香皂 125g (法國),1,Alepia,soap_bar,125g,法國,1,,ALEPIA 有機-優質初山羊乳BB古皂,multipass-v1-lexical,373e0ce20215d71dcabbbc621467b5ca305632be55a597e0bc9b587bc775b755
S6114001_S_ALEPIA-049,G5_2c8dfdac4a8f7a59,Alepia 咖啡 香皂 125g (法國),1,Alepia,soap_bar,125g,法國,1,,ALEPIA 有機-優質咖啡因減脂皂,multipass-v1-lexical,373e0ce20215d71dcabbbc621467b5ca305632be55a597e0bc9b587bc775b755
S6114001_S_ALEPIA-050,G5_292eef74bb553638,Alepia 死海泥 香皂 125g (法國),1,Alepia,soap_bar,125g,法國,1,,ALEPIA 有機-優質死海泥亮膚修護皂,multipass-v1-lexical,373e0ce20215d71dcabbbc621467b5ca305632be55a597e0bc9b587bc775b755
S6114001_S_ALEPIA-051,G5_f45b9aa5c1f75e37,Alepia 粉紅礦泥 香皂 125g (法國),1,Alepia,soap_bar,125g,法國,1,,ALEPIA 有機-優質粉紅礦泥美肌皂,multipass-v1-lexical,373e0ce20215d71dcabbbc621467b5ca305632be55a597e0bc9b587bc775b755
S6114001_S_ALEPIA-052,G5_c2cc62589d032ed2,Alepia 黑種草籽·籽油 香皂 125g (法國),1,Alepia,soap_bar,125g,法國,1,,ALEPIA 有機-優質黑種草籽油修復皂,multipass-v1-lexical,373e0ce20215d71dcabbbc621467b5ca305632be55a597e0bc9b587bc775b755
S6114001_S_ALEPIA-053,G5_e15af2e4aaa23e6b,Alepia 摩洛哥堅果油·護理 香皂 125g (法國),1,Alepia,soap_bar,125g,法國,1,,ALEPIA 有機-優質摩洛哥堅果油護理皂,multipass-v1-lexical,373e0ce20215d71dcabbbc621467b5ca305632be55a597e0bc9b587bc775b755
S6114001_S_ALEPIA-054,G5_2e4225aa6828a6ed,Alepia 月桂油 香皂 125g (法國),1,Alepia,soap_bar,125g,法國,1,,ALEPIA 有機-優質月桂油修護皂-含16%月桂油,multipass-v1-lexical,373e0ce20215d71dcabbbc621467b5ca305632be55a597e0bc9b587bc775b755
S6114001_S_ALEPIA-055,G5_22fc2c2d7420e56a,Alepia 黑種草籽·皇室 香皂 125g (法國),1,Alepia,soap_bar,125g,法國,1,,ALEPIA 有機-優質皇室皂-含7種油和黑種草籽,multipass-v1-lexical,373e0ce20215d71dcabbbc621467b5ca305632be55a597e0bc9b587bc775b755
S6114001_S_ALEPIA-108,G5_1aaf32b2a093e26d,Alepia aleppo·口碑·茉莉 香皂 100g (法國),1,Alepia,soap_bar,100g,法國,1,,ALEPIA ALEPPO 口碑皂 - 茉莉,multipass-v1-lexical,373e0ce20215d71dcabbbc621467b5ca305632be55a597e0bc9b587bc775b755
S6114001_S_ALEPIA-109,G5_0c1fa9d45c6ab2c6,Alepia aleppo·口碑·玫瑰 香皂 100g (法國),1,Alepia,soap_bar,100g,法國,1,,ALEPIA ALEPPO  口碑皂 - 玫瑰,multipass-v1-lexical,373e0ce20215d71dcabbbc621467b5ca305632be55a597e0bc9b587bc775b755
S6114001_S_ALEPIA-110,G5_6d07b5a836a3942d,Alepia aleppo·口碑·橙花 香皂 100g (法國),1,Alepia,soap_bar,100g,法國,1,,ALEPIA  ALEPPO  口碑皂 - 橙花,multipass-v1-lexical,373e0ce20215d71dcabbbc621467b5ca305632be55a597e0bc9b587bc775b755
S6114001_S_ALEPIA-111,G5_eb62d9b2248868c1,Alepia 浪漫佳人 香皂 100g (法國),1,Alepia,soap_bar,100g,法國,1,,ALEPIA 巴黎皂 浪漫佳人,multipass-v1-lexical,373e0ce20215d71dcabbbc621467b5ca305632be55a597e0bc9b587bc775b755
S6114001_S_ALEPIA-112,G5_1e4be4dc0605442e,Alepia 激情禮贊 香皂 100g (法國),1,Alepia,soap_bar,100g,法國,1,,ALEPIA 巴黎皂 激情禮贊,multipass-v1-lexical,373e0ce20215d71dcabbbc621467b5ca305632be55a597e0bc9b587bc775b755
S6114001_S_ALEPIA-113,G5_c060506f652391f0,Alepia 巴黎之夜 香皂 100g (法國),1,Alepia,soap_bar,100g,法國,1,,ALEPIA 巴黎皂 巴黎之夜,multipass-v1-lexical,373e0ce20215d71dcabbbc621467b5ca305632be55a597e0bc9b587bc775b755
S6136001_S_4NO5,G5_07b7b8e76d04e742,加信氏 每包 香皂 110g (印尼),1,加信氏,soap_bar,110g,印尼,4,,香皂 番梘 (每包4個),multipass-v1-lexical,373e0ce20215d71dcabbbc621467b5ca305632be55a597e0bc9b587bc775b755
S6136001_S_4NO5D,G5_717e24bb94fcc247,花王 香皂 130g (馬來西亞),1,花王,soap_bar,130g,馬來西亞,3,,香皂 番梘 3件裝  (130克 x 3)  新舊包裝隨機發放,multipass-v1-lexical,373e0ce20215d71dcabbbc621467b5ca305632be55a597e0bc9b587bc775b755
S6286003_S_ds_164,G5_dc8829cc10343efb,davines 香皂 100g (義大利),1,davines,soap_bar,100g,義大利,1,,WE STAND Hair & Body「支持土地再生」全能清潔香梘 100g,multipass-v1-lexical,373e0ce20215d71dcabbbc621467b5ca305632be55a597e0bc9b587bc775b755
S6286003_S_ds_166,G5_a5a22ff497655758,davines DEDE 香皂 100g (義大利),1,davines,soap_bar,100g,義大利,1,,DEDE 強化洗髮香梘 100g,multipass-v1-lexical,373e0ce20215d71dcabbbc621467b5ca305632be55a597e0bc9b587bc775b755
S6286003_S_ds_167,G5_0abed2c011536845,davines MOMO 香皂 100g (義大利),1,davines,soap_bar,100g,義大利,1,,MOMO 保濕洗髮香梘 100g,multipass-v1-lexical,373e0ce20215d71dcabbbc621467b5ca305632be55a597e0bc9b587bc775b755
S6286003_S_ds_168,G5_d4db7450550af3f4,davines 洗髮 洗髮皂 100g (義大利),1,davines,shampoo_bar,100g,義大利,1,,LOVE Smoothing Shampoo Bar 柔順洗髮香梘 100g,multipass-v1-lexical,373e0ce20215d71dcabbbc621467b5ca305632be55a597e0bc9b587bc775b755
S6324001_S_bt-menintwash-250,G5_85fc96063eeaa125,BIOTURM 潔膚·護理 未分類 250ml (德國),1,BIOTURM,UNKNOWN,250ml,德國,1,,男性私密護理潔膚啫喱,multipass-v1-lexical,373e0ce20215d71dcabbbc621467b5ca305632be55a597e0bc9b587bc775b755
S6324001_S_nn-soapbarscented,G5_6fa29a92e6a61e96,native neem 香皂 100g (紐西蘭),1,native neem,soap_bar,100g,紐西蘭,1,,有機苦楝手工皂 (香味),multipass-v1-lexical,373e0ce20215d71dcabbbc621467b5ca305632be55a597e0bc9b587bc775b755
S6429001_S_CC8809338505032,G5_fc0dfe5812709854,紅參 香皂 規格未知 (韓國),1,,soap_bar,,韓國,1,8809338505032,【臨期】韓國紅參皂【平行進口】8809338505032 EXP.2026.06.12,multipass-v1-lexical,373e0ce20215d71dcabbbc621467b5ca305632be55a597e0bc9b587bc775b755
U0043001_S_YANZSOAP-001-01,G5_3046b94a8eab8302,焱芝手工皂 台灣蝦皮第一名·洗頭洗面洗澡·左手香 香皂 120g (台灣),1,焱芝手工皂,soap_bar,120g,台灣,1,,【台灣蝦皮第一名手工皂】Dr. Yanz 焱芝左手香手工皂｜香港熱賣｜油性/混合肌適用｜一皂洗頭洗面洗澡｜120g,multipass-v1-lexical,373e0ce20215d71dcabbbc621467b5ca305632be55a597e0bc9b587bc775b755
U0043001_S_YANZSOAP-002-01,G5_821d46e1ecd1fc2e,焱芝手工皂 台灣蝦皮第一名·洗頭洗面洗澡·芙蓉艾草 香皂 120g (台灣),1,焱芝手工皂,soap_bar,120g,台灣,1,,【台灣蝦皮第一名手工皂】Dr. Yanz 焱芝芙蓉艾草手工皂｜香港熱賣｜嬰兒/敏感肌適用｜一皂洗頭洗面洗澡｜120g±10%,multipass-v1-lexical,373e0ce20215d71dcabbbc621467b5ca305632be55a597e0bc9b587bc775b755
U0043001_S_YANZSOAP-003,G5_93f8d78ef843cd0d,焱芝手工皂 台灣蝦皮第一名·洗頭洗面洗澡·橄欖馬賽 香皂 120g (台灣),1,焱芝手工皂,soap_bar,120g,台灣,1,,【台灣蝦皮第一名手工皂】Dr. Yanz 焱芝老青黛橄欖馬賽皂｜香港熱賣｜乾性/敏感肌適用｜乾燥脫屑日常清潔｜一皂洗頭洗面洗澡｜120g±10%,multipass-v1-lexical,373e0ce20215d71dcabbbc621467b5ca305632be55a597e0bc9b587bc775b755
U0043001_S_YANZSOAP-004,G5_e7b53bac22c76381,焱芝手工皂 台灣蝦皮第一名·洗頭洗面洗澡·敏感肌 香皂 120g (台灣),1,焱芝手工皂,soap_bar,120g,台灣,1,,【台灣蝦皮第一名手工皂】Dr. Yanz 焱芝紫草根潤白馬賽皂｜香港熱賣｜敏感肌適用｜膚色暗沉感日常清潔｜一皂洗頭洗面洗澡｜120g±10%,multipass-v1-lexical,373e0ce20215d71dcabbbc621467b5ca305632be55a597e0bc9b587bc775b755
U0043001_S_YANZSOAP-005,G5_07bf4d009ab0f3bc,焱芝手工皂 台灣蝦皮第一名·洗頭洗面洗澡·毛孔 香皂 120g (台灣),1,焱芝手工皂,soap_bar,120g,台灣,1,,【台灣蝦皮第一名手工皂】Dr. Yanz 焱芝酪梨馬賽皂｜香港熱賣｜油性/粉刺痘痘肌適用｜深層清潔毛孔｜一皂洗頭洗面洗澡｜120g±10%,multipass-v1-lexical,373e0ce20215d71dcabbbc621467b5ca305632be55a597e0bc9b587bc775b755
U0043001_S_YANZSOAP-010-01,G5_b6da3729cbdbf284,焱芝手工皂 台灣蝦皮第一名·洗頭洗面沖涼·免運費 香皂 1000ml (台灣),1,焱芝手工皂,soap_bar,1000ml,台灣,1,,【台灣蝦皮第一名手工皂】Dr. Yanz 焱芝玉容精華皂液＋5塊手工皂精選組｜免運費｜現折HK$50｜隨機送2塊手工皂｜洗頭洗面沖涼｜1000ml±10%＋120g±10%/塊,multipass-v1-lexical,373e0ce20215d71dcabbbc621467b5ca305632be55a597e0bc9b587bc775b755
U0049001_S_BLANCHI_LuckyBag_3,G5_1a70696ee4622f38,BLANCHI 精油 香皂 10g (台灣),1,BLANCHI,soap_bar,10g,台灣,1,,白祁 金香皂福袋精油手工皂 伴手禮,multipass-v1-lexical,373e0ce20215d71dcabbbc621467b5ca305632be55a597e0bc9b587bc775b755
U0049001_S_BLANCHI_handmade_soap_Grapefruit,G5_a9892a8cd6c606a6,BLANCHI 薰衣草·精油·茶樹 香皂 10g (台灣),1,BLANCHI,soap_bar,10g,台灣,1,,白祁 西柚 境夢 茶樹 薰衣草 精油手工皂 /4款一組(IFF天然精油),multipass-v1-lexical,373e0ce20215d71dcabbbc621467b5ca305632be55a597e0bc9b587bc775b755
U0049001_S_Natures_Beauty_Gentle_Soap,G5_2026f6a9a1dc0360,beauty·燕麥 香皂 100g (紐西蘭),1,,soap_bar,100g,紐西蘭,1,,Natures Beauty Lanolux 溫和皂 (含羊毛脂和燕麥片)100克 [平行進口],multipass-v1-lexical,373e0ce20215d71dcabbbc621467b5ca305632be55a597e0bc9b587bc775b755
U0118001_S_A500004,G5_d14bffb717f88f2a,朝夕 敏感肌·無添加·使用 香皂 85g (日本),1,朝夕,soap_bar,85g,日本,1,,日本天然植萃柑橘系香皂－柚子Yuzu 85g｜手工香皂｜柚子香氣｜自然清爽・溫和養｜保濕滋潤肥皂｜敏感肌適用｜無添加肥皂｜有效中和汗味、體味｜嬰兒小孩或產後媽媽安心使用｜男士肥皂｜,multipass-v1-lexical,373e0ce20215d71dcabbbc621467b5ca305632be55a597e0bc9b587bc775b755
U0173001_S_C_0002,G5_37387b388153a7b3,Caprina 山羊奶·敏感肌·原味 香皂 110g (加拿大),1,Caprina,soap_bar,110g,加拿大,4,,肯拿士 加拿大新鮮山羊奶香皂 - 經典原味  110克  4件裝 溫和滋潤 敏感肌適用,multipass-v1-lexical,373e0ce20215d71dcabbbc621467b5ca305632be55a597e0bc9b587bc775b755
U0208001_S_4712589152266,G5_571aec4913bec2a8,太生利 玫瑰 香皂 100g (台灣),1,太生利,soap_bar,100g,台灣,1,4712589152266,太生利玫瑰皂,multipass-v1-lexical,373e0ce20215d71dcabbbc621467b5ca305632be55a597e0bc9b587bc775b755
U0208001_S_4712589152273,G5_1239dbddf9e660d7,太生利 薰衣草 香皂 100g (台灣),1,太生利,soap_bar,100g,台灣,1,4712589152273,太生利薰衣草皂,multipass-v1-lexical,373e0ce20215d71dcabbbc621467b5ca305632be55a597e0bc9b587bc775b755
U0208001_S_4712589152327,G5_b1e680bc92c42177,太生利 何首烏 香皂 100g (台灣),1,太生利,soap_bar,100g,台灣,1,4712589152327,太生利何首烏皂,multipass-v1-lexical,373e0ce20215d71dcabbbc621467b5ca305632be55a597e0bc9b587bc775b755
