sku_a,sku_b,score,sources,embedding_cosine
B0027001_S_EM202401JL-3RAcneSoap,B0027002_S_EM202401JL-3RAcneSoap,1.00000000,brand_unit;legacy_block;packfree_exact;semantic_topk,1.00000072
B0058001_S_HS-0269,H7071001_S_AKM00340,0.17485003,semantic_topk,0.73647410
B0059001_S_SAV26NJ_6,H5292003_S_SAV57NJ5,,brand_unit;legacy_block,
B0059001_S_SAV26NJ_6,H6141001_S_A076-12B,0.98527227,brand_unit;legacy_block,
B0059001_S_SAV26NJ_6,H6141001_S_A401,0.16476321,brand_unit;legacy_block,
B0059001_S_SAV26NJ_6,H6141001_S_A404,0.24225551,brand_unit;legacy_block,
B0059001_S_SAV26NJ_6,H6141001_S_A405,0.18971059,brand_unit;legacy_block,
B0059001_S_SAV26NJ_6,H6141001_S_A406,0.75729056,brand_unit;legacy_block,
B0059001_S_SAV26NJ_6,H6141001_S_A407,0.11411274,brand_unit,
B0059001_S_SAV26NJ_6,H6141001_S_A408,0.13718483,brand_unit;legacy_block,
B0059001_S_SAV26NJ_6,H6141001_S_A409,,brand_unit;legacy_block,
B0059001_S_SAV26NJ_6,H6141001_S_A410,,brand_unit;legacy_block,
B0059001_S_SAV26NJ_6,H6141001_S_A463,0.99269847,brand_unit;legacy_block,
B0059001_S_SAV26NJ_6,H6173001_S_NAJEL-ARGAN,0.64207904,brand_unit;legacy_block,
B0059001_S_SAV26NJ_6,H6173001_S_NAJEL-BK-CUMIN,0.07647703,brand_unit;legacy_block,
B0059001_S_SAV26NJ_6,H6173001_S_NAJEL-CHARCOAL,0.21061796,brand_unit;legacy_block,
B0059001_S_SAV26NJ_6,H6173001_S_NAJEL-DEAD-SEA-MUD,0.27912567,brand_unit;legacy_block,
B0059001_S_SAV26NJ_6,H6173001_S_NAJEL-HONEY,0.11536945,brand_unit;legacy_block,
B0059001_S_SAV26NJ_6,H6173001_S_NAJEL-JASMINE,,brand_unit;legacy_block,
B0059001_S_SAV26NJ_6,H6173001_S_NAJEL-LEMON,,brand_unit;legacy_block,
B0059001_S_SAV26NJ_6,H6173001_S_NAJEL-ORG,,brand_unit;legacy_block,
B0059001_S_SAV26NJ_6,H6173001_S_NAJEL-RD-CLAY,0.07718537,brand_unit;legacy_block,
B0059001_S_SAV26NJ_6,H6173001_S_NAJEL-ROSE,,brand_unit;legacy_block,
B0059001_S_SAV26NJ_6,H6300002_S_BWNJL-10,0.49751315,brand_unit;legacy_block,
B0059001_S_SAV26NJ_6,H6300002_S_BWNJL-7,,brand_unit,
B0059001_S_SAV26NJ_6,H6300002_S_BWNJL-8,,brand_unit,
B0059001_S_SAV26NJ_6,H6300002_S_BWNJL-9,0.09053387,brand_unit,
B0059001_S_SAV26NJ_6,H7517001_S_NAJ0058,,brand_unit;legacy_block,
B0059001_S_SAV26NJ_6,H7517001_S_NAJ0959,0.11727317,brand_unit;legacy_block,
B0059001_S_SAV26NJ_6,H7517001_S_NAJ5114,,brand_unit;legacy_block,
B0059001_S_SAV26NJ_6,S2188001_S_NAJLalepSOAPsea100g3820N,0.01166243,brand_unit;legacy_block,
B0107004_S_LPTD-No-01069,B0107004_S_LPTD-No-01071,0.97123858,legacy_block,
B0107004_S_LPTD-No-01069,B0107004_S_LPTD-No-01072,0.94666303,legacy_block,
B0107004_S_LPTD-No-01069,B0122001_S_CP0002,0.00210068,legacy_block,
B0107004_S_LPTD-No-01069,S1061001_S_MON-030-158-0000,0.15320380,legacy_block,
B0107004_S_LPTD-No-01071,B0107004_S_LPTD-No-01072,0.90563087,legacy_block;semantic_topk,0.76186794
B0107004_S_LPTD-No-01071,B0122001_S_CP0002,0.00210068,legacy_block,
B0107004_S_LPTD-No-01071,S1061001_S_MON-030-158-0000,0.05407305,legacy_block,
B0107004_S_LPTD-No-01072,B0122001_S_CP0002,0.00298669,legacy_block,
B0107004_S_LPTD-No-01072,S1061001_S_MON-030-158-0000,0.03988062,legacy_block,
B0107004_S_LPTD-No-01073,H6974002_S_SA1782,0.02540615,legacy_block,
B0107004_S_LPTD-No-01073,H7343015_S_3PLHK230223JJQT05858RMN01,0.96369669,legacy_block,
B0107004_S_LPTD-No-01073,H8782002_S_8858891600715,0.00348946,legacy_block,
B0107004_S_LPTD-No-01388,B0446001_S_Ehome-0008,0.90307289,legacy_block,
B0107004_S_LPTD-No-01388,B0446001_S_Ehome-0009,0.90307289,legacy_block,
B0107004_S_LPTD-No-01388,B0446001_S_Ehome-0010,0.90307289,legacy_block,
B0107004_S_LPTD-No-01388,B0446001_S_Ehome-0011,0.90307289,legacy_block,
B0107004_S_LPTD-No-01388,B0446001_S_Ehome-0012,0.90307289,legacy_block,
B0107004_S_LPTD-No-01388,B0446001_S_Ehome-0158,0.90645739,legacy_block,
B0107004_S_LPTD-No-01388,B0939001_S_A1_0949,0.14818503,legacy_block,
B0107004_S_LPTD-No-01388,B1193001_S_H4147_TBD0605821001,0.98278805,legacy_block,
B0107004_S_LPTD-No-01388,B1260001_S_H4158_TBD0605821001,0.95237583,legacy_block,
B0107004_S_LPTD-No-01388,H7343002_S_HK231214JJQT10097RMN01,0.90758615,legacy_block,
B0107004_S_LPTD-No-01388,H7343002_S_HK260107JJQT15884RMN01,0.90307289,legacy_block,
B0107004_S_LPTD-No-01388,H7343003_S_HK230329JJQT06511RMN02,0.94127159,legacy_block,
B0107004_S_LPTD-No-01388,H7343003_S_HK231214JJQT10097RMN01,0.90758615,legacy_block,
B0107004_S_LPTD-No-01388,H7343003_S_HK260107JJQT15884RMN01,0.90307289,legacy_block,
B0107004_S_LPTD-No-01388,H7343013_S_HK230329JJQT06511RMN02,0.93776349,legacy_block,
B0107004_S_LPTD-No-01388,H7343013_S_HK231214JJQT10097RMN01,0.67654232,legacy_block,
B0107004_S_LPTD-No-01388,H7343013_S_HK260107JJQT15884RMN01,0.32681129,legacy_block,
B0107004_S_LPTD-No-01388,H7343015_S_HK230329JJQT06511RMN02,0.94127159,legacy_block,
B0107004_S_LPTD-No-01388,H7343015_S_HK231214JJQT10097RMN01,0.90758615,legacy_block,
B0107004_S_LPTD-No-01388,H7343015_S_HK260107JJQT15884RMN01,0.90307289,legacy_block,
B0107004_S_LPTD-No-01388,H8513001_S_Ehome-0008,0.90307289,legacy_block,
B0107004_S_LPTD-No-01388,H8513001_S_Ehome-0009,0.90307289,legacy_block,
B0107004_S_LPTD-No-01388,H8513001_S_Ehome-0010,0.90307289,legacy_block,
B0107004_S_LPTD-No-01388,H8513001_S_Ehome-0011,0.90307289,legacy_block,
B0107004_S_LPTD-No-01388,H8513001_S_Ehome-0012,0.90307289,legacy_block,
B0107004_S_LPTD-No-01388,H8513001_S_Ehome-0158,0.90645739,legacy_block,
B0107004_S_LPTD-No-01388,H8513003_S_Ehome-0008,0.90307289,legacy_block,
B0107004_S_LPTD-No-01388,H8513003_S_Ehome-0009,0.90307289,legacy_block,
B0107004_S_LPTD-No-01388,H8513003_S_Ehome-0010,0.90307289,legacy_block,
B0107004_S_LPTD-No-01388,H8513003_S_Ehome-0011,0.90307289,legacy_block,
B0107004_S_LPTD-No-01388,H8513003_S_Ehome-0012,0.90307289,legacy_block,
B0107004_S_LPTD-No-01388,H8513003_S_Ehome-0158,0.90645739,legacy_block,
B0107004_S_LPTD-No-01626,H9357001_S_4897025527393,0.05892025,legacy_block,
B0107004_S_LPTD-No-01749,B1193001_S_H4147_TBD0604665503,0.00053862,legacy_block,
B0107004_S_LPTD-No-01749,B1260001_S_H4158_TBD0604665503,0.00052699,legacy_block,
B0107004_S_LPTD-No-01749,C0178001_S_XZZ01,0.00179193,legacy_block,
B0107004_S_LPTD-No-01749,C0185001_S_5819649424364_H,0.00041601,legacy_block,
B0107004_S_LPTD-No-01749,C0185001_S_5876183696240_H,0.00595775,legacy_block,
B0107004_S_LPTD-No-01749,C0185001_S_5876585208844_H,0.00061443,legacy_block,
B0107004_S_LPTD-No-01749,C0185001_S_5877738757083_H,0.00078287,legacy_block,
B0107004_S_LPTD-No-01749,C0185001_S_944295097981_H,0.00083567,legacy_block,
B0107004_S_LPTD-No-01749,C0631001_S_12414451169,0.00061443,legacy_block,
B0107004_S_LPTD-No-01749,C0631001_S_12414451577,,legacy_block,
B0107004_S_LPTD-No-01749,C0631001_S_12414452074,0.00061443,legacy_block,
B0107004_S_LPTD-No-01749,C0631001_S_12414453935,,legacy_block,
B0107004_S_LPTD-No-01749,C0748001_S_6102613952149_H,0.00197254,legacy_block,
B0107004_S_LPTD-No-01749,C0748001_S_6103392109070_H,0.00446641,legacy_block,
B0107004_S_LPTD-No-01749,C0748001_S_6103392277824_H,0.00885129,legacy_block,
B0107004_S_LPTD-No-01749,C0748001_S_6267514542397_H,0.00221407,legacy_block,
B0107004_S_LPTD-No-01749,C0748001_S_6267845435401_H,0.00319306,legacy_block,
B0107004_S_LPTD-No-01749,H6706001_S_cs169985,0.00295427,legacy_block,
B0107004_S_LPTD-No-01749,H7343002_S_HK230502JJQT07214RMN05,0.00068994,legacy_block,
B0107004_S_LPTD-No-01749,H7343003_S_HK230502JJQT07214RMN05,0.00068994,legacy_block,
B0107004_S_LPTD-No-01749,H7343013_S_HK230502JJQT07214RMN05,0.00068994,legacy_block,
B0107004_S_LPTD-No-01749,H7343015_S_HK230502JJQT07214RMN05,0.00068994,legacy_block,
B0107004_S_LPTD-No-01749,H7420001_S_MASKHOME-485,0.00057351,legacy_block,
B0107004_S_LPTD-No-01749,S1061001_S_MON-748-027-0000,0.00207786,legacy_block,
B0122001_S_CP0002,S1061001_S_MON-030-158-0000,0.01130119,legacy_block,
B0148001_S_GA3614273737081,H9250001_S_A3614273737081,0.99922764,brand_unit;legacy_block,
B0148001_S_GA3614273737081,S2723001_S_A23910,0.99784152,brand_unit;legacy_block,
B0148001_S_jo111570,B0148002_S_jo111570,1.00000000,brand_unit;legacy_block;packfree_exact;semantic_topk,0.99999970
B0153002_S_4103040000422,H7915001_S_4103040000422,1.00000000,brand_unit;exact_ean;legacy_block,
B0153002_S_4103040000422,H8765001_S_25309,1.00000000,brand_unit;exact_ean;legacy_block,
B0172001_S_OnTBDSoap-Coconut-01,B0172001_S_OnTBDSoap-Lavender-01,,brand_unit;legacy_block;semantic_topk,0.97726083
B0172001_S_OnTBDSoap-Coconut-01,B0172001_S_OnTBDSoap-Lemon-01,,brand_unit;legacy_block;semantic_topk,0.97046298
B0172001_S_OnTBDSoap-Coconut-01,B0172001_S_OnTBDSoap-OliveO-01,0.00556044,brand_unit;legacy_block;semantic_topk,0.97694224
B0172001_S_OnTBDSoap-Lavender-01,B0172001_S_OnTBDSoap-Lemon-01,,brand_unit;legacy_block;semantic_topk,0.97093529
B0172001_S_OnTBDSoap-Lavender-01,B0172001_S_OnTBDSoap-OliveO-01,,brand_unit;legacy_block;semantic_topk,0.97601897
B0172001_S_OnTBDSoap-Lemon-01,B0172001_S_OnTBDSoap-OliveO-01,,brand_unit;legacy_block;semantic_topk,0.97149074
B0197001_S_A0065,B0197001_S_A0066,0.45148766,brand_unit;legacy_block;semantic_topk,0.51832169
B0197001_S_A0065,B0197001_S_A0067,,brand_unit;legacy_block;semantic_topk,0.46219528
B0197001_S_A0065,H7138001_S_Y350100067,0.00058491,brand_unit,
B0197001_S_A0065,H7138001_S_Y350100227,,brand_unit;legacy_block,
B0197001_S_A0065,H7138001_S_Y35010074,0.98951001,brand_unit;legacy_block,
B0197001_S_A0065,H7138001_S_Y35016021-2,0.00758776,brand_unit;legacy_block,
B0197001_S_A0065,H8867001_S_lzn0003,0.63224790,brand_unit;legacy_block;semantic_topk,0.42353439
B0197001_S_A0065,H8999001_S_LZ_soap_4710942103153,0.08552654,brand_unit;semantic_topk,0.40524048
B0197001_S_A0065,H8999001_S_LZ_soap_4710942103160,0.09024037,brand_unit;semantic_topk,0.79735613
B0197001_S_A0065,H8999001_S_LZ_soap_4710942103184,0.00025937,brand_unit,
B0197001_S_A0065,H8999001_S_LZ_soap_4710942103191,0.00036905,brand_unit,
B0197001_S_A0066,B0197001_S_A0067,0.96309021,brand_unit;legacy_block;semantic_topk,0.59704149
B0197001_S_A0066,H7138001_S_Y350100067,0.06948055,brand_unit,
B0197001_S_A0066,H7138001_S_Y350100227,0.43476769,brand_unit;legacy_block,
B0197001_S_A0066,H7138001_S_Y35010074,0.46106932,brand_unit;legacy_block,
B0197001_S_A0066,H7138001_S_Y35016021-2,0.01088895,brand_unit;legacy_block,
B0197001_S_A0066,H8867001_S_lzn0003,0.00837447,brand_unit;legacy_block;semantic_topk,0.49192578
B0197001_S_A0066,H8999001_S_LZ_soap_4710942103153,0.02382938,brand_unit;semantic_topk,0.80785197
B0197001_S_A0066,H8999001_S_LZ_soap_4710942103160,0.01087593,brand_unit,
B0197001_S_A0066,H8999001_S_LZ_soap_4710942103184,0.00024404,brand_unit,
B0197001_S_A0066,H8999001_S_LZ_soap_4710942103191,0.00034724,brand_unit,
B0197001_S_A0067,H7138001_S_Y350100067,0.02970299,brand_unit,
B0197001_S_A0067,H7138001_S_Y350100227,0.98856364,brand_unit;legacy_block,
B0197001_S_A0067,H7138001_S_Y35010074,,brand_unit;legacy_block,
B0197001_S_A0067,H7138001_S_Y35016021-2,,brand_unit;legacy_block,
B0197001_S_A0067,H8867001_S_lzn0003,,brand_unit;legacy_block,
B0197001_S_A0067,H8999001_S_LZ_soap_4710942103153,0.07541919,brand_unit;semantic_topk,0.46431869
B0197001_S_A0067,H8999001_S_LZ_soap_4710942103160,,brand_unit,
B0197001_S_A0067,H8999001_S_LZ_soap_4710942103184,0.00025937,brand_unit,
B0197001_S_A0067,H8999001_S_LZ_soap_4710942103191,,brand_unit,
B0216001_S_4891080100034,H9357001_S_4891080100034,,exact_ean,
B0216001_S_4892659051573,B0631001_S_4982659051573,0.99904840,brand_unit;semantic_topk,0.64156228
B0216001_S_4892659051573,H9357001_S_4892659051573,1.00000000,brand_unit;exact_ean;legacy_block;packfree_exact;semantic_topk,1.00000000
B0216001_S_4892659051573,H9564001_S_EP06PS100,1.00000000,exact_ean;legacy_block;packfree_exact;semantic_topk,0.53954941
B0216001_S_4895097007027,H9357001_S_4895097007027,1.00000000,brand_unit;exact_ean;legacy_block;packfree_exact;semantic_topk,0.99999982
B0216001_S_6297000323060,H8424001_S_6297000323060,,exact_ean,
B0216001_S_6297000323060,H9357001_S_6297000323060,1.00000000,brand_unit;exact_ean;legacy_block;packfree_exact;semantic_topk,0.99999982
B0216001_S_6297000323060,S2802001_S_CussonsBathSoap,0.27751905,brand_unit,
B0216001_S_6901404601258,H6706001_S_cs169963,0.93661049,brand_unit,
B0216001_S_6901404601258,H6706001_S_cs169964,0.87638257,brand_unit,
B0216001_S_6901404601258,H6706001_S_cs169965,0.85019274,brand_unit;semantic_topk,0.45088112
B0216001_S_6901404601258,H9299001_S_6901404341253_3pcs,0.01530460,legacy_block,
B0216001_S_6901404601258,H9299001_S_6901404712534,0.51142860,brand_unit;legacy_block,
B0216001_S_6901404601258,H9299001_S_6901404812548,0.51142860,brand_unit;legacy_block,
B0216001_S_6901404601258,H9299001_S_6901404912514,1.00000000,brand_unit;exact_ean;legacy_block,
B0216001_S_6901404601258,H9357001_S_6901404601258,1.00000000,brand_unit;exact_ean;legacy_block;packfree_exact;semantic_topk,0.99999982
B0216001_S_8720182256362-1,B1149001_S_8720182256362,1.00000000,brand_unit;exact_ean;legacy_block,
B0216001_S_8720182256362-1,C0082001_S_1044638142101_H,0.00757933,brand_unit,
B0216001_S_8720182256362-1,H5528001_S_DOV256362,0.84165019,brand_unit,
B0216001_S_8720182256362-1,H5528001_S_DOV256362A,0.84165019,brand_unit,
B0216001_S_8720182256362-1,H5528001_S_DOV256362B,0.84165019,brand_unit,
B0216001_S_8720182256362-1,H6401001_S_dovesoap,0.99979512,brand_unit,
B0216001_S_8720182256362-1,H6729001_S_D0522,0.00264282,brand_unit,
B0216001_S_8720182256362-1,H8728001_S_8720182256362,1.00000000,brand_unit;exact_ean;legacy_block,
B0216001_S_8720182256362-1,H9357001_S_8718114047249,1.00000000,brand_unit;exact_ean,
B0216001_S_8720182256362-1,H9357001_S_8720182256362-1,1.00000000,brand_unit;exact_ean;legacy_block;packfree_exact;semantic_topk,1.00000024
B0216001_S_8720182256362-1,H9564001_S_DO06CB06,1.00000000,brand_unit;exact_ean;legacy_block,
B0216001_S_8720182256362-1,S2090001_S_4NO5C,,brand_unit,
B0216001_S_8720182256362-1,S2552001_S_10091DOV_BAR_SOA_MD,0.99504027,brand_unit,
B0216001_S_8720182256362-1,S2552002_S_10091_HHL,0.99504027,brand_unit,
B0216001_S_8720182256362-1,S6136001_S_4NO5C,,brand_unit,
B0216001_S_9556155017017,H8424001_S_9556155017017,1.00000000,exact_ean;legacy_block,
B0216001_S_9556155017017,H9340001_S_65610,0.99888880,brand_unit,
B0216001_S_9556155017017,H9357001_S_9556155017017,1.00000000,brand_unit;exact_ean;legacy_block;packfree_exact;semantic_topk,1.00000036
B0216001_S_9556155017017,H9564001_S_KA05KS03,1.00000000,brand_unit;exact_ean;legacy_block;semantic_topk,0.46687046
B0216001_S_9556155017017,S6136001_S_4NO5D,0.91675729,brand_unit,
B0264001_S_8997206264256,B0264001_S_8997206264683,0.01174707,brand_unit;legacy_block;semantic_topk,0.92269373
B0264001_S_8997206264256,B0264001_S_8997206264706,0.00733604,brand_unit;legacy_block;semantic_topk,0.90256053
B0264001_S_8997206264256,B0264001_S_8997206265147,,brand_unit;legacy_block;semantic_topk,0.87204802
B0264001_S_8997206264256,B0264001_S_8997206265154-50x2,0.00456366,brand_unit;semantic_topk,0.90592223
B0264001_S_8997206264256,B0264001_S_8997206265178x2,,brand_unit;semantic_topk,0.87391084
B0264001_S_8997206264256,B0264001_S_8997206265192x2,0.00361996,brand_unit,
B0264001_S_8997206264256,B0264001_S_8997206265208-50x2,0.00502510,brand_unit;semantic_topk,0.90215009
B0264001_S_8997206264256,B0264001_S_8997206265215-50x2,0.00456366,brand_unit;semantic_topk,0.90945882
B0264001_S_8997206264256,B0264001_S_8997206265260-50x2,,brand_unit;semantic_topk,0.89518768
B0264001_S_8997206264256,B0264001_S_8997206265307,,brand_unit;legacy_block;semantic_topk,0.87028915
B0264001_S_8997206264256,B0264001_S_8997206265321,0.00456366,brand_unit;legacy_block;semantic_topk,0.87836903
B0264001_S_8997206264294,B0264001_S_8997206264300,1.00000000,brand_unit;packfree_exact;semantic_topk,0.98249352
B0264001_S_8997206264683,B0264001_S_8997206264706,0.15123012,brand_unit;legacy_block;semantic_topk,0.91191095
B0264001_S_8997206264683,B0264001_S_8997206265147,0.00729548,brand_unit;legacy_block;semantic_topk,0.86306000
B0264001_S_8997206264683,B0264001_S_8997206265154-50x2,0.00534923,brand_unit;semantic_topk,0.88625801
B0264001_S_8997206264683,B0264001_S_8997206265178x2,0.00354054,brand_unit;semantic_topk,0.86490232
B0264001_S_8997206264683,B0264001_S_8997206265192x2,0.05359283,brand_unit,
B0264001_S_8997206264683,B0264001_S_8997206265208-50x2,0.04287200,brand_unit;semantic_topk,0.88254923
B0264001_S_8997206264683,B0264001_S_8997206265215-50x2,0.07734121,brand_unit;semantic_topk,0.88970488
B0264001_S_8997206264683,B0264001_S_8997206265260-50x2,0.00502510,brand_unit;semantic_topk,0.88634497
B0264001_S_8997206264683,B0264001_S_8997206265307,0.00344599,brand_unit;legacy_block;semantic_topk,0.86131597
B0264001_S_8997206264683,B0264001_S_8997206265321,0.00456366,brand_unit;legacy_block;semantic_topk,0.86931908
B0264001_S_8997206264706,B0264001_S_8997206265147,0.00502510,brand_unit;legacy_block;semantic_topk,0.85673791
B0264001_S_8997206264706,B0264001_S_8997206265154-50x2,0.00456366,brand_unit;semantic_topk,0.86904120
B0264001_S_8997206264706,B0264001_S_8997206265178x2,0.00502510,brand_unit;semantic_topk,0.85856485
B0264001_S_8997206264706,B0264001_S_8997206265192x2,0.74030080,brand_unit;semantic_topk,0.91110092
B0264001_S_8997206264706,B0264001_S_8997206265208-50x2,0.05247478,brand_unit;semantic_topk,0.86072391
B0264001_S_8997206264706,B0264001_S_8997206265215-50x2,0.05562175,brand_unit;semantic_topk,0.87263715
B0264001_S_8997206264706,B0264001_S_8997206265260-50x2,0.00502510,brand_unit;semantic_topk,0.87009299
B0264001_S_8997206264706,B0264001_S_8997206265307,0.00393624,brand_unit;legacy_block;semantic_topk,0.85499263
B0264001_S_8997206264706,B0264001_S_8997206265321,0.00456366,brand_unit;legacy_block;semantic_topk,0.86295855
B0264001_S_8997206265147,B0264001_S_8997206265154-50x2,,brand_unit;semantic_topk,0.90312290
B0264001_S_8997206265147,B0264001_S_8997206265178x2,0.00431372,brand_unit;semantic_topk,0.93491536
B0264001_S_8997206265147,B0264001_S_8997206265192x2,0.00670513,brand_unit;semantic_topk,0.87452424
B0264001_S_8997206265147,B0264001_S_8997206265208-50x2,0.00394026,brand_unit;semantic_topk,0.89932358
B0264001_S_8997206265147,B0264001_S_8997206265215-50x2,0.00485257,brand_unit;semantic_topk,0.90478557
B0264001_S_8997206265147,B0264001_S_8997206265260-50x2,,brand_unit;semantic_topk,0.89207977
B0264001_S_8997206265147,B0264001_S_8997206265307,,brand_unit;legacy_block;semantic_topk,0.94444007
B0264001_S_8997206265147,B0264001_S_8997206265321,,brand_unit;legacy_block;semantic_topk,0.93978524
B0264001_S_8997206265154-50x2,B0264001_S_8997206265178x2,0.00485257,brand_unit;legacy_block;semantic_topk,0.90505433
B0264001_S_8997206265154-50x2,B0264001_S_8997206265192x2,0.00438208,brand_unit;legacy_block;semantic_topk,0.90133840
B0264001_S_8997206265154-50x2,B0264001_S_8997206265208-50x2,0.00495227,brand_unit;legacy_block;semantic_topk,0.95374584
B0264001_S_8997206265154-50x2,B0264001_S_8997206265215-50x2,0.01292100,brand_unit;legacy_block;semantic_topk,0.94097775
B0264001_S_8997206265154-50x2,B0264001_S_8997206265260-50x2,0.00485257,brand_unit;legacy_block;semantic_topk,0.92251796
B0264001_S_8997206265154-50x2,B0264001_S_8997206265307,,brand_unit;semantic_topk,0.90132827
B0264001_S_8997206265154-50x2,B0264001_S_8997206265321,,brand_unit;semantic_topk,0.90965158
B0264001_S_8997206265178x2,B0264001_S_8997206265192x2,0.00244910,brand_unit;legacy_block;semantic_topk,0.87395078
B0264001_S_8997206265178x2,B0264001_S_8997206265208-50x2,0.00394026,brand_unit;legacy_block;semantic_topk,0.90124691
B0264001_S_8997206265178x2,B0264001_S_8997206265215-50x2,0.00485257,brand_unit;legacy_block;semantic_topk,0.90672016
B0264001_S_8997206265178x2,B0264001_S_8997206265260-50x2,,brand_unit;legacy_block;semantic_topk,0.90686864
B0264001_S_8997206265178x2,B0264001_S_8997206265307,0.00431372,brand_unit;semantic_topk,0.93309987
B0264001_S_8997206265178x2,B0264001_S_8997206265321,0.00485257,brand_unit;semantic_topk,0.94180167
B0264001_S_8997206265192x2,B0264001_S_8997206265208-50x2,0.03512755,brand_unit;legacy_block;semantic_topk,0.89755803
B0264001_S_8997206265192x2,B0264001_S_8997206265215-50x2,0.02815411,brand_unit;legacy_block;semantic_topk,0.88621449
B0264001_S_8997206265192x2,B0264001_S_8997206265260-50x2,0.00244910,brand_unit;legacy_block;semantic_topk,0.86670291
B0264001_S_8997206265192x2,B0264001_S_8997206265307,0.00670513,brand_unit;semantic_topk,0.87030727
B0264001_S_8997206265192x2,B0264001_S_8997206265321,0.00438208,brand_unit;semantic_topk,0.87843001
B0264001_S_8997206265208-50x2,B0264001_S_8997206265215-50x2,0.03555451,brand_unit;legacy_block;semantic_topk,0.93707597
B0264001_S_8997206265208-50x2,B0264001_S_8997206265260-50x2,0.00431372,brand_unit;legacy_block;semantic_topk,0.91868836
B0264001_S_8997206265208-50x2,B0264001_S_8997206265307,0.00394026,brand_unit;semantic_topk,0.89753455
B0264001_S_8997206265208-50x2,B0264001_S_8997206265321,0.00428108,brand_unit;semantic_topk,0.90582657
B0264001_S_8997206265215-50x2,B0264001_S_8997206265260-50x2,0.00485257,brand_unit;legacy_block;semantic_topk,0.92525536
B0264001_S_8997206265215-50x2,B0264001_S_8997206265307,0.00485257,brand_unit;semantic_topk,0.90298277
B0264001_S_8997206265215-50x2,B0264001_S_8997206265321,0.01292100,brand_unit;semantic_topk,0.91132993
B0264001_S_8997206265260-50x2,B0264001_S_8997206265307,,brand_unit;semantic_topk,0.89030403
B0264001_S_8997206265260-50x2,B0264001_S_8997206265321,,brand_unit;semantic_topk,0.90126175
B0264001_S_8997206265307,B0264001_S_8997206265321,,brand_unit;legacy_block;semantic_topk,0.93796277
B0264001_S_8997206265345,B0264001_S_8997206265352-100x2,,brand_unit;semantic_topk,0.84193516
B0264001_S_8997206265345,B0264001_S_8997206265369x2,,brand_unit;semantic_topk,0.83699596
B0264001_S_8997206265345,B0264001_S_8997206265437,0.00205617,brand_unit;legacy_block;semantic_topk,0.93802768
B0264001_S_8997206265345,B0264001_S_8997206265444,0.00179127,brand_unit;legacy_block;semantic_topk,0.94103223
B0264001_S_8997206265345,B0264001_S_8997206265451,0.00205617,brand_unit;legacy_block;semantic_topk,0.94385761
B0264001_S_8997206265345,B0264001_S_8997206265475,,brand_unit;legacy_block;semantic_topk,0.93842655
B0264001_S_8997206265345,B0264001_S_8997206265482,0.00205617,brand_unit;legacy_block;semantic_topk,0.93866038
B0264001_S_8997206265345,B0264001_S_8997206265499,0.00205617,brand_unit;legacy_block;semantic_topk,0.95178205
B0264001_S_8997206265345,B0264001_S_8997206265505,,brand_unit;legacy_block;semantic_topk,0.94309115
B0264001_S_8997206265345,B0264001_S_8997206265512,,brand_unit;legacy_block;semantic_topk,0.79861826
B0264001_S_8997206265345,B0264001_S_8997206265529,,brand_unit;legacy_block;semantic_topk,0.91532004
B0264001_S_8997206265345,B0264001_S_8997206265536,0.00369389,brand_unit;legacy_block;semantic_topk,0.93736607
B0264001_S_8997206265345,B0264001_S_8997206266427,0.00503924,brand_unit;legacy_block;semantic_topk,0.85843706
B0264001_S_8997206265352-100x2,B0264001_S_8997206265369x2,0.01264935,brand_unit;legacy_block;semantic_topk,0.91569000
B0264001_S_8997206265352-100x2,B0264001_S_8997206265437,0.00323287,brand_unit,
B0264001_S_8997206265352-100x2,B0264001_S_8997206265444,0.00368464,brand_unit;semantic_topk,0.84548080
B0264001_S_8997206265352-100x2,B0264001_S_8997206265451,0.00323287,brand_unit;semantic_topk,0.85273963
B0264001_S_8997206265352-100x2,B0264001_S_8997206265475,0.00673026,brand_unit;semantic_topk,0.84451008
B0264001_S_8997206265352-100x2,B0264001_S_8997206265482,0.00323287,brand_unit;semantic_topk,0.84859753
B0264001_S_8997206265352-100x2,B0264001_S_8997206265499,0.00232830,brand_unit;semantic_topk,0.84828669
B0264001_S_8997206265352-100x2,B0264001_S_8997206265505,,brand_unit;semantic_topk,0.84335947
B0264001_S_8997206265352-100x2,B0264001_S_8997206265512,0.00673026,brand_unit,
B0264001_S_8997206265352-100x2,B0264001_S_8997206265529,,brand_unit;semantic_topk,0.85413605
B0264001_S_8997206265352-100x2,B0264001_S_8997206265536,0.00232830,brand_unit;semantic_topk,0.84691995
B0264001_S_8997206265352-100x2,B0264001_S_8997206266427,0.00718708,brand_unit;semantic_topk,0.84230947
B0264001_S_8997206265369x2,B0264001_S_8997206265437,0.00728686,brand_unit;semantic_topk,0.84008515
B0264001_S_8997206265369x2,B0264001_S_8997206265444,0.00751940,brand_unit;semantic_topk,0.84512949
B0264001_S_8997206265369x2,B0264001_S_8997206265451,0.00728686,brand_unit;semantic_topk,0.84777457
B0264001_S_8997206265369x2,B0264001_S_8997206265475,0.00728686,brand_unit;semantic_topk,0.84313488
B0264001_S_8997206265369x2,B0264001_S_8997206265482,0.00728686,brand_unit;semantic_topk,0.84369314
B0264001_S_8997206265369x2,B0264001_S_8997206265499,0.00728686,brand_unit;semantic_topk,0.84335089
B0264001_S_8997206265369x2,B0264001_S_8997206265505,,brand_unit;semantic_topk,0.83844215
B0264001_S_8997206265369x2,B0264001_S_8997206265512,,brand_unit,
B0264001_S_8997206265369x2,B0264001_S_8997206265529,0.00728686,brand_unit;semantic_topk,0.84938067
B0264001_S_8997206265369x2,B0264001_S_8997206265536,0.00728686,brand_unit;semantic_topk,0.84200126
B0264001_S_8997206265369x2,B0264001_S_8997206266427,,brand_unit,
B0264001_S_8997206265437,B0264001_S_8997206265444,0.01170963,brand_unit;legacy_block;semantic_topk,0.95037377
B0264001_S_8997206265437,B0264001_S_8997206265451,,brand_unit;legacy_block;semantic_topk,0.95320886
B0264001_S_8997206265437,B0264001_S_8997206265475,0.02266951,brand_unit;legacy_block;semantic_topk,0.94770783
B0264001_S_8997206265437,B0264001_S_8997206265482,,brand_unit;legacy_block;semantic_topk,0.94795084
B0264001_S_8997206265437,B0264001_S_8997206265499,0.00505701,brand_unit;legacy_block;semantic_topk,0.94821548
B0264001_S_8997206265437,B0264001_S_8997206265505,0.00205617,brand_unit;legacy_block;semantic_topk,0.93616492
B0264001_S_8997206265437,B0264001_S_8997206265512,,brand_unit;legacy_block;semantic_topk,0.80468607
B0264001_S_8997206265437,B0264001_S_8997206265529,,brand_unit;legacy_block;semantic_topk,0.92464548
B0264001_S_8997206265437,B0264001_S_8997206265536,0.00505701,brand_unit;legacy_block;semantic_topk,0.94664913
B0264001_S_8997206265437,B0264001_S_8997206266427,0.00521347,brand_unit;legacy_block;semantic_topk,0.86152011
B0264001_S_8997206265444,B0264001_S_8997206265451,0.00310365,brand_unit;legacy_block;semantic_topk,0.95628035
B0264001_S_8997206265444,B0264001_S_8997206265475,0.01170963,brand_unit;legacy_block;semantic_topk,0.95077139
B0264001_S_8997206265444,B0264001_S_8997206265482,0.00310365,brand_unit;legacy_block;semantic_topk,0.95101130
B0264001_S_8997206265444,B0264001_S_8997206265499,0.04225171,brand_unit;legacy_block;semantic_topk,0.95127106
B0264001_S_8997206265444,B0264001_S_8997206265505,0.00179127,brand_unit;legacy_block;semantic_topk,0.93915641
B0264001_S_8997206265444,B0264001_S_8997206265512,0.00310365,brand_unit;legacy_block;semantic_topk,0.80855697
B0264001_S_8997206265444,B0264001_S_8997206265529,0.01170963,brand_unit;legacy_block;semantic_topk,0.92793834
B0264001_S_8997206265444,B0264001_S_8997206265536,0.04225171,brand_unit;legacy_block;semantic_topk,0.94970232
B0264001_S_8997206265444,B0264001_S_8997206266427,0.00479574,brand_unit;legacy_block;semantic_topk,0.86648548
B0264001_S_8997206265451,B0264001_S_8997206265475,0.00505701,brand_unit;legacy_block;semantic_topk,0.95359862
B0264001_S_8997206265451,B0264001_S_8997206265482,,brand_unit;legacy_block;semantic_topk,0.95384312
B0264001_S_8997206265451,B0264001_S_8997206265499,0.00505701,brand_unit;legacy_block;semantic_topk,0.95410860
B0264001_S_8997206265451,B0264001_S_8997206265505,0.00205617,brand_unit;legacy_block;semantic_topk,0.94198167
B0264001_S_8997206265451,B0264001_S_8997206265512,,brand_unit;legacy_block;semantic_topk,0.81250983
B0264001_S_8997206265451,B0264001_S_8997206265529,0.00505701,brand_unit;legacy_block;semantic_topk,0.93039066
B0264001_S_8997206265451,B0264001_S_8997206265536,0.00505701,brand_unit;legacy_block;semantic_topk,0.95253307
B0264001_S_8997206265451,B0264001_S_8997206266427,0.00554115,brand_unit;legacy_block;semantic_topk,0.86930913
B0264001_S_8997206265475,B0264001_S_8997206265482,0.00505701,brand_unit;legacy_block;semantic_topk,0.94833440
B0264001_S_8997206265475,B0264001_S_8997206265499,0.00505701,brand_unit;legacy_block;semantic_topk,0.94860232
B0264001_S_8997206265475,B0264001_S_8997206265505,,brand_unit;legacy_block;semantic_topk,0.93656683
B0264001_S_8997206265475,B0264001_S_8997206265512,,brand_unit;legacy_block;semantic_topk,0.80672103
B0264001_S_8997206265475,B0264001_S_8997206265529,,brand_unit;legacy_block;semantic_topk,0.92507291
B0264001_S_8997206265475,B0264001_S_8997206265536,0.00505701,brand_unit;legacy_block;semantic_topk,0.94703418
B0264001_S_8997206265475,B0264001_S_8997206266427,0.00521347,brand_unit;legacy_block;semantic_topk,0.86443657
B0264001_S_8997206265482,B0264001_S_8997206265499,0.00553118,brand_unit;legacy_block;semantic_topk,0.94884592
B0264001_S_8997206265482,B0264001_S_8997206265505,0.00279007,brand_unit;legacy_block;semantic_topk,0.93679780
B0264001_S_8997206265482,B0264001_S_8997206265512,0.00553118,brand_unit;legacy_block;semantic_topk,0.80675769
B0264001_S_8997206265482,B0264001_S_8997206265529,0.00505701,brand_unit;legacy_block;semantic_topk,0.92528707
B0264001_S_8997206265482,B0264001_S_8997206265536,0.00382091,brand_unit;legacy_block;semantic_topk,0.94727832
B0264001_S_8997206265482,B0264001_S_8997206266427,0.00521347,brand_unit;legacy_block;semantic_topk,0.86504275
B0264001_S_8997206265499,B0264001_S_8997206265505,0.00279007,brand_unit;legacy_block;semantic_topk,0.94649488
B0264001_S_8997206265499,B0264001_S_8997206265512,0.00553118,brand_unit;legacy_block;semantic_topk,0.80801070
B0264001_S_8997206265499,B0264001_S_8997206265529,0.00505701,brand_unit;legacy_block;semantic_topk,0.92158663
B0264001_S_8997206265499,B0264001_S_8997206265536,0.04773842,brand_unit;legacy_block;semantic_topk,0.94754255
B0264001_S_8997206265499,B0264001_S_8997206266427,0.00521347,brand_unit;legacy_block;semantic_topk,0.86476541
B0264001_S_8997206265505,B0264001_S_8997206265512,,brand_unit;legacy_block;semantic_topk,0.79680586
B0264001_S_8997206265505,B0264001_S_8997206265529,,brand_unit;legacy_block;semantic_topk,0.91346890
B0264001_S_8997206265505,B0264001_S_8997206265536,0.00205617,brand_unit;legacy_block;semantic_topk,0.93550545
B0264001_S_8997206265505,B0264001_S_8997206266427,0.00503924,brand_unit;legacy_block;semantic_topk,0.85664946
B0264001_S_8997206265512,B0264001_S_8997206265529,,brand_unit;legacy_block;semantic_topk,0.81176627
B0264001_S_8997206265512,B0264001_S_8997206265536,0.00505701,brand_unit;legacy_block;semantic_topk,0.80136693
B0264001_S_8997206265512,B0264001_S_8997206266427,0.00521347,brand_unit;legacy_block,
B0264001_S_8997206265529,B0264001_S_8997206265536,0.00505701,brand_unit;legacy_block;semantic_topk,0.92400080
B0264001_S_8997206265529,B0264001_S_8997206266427,0.00521347,brand_unit;legacy_block;semantic_topk,0.87107635
B0264001_S_8997206265536,B0264001_S_8997206266427,0.00521347,brand_unit;legacy_block;semantic_topk,0.86336219
B0271001_S_MN3255,B0271001_S_MN3260,,brand_unit;legacy_block,
B0271001_S_MN3255,B0271001_S_MN3264,0.15516513,brand_unit;legacy_block,
B0271001_S_MN3255,B0271001_S_MN3271,0.14621075,brand_unit;legacy_block,
B0271001_S_MN3260,B0271001_S_MN3264,0.14231332,brand_unit;legacy_block,
B0271001_S_MN3260,B0271001_S_MN3271,0.16809967,brand_unit;legacy_block,
B0271001_S_MN3264,B0271001_S_MN3271,0.68552000,brand_unit;legacy_block,
B0364001_S_4796034991785,B0364001_S_4796034991792,,brand_unit;legacy_block;semantic_topk,0.65961409
B0364001_S_4796034991785,B0364001_S_4796034991808,0.01095670,brand_unit;legacy_block;semantic_topk,0.64505154
B0364001_S_4796034991792,B0364001_S_4796034991808,0.01500595,brand_unit;legacy_block;semantic_topk,0.63617444
B0364001_S_PSN3631,H6401001_S_dettolsoap,0.82929868,brand_unit,
B0364001_S_PSN3631,H6729001_S_D0457,0.14073105,brand_unit,
B0364001_S_PSN3631,H6729001_S_D0460A,0.11141113,brand_unit,
B0364001_S_PSN3631,H6729001_S_D0462,,brand_unit,
B0364001_S_PSN3631,H6729001_S_D0463,0.00193688,brand_unit,
B0364001_S_PSN3631,H8728001_S_8993560024987,0.73186529,brand_unit,
B0364001_S_PSN3631,H9564001_S_DE05BS04G,0.75900966,brand_unit,
B0364001_S_PSN3631,S2090001_S_4NO5B1,,brand_unit,
B0364001_S_PSN3631,S6136001_S_4NO5B1,,brand_unit,
B0412001_S_0803629016076,H9357001_S_4897025527393,0.04228008,legacy_block,
B0412001_S_0803629016076,H9564001_S_YH05SS100,0.06995505,legacy_block,
B0412001_S_0803629016076,S1061001_S_MON-624-581-0000,0.03561114,legacy_block,
B0412001_S_8901399022012,C0748001_S_6102613952149_H,0.00186249,legacy_block,
B0412001_S_8901399022012,C0748001_S_6103392109070_H,0.00135347,legacy_block,
B0412001_S_8901399022012,C0748001_S_6103392277824_H,0.00117968,legacy_block,
B0412001_S_8901399022012,C0748001_S_6267514542397_H,0.00206300,legacy_block,
B0412001_S_8901399022012,C0748001_S_6267845435401_H,0.00170129,legacy_block,
B0412001_S_8901399022012,H6706001_S_cs169985,,legacy_block,
B0412001_S_8901399022012,S1061001_S_MON-748-027-0000,0.00424737,legacy_block,
B0412001_S_8904018300249,B0412001_S_8904018308399,0.00842435,brand_unit;legacy_block,
B0412001_S_8904018300249,H7285001_S_AS-113,0.00431086,brand_unit,
B0412001_S_8904018300249,H7285001_S_M002,0.03461328,brand_unit,
B0412001_S_8904018300249,H7285001_S_M035,0.53649066,brand_unit,
B0412001_S_8904018300249,H8116001_S_TW22-MED-001,0.99542613,brand_unit,
B0412001_S_8904018300249,H8116001_S_TW22-MED-002,0.99345466,brand_unit,
B0412001_S_8904018300249,H8116001_S_TW22-MED-003,0.99294507,brand_unit,
B0412001_S_8904018300249,H8116001_S_TW22-MED-004,0.81235073,brand_unit,
B0412001_S_8904018308399,H7285001_S_AS-113,0.06719689,brand_unit,
B0412001_S_8904018308399,H7285001_S_M002,0.59427992,brand_unit,
B0412001_S_8904018308399,H7285001_S_M035,0.64016650,brand_unit,
B0412001_S_8904018308399,H8116001_S_TW22-MED-001,0.10122217,brand_unit,
B0412001_S_8904018308399,H8116001_S_TW22-MED-002,0.02422294,brand_unit,
B0412001_S_8904018308399,H8116001_S_TW22-MED-003,0.76211079,brand_unit,
B0412001_S_8904018308399,H8116001_S_TW22-MED-004,0.02418640,brand_unit,
B0423001_S_beroia_40baylaureloil,B0423001_S_beroia_olivesoap,0.66552981,brand_unit,
B0446001_S_Ehome-0008,B0446001_S_Ehome-0009,,legacy_block;semantic_topk,0.95724761
B0446001_S_Ehome-0008,B0446001_S_Ehome-0010,,legacy_block;semantic_topk,0.95564812
B0446001_S_Ehome-0008,B0446001_S_Ehome-0011,,legacy_block;semantic_topk,0.95656341
B0446001_S_Ehome-0008,B0446001_S_Ehome-0012,,legacy_block;semantic_topk,0.95741683
B0446001_S_Ehome-0008,B0446001_S_Ehome-0158,,legacy_block;semantic_topk,0.94156301
B0446001_S_Ehome-0008,B0939001_S_A1_0949,,legacy_block,
B0446001_S_Ehome-0008,B1193001_S_H4147_TBD0605821001,0.68285618,legacy_block,
B0446001_S_Ehome-0008,B1260001_S_H4158_TBD0605821001,0.27454924,legacy_block,
B0446001_S_Ehome-0008,H7343002_S_HK231214JJQT10097RMN01,,legacy_block,
B0446001_S_Ehome-0008,H7343002_S_HK260107JJQT15884RMN01,1.00000000,legacy_block;packfree_exact;semantic_topk,0.98603159
B0446001_S_Ehome-0008,H7343003_S_HK230329JJQT06511RMN02,,legacy_block,
B0446001_S_Ehome-0008,H7343003_S_HK231214JJQT10097RMN01,,legacy_block,
B0446001_S_Ehome-0008,H7343003_S_HK260107JJQT15884RMN01,1.00000000,legacy_block;packfree_exact;semantic_topk,0.98603159
B0446001_S_Ehome-0008,H7343013_S_HK230329JJQT06511RMN02,,legacy_block,
B0446001_S_Ehome-0008,H7343013_S_HK231214JJQT10097RMN01,,legacy_block,
B0446001_S_Ehome-0008,H7343013_S_HK260107JJQT15884RMN01,0.64478555,legacy_block;semantic_topk,0.91512215
B0446001_S_Ehome-0008,H7343015_S_HK230329JJQT06511RMN02,,legacy_block,
B0446001_S_Ehome-0008,H7343015_S_HK231214JJQT10097RMN01,,legacy_block,
B0446001_S_Ehome-0008,H7343015_S_HK260107JJQT15884RMN01,1.00000000,legacy_block;packfree_exact;semantic_topk,0.98603159
B0446001_S_Ehome-0008,H8513001_S_Ehome-0008,1.00000000,legacy_block;packfree_exact;semantic_topk,1.00000036
B0446001_S_Ehome-0008,H8513001_S_Ehome-0009,,legacy_block;semantic_topk,0.95724761
B0446001_S_Ehome-0008,H8513001_S_Ehome-0010,,legacy_block;semantic_topk,0.95564812
B0446001_S_Ehome-0008,H8513001_S_Ehome-0011,,legacy_block;semantic_topk,0.95656341
B0446001_S_Ehome-0008,H8513001_S_Ehome-0012,,legacy_block;semantic_topk,0.95741683
B0446001_S_Ehome-0008,H8513001_S_Ehome-0158,,legacy_block;semantic_topk,0.94156301
B0446001_S_Ehome-0008,H8513003_S_Ehome-0008,1.00000000,legacy_block;packfree_exact;semantic_topk,1.00000036
B0446001_S_Ehome-0008,H8513003_S_Ehome-0009,,legacy_block;semantic_topk,0.95724761
B0446001_S_Ehome-0008,H8513003_S_Ehome-0010,,legacy_block;semantic_topk,0.95564812
B0446001_S_Ehome-0008,H8513003_S_Ehome-0011,,legacy_block;semantic_topk,0.95656341
B0446001_S_Ehome-0008,H8513003_S_Ehome-0012,,legacy_block;semantic_topk,0.95741683
B0446001_S_Ehome-0008,H8513003_S_Ehome-0158,,legacy_block;semantic_topk,0.94156301
B0446001_S_Ehome-0009,B0446001_S_Ehome-0010,,legacy_block;semantic_topk,0.95360506
B0446001_S_Ehome-0009,B0446001_S_Ehome-0011,,legacy_block;semantic_topk,0.94964474
B0446001_S_Ehome-0009,B0446001_S_Ehome-0012,,legacy_block;semantic_topk,0.95537609
B0446001_S_Ehome-0009,B0446001_S_Ehome-0158,,legacy_block;semantic_topk,0.93950129
B0446001_S_Ehome-0009,B0939001_S_A1_0949,0.00405927,legacy_block,
B0446001_S_Ehome-0009,B1193001_S_H4147_TBD0605821001,,legacy_block,
B0446001_S_Ehome-0009,B1260001_S_H4158_TBD0605821001,,legacy_block,
B0446001_S_Ehome-0009,H7343002_S_HK231214JJQT10097RMN01,,legacy_block,
B0446001_S_Ehome-0009,H7343002_S_HK260107JJQT15884RMN01,,legacy_block;semantic_topk,0.94216198
B0446001_S_Ehome-0009,H7343003_S_HK230329JJQT06511RMN02,,legacy_block,
B0446001_S_Ehome-0009,H7343003_S_HK231214JJQT10097RMN01,,legacy_block,
B0446001_S_Ehome-0009,H7343003_S_HK260107JJQT15884RMN01,,legacy_block;semantic_topk,0.94216198
B0446001_S_Ehome-0009,H7343013_S_HK230329JJQT06511RMN02,,legacy_block,
B0446001_S_Ehome-0009,H7343013_S_HK231214JJQT10097RMN01,,legacy_block,
B0446001_S_Ehome-0009,H7343013_S_HK260107JJQT15884RMN01,,legacy_block;semantic_topk,0.87310666
B0446001_S_Ehome-0009,H7343015_S_HK230329JJQT06511RMN02,,legacy_block,
B0446001_S_Ehome-0009,H7343015_S_HK231214JJQT10097RMN01,,legacy_block,
B0446001_S_Ehome-0009,H7343015_S_HK260107JJQT15884RMN01,,legacy_block;semantic_topk,0.94216198
B0446001_S_Ehome-0009,H8513001_S_Ehome-0008,,legacy_block;semantic_topk,0.95724761
B0446001_S_Ehome-0009,H8513001_S_Ehome-0009,1.00000000,legacy_block;packfree_exact;semantic_topk,0.99999994
B0446001_S_Ehome-0009,H8513001_S_Ehome-0010,,legacy_block;semantic_topk,0.95360506
B0446001_S_Ehome-0009,H8513001_S_Ehome-0011,,legacy_block;semantic_topk,0.94964474
B0446001_S_Ehome-0009,H8513001_S_Ehome-0012,,legacy_block;semantic_topk,0.95537609
B0446001_S_Ehome-0009,H8513001_S_Ehome-0158,,legacy_block;semantic_topk,0.93950129
B0446001_S_Ehome-0009,H8513003_S_Ehome-0008,,legacy_block;semantic_topk,0.95724761
B0446001_S_Ehome-0009,H8513003_S_Ehome-0009,1.00000000,legacy_block;packfree_exact;semantic_topk,0.99999994
B0446001_S_Ehome-0009,H8513003_S_Ehome-0010,,legacy_block;semantic_topk,0.95360506
B0446001_S_Ehome-0009,H8513003_S_Ehome-0011,,legacy_block;semantic_topk,0.94964474
B0446001_S_Ehome-0009,H8513003_S_Ehome-0012,,legacy_block;semantic_topk,0.95537609
B0446001_S_Ehome-0009,H8513003_S_Ehome-0158,,legacy_block;semantic_topk,0.93950129
B0446001_S_Ehome-0010,B0446001_S_Ehome-0011,,legacy_block;semantic_topk,0.94974965
B0446001_S_Ehome-0010,B0446001_S_Ehome-0012,,legacy_block;semantic_topk,0.95376694
B0446001_S_Ehome-0010,B0446001_S_Ehome-0158,,legacy_block;semantic_topk,0.93800658
B0446001_S_Ehome-0010,B0939001_S_A1_0949,0.00285599,legacy_block,
B0446001_S_Ehome-0010,B1193001_S_H4147_TBD0605821001,0.68285618,legacy_block,
B0446001_S_Ehome-0010,B1260001_S_H4158_TBD0605821001,0.49939747,legacy_block,
B0446001_S_Ehome-0010,H7343002_S_HK231214JJQT10097RMN01,,legacy_block,
B0446001_S_Ehome-0010,H7343002_S_HK260107JJQT15884RMN01,,legacy_block;semantic_topk,0.94065362
B0446001_S_Ehome-0010,H7343003_S_HK230329JJQT06511RMN02,,legacy_block,
B0446001_S_Ehome-0010,H7343003_S_HK231214JJQT10097RMN01,,legacy_block,
B0446001_S_Ehome-0010,H7343003_S_HK260107JJQT15884RMN01,,legacy_block;semantic_topk,0.94065362
B0446001_S_Ehome-0010,H7343013_S_HK230329JJQT06511RMN02,,legacy_block,
B0446001_S_Ehome-0010,H7343013_S_HK231214JJQT10097RMN01,,legacy_block,
B0446001_S_Ehome-0010,H7343013_S_HK260107JJQT15884RMN01,,legacy_block;semantic_topk,0.87172210
B0446001_S_Ehome-0010,H7343015_S_HK230329JJQT06511RMN02,,legacy_block,
B0446001_S_Ehome-0010,H7343015_S_HK231214JJQT10097RMN01,,legacy_block,
B0446001_S_Ehome-0010,H7343015_S_HK260107JJQT15884RMN01,,legacy_block;semantic_topk,0.94065362
B0446001_S_Ehome-0010,H8513001_S_Ehome-0008,,legacy_block;semantic_topk,0.95564812
B0446001_S_Ehome-0010,H8513001_S_Ehome-0009,,legacy_block;semantic_topk,0.95360506
B0446001_S_Ehome-0010,H8513001_S_Ehome-0010,1.00000000,legacy_block;packfree_exact;semantic_topk,1.00000012
B0446001_S_Ehome-0010,H8513001_S_Ehome-0011,,legacy_block;semantic_topk,0.94974965
B0446001_S_Ehome-0010,H8513001_S_Ehome-0012,,legacy_block;semantic_topk,0.95376694
B0446001_S_Ehome-0010,H8513001_S_Ehome-0158,,legacy_block;semantic_topk,0.93800658
B0446001_S_Ehome-0010,H8513003_S_Ehome-0008,,legacy_block;semantic_topk,0.95564812
B0446001_S_Ehome-0010,H8513003_S_Ehome-0009,,legacy_block;semantic_topk,0.95360506
B0446001_S_Ehome-0010,H8513003_S_Ehome-0010,1.00000000,legacy_block;packfree_exact;semantic_topk,1.00000012
B0446001_S_Ehome-0010,H8513003_S_Ehome-0011,,legacy_block;semantic_topk,0.94974965
B0446001_S_Ehome-0010,H8513003_S_Ehome-0012,,legacy_block;semantic_topk,0.95376694
B0446001_S_Ehome-0010,H8513003_S_Ehome-0158,,legacy_block;semantic_topk,0.93800658
B0446001_S_Ehome-0011,B0446001_S_Ehome-0012,,legacy_block;semantic_topk,0.95150471
B0446001_S_Ehome-0011,B0446001_S_Ehome-0158,,legacy_block;semantic_topk,0.93578148
B0446001_S_Ehome-0011,B0939001_S_A1_0949,0.00285599,legacy_block,
B0446001_S_Ehome-0011,B1193001_S_H4147_TBD0605821001,0.65076939,legacy_block,
B0446001_S_Ehome-0011,B1260001_S_H4158_TBD0605821001,0.41744912,legacy_block,
B0446001_S_Ehome-0011,H7343002_S_HK231214JJQT10097RMN01,,legacy_block,
B0446001_S_Ehome-0011,H7343002_S_HK260107JJQT15884RMN01,,legacy_block;semantic_topk,0.94255042
B0446001_S_Ehome-0011,H7343003_S_HK230329JJQT06511RMN02,,legacy_block,
B0446001_S_Ehome-0011,H7343003_S_HK231214JJQT10097RMN01,,legacy_block,
B0446001_S_Ehome-0011,H7343003_S_HK260107JJQT15884RMN01,,legacy_block;semantic_topk,0.94255042
B0446001_S_Ehome-0011,H7343013_S_HK230329JJQT06511RMN02,,legacy_block,
B0446001_S_Ehome-0011,H7343013_S_HK231214JJQT10097RMN01,,legacy_block,
B0446001_S_Ehome-0011,H7343013_S_HK260107JJQT15884RMN01,,legacy_block;semantic_topk,0.87349683
B0446001_S_Ehome-0011,H7343015_S_HK230329JJQT06511RMN02,,legacy_block,
B0446001_S_Ehome-0011,H7343015_S_HK231214JJQT10097RMN01,,legacy_block,
B0446001_S_Ehome-0011,H7343015_S_HK260107JJQT15884RMN01,,legacy_block;semantic_topk,0.94255042
B0446001_S_Ehome-0011,H8513001_S_Ehome-0008,,legacy_block;semantic_topk,0.95656341
B0446001_S_Ehome-0011,H8513001_S_Ehome-0009,,legacy_block;semantic_topk,0.94964474
B0446001_S_Ehome-0011,H8513001_S_Ehome-0010,,legacy_block;semantic_topk,0.94974965
B0446001_S_Ehome-0011,H8513001_S_Ehome-0011,1.00000000,legacy_block;packfree_exact;semantic_topk,1.00000012
B0446001_S_Ehome-0011,H8513001_S_Ehome-0012,,legacy_block;semantic_topk,0.95150471
B0446001_S_Ehome-0011,H8513001_S_Ehome-0158,,legacy_block;semantic_topk,0.93578148
B0446001_S_Ehome-0011,H8513003_S_Ehome-0008,,legacy_block;semantic_topk,0.95656341
B0446001_S_Ehome-0011,H8513003_S_Ehome-0009,,legacy_block;semantic_topk,0.94964474
B0446001_S_Ehome-0011,H8513003_S_Ehome-0010,,legacy_block;semantic_topk,0.94974965
B0446001_S_Ehome-0011,H8513003_S_Ehome-0011,1.00000000,legacy_block;packfree_exact;semantic_topk,1.00000012
B0446001_S_Ehome-0011,H8513003_S_Ehome-0012,,legacy_block;semantic_topk,0.95150471
B0446001_S_Ehome-0011,H8513003_S_Ehome-0158,,legacy_block;semantic_topk,0.93578148
B0446001_S_Ehome-0012,B0446001_S_Ehome-0158,,legacy_block;semantic_topk,0.93979979
B0446001_S_Ehome-0012,B0939001_S_A1_0949,0.00285599,legacy_block,
B0446001_S_Ehome-0012,B1193001_S_H4147_TBD0605821001,0.68285618,legacy_block,
B0446001_S_Ehome-0012,B1260001_S_H4158_TBD0605821001,0.27454924,legacy_block,
B0446001_S_Ehome-0012,H7343002_S_HK231214JJQT10097RMN01,,legacy_block,
B0446001_S_Ehome-0012,H7343002_S_HK260107JJQT15884RMN01,,legacy_block;semantic_topk,0.94244337
B0446001_S_Ehome-0012,H7343003_S_HK230329JJQT06511RMN02,,legacy_block,
B0446001_S_Ehome-0012,H7343003_S_HK231214JJQT10097RMN01,,legacy_block,
B0446001_S_Ehome-0012,H7343003_S_HK260107JJQT15884RMN01,,legacy_block;semantic_topk,0.94244337
B0446001_S_Ehome-0012,H7343013_S_HK230329JJQT06511RMN02,,legacy_block,
B0446001_S_Ehome-0012,H7343013_S_HK231214JJQT10097RMN01,,legacy_block,
B0446001_S_Ehome-0012,H7343013_S_HK260107JJQT15884RMN01,,legacy_block;semantic_topk,0.87339121
B0446001_S_Ehome-0012,H7343015_S_HK230329JJQT06511RMN02,,legacy_block,
B0446001_S_Ehome-0012,H7343015_S_HK231214JJQT10097RMN01,,legacy_block,
B0446001_S_Ehome-0012,H7343015_S_HK260107JJQT15884RMN01,,legacy_block;semantic_topk,0.94244337
B0446001_S_Ehome-0012,H8513001_S_Ehome-0008,,legacy_block;semantic_topk,0.95741683
B0446001_S_Ehome-0012,H8513001_S_Ehome-0009,,legacy_block;semantic_topk,0.95537609
B0446001_S_Ehome-0012,H8513001_S_Ehome-0010,,legacy_block;semantic_topk,0.95376694
B0446001_S_Ehome-0012,H8513001_S_Ehome-0011,,legacy_block;semantic_topk,0.95150471
B0446001_S_Ehome-0012,H8513001_S_Ehome-0012,1.00000000,legacy_block;packfree_exact;semantic_topk,0.99999958
B0446001_S_Ehome-0012,H8513001_S_Ehome-0158,,legacy_block;semantic_topk,0.93979979
B0446001_S_Ehome-0012,H8513003_S_Ehome-0008,,legacy_block;semantic_topk,0.95741683
B0446001_S_Ehome-0012,H8513003_S_Ehome-0009,,legacy_block;semantic_topk,0.95537609
B0446001_S_Ehome-0012,H8513003_S_Ehome-0010,,legacy_block;semantic_topk,0.95376694
B0446001_S_Ehome-0012,H8513003_S_Ehome-0011,,legacy_block;semantic_topk,0.95150471
B0446001_S_Ehome-0012,H8513003_S_Ehome-0012,1.00000000,legacy_block;packfree_exact;semantic_topk,0.99999958
B0446001_S_Ehome-0012,H8513003_S_Ehome-0158,,legacy_block;semantic_topk,0.93979979
B0446001_S_Ehome-0158,B0939001_S_A1_0949,,legacy_block,
B0446001_S_Ehome-0158,B1193001_S_H4147_TBD0605821001,0.68285618,legacy_block,
B0446001_S_Ehome-0158,B1260001_S_H4158_TBD0605821001,0.27454924,legacy_block,
B0446001_S_Ehome-0158,H7343002_S_HK231214JJQT10097RMN01,,legacy_block,
B0446001_S_Ehome-0158,H7343002_S_HK260107JJQT15884RMN01,,legacy_block;semantic_topk,0.92632717
B0446001_S_Ehome-0158,H7343003_S_HK230329JJQT06511RMN02,,legacy_block,
B0446001_S_Ehome-0158,H7343003_S_HK231214JJQT10097RMN01,,legacy_block,
B0446001_S_Ehome-0158,H7343003_S_HK260107JJQT15884RMN01,,legacy_block;semantic_topk,0.92632717
B0446001_S_Ehome-0158,H7343013_S_HK230329JJQT06511RMN02,,legacy_block,
B0446001_S_Ehome-0158,H7343013_S_HK231214JJQT10097RMN01,,legacy_block,
B0446001_S_Ehome-0158,H7343013_S_HK260107JJQT15884RMN01,,legacy_block;semantic_topk,0.85834563
B0446001_S_Ehome-0158,H7343015_S_HK230329JJQT06511RMN02,,legacy_block,
B0446001_S_Ehome-0158,H7343015_S_HK231214JJQT10097RMN01,,legacy_block,
B0446001_S_Ehome-0158,H7343015_S_HK260107JJQT15884RMN01,,legacy_block;semantic_topk,0.92632717
B0446001_S_Ehome-0158,H8513001_S_Ehome-0008,,legacy_block;semantic_topk,0.94156301
B0446001_S_Ehome-0158,H8513001_S_Ehome-0009,,legacy_block;semantic_topk,0.93950129
B0446001_S_Ehome-0158,H8513001_S_Ehome-0010,,legacy_block;semantic_topk,0.93800658
B0446001_S_Ehome-0158,H8513001_S_Ehome-0011,,legacy_block;semantic_topk,0.93578148
B0446001_S_Ehome-0158,H8513001_S_Ehome-0012,,legacy_block;semantic_topk,0.93979979
B0446001_S_Ehome-0158,H8513001_S_Ehome-0158,1.00000000,legacy_block;packfree_exact;semantic_topk,1.00000036
B0446001_S_Ehome-0158,H8513003_S_Ehome-0008,,legacy_block;semantic_topk,0.94156301
B0446001_S_Ehome-0158,H8513003_S_Ehome-0009,,legacy_block;semantic_topk,0.93950129
B0446001_S_Ehome-0158,H8513003_S_Ehome-0010,,legacy_block;semantic_topk,0.93800658
B0446001_S_Ehome-0158,H8513003_S_Ehome-0011,,legacy_block;semantic_topk,0.93578148
B0446001_S_Ehome-0158,H8513003_S_Ehome-0012,,legacy_block;semantic_topk,0.93979979
B0446001_S_Ehome-0158,H8513003_S_Ehome-0158,1.00000000,legacy_block;packfree_exact;semantic_topk,1.00000036
B0448001_S_JAPAN479439,B0846001_S_4976631481166,,brand_unit;legacy_block,
B0448001_S_JAPAN479439,B0991001_S_A06854,0.04033347,brand_unit;legacy_block,
B0448001_S_JAPAN479439,B1025001_S_4976631478272,0.00159769,brand_unit;legacy_block,
B0448001_S_JAPAN479439,B1025002_S_4976631478272,0.00159769,brand_unit;legacy_block,
B0448001_S_JAPAN479439,B1025003_S_4976631478272,0.00159769,brand_unit;legacy_block,
B0448001_S_JAPAN479439,B1064001_S_4976631478272,0.00250891,brand_unit;legacy_block,
B0448001_S_JAPAN479439,B1390001_S_ke4976631477589,0.00230127,brand_unit,
B0448001_S_JAPAN479439,B1604001_S_4976631481166,,brand_unit;legacy_block,
B0448001_S_JAPAN479439,B1604002_S_4976631481166,,brand_unit;legacy_block,
B0448001_S_JAPAN479439,B1694001_S_479361,0.00298669,brand_unit,
B0448001_S_JAPAN479439,B1694001_S_479385,0.00298669,brand_unit,
B0448001_S_JAPAN479439,B1694001_S_479408,0.00298669,brand_unit,
B0448001_S_JAPAN479439,B1694001_S_479439,0.01039144,brand_unit,
B0448001_S_JAPAN479439,B1694001_S_479453,0.00298669,brand_unit,
B0448001_S_JAPAN479439,B1694001_S_482415,0.00028179,brand_unit,
B0448001_S_JAPAN479439,B1838001_S_4976631481166,,brand_unit;legacy_block,
B0448001_S_JAPAN479439,H5985004_S_481166_4976631481166,0.00298669,brand_unit;legacy_block,
B0448001_S_JAPAN479439,H6167001_S_4976631478272,0.00250891,brand_unit;legacy_block,
B0448001_S_JAPAN479439,H6706001_S_cs168539,0.00298669,brand_unit,
B0448001_S_JAPAN479439,H7096001_S_4976631478272,0.00250891,brand_unit;legacy_block,
B0448001_S_JAPAN479439,H8424001_S_4976631478272,0.00196677,brand_unit;legacy_block,
B0448001_S_JAPAN479439,H8424001_S_4976631481166,0.00645450,brand_unit;legacy_block,
B0448001_S_JAPAN479439,H9125001_S_48200101,0.00298669,brand_unit,
B0448001_S_JAPAN479439,H9125001_S_48200102,0.00327159,brand_unit,
B0448001_S_JAPAN479439,H9125001_S_48200103,0.00327159,brand_unit,
B0448001_S_JAPAN479439,H9990001_S_544,0.00210068,brand_unit,
B0448001_S_JAPAN479439,S6478006_S_478272_4976631478272,0.00366704,brand_unit;legacy_block,
B0448001_S_JAPAN479439,S6478006_S_481166_4976631481166,0.03258084,brand_unit;legacy_block,
B0605001_S_DNATURE3380380079757,H6522001_S_7973_New,0.00708143,brand_unit;legacy_block,
B0605001_S_DNATURE3380380079757,H6522001_S_7977_New,0.00567783,brand_unit;legacy_block,
B0605001_S_DNATURE3380380079757,H6522001_S_DN_7975,0.51310461,brand_unit;legacy_block,
B0621001_S_TT0917_A,B0621001_S_TT0918_A,0.05398189,brand_unit;legacy_block;semantic_topk,0.76048028
B0631001_S_38858891600716,H7343015_S_3PLHK230223JJQT05858RMN01,0.07413892,semantic_topk,0.92853755
B0631001_S_4982659051573,H9357001_S_4892659051573,0.99904840,brand_unit;semantic_topk,0.64156228
B0638001_S_11661,C0748001_S_6102613952149_H,0.00424737,legacy_block,
B0638001_S_11661,C0748001_S_6103392109070_H,0.00231843,legacy_block,
B0638001_S_11661,C0748001_S_6103392277824_H,0.00295694,legacy_block,
B0638001_S_11661,C0748001_S_6267514542397_H,0.00170129,legacy_block,
B0638001_S_11661,C0748001_S_6267845435401_H,0.00162558,legacy_block,
B0638001_S_11661,H6706001_S_cs169985,0.00216304,legacy_block,
B0638001_S_11661,S1061001_S_MON-748-027-0000,0.00147852,legacy_block,
B0638001_S_11894,H7616001_S_HS_00919,,legacy_block,
B0698001_S_TRL-0335-S,S1061001_S_MON-030-158-0000,,legacy_block,
B0713001_S_GoatSoap-001,B0713001_S_GoatSoap-002,,brand_unit;legacy_block;semantic_topk,0.52922136
B0713001_S_GoatSoap-001,B0713001_S_GoatSoap-003,,brand_unit;legacy_block,
B0713001_S_GoatSoap-001,B0713001_S_GoatSoap-004,0.02260167,brand_unit;legacy_block;semantic_topk,0.80109805
B0713001_S_GoatSoap-001,B0713001_S_GoatSoap-005,,brand_unit;legacy_block,
B0713001_S_GoatSoap-001,B1023001_S_9349254002042,0.09630062,brand_unit;legacy_block;semantic_topk,0.59187102
B0713001_S_GoatSoap-001,H5859001_S_ST2804,,brand_unit,
B0713001_S_GoatSoap-001,H5859001_S_ST2805,,brand_unit,
B0713001_S_GoatSoap-001,H5859001_S_ST2806,0.95237131,brand_unit,
B0713001_S_GoatSoap-001,H5859001_S_ST2808,,brand_unit,
B0713001_S_GoatSoap-001,H5859001_S_ST2809,,brand_unit,
B0713001_S_GoatSoap-001,H5859001_S_ST2810,0.99273117,brand_unit,
B0713001_S_GoatSoap-001,H5859001_S_ST2811,,brand_unit,
B0713001_S_GoatSoap-001,H5859001_S_ST2812,,brand_unit,
B0713001_S_GoatSoap-001,H5859001_S_ST2813,0.97099853,brand_unit,
B0713001_S_GoatSoap-001,H5859001_S_ST2815,,brand_unit,
B0713001_S_GoatSoap-001,H5859001_S_ST2816,,brand_unit,
B0713001_S_GoatSoap-001,H5859001_S_ST2817,0.99611574,brand_unit,
B0713001_S_GoatSoap-001,H6167001_S_9349254002011,,brand_unit;legacy_block,
B0713001_S_GoatSoap-001,H6167001_S_9349254002028,1.00000000,brand_unit;exact_ean;legacy_block,
B0713001_S_GoatSoap-001,H6167001_S_9349254002035,,brand_unit;legacy_block,
B0713001_S_GoatSoap-001,H6167001_S_9349254002042,,brand_unit;legacy_block,
B0713001_S_GoatSoap-001,H6167001_S_9349254002059,0.05384809,brand_unit;legacy_block,
B0713001_S_GoatSoap-001,H6167001_S_9349254004053,,brand_unit;legacy_block,
B0713001_S_GoatSoap-001,H6167002_S_9349254002011,,brand_unit;legacy_block,
B0713001_S_GoatSoap-001,H6167002_S_9349254002028,1.00000000,brand_unit;exact_ean;legacy_block,
B0713001_S_GoatSoap-001,H6167002_S_9349254002035,,brand_unit;legacy_block,
B0713001_S_GoatSoap-001,H6167002_S_9349254002042,,brand_unit;legacy_block,
B0713001_S_GoatSoap-001,H6167002_S_9349254002059,0.05384809,brand_unit;legacy_block,
B0713001_S_GoatSoap-001,H6167002_S_9349254004053,,brand_unit;legacy_block,
B0713001_S_GoatSoap-001,H6173001_S_GOAT-SOAP-COCONUT,,brand_unit,
B0713001_S_GoatSoap-001,H7096001_S_9349254002011,,brand_unit;legacy_block,
B0713001_S_GoatSoap-001,H7096001_S_9349254002028,1.00000000,brand_unit;exact_ean;legacy_block,
B0713001_S_GoatSoap-001,H7096001_S_9349254002035,,brand_unit;legacy_block,
B0713001_S_GoatSoap-001,H8347001_S_GOAT-BP02,,brand_unit,
B0713001_S_GoatSoap-001,H8347001_S_GOAT-BP04,,brand_unit;legacy_block;semantic_topk,0.68246651
B0713001_S_GoatSoap-001,H8347001_S_GOAT-BP05,0.49969336,brand_unit;semantic_topk,0.70373738
B0713001_S_GoatSoap-001,H8347001_S_GOAT-BP06,0.13112466,brand_unit;legacy_block;semantic_topk,0.67416883
B0713001_S_GoatSoap-001,H8347001_S_GOAT-BP08,,brand_unit;legacy_block;semantic_topk,0.67577356
B0713001_S_GoatSoap-001,H8427001_S_9349254002011,,brand_unit;legacy_block;semantic_topk,0.69015288
B0713001_S_GoatSoap-001,H8427001_S_9349254002028,1.00000000,brand_unit;exact_ean;legacy_block;semantic_topk,0.70777911
B0713001_S_GoatSoap-001,H8427001_S_9349254002035,,brand_unit;legacy_block;semantic_topk,0.69977367
B0713001_S_GoatSoap-001,H8427001_S_9349254002042,0.04537152,brand_unit;legacy_block;semantic_topk,0.68930960
B0713001_S_GoatSoap-001,H8427001_S_9349254002059,,brand_unit;legacy_block;semantic_topk,0.68754786
B0713001_S_GoatSoap-001,H8427001_S_9349254002066,,brand_unit;legacy_block;semantic_topk,0.69343919
B0713001_S_GoatSoap-001,H8427001_S_9349254004053,0.26405203,brand_unit;legacy_block;semantic_topk,0.68768603
B0713001_S_GoatSoap-001,H8427001_S_9349254006286,,brand_unit;legacy_block,
B0713001_S_GoatSoap-001,H9250001_S_A9349254005005,0.54915036,brand_unit,
B0713001_S_GoatSoap-001,S2232001_S_GOS2011X2,,brand_unit,
B0713001_S_GoatSoap-001,S2232001_S_GOS2028X2,0.61301891,brand_unit;semantic_topk,0.60205102
B0713001_S_GoatSoap-001,S2232001_S_GOS2042X2,0.99308013,brand_unit,
B0713001_S_GoatSoap-001,S2232001_S_GOS2053X2,,brand_unit,
B0713001_S_GoatSoap-001,S2232001_S_GOS2059X2,,brand_unit,
B0713001_S_GoatSoap-001,S2232001_S_GOS2066X2,,brand_unit,
B0713001_S_GoatSoap-001,S2232001_S_GOS4053X2,,brand_unit,
B0713001_S_GoatSoap-001,S6258001_S_GOS2011X2,,brand_unit,
B0713001_S_GoatSoap-001,S6258001_S_GOS2028X2,0.61301891,brand_unit;semantic_topk,0.60205102
B0713001_S_GoatSoap-001,S6258001_S_GOS2042X2,0.98732497,brand_unit,
B0713001_S_GoatSoap-001,S6258001_S_GOS2059X2,,brand_unit;semantic_topk,0.41505799
B0713001_S_GoatSoap-001,S6375001_S_9349254004053,0.30500900,brand_unit;legacy_block;semantic_topk,0.68768603
B0713001_S_GoatSoap-001,S6375001_S_9349254006286,,brand_unit;legacy_block,
B0713001_S_GoatSoap-002,B0713001_S_GoatSoap-003,0.97095409,brand_unit;legacy_block,
B0713001_S_GoatSoap-002,B0713001_S_GoatSoap-004,0.04403650,brand_unit;legacy_block;semantic_topk,0.61769778
B0713001_S_GoatSoap-002,B0713001_S_GoatSoap-005,,brand_unit;legacy_block,
B0713001_S_GoatSoap-002,B1023001_S_9349254002042,0.91291074,brand_unit;legacy_block,
B0713001_S_GoatSoap-002,H5859001_S_ST2804,,brand_unit,
B0713001_S_GoatSoap-002,H5859001_S_ST2805,0.73937683,brand_unit,
B0713001_S_GoatSoap-002,H5859001_S_ST2806,,brand_unit,
B0713001_S_GoatSoap-002,H5859001_S_ST2808,0.97554672,brand_unit,
B0713001_S_GoatSoap-002,H5859001_S_ST2809,0.99251658,brand_unit,
B0713001_S_GoatSoap-002,H5859001_S_ST2810,0.28531561,brand_unit,
B0713001_S_GoatSoap-002,H5859001_S_ST2811,,brand_unit,
B0713001_S_GoatSoap-002,H5859001_S_ST2812,0.83707720,brand_unit,
B0713001_S_GoatSoap-002,H5859001_S_ST2813,,brand_unit,
B0713001_S_GoatSoap-002,H5859001_S_ST2815,0.99080483,brand_unit,
B0713001_S_GoatSoap-002,H5859001_S_ST2816,0.99635287,brand_unit,
B0713001_S_GoatSoap-002,H5859001_S_ST2817,0.51468676,brand_unit,
B0713001_S_GoatSoap-002,H6167001_S_9349254002011,0.87759297,brand_unit;legacy_block,
B0713001_S_GoatSoap-002,H6167001_S_9349254002028,,brand_unit;legacy_block,
B0713001_S_GoatSoap-002,H6167001_S_9349254002035,0.92807812,brand_unit;legacy_block,
B0713001_S_GoatSoap-002,H6167001_S_9349254002042,,brand_unit;legacy_block,
B0713001_S_GoatSoap-002,H6167001_S_9349254002059,1.00000000,brand_unit;exact_ean;legacy_block,
B0713001_S_GoatSoap-002,H6167001_S_9349254004053,0.99484008,brand_unit;legacy_block,
B0713001_S_GoatSoap-002,H6167002_S_9349254002011,0.87759297,brand_unit;legacy_block,
B0713001_S_GoatSoap-002,H6167002_S_9349254002028,,brand_unit;legacy_block,
B0713001_S_GoatSoap-002,H6167002_S_9349254002035,0.92807812,brand_unit;legacy_block,
B0713001_S_GoatSoap-002,H6167002_S_9349254002042,,brand_unit;legacy_block,
B0713001_S_GoatSoap-002,H6167002_S_9349254002059,1.00000000,brand_unit;exact_ean;legacy_block,
B0713001_S_GoatSoap-002,H6167002_S_9349254004053,0.99484008,brand_unit;legacy_block,
B0713001_S_GoatSoap-002,H6173001_S_GOAT-SOAP-COCONUT,0.00598179,brand_unit,
B0713001_S_GoatSoap-002,H7096001_S_9349254002011,0.87759297,brand_unit;legacy_block,
B0713001_S_GoatSoap-002,H7096001_S_9349254002028,,brand_unit;legacy_block,
B0713001_S_GoatSoap-002,H7096001_S_9349254002035,0.92807812,brand_unit;legacy_block,
B0713001_S_GoatSoap-002,H8347001_S_GOAT-BP02,0.40451025,brand_unit,
B0713001_S_GoatSoap-002,H8347001_S_GOAT-BP04,0.42122028,brand_unit;legacy_block;semantic_topk,0.51668096
B0713001_S_GoatSoap-002,H8347001_S_GOAT-BP05,,brand_unit;semantic_topk,0.50756001
B0713001_S_GoatSoap-002,H8347001_S_GOAT-BP06,0.10600627,brand_unit;legacy_block;semantic_topk,0.50269663
B0713001_S_GoatSoap-002,H8347001_S_GOAT-BP08,1.00000000,brand_unit;exact_ean;legacy_block;semantic_topk,0.52544510
B0713001_S_GoatSoap-002,H8427001_S_9349254002011,0.18905784,brand_unit;legacy_block;semantic_topk,0.51432580
B0713001_S_GoatSoap-002,H8427001_S_9349254002028,,brand_unit;legacy_block;semantic_topk,0.51695770
B0713001_S_GoatSoap-002,H8427001_S_9349254002035,0.12881036,brand_unit;legacy_block;semantic_topk,0.51989526
B0713001_S_GoatSoap-002,H8427001_S_9349254002042,0.24964169,brand_unit;legacy_block;semantic_topk,0.51570761
B0713001_S_GoatSoap-002,H8427001_S_9349254002059,1.00000000,brand_unit;exact_ean;legacy_block;semantic_topk,0.53914547
B0713001_S_GoatSoap-002,H8427001_S_9349254002066,0.08293909,brand_unit;legacy_block;semantic_topk,0.52216488
B0713001_S_GoatSoap-002,H8427001_S_9349254004053,0.31848623,brand_unit;legacy_block;semantic_topk,0.51395583
B0713001_S_GoatSoap-002,H8427001_S_9349254006286,0.58720441,brand_unit;legacy_block,
B0713001_S_GoatSoap-002,H9250001_S_A9349254005005,0.90765826,brand_unit,
B0713001_S_GoatSoap-002,S2232001_S_GOS2011X2,,brand_unit,
B0713001_S_GoatSoap-002,S2232001_S_GOS2028X2,,brand_unit,
B0713001_S_GoatSoap-002,S2232001_S_GOS2042X2,0.15190729,brand_unit,
B0713001_S_GoatSoap-002,S2232001_S_GOS2053X2,0.62167566,brand_unit,
B0713001_S_GoatSoap-002,S2232001_S_GOS2059X2,1.00000000,brand_unit,
B0713001_S_GoatSoap-002,S2232001_S_GOS2066X2,0.33686649,brand_unit,
B0713001_S_GoatSoap-002,S2232001_S_GOS4053X2,,brand_unit,
B0713001_S_GoatSoap-002,S6258001_S_GOS2011X2,,brand_unit,
B0713001_S_GoatSoap-002,S6258001_S_GOS2028X2,,brand_unit,
B0713001_S_GoatSoap-002,S6258001_S_GOS2042X2,0.35510340,brand_unit,
B0713001_S_GoatSoap-002,S6258001_S_GOS2059X2,1.00000000,brand_unit,
B0713001_S_GoatSoap-002,S6375001_S_9349254004053,0.39437557,brand_unit;legacy_block;semantic_topk,0.51395583
B0713001_S_GoatSoap-002,S6375001_S_9349254006286,0.00595507,brand_unit;legacy_block,
B0713001_S_GoatSoap-003,B0713001_S_GoatSoap-004,0.98553033,brand_unit;legacy_block,
B0713001_S_GoatSoap-003,B0713001_S_GoatSoap-005,,brand_unit;legacy_block,
B0713001_S_GoatSoap-003,B1023001_S_9349254002042,,brand_unit;legacy_block,
B0713001_S_GoatSoap-003,H5859001_S_ST2804,,brand_unit,
B0713001_S_GoatSoap-003,H5859001_S_ST2805,,brand_unit,
B0713001_S_GoatSoap-003,H5859001_S_ST2806,,brand_unit,
B0713001_S_GoatSoap-003,H5859001_S_ST2808,0.99810427,brand_unit,
B0713001_S_GoatSoap-003,H5859001_S_ST2809,0.72216739,brand_unit,
B0713001_S_GoatSoap-003,H5859001_S_ST2810,0.78282197,brand_unit,
B0713001_S_GoatSoap-003,H5859001_S_ST2811,,brand_unit,
B0713001_S_GoatSoap-003,H5859001_S_ST2812,,brand_unit,
B0713001_S_GoatSoap-003,H5859001_S_ST2813,,brand_unit,
B0713001_S_GoatSoap-003,H5859001_S_ST2815,1.00000000,brand_unit,
B0713001_S_GoatSoap-003,H5859001_S_ST2816,0.92954291,brand_unit,
B0713001_S_GoatSoap-003,H5859001_S_ST2817,0.92193736,brand_unit,
B0713001_S_GoatSoap-003,H6167001_S_9349254002011,,brand_unit;legacy_block,
B0713001_S_GoatSoap-003,H6167001_S_9349254002028,,brand_unit;legacy_block,
B0713001_S_GoatSoap-003,H6167001_S_9349254002035,,brand_unit;legacy_block,
B0713001_S_GoatSoap-003,H6167001_S_9349254002042,,brand_unit;legacy_block,
B0713001_S_GoatSoap-003,H6167001_S_9349254002059,0.02631358,brand_unit;legacy_block,
B0713001_S_GoatSoap-003,H6167001_S_9349254004053,0.98656102,brand_unit;legacy_block,
B0713001_S_GoatSoap-003,H6167002_S_9349254002011,,brand_unit;legacy_block,
B0713001_S_GoatSoap-003,H6167002_S_9349254002028,,brand_unit;legacy_block,
B0713001_S_GoatSoap-003,H6167002_S_9349254002035,,brand_unit;legacy_block,
B0713001_S_GoatSoap-003,H6167002_S_9349254002042,,brand_unit;legacy_block,
B0713001_S_GoatSoap-003,H6167002_S_9349254002059,0.02631358,brand_unit;legacy_block,
B0713001_S_GoatSoap-003,H6167002_S_9349254004053,0.98656102,brand_unit;legacy_block,
B0713001_S_GoatSoap-003,H6173001_S_GOAT-SOAP-COCONUT,0.96049308,brand_unit,
B0713001_S_GoatSoap-003,H7096001_S_9349254002011,,brand_unit;legacy_block,
B0713001_S_GoatSoap-003,H7096001_S_9349254002028,,brand_unit;legacy_block,
B0713001_S_GoatSoap-003,H7096001_S_9349254002035,,brand_unit;legacy_block,
B0713001_S_GoatSoap-003,H8347001_S_GOAT-BP02,,brand_unit,
B0713001_S_GoatSoap-003,H8347001_S_GOAT-BP04,,brand_unit;legacy_block,
B0713001_S_GoatSoap-003,H8347001_S_GOAT-BP05,,brand_unit,
B0713001_S_GoatSoap-003,H8347001_S_GOAT-BP06,,brand_unit;legacy_block,
B0713001_S_GoatSoap-003,H8347001_S_GOAT-BP08,0.73581991,brand_unit;legacy_block,
B0713001_S_GoatSoap-003,H8427001_S_9349254002011,,brand_unit;legacy_block,
B0713001_S_GoatSoap-003,H8427001_S_9349254002028,,brand_unit;legacy_block,
B0713001_S_GoatSoap-003,H8427001_S_9349254002035,,brand_unit;legacy_block,
B0713001_S_GoatSoap-003,H8427001_S_9349254002042,,brand_unit;legacy_block,
B0713001_S_GoatSoap-003,H8427001_S_9349254002059,0.46778499,brand_unit;legacy_block,
B0713001_S_GoatSoap-003,H8427001_S_9349254002066,1.00000000,brand_unit;exact_ean;legacy_block,
B0713001_S_GoatSoap-003,H8427001_S_9349254004053,0.96151550,brand_unit;legacy_block,
B0713001_S_GoatSoap-003,H8427001_S_9349254006286,,brand_unit;legacy_block,
B0713001_S_GoatSoap-003,H9250001_S_A9349254005005,0.74159836,brand_unit,
B0713001_S_GoatSoap-003,S2232001_S_GOS2011X2,,brand_unit,
B0713001_S_GoatSoap-003,S2232001_S_GOS2028X2,,brand_unit,
B0713001_S_GoatSoap-003,S2232001_S_GOS2042X2,,brand_unit,
B0713001_S_GoatSoap-003,S2232001_S_GOS2053X2,,brand_unit,
B0713001_S_GoatSoap-003,S2232001_S_GOS2059X2,0.98638620,brand_unit,
B0713001_S_GoatSoap-003,S2232001_S_GOS2066X2,1.00000000,brand_unit,
B0713001_S_GoatSoap-003,S2232001_S_GOS4053X2,,brand_unit,
B0713001_S_GoatSoap-003,S6258001_S_GOS2011X2,,brand_unit,
B0713001_S_GoatSoap-003,S6258001_S_GOS2028X2,,brand_unit,
B0713001_S_GoatSoap-003,S6258001_S_GOS2042X2,,brand_unit,
B0713001_S_GoatSoap-003,S6258001_S_GOS2059X2,0.84494225,brand_unit,
B0713001_S_GoatSoap-003,S6375001_S_9349254004053,0.93945518,brand_unit;legacy_block,
B0713001_S_GoatSoap-003,S6375001_S_9349254006286,,brand_unit;legacy_block,
B0713001_S_GoatSoap-004,B0713001_S_GoatSoap-005,0.97257743,brand_unit;legacy_block,
B0713001_S_GoatSoap-004,B1023001_S_9349254002042,0.96478797,brand_unit;legacy_block;semantic_topk,0.46507859
B0713001_S_GoatSoap-004,H5859001_S_ST2804,0.77332407,brand_unit,
B0713001_S_GoatSoap-004,H5859001_S_ST2805,0.78940931,brand_unit,
B0713001_S_GoatSoap-004,H5859001_S_ST2806,0.88138429,brand_unit,
B0713001_S_GoatSoap-004,H5859001_S_ST2808,0.95120168,brand_unit,
B0713001_S_GoatSoap-004,H5859001_S_ST2809,0.84402623,brand_unit,
B0713001_S_GoatSoap-004,H5859001_S_ST2810,0.99912505,brand_unit,
B0713001_S_GoatSoap-004,H5859001_S_ST2811,0.82588454,brand_unit,
B0713001_S_GoatSoap-004,H5859001_S_ST2812,0.83231936,brand_unit,
B0713001_S_GoatSoap-004,H5859001_S_ST2813,0.92956183,brand_unit,
B0713001_S_GoatSoap-004,H5859001_S_ST2815,0.96881100,brand_unit,
B0713001_S_GoatSoap-004,H5859001_S_ST2816,0.84402623,brand_unit,
B0713001_S_GoatSoap-004,H5859001_S_ST2817,0.99952513,brand_unit,
B0713001_S_GoatSoap-004,H6167001_S_9349254002011,0.03669546,brand_unit;legacy_block,
B0713001_S_GoatSoap-004,H6167001_S_9349254002028,,brand_unit;legacy_block,
B0713001_S_GoatSoap-004,H6167001_S_9349254002035,0.07801200,brand_unit;legacy_block,
B0713001_S_GoatSoap-004,H6167001_S_9349254002042,,brand_unit;legacy_block,
B0713001_S_GoatSoap-004,H6167001_S_9349254002059,0.87759297,brand_unit;legacy_block,
B0713001_S_GoatSoap-004,H6167001_S_9349254004053,1.00000000,brand_unit;exact_ean;legacy_block,
B0713001_S_GoatSoap-004,H6167002_S_9349254002011,0.03669546,brand_unit;legacy_block,
B0713001_S_GoatSoap-004,H6167002_S_9349254002028,,brand_unit;legacy_block,
B0713001_S_GoatSoap-004,H6167002_S_9349254002035,0.07801200,brand_unit;legacy_block,
B0713001_S_GoatSoap-004,H6167002_S_9349254002042,,brand_unit;legacy_block,
B0713001_S_GoatSoap-004,H6167002_S_9349254002059,0.87759297,brand_unit;legacy_block,
B0713001_S_GoatSoap-004,H6167002_S_9349254004053,1.00000000,brand_unit;exact_ean;legacy_block,
B0713001_S_GoatSoap-004,H6173001_S_GOAT-SOAP-COCONUT,0.03050595,brand_unit,
B0713001_S_GoatSoap-004,H7096001_S_9349254002011,0.03669546,brand_unit;legacy_block,
B0713001_S_GoatSoap-004,H7096001_S_9349254002028,,brand_unit;legacy_block,
B0713001_S_GoatSoap-004,H7096001_S_9349254002035,0.07801200,brand_unit;legacy_block,
B0713001_S_GoatSoap-004,H8347001_S_GOAT-BP02,0.96392543,brand_unit,
B0713001_S_GoatSoap-004,H8347001_S_GOAT-BP04,0.37443716,brand_unit;legacy_block;semantic_topk,0.78396696
B0713001_S_GoatSoap-004,H8347001_S_GOAT-BP05,0.17018528,brand_unit;semantic_topk,0.77968985
B0713001_S_GoatSoap-004,H8347001_S_GOAT-BP06,0.25273930,brand_unit;legacy_block;semantic_topk,0.77924639
B0713001_S_GoatSoap-004,H8347001_S_GOAT-BP08,0.04918824,brand_unit;legacy_block;semantic_topk,0.73931545
B0713001_S_GoatSoap-004,H8427001_S_9349254002011,0.06146137,brand_unit;legacy_block;semantic_topk,0.79988796
B0713001_S_GoatSoap-004,H8427001_S_9349254002028,0.08432803,brand_unit;legacy_block;semantic_topk,0.79835987
B0713001_S_GoatSoap-004,H8427001_S_9349254002035,0.06146137,brand_unit;legacy_block;semantic_topk,0.80686110
B0713001_S_GoatSoap-004,H8427001_S_9349254002042,0.18393832,brand_unit;legacy_block;semantic_topk,0.79704744
B0713001_S_GoatSoap-004,H8427001_S_9349254002059,0.03824845,brand_unit;legacy_block;semantic_topk,0.79734629
B0713001_S_GoatSoap-004,H8427001_S_9349254002066,0.08432803,brand_unit;legacy_block;semantic_topk,0.80347019
B0713001_S_GoatSoap-004,H8427001_S_9349254004053,1.00000000,brand_unit;exact_ean;legacy_block;semantic_topk,0.83080155
B0713001_S_GoatSoap-004,H8427001_S_9349254006286,0.48568264,brand_unit;legacy_block,
B0713001_S_GoatSoap-004,H9250001_S_A9349254005005,0.07138785,brand_unit,
B0713001_S_GoatSoap-004,S2232001_S_GOS2011X2,0.99459012,brand_unit,
B0713001_S_GoatSoap-004,S2232001_S_GOS2028X2,0.60542880,brand_unit;semantic_topk,0.45461050
B0713001_S_GoatSoap-004,S2232001_S_GOS2042X2,0.99574821,brand_unit,
B0713001_S_GoatSoap-004,S2232001_S_GOS2053X2,0.99548959,brand_unit,
B0713001_S_GoatSoap-004,S2232001_S_GOS2059X2,0.99137696,brand_unit,
B0713001_S_GoatSoap-004,S2232001_S_GOS2066X2,0.99699112,brand_unit,
B0713001_S_GoatSoap-004,S2232001_S_GOS4053X2,,brand_unit,
B0713001_S_GoatSoap-004,S6258001_S_GOS2011X2,0.99419717,brand_unit,
B0713001_S_GoatSoap-004,S6258001_S_GOS2028X2,0.60542880,brand_unit;semantic_topk,0.45461050
B0713001_S_GoatSoap-004,S6258001_S_GOS2042X2,0.99548979,brand_unit,
B0713001_S_GoatSoap-004,S6258001_S_GOS2059X2,0.99238682,brand_unit,
B0713001_S_GoatSoap-004,S6375001_S_9349254004053,1.00000000,brand_unit;exact_ean;legacy_block;semantic_topk,0.83080155
B0713001_S_GoatSoap-004,S6375001_S_9349254006286,0.08332541,brand_unit;legacy_block,
B0713001_S_GoatSoap-005,B1023001_S_9349254002042,,brand_unit;legacy_block,
B0713001_S_GoatSoap-005,H5859001_S_ST2804,0.99692174,brand_unit,
B0713001_S_GoatSoap-005,H5859001_S_ST2805,,brand_unit,
B0713001_S_GoatSoap-005,H5859001_S_ST2806,,brand_unit,
B0713001_S_GoatSoap-005,H5859001_S_ST2808,,brand_unit,
B0713001_S_GoatSoap-005,H5859001_S_ST2809,,brand_unit,
B0713001_S_GoatSoap-005,H5859001_S_ST2810,0.52897332,brand_unit,
B0713001_S_GoatSoap-005,H5859001_S_ST2811,1.00000000,brand_unit,
B0713001_S_GoatSoap-005,H5859001_S_ST2812,,brand_unit,
B0713001_S_GoatSoap-005,H5859001_S_ST2813,,brand_unit,
B0713001_S_GoatSoap-005,H5859001_S_ST2815,,brand_unit,
B0713001_S_GoatSoap-005,H5859001_S_ST2816,,brand_unit,
B0713001_S_GoatSoap-005,H5859001_S_ST2817,0.78630603,brand_unit,
B0713001_S_GoatSoap-005,H6167001_S_9349254002011,1.00000000,brand_unit;exact_ean;legacy_block,
B0713001_S_GoatSoap-005,H6167001_S_9349254002028,,brand_unit;legacy_block,
B0713001_S_GoatSoap-005,H6167001_S_9349254002035,,brand_unit;legacy_block,
B0713001_S_GoatSoap-005,H6167001_S_9349254002042,,brand_unit;legacy_block,
B0713001_S_GoatSoap-005,H6167001_S_9349254002059,,brand_unit;legacy_block,
B0713001_S_GoatSoap-005,H6167001_S_9349254004053,0.97345480,brand_unit;legacy_block,
B0713001_S_GoatSoap-005,H6167002_S_9349254002011,1.00000000,brand_unit;exact_ean;legacy_block,
B0713001_S_GoatSoap-005,H6167002_S_9349254002028,,brand_unit;legacy_block,
B0713001_S_GoatSoap-005,H6167002_S_9349254002035,,brand_unit;legacy_block,
B0713001_S_GoatSoap-005,H6167002_S_9349254002042,,brand_unit;legacy_block,
B0713001_S_GoatSoap-005,H6167002_S_9349254002059,,brand_unit;legacy_block,
B0713001_S_GoatSoap-005,H6167002_S_9349254004053,0.97345480,brand_unit;legacy_block,
B0713001_S_GoatSoap-005,H6173001_S_GOAT-SOAP-COCONUT,,brand_unit,
B0713001_S_GoatSoap-005,H7096001_S_9349254002011,1.00000000,brand_unit;exact_ean;legacy_block,
B0713001_S_GoatSoap-005,H7096001_S_9349254002028,,brand_unit;legacy_block,
B0713001_S_GoatSoap-005,H7096001_S_9349254002035,,brand_unit;legacy_block,
B0713001_S_GoatSoap-005,H8347001_S_GOAT-BP02,,brand_unit,
B0713001_S_GoatSoap-005,H8347001_S_GOAT-BP04,1.00000000,brand_unit;exact_ean;legacy_block,
B0713001_S_GoatSoap-005,H8347001_S_GOAT-BP05,,brand_unit,
B0713001_S_GoatSoap-005,H8347001_S_GOAT-BP06,,brand_unit;legacy_block,
B0713001_S_GoatSoap-005,H8347001_S_GOAT-BP08,0.55119344,brand_unit;legacy_block,
B0713001_S_GoatSoap-005,H8427001_S_9349254002011,1.00000000,brand_unit;exact_ean;legacy_block,
B0713001_S_GoatSoap-005,H8427001_S_9349254002028,,brand_unit;legacy_block,
B0713001_S_GoatSoap-005,H8427001_S_9349254002035,,brand_unit;legacy_block,
B0713001_S_GoatSoap-005,H8427001_S_9349254002042,,brand_unit;legacy_block,
B0713001_S_GoatSoap-005,H8427001_S_9349254002059,0.40652111,brand_unit;legacy_block,
B0713001_S_GoatSoap-005,H8427001_S_9349254002066,,brand_unit;legacy_block,
B0713001_S_GoatSoap-005,H8427001_S_9349254004053,0.88259634,brand_unit;legacy_block,
B0713001_S_GoatSoap-005,H8427001_S_9349254006286,,brand_unit;legacy_block,
B0713001_S_GoatSoap-005,H9250001_S_A9349254005005,,brand_unit,
B0713001_S_GoatSoap-005,S2232001_S_GOS2011X2,1.00000000,brand_unit,
B0713001_S_GoatSoap-005,S2232001_S_GOS2028X2,,brand_unit,
B0713001_S_GoatSoap-005,S2232001_S_GOS2042X2,,brand_unit,
B0713001_S_GoatSoap-005,S2232001_S_GOS2053X2,,brand_unit,
B0713001_S_GoatSoap-005,S2232001_S_GOS2059X2,,brand_unit,
B0713001_S_GoatSoap-005,S2232001_S_GOS2066X2,,brand_unit,
B0713001_S_GoatSoap-005,S2232001_S_GOS4053X2,,brand_unit,
B0713001_S_GoatSoap-005,S6258001_S_GOS2011X2,1.00000000,brand_unit,
B0713001_S_GoatSoap-005,S6258001_S_GOS2028X2,,brand_unit,
B0713001_S_GoatSoap-005,S6258001_S_GOS2042X2,,brand_unit,
B0713001_S_GoatSoap-005,S6258001_S_GOS2059X2,,brand_unit,
B0713001_S_GoatSoap-005,S6375001_S_9349254004053,0.80729041,brand_unit;legacy_block,
B0713001_S_GoatSoap-005,S6375001_S_9349254006286,,brand_unit;legacy_block,
B0760001_S_CAL_CLNS_SP03,B0760001_S_CTR_CAL_SP04,,brand_unit;legacy_block,
B0760001_S_CAL_CLNS_SP03,B0760001_S_LUX_TUR_SP01,,brand_unit;legacy_block,
B0760001_S_CTR_CAL_SP04,B0760001_S_LUX_TUR_SP01,,brand_unit;legacy_block,
B0846001_S_4976631481166,B0991001_S_A06854,0.96345004,brand_unit;legacy_block,
B0846001_S_4976631481166,B1025001_S_4976631478272,0.91847647,brand_unit;legacy_block,
B0846001_S_4976631481166,B1025002_S_4976631478272,0.91847647,brand_unit;legacy_block,
B0846001_S_4976631481166,B1025003_S_4976631478272,0.91847647,brand_unit;legacy_block,
B0846001_S_4976631481166,B1064001_S_4976631478272,0.38058562,brand_unit;legacy_block;semantic_topk,0.40975985
B0846001_S_4976631481166,B1390001_S_ke4976631477589,,brand_unit,
B0846001_S_4976631481166,B1604001_S_4976631481166,1.00000000,brand_unit;exact_ean;legacy_block;packfree_exact;semantic_topk,0.99999976
B0846001_S_4976631481166,B1604002_S_4976631481166,1.00000000,brand_unit;exact_ean;legacy_block;packfree_exact;semantic_topk,0.99999976
B0846001_S_4976631481166,B1694001_S_479361,0.81633887,brand_unit,
B0846001_S_4976631481166,B1694001_S_479385,0.71730839,brand_unit,
B0846001_S_4976631481166,B1694001_S_479408,0.92457770,brand_unit,
B0846001_S_4976631481166,B1694001_S_479439,,brand_unit,
B0846001_S_4976631481166,B1694001_S_479453,0.79848526,brand_unit,
B0846001_S_4976631481166,B1694001_S_482415,0.16010239,brand_unit,
B0846001_S_4976631481166,B1838001_S_4976631481166,1.00000000,brand_unit;exact_ean;legacy_block,
B0846001_S_4976631481166,H5985004_S_481166_4976631481166,1.00000000,brand_unit;exact_ean;legacy_block,
B0846001_S_4976631481166,H6167001_S_4976631478272,0.38058562,brand_unit;legacy_block;semantic_topk,0.42380595
B0846001_S_4976631481166,H6706001_S_cs168539,0.00568369,brand_unit,
B0846001_S_4976631481166,H7096001_S_4976631478272,0.38058562,brand_unit;legacy_block;semantic_topk,0.42380595
B0846001_S_4976631481166,H8424001_S_4976631478272,0.08183379,brand_unit;legacy_block,
B0846001_S_4976631481166,H8424001_S_4976631481166,1.00000000,brand_unit;exact_ean;legacy_block,
B0846001_S_4976631481166,H9125001_S_48200101,0.93262516,brand_unit,
B0846001_S_4976631481166,H9125001_S_48200102,0.89170745,brand_unit,
B0846001_S_4976631481166,H9125001_S_48200103,,brand_unit,
B0846001_S_4976631481166,H9990001_S_544,0.46385135,brand_unit,
B0846001_S_4976631481166,S6478006_S_478272_4976631478272,0.96297414,brand_unit;legacy_block,
B0846001_S_4976631481166,S6478006_S_481166_4976631481166,1.00000000,brand_unit;exact_ean;legacy_block,
B0875001_S_KB-LHZ,H0956010_S_T03-000050,0.89319336,legacy_block,
B0875001_S_KB-LHZ,H0956012_S_T03-000050,0.89319336,legacy_block,
B0875001_S_KB-LHZ,H7343002_S_HK250827JJQT15362RMN01,0.99374704,legacy_block;semantic_topk,0.94161499
B0875001_S_KB-LHZ,H7343003_S_HK250827JJQT15362RMN01,0.99374704,legacy_block;semantic_topk,0.94161499
B0875001_S_KB-LHZ,H7343013_S_HK250827JJQT15362RMN01,0.89548913,legacy_block;semantic_topk,0.94161499
B0875001_S_KB-LHZ,H7343015_S_HK250827JJQT15362RMN01,0.99374704,legacy_block;semantic_topk,0.94161499
B0875001_S_KB-LHZ,H8708001_S_HK0748,0.97912883,legacy_block,
B0875001_S_KB-LHZ,H9822001_S_WW084-MiteSulfurSoap,0.99948652,legacy_block,
B0875001_S_KB-LHZ,S1061001_S_MON-624-153-0000,0.06179644,legacy_block,
B0925001_S_LZW-FZD040002,B1355001_S_LZW-FZD040002,0.99973726,packfree_exact;semantic_topk,0.95854580
B0925001_S_WQL-XZLW0500055,B1355001_S_WQL-XZLW0500055,0.96685933,semantic_topk,0.76478428
B0925001_S_WQL-XZLW0500055,B1615001_S_WQL-XZLW0500055,0.99973726,packfree_exact;semantic_topk,0.94801843
B0939001_S_A1_0949,B1193001_S_H4147_TBD0605821001,0.00663111,legacy_block,
B0939001_S_A1_0949,B1260001_S_H4158_TBD0605821001,0.01799940,legacy_block,
B0939001_S_A1_0949,H7343002_S_HK231214JJQT10097RMN01,0.00676953,legacy_block,
B0939001_S_A1_0949,H7343002_S_HK260107JJQT15884RMN01,,legacy_block,
B0939001_S_A1_0949,H7343003_S_HK230329JJQT06511RMN02,0.01489006,legacy_block,
B0939001_S_A1_0949,H7343003_S_HK231214JJQT10097RMN01,0.00676953,legacy_block,
B0939001_S_A1_0949,H7343003_S_HK260107JJQT15884RMN01,,legacy_block,
B0939001_S_A1_0949,H7343013_S_HK230329JJQT06511RMN02,0.00456476,legacy_block,
B0939001_S_A1_0949,H7343013_S_HK231214JJQT10097RMN01,0.00339996,legacy_block,
B0939001_S_A1_0949,H7343013_S_HK260107JJQT15884RMN01,,legacy_block,
B0939001_S_A1_0949,H7343015_S_HK230329JJQT06511RMN02,0.01489006,legacy_block,
B0939001_S_A1_0949,H7343015_S_HK231214JJQT10097RMN01,0.00676953,legacy_block,
B0939001_S_A1_0949,H7343015_S_HK260107JJQT15884RMN01,,legacy_block,
B0939001_S_A1_0949,H8513001_S_Ehome-0008,,legacy_block,
B0939001_S_A1_0949,H8513001_S_Ehome-0009,0.00405927,legacy_block,
B0939001_S_A1_0949,H8513001_S_Ehome-0010,0.00285599,legacy_block,
B0939001_S_A1_0949,H8513001_S_Ehome-0011,0.00285599,legacy_block,
B0939001_S_A1_0949,H8513001_S_Ehome-0012,0.00285599,legacy_block,
B0939001_S_A1_0949,H8513001_S_Ehome-0158,,legacy_block,
B0939001_S_A1_0949,H8513003_S_Ehome-0008,,legacy_block,
B0939001_S_A1_0949,H8513003_S_Ehome-0009,0.00405927,legacy_block,
B0939001_S_A1_0949,H8513003_S_Ehome-0010,0.00285599,legacy_block,
B0939001_S_A1_0949,H8513003_S_Ehome-0011,0.00285599,legacy_block,
B0939001_S_A1_0949,H8513003_S_Ehome-0012,0.00285599,legacy_block,
B0939001_S_A1_0949,H8513003_S_Ehome-0158,,legacy_block,
B0969001_S_3549620005080,B0969001_S_3549620005097,,brand_unit;legacy_block;semantic_topk,0.70958978
B0969001_S_3549620005080,B0969001_S_3549620005332,0.99256772,brand_unit;legacy_block,
B0969001_S_3549620005080,B0969001_S_3549620005844,0.99666829,brand_unit;legacy_block,
B0969001_S_3549620005080,B0969001_S_3549620005851,0.99676903,brand_unit;legacy_block,
B0969001_S_3549620005080,H0178001_S_LEO-SP-001,,brand_unit;semantic_topk,0.75386304
B0969001_S_3549620005080,H0178001_S_LEO-SP-001A,,brand_unit;semantic_topk,0.66839284
B0969001_S_3549620005080,H0178001_S_LEO-SP-003,,brand_unit;semantic_topk,0.78616160
B0969001_S_3549620005080,H0178001_S_LEO-SP-003A,,brand_unit;semantic_topk,0.69645894
B0969001_S_3549620005080,H0178001_S_LEO-SP-005,0.62128664,brand_unit;semantic_topk,0.88712746
B0969001_S_3549620005080,H0178001_S_LEO-SP-006A,,brand_unit;semantic_topk,0.69266385
B0969001_S_3549620005080,H0178001_S_LEO-SP-012,0.76885409,brand_unit,
B0969001_S_3549620005080,H0178001_S_LEO-SP-026,,brand_unit;semantic_topk,0.79061723
B0969001_S_3549620005097,B0969001_S_3549620005332,,brand_unit;legacy_block,
B0969001_S_3549620005097,B0969001_S_3549620005844,,brand_unit;legacy_block,
B0969001_S_3549620005097,B0969001_S_3549620005851,,brand_unit;legacy_block,
B0969001_S_3549620005097,H0178001_S_LEO-SP-001,,brand_unit;semantic_topk,0.70400989
B0969001_S_3549620005097,H0178001_S_LEO-SP-001A,,brand_unit;semantic_topk,0.62648267
B0969001_S_3549620005097,H0178001_S_LEO-SP-003,,brand_unit;semantic_topk,0.73396319
B0969001_S_3549620005097,H0178001_S_LEO-SP-003A,,brand_unit;semantic_topk,0.65261608
B0969001_S_3549620005097,H0178001_S_LEO-SP-005,,brand_unit;semantic_topk,0.74190944
B0969001_S_3549620005097,H0178001_S_LEO-SP-006A,,brand_unit;semantic_topk,0.64923155
B0969001_S_3549620005097,H0178001_S_LEO-SP-012,0.68502383,brand_unit,
B0969001_S_3549620005097,H0178001_S_LEO-SP-026,0.01895183,brand_unit;semantic_topk,0.83516783
B0969001_S_3549620005332,B0969001_S_3549620005844,0.99853368,brand_unit;legacy_block,
B0969001_S_3549620005332,B0969001_S_3549620005851,0.99788449,brand_unit;legacy_block,
B0969001_S_3549620005332,H0178001_S_LEO-SP-001,,brand_unit,
B0969001_S_3549620005332,H0178001_S_LEO-SP-001A,,brand_unit,
B0969001_S_3549620005332,H0178001_S_LEO-SP-003,,brand_unit,
B0969001_S_3549620005332,H0178001_S_LEO-SP-003A,,brand_unit,
B0969001_S_3549620005332,H0178001_S_LEO-SP-005,0.91488484,brand_unit,
B0969001_S_3549620005332,H0178001_S_LEO-SP-006A,,brand_unit,
B0969001_S_3549620005332,H0178001_S_LEO-SP-012,0.95271157,brand_unit,
B0969001_S_3549620005332,H0178001_S_LEO-SP-026,,brand_unit,
B0969001_S_3549620005844,B0969001_S_3549620005851,0.88226905,brand_unit;legacy_block;semantic_topk,0.93960959
B0969001_S_3549620005844,H0178001_S_LEO-SP-001,,brand_unit,
B0969001_S_3549620005844,H0178001_S_LEO-SP-001A,,brand_unit,
B0969001_S_3549620005844,H0178001_S_LEO-SP-003,,brand_unit,
B0969001_S_3549620005844,H0178001_S_LEO-SP-003A,,brand_unit,
B0969001_S_3549620005844,H0178001_S_LEO-SP-005,0.88321928,brand_unit,
B0969001_S_3549620005844,H0178001_S_LEO-SP-006A,,brand_unit,
B0969001_S_3549620005844,H0178001_S_LEO-SP-012,0.32704314,brand_unit;semantic_topk,0.65039092
B0969001_S_3549620005844,H0178001_S_LEO-SP-026,,brand_unit,
B0969001_S_3549620005851,H0178001_S_LEO-SP-001,,brand_unit,
B0969001_S_3549620005851,H0178001_S_LEO-SP-001A,,brand_unit,
B0969001_S_3549620005851,H0178001_S_LEO-SP-003,,brand_unit,
B0969001_S_3549620005851,H0178001_S_LEO-SP-003A,,brand_unit,
B0969001_S_3549620005851,H0178001_S_LEO-SP-005,0.88995243,brand_unit,
B0969001_S_3549620005851,H0178001_S_LEO-SP-006A,,brand_unit,
B0969001_S_3549620005851,H0178001_S_LEO-SP-012,0.14253358,brand_unit;semantic_topk,0.58107537
B0969001_S_3549620005851,H0178001_S_LEO-SP-026,,brand_unit,
B0969001_S_3549620006001,B0969001_S_3549620006056,,brand_unit;legacy_block,
B0969001_S_3549620006001,H0178001_S_LEO-SP-001A,,brand_unit,
B0969001_S_3549620006001,H0178001_S_LEO-SP-003A,,brand_unit,
B0969001_S_3549620006001,H0178001_S_LEO-SP-006A,0.35333851,brand_unit,
B0969001_S_3549620006056,H0178001_S_LEO-SP-001A,0.10151236,brand_unit,
B0969001_S_3549620006056,H0178001_S_LEO-SP-003A,,brand_unit,
B0969001_S_3549620006056,H0178001_S_LEO-SP-006A,,brand_unit,
B0970001_S_Footcare-blue,B0970001_S_Footcare-green,0.07922177,legacy_block;semantic_topk,0.98302275
B0970001_S_Footcare-blue,B0970001_S_Footcare-orange,0.10189472,legacy_block;semantic_topk,0.97926259
B0970001_S_Footcare-blue,C0088001_S_5936515416955_H,0.03561114,legacy_block,
B0970001_S_Footcare-blue,C0830001_S_5936515416955_H,0.00796764,legacy_block,
B0970001_S_Footcare-green,B0970001_S_Footcare-orange,0.06908852,legacy_block;semantic_topk,0.98110056
B0970001_S_Footcare-green,C0088001_S_5936515416955_H,0.04771325,legacy_block,
B0970001_S_Footcare-green,C0830001_S_5936515416955_H,0.01123181,legacy_block,
B0970001_S_Footcare-orange,C0088001_S_5936515416955_H,0.03554753,legacy_block,
B0970001_S_Footcare-orange,C0830001_S_5936515416955_H,0.00795300,legacy_block,
B0991001_S_10737540101,B0991001_S_10737540201,0.03484845,brand_unit;legacy_block;semantic_topk,0.78243423
B0991001_S_10737540101,B0991001_S_10737540301,0.43149762,brand_unit;legacy_block;semantic_topk,0.78517312
B0991001_S_10737540101,B0991001_S_10737540401,0.04391683,brand_unit;legacy_block;semantic_topk,0.78134477
B0991001_S_10737540101,B0991001_S_10737540601,0.78884149,brand_unit;legacy_block;semantic_topk,0.73257172
B0991001_S_10737540201,B0991001_S_10737540301,0.15575737,brand_unit;legacy_block;semantic_topk,0.82761276
B0991001_S_10737540201,B0991001_S_10737540401,0.32279510,brand_unit;legacy_block;semantic_topk,0.81621885
B0991001_S_10737540201,B0991001_S_10737540601,0.01049465,brand_unit;legacy_block;semantic_topk,0.75174743
B0991001_S_10737540301,B0991001_S_10737540401,0.15865787,brand_unit;legacy_block;semantic_topk,0.80593932
B0991001_S_10737540301,B0991001_S_10737540601,0.32645029,brand_unit;legacy_block;semantic_topk,0.75443006
B0991001_S_10737540401,B0991001_S_10737540601,0.01049465,brand_unit;legacy_block;semantic_topk,0.74641776
B0991001_S_A06760,H9357001_S_4892368001111,0.76384980,brand_unit,
B0991001_S_A06760,H9357001_S_4892368001135,0.98497627,brand_unit;semantic_topk,0.48040348
B0991001_S_A06854,B1025001_S_4976631478272,1.00000000,brand_unit;exact_ean;legacy_block,
B0991001_S_A06854,B1025002_S_4976631478272,1.00000000,brand_unit;exact_ean;legacy_block,
B0991001_S_A06854,B1025003_S_4976631478272,1.00000000,brand_unit;exact_ean;legacy_block,
B0991001_S_A06854,B1064001_S_4976631478272,1.00000000,brand_unit;exact_ean;legacy_block,
B0991001_S_A06854,B1390001_S_ke4976631477589,0.01316092,brand_unit,
B0991001_S_A06854,B1604001_S_4976631481166,0.96345004,brand_unit;legacy_block,
B0991001_S_A06854,B1604002_S_4976631481166,0.96345004,brand_unit;legacy_block,
B0991001_S_A06854,B1694001_S_479361,0.86233070,brand_unit,
B0991001_S_A06854,B1694001_S_479385,0.11154045,brand_unit,
B0991001_S_A06854,B1694001_S_479408,0.95425146,brand_unit,
B0991001_S_A06854,B1694001_S_479439,0.94882219,brand_unit,
B0991001_S_A06854,B1694001_S_479453,0.86092825,brand_unit,
B0991001_S_A06854,B1694001_S_482415,0.40164757,brand_unit,
B0991001_S_A06854,B1838001_S_4976631481166,0.05718033,brand_unit;legacy_block,
B0991001_S_A06854,H5985004_S_481166_4976631481166,0.96523398,brand_unit;legacy_block,
B0991001_S_A06854,H6167001_S_4976631478272,1.00000000,brand_unit;exact_ean;legacy_block,
B0991001_S_A06854,H6706001_S_cs168539,0.17414158,brand_unit,
B0991001_S_A06854,H7096001_S_4976631478272,1.00000000,brand_unit;exact_ean;legacy_block,
B0991001_S_A06854,H8424001_S_4976631478272,1.00000000,brand_unit;exact_ean;legacy_block,
B0991001_S_A06854,H8424001_S_4976631481166,0.94884964,brand_unit;legacy_block,
B0991001_S_A06854,H9125001_S_48200101,0.01772377,brand_unit,
B0991001_S_A06854,H9125001_S_48200102,0.89456518,brand_unit,
B0991001_S_A06854,H9125001_S_48200103,0.01559949,brand_unit,
B0991001_S_A06854,H9990001_S_544,0.10010426,brand_unit,
B0991001_S_A06854,S6478006_S_478272_4976631478272,1.00000000,brand_unit;exact_ean;legacy_block,
B0991001_S_A06854,S6478006_S_481166_4976631481166,0.98369222,brand_unit;legacy_block,
B1023001_S_9349254002042,H5859001_S_ST2804,,brand_unit,
B1023001_S_9349254002042,H5859001_S_ST2805,0.91192210,brand_unit,
B1023001_S_9349254002042,H5859001_S_ST2806,0.81898083,brand_unit,
B1023001_S_9349254002042,H5859001_S_ST2808,,brand_unit,
B1023001_S_9349254002042,H5859001_S_ST2809,0.96258043,brand_unit,
B1023001_S_9349254002042,H5859001_S_ST2810,0.96823294,brand_unit,
B1023001_S_9349254002042,H5859001_S_ST2811,,brand_unit,
B1023001_S_9349254002042,H5859001_S_ST2812,0.92988508,brand_unit,
B1023001_S_9349254002042,H5859001_S_ST2813,0.80306527,brand_unit,
B1023001_S_9349254002042,H5859001_S_ST2815,,brand_unit,
B1023001_S_9349254002042,H5859001_S_ST2816,0.96735048,brand_unit,
B1023001_S_9349254002042,H5859001_S_ST2817,0.97106884,brand_unit,
B1023001_S_9349254002042,H6167001_S_9349254002011,,brand_unit;legacy_block,
B1023001_S_9349254002042,H6167001_S_9349254002028,,brand_unit;legacy_block,
B1023001_S_9349254002042,H6167001_S_9349254002035,,brand_unit;legacy_block,
B1023001_S_9349254002042,H6167001_S_9349254002042,1.00000000,brand_unit;exact_ean;legacy_block,
B1023001_S_9349254002042,H6167001_S_9349254002059,,brand_unit;legacy_block,
B1023001_S_9349254002042,H6167001_S_9349254004053,0.97847800,brand_unit;legacy_block,
B1023001_S_9349254002042,H6167002_S_9349254002011,,brand_unit;legacy_block,
B1023001_S_9349254002042,H6167002_S_9349254002028,,brand_unit;legacy_block,
B1023001_S_9349254002042,H6167002_S_9349254002035,,brand_unit;legacy_block,
B1023001_S_9349254002042,H6167002_S_9349254002042,1.00000000,brand_unit;exact_ean;legacy_block,
B1023001_S_9349254002042,H6167002_S_9349254002059,,brand_unit;legacy_block,
B1023001_S_9349254002042,H6167002_S_9349254004053,0.97847800,brand_unit;legacy_block,
B1023001_S_9349254002042,H6173001_S_GOAT-SOAP-COCONUT,,brand_unit,
B1023001_S_9349254002042,H7096001_S_9349254002011,,brand_unit;legacy_block,
B1023001_S_9349254002042,H7096001_S_9349254002028,,brand_unit;legacy_block,
B1023001_S_9349254002042,H7096001_S_9349254002035,,brand_unit;legacy_block,
B1023001_S_9349254002042,H8347001_S_GOAT-BP02,,brand_unit,
B1023001_S_9349254002042,H8347001_S_GOAT-BP04,,brand_unit;legacy_block;semantic_topk,0.48713544
B1023001_S_9349254002042,H8347001_S_GOAT-BP05,0.08956613,brand_unit;semantic_topk,0.48129177
B1023001_S_9349254002042,H8347001_S_GOAT-BP06,1.00000000,brand_unit;exact_ean;legacy_block;semantic_topk,0.52245855
B1023001_S_9349254002042,H8347001_S_GOAT-BP08,0.06347122,brand_unit;legacy_block;semantic_topk,0.47886795
B1023001_S_9349254002042,H8427001_S_9349254002011,,brand_unit;legacy_block;semantic_topk,0.49116746
B1023001_S_9349254002042,H8427001_S_9349254002028,0.15729556,brand_unit;legacy_block;semantic_topk,0.48631144
B1023001_S_9349254002042,H8427001_S_9349254002035,0.15452329,brand_unit;legacy_block;semantic_topk,0.49521443
B1023001_S_9349254002042,H8427001_S_9349254002042,1.00000000,brand_unit;exact_ean;legacy_block;semantic_topk,0.49875709
B1023001_S_9349254002042,H8427001_S_9349254002059,0.02695050,brand_unit;legacy_block;semantic_topk,0.48344383
B1023001_S_9349254002042,H8427001_S_9349254002066,,brand_unit;legacy_block;semantic_topk,0.49060911
B1023001_S_9349254002042,H8427001_S_9349254004053,0.58770674,brand_unit;legacy_block;semantic_topk,0.48834202
B1023001_S_9349254002042,H8427001_S_9349254006286,0.26094765,brand_unit;legacy_block,
B1023001_S_9349254002042,H9250001_S_A9349254005005,,brand_unit,
B1023001_S_9349254002042,S2232001_S_GOS2011X2,,brand_unit,
B1023001_S_9349254002042,S2232001_S_GOS2028X2,0.00806715,brand_unit;semantic_topk,0.71709561
B1023001_S_9349254002042,S2232001_S_GOS2042X2,1.00000000,brand_unit,
B1023001_S_9349254002042,S2232001_S_GOS2053X2,,brand_unit,
B1023001_S_9349254002042,S2232001_S_GOS2059X2,0.87391185,brand_unit,
B1023001_S_9349254002042,S2232001_S_GOS2066X2,,brand_unit,
B1023001_S_9349254002042,S2232001_S_GOS4053X2,,brand_unit,
B1023001_S_9349254002042,S6258001_S_GOS2011X2,,brand_unit,
B1023001_S_9349254002042,S6258001_S_GOS2028X2,0.00806715,brand_unit;semantic_topk,0.71709561
B1023001_S_9349254002042,S6258001_S_GOS2042X2,1.00000000,brand_unit,
B1023001_S_9349254002042,S6258001_S_GOS2059X2,0.05994665,brand_unit;semantic_topk,0.44163561
B1023001_S_9349254002042,S6375001_S_9349254004053,0.49444221,brand_unit;legacy_block;semantic_topk,0.48834202
B1023001_S_9349254002042,S6375001_S_9349254006286,0.10953900,brand_unit;legacy_block,
B1024001_S_PS_240041,H7880001_S_BT-003,0.00417274,legacy_block,
B1024001_S_PS_240041,H7880001_S_BT-004,0.00210068,legacy_block,
B1024001_S_PS_240041,H7880001_S_BT-005,0.00210068,legacy_block,
B1024001_S_PS_240041,H9357001_S_4897025527393,0.03566430,legacy_block,
B1024001_S_PS_240041,H9564001_S_YH05SS100,0.04328353,legacy_block,
B1024001_S_PS_240041,S1061001_S_MON-624-581-0000,0.02640528,legacy_block,
B1025001_S_4976631478272,B1025002_S_4976631478272,1.00000000,brand_unit;exact_ean;legacy_block;packfree_exact;semantic_topk,1.00000012
B1025001_S_4976631478272,B1025003_S_4976631478272,1.00000000,brand_unit;exact_ean;legacy_block;packfree_exact;semantic_topk,1.00000012
B1025001_S_4976631478272,B1064001_S_4976631478272,1.00000000,brand_unit;exact_ean;legacy_block;semantic_topk,0.57425076
B1025001_S_4976631478272,B1390001_S_ke4976631477589,0.00813243,brand_unit,
B1025001_S_4976631478272,B1604001_S_4976631481166,0.92866277,brand_unit;legacy_block,
B1025001_S_4976631478272,B1604002_S_4976631481166,0.92866277,brand_unit;legacy_block,
B1025001_S_4976631478272,B1694001_S_479361,0.44883981,brand_unit,
B1025001_S_4976631478272,B1694001_S_479385,0.02314943,brand_unit,
B1025001_S_4976631478272,B1694001_S_479408,0.86511399,brand_unit,
B1025001_S_4976631478272,B1694001_S_479439,0.87138828,brand_unit,
B1025001_S_4976631478272,B1694001_S_479453,0.44340146,brand_unit,
B1025001_S_4976631478272,B1694001_S_482415,0.13070525,brand_unit,
B1025001_S_4976631478272,B1838001_S_4976631481166,0.99630803,brand_unit;legacy_block,
B1025001_S_4976631478272,H5985004_S_481166_4976631481166,0.99865556,brand_unit;legacy_block,
B1025001_S_4976631478272,H6167001_S_4976631478272,1.00000000,brand_unit;exact_ean;legacy_block;semantic_topk,0.58588797
B1025001_S_4976631478272,H6706001_S_cs168539,0.16641518,brand_unit;semantic_topk,0.54552758
B1025001_S_4976631478272,H7096001_S_4976631478272,1.00000000,brand_unit;exact_ean;legacy_block;semantic_topk,0.58588797
B1025001_S_4976631478272,H8424001_S_4976631478272,1.00000000,brand_unit;exact_ean;legacy_block,
B1025001_S_4976631478272,H8424001_S_4976631481166,0.99544954,brand_unit;legacy_block,
B1025001_S_4976631478272,H9125001_S_48200101,0.99424511,brand_unit,
B1025001_S_4976631478272,H9125001_S_48200102,0.05980994,brand_unit,
B1025001_S_4976631478272,H9125001_S_48200103,0.00991092,brand_unit,
B1025001_S_4976631478272,H9990001_S_544,0.00700279,brand_unit,
B1025001_S_4976631478272,S6478006_S_478272_4976631478272,1.00000000,brand_unit;exact_ean;legacy_block,
B1025001_S_4976631478272,S6478006_S_481166_4976631481166,0.99979284,brand_unit;legacy_block,
B1025001_S_4976631894225,B1025002_S_4976631894225,1.00000000,brand_unit;exact_ean;legacy_block;packfree_exact;semantic_topk,0.99999946
B1025001_S_4976631894225,B1025003_S_4976631894225,1.00000000,brand_unit;exact_ean;legacy_block;packfree_exact;semantic_topk,0.99999946
B1025001_S_4976631894225,H0967003_S_10215002,1.00000000,exact_ean;legacy_block,
B1025001_S_4976631894225,H9990001_S_352,0.80350861,brand_unit,
B1025002_S_4976631478272,B1025003_S_4976631478272,1.00000000,brand_unit;exact_ean;legacy_block;packfree_exact;semantic_topk,1.00000012
B1025002_S_4976631478272,B1064001_S_4976631478272,1.00000000,brand_unit;exact_ean;legacy_block;semantic_topk,0.57425076
B1025002_S_4976631478272,B1390001_S_ke4976631477589,0.00813243,brand_unit,
B1025002_S_4976631478272,B1604001_S_4976631481166,0.92866277,brand_unit;legacy_block,
B1025002_S_4976631478272,B1604002_S_4976631481166,0.92866277,brand_unit;legacy_block,
B1025002_S_4976631478272,B1694001_S_479361,0.44883981,brand_unit,
B1025002_S_4976631478272,B1694001_S_479385,0.02314943,brand_unit,
B1025002_S_4976631478272,B1694001_S_479408,0.86511399,brand_unit,
B1025002_S_4976631478272,B1694001_S_479439,0.87138828,brand_unit,
B1025002_S_4976631478272,B1694001_S_479453,0.44340146,brand_unit,
B1025002_S_4976631478272,B1694001_S_482415,0.13070525,brand_unit,
B1025002_S_4976631478272,B1838001_S_4976631481166,0.99630803,brand_unit;legacy_block,
B1025002_S_4976631478272,H5985004_S_481166_4976631481166,0.99865556,brand_unit;legacy_block,
B1025002_S_4976631478272,H6167001_S_4976631478272,1.00000000,brand_unit;exact_ean;legacy_block;semantic_topk,0.58588797
B1025002_S_4976631478272,H6706001_S_cs168539,0.16641518,brand_unit;semantic_topk,0.54552758
B1025002_S_4976631478272,H7096001_S_4976631478272,1.00000000,brand_unit;exact_ean;legacy_block;semantic_topk,0.58588797
B1025002_S_4976631478272,H8424001_S_4976631478272,1.00000000,brand_unit;exact_ean;legacy_block,
B1025002_S_4976631478272,H8424001_S_4976631481166,0.99544954,brand_unit;legacy_block,
B1025002_S_4976631478272,H9125001_S_48200101,0.99424511,brand_unit,
B1025002_S_4976631478272,H9125001_S_48200102,0.05980994,brand_unit,
B1025002_S_4976631478272,H9125001_S_48200103,0.00991092,brand_unit,
B1025002_S_4976631478272,H9990001_S_544,0.00700279,brand_unit,
B1025002_S_4976631478272,S6478006_S_478272_4976631478272,1.00000000,brand_unit;exact_ean;legacy_block,
B1025002_S_4976631478272,S6478006_S_481166_4976631481166,0.99979284,brand_unit;legacy_block,
B1025002_S_4976631894225,B1025003_S_4976631894225,1.00000000,brand_unit;exact_ean;legacy_block;packfree_exact;semantic_topk,0.99999946
B1025002_S_4976631894225,H0967003_S_10215002,1.00000000,exact_ean;legacy_block,
B1025002_S_4976631894225,H9990001_S_352,0.80350861,brand_unit,
B1025003_S_4976631478272,B1064001_S_4976631478272,1.00000000,brand_unit;exact_ean;legacy_block;semantic_topk,0.57425076
B1025003_S_4976631478272,B1390001_S_ke4976631477589,0.00813243,brand_unit,
B1025003_S_4976631478272,B1604001_S_4976631481166,0.92866277,brand_unit;legacy_block,
B1025003_S_4976631478272,B1604002_S_4976631481166,0.92866277,brand_unit;legacy_block,
B1025003_S_4976631478272,B1694001_S_479361,0.44883981,brand_unit,
B1025003_S_4976631478272,B1694001_S_479385,0.02314943,brand_unit,
B1025003_S_4976631478272,B1694001_S_479408,0.86511399,brand_unit,
B1025003_S_4976631478272,B1694001_S_479439,0.87138828,brand_unit,
B1025003_S_4976631478272,B1694001_S_479453,0.44340146,brand_unit,
B1025003_S_4976631478272,B1694001_S_482415,0.13070525,brand_unit,
B1025003_S_4976631478272,B1838001_S_4976631481166,0.99630803,brand_unit;legacy_block,
B1025003_S_4976631478272,H5985004_S_481166_4976631481166,0.99865556,brand_unit;legacy_block,
B1025003_S_4976631478272,H6167001_S_4976631478272,1.00000000,brand_unit;exact_ean;legacy_block;semantic_topk,0.58588797
B1025003_S_4976631478272,H6706001_S_cs168539,0.16641518,brand_unit;semantic_topk,0.54552758
B1025003_S_4976631478272,H7096001_S_4976631478272,1.00000000,brand_unit;exact_ean;legacy_block;semantic_topk,0.58588797
B1025003_S_4976631478272,H8424001_S_4976631478272,1.00000000,brand_unit;exact_ean;legacy_block,
B1025003_S_4976631478272,H8424001_S_4976631481166,0.99544954,brand_unit;legacy_block,
B1025003_S_4976631478272,H9125001_S_48200101,0.99424511,brand_unit,
B1025003_S_4976631478272,H9125001_S_48200102,0.05980994,brand_unit,
B1025003_S_4976631478272,H9125001_S_48200103,0.00991092,brand_unit,
B1025003_S_4976631478272,H9990001_S_544,0.00700279,brand_unit,
B1025003_S_4976631478272,S6478006_S_478272_4976631478272,1.00000000,brand_unit;exact_ean;legacy_block,
B1025003_S_4976631478272,S6478006_S_481166_4976631481166,0.99979284,brand_unit;legacy_block,
B1025003_S_4976631894225,H0967003_S_10215002,1.00000000,exact_ean;legacy_block,
B1025003_S_4976631894225,H9990001_S_352,0.80350861,brand_unit,
B1064001_S_4976631478272,B1390001_S_ke4976631477589,0.37162640,brand_unit,
B1064001_S_4976631478272,B1604001_S_4976631481166,0.38628015,brand_unit;legacy_block;semantic_topk,0.40975985
B1064001_S_4976631478272,B1604002_S_4976631481166,0.38628015,brand_unit;legacy_block;semantic_topk,0.40975985
B1064001_S_4976631478272,B1694001_S_479361,0.83889826,brand_unit,
B1064001_S_4976631478272,B1694001_S_479385,0.90174731,brand_unit,
B1064001_S_4976631478272,B1694001_S_479408,0.89673075,brand_unit,
B1064001_S_4976631478272,B1694001_S_479439,0.90032024,brand_unit,
B1064001_S_4976631478272,B1694001_S_479453,0.81280501,brand_unit,
B1064001_S_4976631478272,B1694001_S_482415,0.31804215,brand_unit,
B1064001_S_4976631478272,B1838001_S_4976631481166,0.97735329,brand_unit;legacy_block,
B1064001_S_4976631478272,H5985004_S_481166_4976631481166,0.99091757,brand_unit;legacy_block,
B1064001_S_4976631478272,H6167001_S_4976631478272,1.00000000,brand_unit;exact_ean;legacy_block;packfree_exact;semantic_topk,0.98049027
B1064001_S_4976631478272,H6706001_S_cs168539,0.97481159,brand_unit,
B1064001_S_4976631478272,H7096001_S_4976631478272,1.00000000,brand_unit;exact_ean;legacy_block;packfree_exact;semantic_topk,0.98049027
B1064001_S_4976631478272,H8424001_S_4976631478272,1.00000000,brand_unit;exact_ean;legacy_block,
B1064001_S_4976631478272,H8424001_S_4976631481166,0.87224144,brand_unit;legacy_block;semantic_topk,0.54099244
B1064001_S_4976631478272,H9125001_S_48200101,0.99913559,brand_unit,
B1064001_S_4976631478272,H9125001_S_48200102,0.84738509,brand_unit,
B1064001_S_4976631478272,H9125001_S_48200103,0.90970273,brand_unit,
B1064001_S_4976631478272,H9990001_S_544,0.41543842,brand_unit,
B1064001_S_4976631478272,S6478006_S_478272_4976631478272,1.00000000,brand_unit;exact_ean;legacy_block,
B1064001_S_4976631478272,S6478006_S_481166_4976631481166,0.99980127,brand_unit;legacy_block,
B1064001_S_9312146006602,B1151001_S_THP2249,1.00000000,brand_unit,
B1064001_S_9312146006602,B1151001_S_THP3020,0.99813572,brand_unit,
B1064001_S_9312146006602,H6167001_S_9312146006602,1.00000000,brand_unit;exact_ean;legacy_block;packfree_exact;semantic_topk,1.00000012
B1064001_S_9312146006602,H7096001_S_9312146006602,1.00000000,brand_unit;exact_ean;legacy_block;packfree_exact;semantic_topk,1.00000012
B1064001_S_9312146006602,H7915001_S_9312146006602,1.00000000,brand_unit;exact_ean;legacy_block,
B1064001_S_9312146006602,H8427001_S_9312146006602,1.00000000,brand_unit;exact_ean;legacy_block;semantic_topk,0.62166721
B1064001_S_9312146006602,S2232001_S_TDP06602,0.97727124,brand_unit,
B1064001_S_9312146006602,S6375001_S_9312146006602,1.00000000,brand_unit;exact_ean;legacy_block;semantic_topk,0.62166721
B1064001_S_H195001,H6167001_S_H195001,0.98722058,brand_unit;legacy_block;semantic_topk,0.91230178
B1064001_S_H195001,H7096001_S_H195001,0.98722058,brand_unit;legacy_block;semantic_topk,0.91230178
B1103001_S_YANZSOAP-001-01,B1103001_S_YANZSOAP-002-01,0.36321720,brand_unit;legacy_block;semantic_topk,0.97358584
B1103001_S_YANZSOAP-001-01,B1103001_S_YANZSOAP-003,0.13710759,brand_unit;legacy_block;semantic_topk,0.96559948
B1103001_S_YANZSOAP-001-01,B1103001_S_YANZSOAP-004,0.14386075,brand_unit;legacy_block;semantic_topk,0.96434778
B1103001_S_YANZSOAP-001-01,B1103001_S_YANZSOAP-005,,brand_unit;legacy_block;semantic_topk,0.97292435
B1103001_S_YANZSOAP-002-01,B1103001_S_YANZSOAP-003,0.66650626,brand_unit;legacy_block;semantic_topk,0.96163797
B1103001_S_YANZSOAP-002-01,B1103001_S_YANZSOAP-004,0.67617973,brand_unit;legacy_block;semantic_topk,0.96039724
B1103001_S_YANZSOAP-002-01,B1103001_S_YANZSOAP-005,0.13738057,brand_unit;legacy_block;semantic_topk,0.96893644
B1103001_S_YANZSOAP-003,B1103001_S_YANZSOAP-004,0.77221146,brand_unit;legacy_block;semantic_topk,0.96331501
B1103001_S_YANZSOAP-003,B1103001_S_YANZSOAP-005,0.11627652,brand_unit;legacy_block;semantic_topk,0.97190577
B1103001_S_YANZSOAP-004,B1103001_S_YANZSOAP-005,0.12085820,brand_unit;legacy_block;semantic_topk,0.97057617
B1112001_S_OM02363,C0748001_S_6102613952149_H,0.00123567,legacy_block,
B1112001_S_OM02363,C0748001_S_6103392109070_H,0.00123567,legacy_block,
B1112001_S_OM02363,C0748001_S_6103392277824_H,0.00123567,legacy_block,
B1112001_S_OM02363,C0748001_S_6267514542397_H,0.00154740,legacy_block,
B1112001_S_OM02363,C0748001_S_6267845435401_H,0.00117968,legacy_block,
B1112001_S_OM02363,H6706001_S_cs169985,0.00123567,legacy_block,
B1112001_S_OM02363,S1061001_S_MON-748-027-0000,0.00162558,legacy_block,
B1112001_S_OM02363,S6429001_S_CC8809338505032,0.00266546,legacy_block,
B1125001_S_HERMESDDXZ100g,S2723001_S_A23903,1.00000000,brand_unit,
B1144001_S_Y5464,B1149001_S_50173060038321,0.99956110,brand_unit,
B1144001_S_Y5464,H6167001_S_8901030025464,1.00000000,brand_unit;packfree_exact;semantic_topk,0.90839511
B1144001_S_Y5464,H6729001_S_P0141A,0.99756673,brand_unit;legacy_block,
B1149001_S_50173060038321,H6167001_S_8901030025464,0.99953606,brand_unit,
B1149001_S_50173060038321,H6729001_S_P0141A,0.99653531,brand_unit,
B1149001_S_50173060038321,H9357001_S_5017306008321,,exact_ean,
B1149001_S_8720182256362,C0082001_S_1044638142101_H,0.00298669,brand_unit,
B1149001_S_8720182256362,H5528001_S_DOV256362,0.98271788,brand_unit,
B1149001_S_8720182256362,H5528001_S_DOV256362A,0.98271788,brand_unit,
B1149001_S_8720182256362,H5528001_S_DOV256362B,0.98271788,brand_unit,
B1149001_S_8720182256362,H6401001_S_dovesoap,0.99757811,brand_unit;semantic_topk,0.51407909
B1149001_S_8720182256362,H6729001_S_D0522,0.00927536,brand_unit,
B1149001_S_8720182256362,H8728001_S_8720182256362,1.00000000,brand_unit;exact_ean;legacy_block;semantic_topk,0.76710671
B1149001_S_8720182256362,H9357001_S_8718114047249,1.00000000,brand_unit;exact_ean,
B1149001_S_8720182256362,H9357001_S_8720182256362-1,1.00000000,brand_unit;exact_ean;legacy_block,
B1149001_S_8720182256362,H9564001_S_DO06CB06,1.00000000,brand_unit;exact_ean;legacy_block,
B1149001_S_8720182256362,S2090001_S_4NO5C,,brand_unit,
B1149001_S_8720182256362,S2552001_S_10091DOV_BAR_SOA_MD,0.99932437,brand_unit,
B1149001_S_8720182256362,S2552002_S_10091_HHL,0.99932437,brand_unit,
B1149001_S_8720182256362,S6136001_S_4NO5C,,brand_unit,
B1149001_S_LUX_SOAP,H5528001_S_LUX527716,,brand_unit,
B1149001_S_LUX_SOAP,H5528001_S_LUX527716X2,,brand_unit,
B1149001_S_LUX_SOAP,H6401001_S_luxsoap,0.00208897,brand_unit,
B1149001_S_LUX_SOAP,H6706001_S_cs169865,0.92979927,brand_unit;legacy_block,
B1149001_S_LUX_SOAP,H6706001_S_cs169867,0.67296234,brand_unit;legacy_block;semantic_topk,0.83822596
B1149001_S_LUX_SOAP,H9564001_S_KU05SB06,0.01510398,brand_unit,
B1149001_S_LUX_SOAP,S2090001_S_4NO5A,0.00123709,brand_unit,
B1149001_S_LUX_SOAP,S6136001_S_4NO5A,0.00123709,brand_unit,
B1151001_S_NAJ2345,H5292003_S_SAV01NJ-8,0.11748400,brand_unit,
B1151001_S_NAJ2345,H6141001_S_A076-30,,brand_unit,
B1151001_S_NAJ2345,H6141001_S_A076-40,0.97645826,brand_unit,
B1151001_S_NAJ2345,H6300002_S_BWNJL-4,,brand_unit,
B1151001_S_NAJ2345,H6300002_S_BWNJL-5A,,brand_unit,
B1151001_S_NAJ2345,S6324001_S_nj-aleppo12,,brand_unit,
B1151001_S_NAJ2345,S6324001_S_nj-aleppo40,,brand_unit,
B1151001_S_THP2249,B1151001_S_THP3020,1.00000000,brand_unit;legacy_block;semantic_topk,0.98419642
B1151001_S_THP2249,H6167001_S_9312146006602,1.00000000,brand_unit,
B1151001_S_THP2249,H7096001_S_9312146006602,1.00000000,brand_unit,
B1151001_S_THP2249,H7915001_S_9312146006602,0.41861458,brand_unit,
B1151001_S_THP2249,H8427001_S_9312146006602,1.00000000,brand_unit,
B1151001_S_THP2249,S2232001_S_TDP06602,0.99550542,brand_unit;legacy_block,
B1151001_S_THP2249,S6375001_S_9312146006602,1.00000000,brand_unit,
B1151001_S_THP3020,H6167001_S_9312146006602,0.99813572,brand_unit,
B1151001_S_THP3020,H7096001_S_9312146006602,0.99813572,brand_unit,
B1151001_S_THP3020,H7915001_S_9312146006602,0.79083844,brand_unit,
B1151001_S_THP3020,H8427001_S_9312146006602,0.99353883,brand_unit,
B1151001_S_THP3020,S2232001_S_TDP06602,0.99405110,brand_unit;legacy_block,
B1151001_S_THP3020,S6375001_S_9312146006602,0.99353883,brand_unit,
B1193001_S_H4147_TBD0604585101A,B1260001_S_H4158_TBD0604585101A,0.40268478,semantic_topk,0.95808619
B1193001_S_H4147_TBD0604585101A,H8513003_S_Ehome-2011,,legacy_block,
B1193001_S_H4147_TBD0604585101A,H8513003_S_Ehome-2012,,legacy_block,
B1193001_S_H4147_TBD0604585101A,S1061001_S_MON-748-027-0000,,legacy_block,
B1193001_S_H4147_TBD0604665503,B1260001_S_H4158_TBD0604665503,0.09932011,legacy_block;semantic_topk,0.86848241
B1193001_S_H4147_TBD0604665503,C0178001_S_XZZ01,0.00049015,legacy_block,
B1193001_S_H4147_TBD0604665503,C0185001_S_5819649424364_H,0.00059850,legacy_block,
B1193001_S_H4147_TBD0604665503,C0185001_S_5876183696240_H,0.00431907,legacy_block,
B1193001_S_H4147_TBD0604665503,C0185001_S_5876585208844_H,0.01095880,legacy_block,
B1193001_S_H4147_TBD0604665503,C0185001_S_5877738757083_H,0.00061443,legacy_block,
B1193001_S_H4147_TBD0604665503,C0185001_S_944295097981_H,0.00232901,legacy_block,
B1193001_S_H4147_TBD0604665503,C0631001_S_12414451169,0.04001232,legacy_block,
B1193001_S_H4147_TBD0604665503,C0631001_S_12414451577,0.01045165,legacy_block,
B1193001_S_H4147_TBD0604665503,C0631001_S_12414452074,0.02795227,legacy_block,
B1193001_S_H4147_TBD0604665503,C0631001_S_12414453935,0.00105200,legacy_block,
B1193001_S_H4147_TBD0604665503,C0748001_S_6102613952149_H,0.00444466,legacy_block,
B1193001_S_H4147_TBD0604665503,C0748001_S_6103392109070_H,0.00471173,legacy_block,
B1193001_S_H4147_TBD0604665503,C0748001_S_6103392277824_H,0.00265051,legacy_block,
B1193001_S_H4147_TBD0604665503,C0748001_S_6267514542397_H,0.00652593,legacy_block,
B1193001_S_H4147_TBD0604665503,C0748001_S_6267845435401_H,0.00348848,legacy_block,
B1193001_S_H4147_TBD0604665503,H6706001_S_cs169985,0.00307527,legacy_block,
B1193001_S_H4147_TBD0604665503,H7343002_S_HK230502JJQT07214RMN05,0.00276670,legacy_block,
B1193001_S_H4147_TBD0604665503,H7343003_S_HK230502JJQT07214RMN05,0.00276670,legacy_block,
B1193001_S_H4147_TBD0604665503,H7343013_S_HK230502JJQT07214RMN05,0.00276670,legacy_block,
B1193001_S_H4147_TBD0604665503,H7343015_S_HK230502JJQT07214RMN05,0.00276670,legacy_block,
B1193001_S_H4147_TBD0604665503,H7420001_S_MASKHOME-485,0.00055089,legacy_block,
B1193001_S_H4147_TBD0604665503,S1061001_S_MON-748-027-0000,0.00154740,legacy_block,
B1193001_S_H4147_TBD0605821001,B1260001_S_H4158_TBD0605821001,0.98926548,legacy_block;semantic_topk,0.60503548
B1193001_S_H4147_TBD0605821001,H7343002_S_HK231214JJQT10097RMN01,0.19441429,legacy_block,
B1193001_S_H4147_TBD0605821001,H7343002_S_HK260107JJQT15884RMN01,0.45955790,legacy_block,
B1193001_S_H4147_TBD0605821001,H7343003_S_HK230329JJQT06511RMN02,0.03175042,legacy_block,
B1193001_S_H4147_TBD0605821001,H7343003_S_HK231214JJQT10097RMN01,0.19441429,legacy_block,
B1193001_S_H4147_TBD0605821001,H7343003_S_HK260107JJQT15884RMN01,0.45955790,legacy_block,
B1193001_S_H4147_TBD0605821001,H7343013_S_HK230329JJQT06511RMN02,0.04299218,legacy_block,
B1193001_S_H4147_TBD0605821001,H7343013_S_HK231214JJQT10097RMN01,0.06041956,legacy_block,
B1193001_S_H4147_TBD0605821001,H7343013_S_HK260107JJQT15884RMN01,0.18865216,legacy_block,
B1193001_S_H4147_TBD0605821001,H7343015_S_HK230329JJQT06511RMN02,0.03175042,legacy_block,
B1193001_S_H4147_TBD0605821001,H7343015_S_HK231214JJQT10097RMN01,0.19441429,legacy_block,
B1193001_S_H4147_TBD0605821001,H7343015_S_HK260107JJQT15884RMN01,0.45955790,legacy_block,
B1193001_S_H4147_TBD0605821001,H8513001_S_Ehome-0008,0.68285618,legacy_block,
B1193001_S_H4147_TBD0605821001,H8513001_S_Ehome-0009,,legacy_block,
B1193001_S_H4147_TBD0605821001,H8513001_S_Ehome-0010,0.68285618,legacy_block,
B1193001_S_H4147_TBD0605821001,H8513001_S_Ehome-0011,0.65076939,legacy_block,
B1193001_S_H4147_TBD0605821001,H8513001_S_Ehome-0012,0.68285618,legacy_block,
B1193001_S_H4147_TBD0605821001,H8513001_S_Ehome-0158,0.68285618,legacy_block,
B1193001_S_H4147_TBD0605821001,H8513003_S_Ehome-0008,0.68285618,legacy_block,
B1193001_S_H4147_TBD0605821001,H8513003_S_Ehome-0009,,legacy_block,
B1193001_S_H4147_TBD0605821001,H8513003_S_Ehome-0010,0.68285618,legacy_block,
B1193001_S_H4147_TBD0605821001,H8513003_S_Ehome-0011,0.65076939,legacy_block,
B1193001_S_H4147_TBD0605821001,H8513003_S_Ehome-0012,0.68285618,legacy_block,
B1193001_S_H4147_TBD0605821001,H8513003_S_Ehome-0158,0.68285618,legacy_block,
B1260001_S_H4158_TBD0604665503,C0178001_S_XZZ01,0.00052108,legacy_block,
B1260001_S_H4158_TBD0604665503,C0185001_S_5819649424364_H,0.00036863,legacy_block,
B1260001_S_H4158_TBD0604665503,C0185001_S_5876183696240_H,0.00115407,legacy_block,
B1260001_S_H4158_TBD0604665503,C0185001_S_5876585208844_H,0.00402845,legacy_block,
B1260001_S_H4158_TBD0604665503,C0185001_S_5877738757083_H,0.00060970,legacy_block,
B1260001_S_H4158_TBD0604665503,C0185001_S_944295097981_H,0.00122287,legacy_block,
B1260001_S_H4158_TBD0604665503,C0631001_S_12414451169,0.01573321,legacy_block,
B1260001_S_H4158_TBD0604665503,C0631001_S_12414451577,0.00517701,legacy_block,
B1260001_S_H4158_TBD0604665503,C0631001_S_12414452074,0.00814903,legacy_block,
B1260001_S_H4158_TBD0604665503,C0631001_S_12414453935,0.00123323,legacy_block,
B1260001_S_H4158_TBD0604665503,C0748001_S_6102613952149_H,0.00160086,legacy_block,
B1260001_S_H4158_TBD0604665503,C0748001_S_6103392109070_H,0.00168783,legacy_block,
B1260001_S_H4158_TBD0604665503,C0748001_S_6103392277824_H,0.00207786,legacy_block,
B1260001_S_H4158_TBD0604665503,C0748001_S_6267514542397_H,0.01522974,legacy_block,
B1260001_S_H4158_TBD0604665503,C0748001_S_6267845435401_H,0.00206842,legacy_block,
B1260001_S_H4158_TBD0604665503,H6706001_S_cs169985,0.00264830,legacy_block,
B1260001_S_H4158_TBD0604665503,H7343002_S_HK230502JJQT07214RMN05,0.00033094,legacy_block,
B1260001_S_H4158_TBD0604665503,H7343003_S_HK230502JJQT07214RMN05,0.00033094,legacy_block,
B1260001_S_H4158_TBD0604665503,H7343013_S_HK230502JJQT07214RMN05,0.00033094,legacy_block,
B1260001_S_H4158_TBD0604665503,H7343015_S_HK230502JJQT07214RMN05,0.00033094,legacy_block,
B1260001_S_H4158_TBD0604665503,H7420001_S_MASKHOME-485,0.00135523,legacy_block,
B1260001_S_H4158_TBD0604665503,S1061001_S_MON-748-027-0000,0.00206300,legacy_block,
B1260001_S_H4158_TBD0605821001,H7343002_S_HK231214JJQT10097RMN01,0.01434114,legacy_block,
B1260001_S_H4158_TBD0605821001,H7343002_S_HK260107JJQT15884RMN01,0.27454924,legacy_block,
B1260001_S_H4158_TBD0605821001,H7343003_S_HK230329JJQT06511RMN02,0.04733717,legacy_block,
B1260001_S_H4158_TBD0605821001,H7343003_S_HK231214JJQT10097RMN01,0.01434114,legacy_block,
B1260001_S_H4158_TBD0605821001,H7343003_S_HK260107JJQT15884RMN01,0.27454924,legacy_block,
B1260001_S_H4158_TBD0605821001,H7343013_S_HK230329JJQT06511RMN02,0.21764289,legacy_block,
B1260001_S_H4158_TBD0605821001,H7343013_S_HK231214JJQT10097RMN01,0.01897499,legacy_block,
B1260001_S_H4158_TBD0605821001,H7343013_S_HK260107JJQT15884RMN01,0.18535595,legacy_block,
B1260001_S_H4158_TBD0605821001,H7343015_S_HK230329JJQT06511RMN02,0.04733717,legacy_block,
B1260001_S_H4158_TBD0605821001,H7343015_S_HK231214JJQT10097RMN01,0.01434114,legacy_block,
B1260001_S_H4158_TBD0605821001,H7343015_S_HK260107JJQT15884RMN01,0.27454924,legacy_block,
B1260001_S_H4158_TBD0605821001,H8513001_S_Ehome-0008,0.27454924,legacy_block,
B1260001_S_H4158_TBD0605821001,H8513001_S_Ehome-0009,,legacy_block,
B1260001_S_H4158_TBD0605821001,H8513001_S_Ehome-0010,0.49939747,legacy_block,
B1260001_S_H4158_TBD0605821001,H8513001_S_Ehome-0011,0.41744912,legacy_block,
B1260001_S_H4158_TBD0605821001,H8513001_S_Ehome-0012,0.27454924,legacy_block,
B1260001_S_H4158_TBD0605821001,H8513001_S_Ehome-0158,0.27454924,legacy_block,
B1260001_S_H4158_TBD0605821001,H8513003_S_Ehome-0008,0.27454924,legacy_block,
B1260001_S_H4158_TBD0605821001,H8513003_S_Ehome-0009,,legacy_block,
B1260001_S_H4158_TBD0605821001,H8513003_S_Ehome-0010,0.49939747,legacy_block,
B1260001_S_H4158_TBD0605821001,H8513003_S_Ehome-0011,0.41744912,legacy_block,
B1260001_S_H4158_TBD0605821001,H8513003_S_Ehome-0012,0.27454924,legacy_block,
B1260001_S_H4158_TBD0605821001,H8513003_S_Ehome-0158,0.27454924,legacy_block,
B1307001_S_MADAMEHENG_011591_2,B1307002_S_MADAMEHENG_011591_2,1.00000000,brand_unit;legacy_block;packfree_exact;semantic_topk,0.99999976
B1355001_S_WQL-XZLW0500055,B1615001_S_WQL-XZLW0500055,0.96685933,semantic_topk,0.76579940
B1390001_S_ke4976631477589,B1604001_S_4976631481166,,brand_unit,
B1390001_S_ke4976631477589,B1604002_S_4976631481166,,brand_unit,
B1390001_S_ke4976631477589,B1694001_S_479361,0.00328635,brand_unit;legacy_block,
B1390001_S_ke4976631477589,B1694001_S_479385,0.00928195,brand_unit;legacy_block,
B1390001_S_ke4976631477589,B1694001_S_479408,0.02404480,brand_unit;legacy_block,
B1390001_S_ke4976631477589,B1694001_S_479439,0.06585135,brand_unit;legacy_block,
B1390001_S_ke4976631477589,B1694001_S_479453,0.00891364,brand_unit;legacy_block,
B1390001_S_ke4976631477589,B1694001_S_482415,0.00058326,brand_unit,
B1390001_S_ke4976631477589,B1838001_S_4976631481166,,brand_unit,
B1390001_S_ke4976631477589,H5985004_S_481166_4976631481166,0.00757192,brand_unit,
B1390001_S_ke4976631477589,H6167001_S_4976631478272,0.37162640,brand_unit,
B1390001_S_ke4976631477589,H6706001_S_cs168539,0.00134469,brand_unit;legacy_block,
B1390001_S_ke4976631477589,H7096001_S_4976631478272,0.37162640,brand_unit,
B1390001_S_ke4976631477589,H8424001_S_4976631478272,0.03045828,brand_unit,
B1390001_S_ke4976631477589,H8424001_S_4976631481166,0.00639540,brand_unit,
B1390001_S_ke4976631477589,H9125001_S_48200101,0.00298669,brand_unit;legacy_block,
B1390001_S_ke4976631477589,H9125001_S_48200102,0.06317588,brand_unit;legacy_block,
B1390001_S_ke4976631477589,H9125001_S_48200103,0.95817602,brand_unit;legacy_block,
B1390001_S_ke4976631477589,H9990001_S_544,0.00483608,brand_unit;legacy_block,
B1390001_S_ke4976631477589,S6478006_S_478272_4976631478272,0.03582134,brand_unit,
B1390001_S_ke4976631477589,S6478006_S_481166_4976631481166,0.04058492,brand_unit,
B1395001_S_NL_soap01_100,H8461001_S_NL0004,0.99879856,brand_unit;legacy_block,
B1401001_S_007-02-513315,B1401001_S_007-02-523315,0.01291646,brand_unit;legacy_block;semantic_topk,0.48857644
B1401001_S_007-02-513315,B1401001_S_007-02-533315,0.00466155,brand_unit;legacy_block;semantic_topk,0.55160010
B1401001_S_007-02-513315,B1401001_S_007-02-543315,0.00757778,brand_unit;legacy_block;semantic_topk,0.46497029
B1401001_S_007-02-523315,B1401001_S_007-02-533315,0.03173757,brand_unit;legacy_block;semantic_topk,0.49116179
B1401001_S_007-02-523315,B1401001_S_007-02-543315,0.03978167,brand_unit;legacy_block;semantic_topk,0.43474379
B1401001_S_007-02-533315,B1401001_S_007-02-543315,0.08599870,brand_unit;legacy_block;semantic_topk,0.44612905
B1419001_S_SKIN-3616305446435,B1908001_S_Chloe123,0.75444663,brand_unit;legacy_block,
B1465002_S_CBSS001,B1465002_S_CBSS002,0.71937266,brand_unit;legacy_block;semantic_topk,0.98659879
B1465002_S_CBSS001,B1465002_S_CBSS003,0.70394922,brand_unit;legacy_block;semantic_topk,0.98399305
B1465002_S_CBSS001,B1465002_S_CBSS004,0.70394922,brand_unit;legacy_block;semantic_topk,0.98383713
B1465002_S_CBSS002,B1465002_S_CBSS003,0.76212170,brand_unit;legacy_block;semantic_topk,0.98521960
B1465002_S_CBSS002,B1465002_S_CBSS004,0.76212170,brand_unit;legacy_block;semantic_topk,0.98506397
B1465002_S_CBSS003,B1465002_S_CBSS004,0.76212170,brand_unit;legacy_block;semantic_topk,0.98688966
B1506001_S_8852086002780,B1506001_S_8852086002797,0.99135170,brand_unit;legacy_block,
B1506001_S_8852086002780,H7142001_S_196491,0.08379476,brand_unit,
B1506001_S_8852086002780,H7142002_S_196491,0.08379476,brand_unit,
B1506001_S_8852086002780,H7142003_S_196491,0.08379476,brand_unit,
B1506001_S_8852086002780,H7273001_S_8852086002780,1.00000000,brand_unit;exact_ean;legacy_block;packfree_exact;semantic_topk,0.99999976
B1506001_S_8852086002780,H7273001_S_8852086002797,0.99135170,brand_unit;legacy_block,
B1506001_S_8852086002780,H8196001_S_8852086922385,1.00000000,brand_unit;exact_ean;legacy_block,
B1506001_S_8852086002780,H8196001_S_885208692239,0.97003823,brand_unit;legacy_block,
B1506001_S_8852086002780,H8424001_S_8852086922385,0.98535014,brand_unit;legacy_block,
B1506001_S_8852086002780,H8424001_S_8852086922392,0.03751257,brand_unit;legacy_block,
B1506001_S_8852086002780,H8765001_S_25392,0.03129117,brand_unit;legacy_block,
B1506001_S_8852086002797,H7142001_S_196491,0.99234049,brand_unit,
B1506001_S_8852086002797,H7142002_S_196491,0.98272464,brand_unit,
B1506001_S_8852086002797,H7142003_S_196491,0.99865040,brand_unit,
B1506001_S_8852086002797,H7273001_S_8852086002780,0.99135170,brand_unit;legacy_block,
B1506001_S_8852086002797,H7273001_S_8852086002797,1.00000000,brand_unit;exact_ean;legacy_block;packfree_exact;semantic_topk,1.00000000
B1506001_S_8852086002797,H8196001_S_8852086922385,,brand_unit;legacy_block,
B1506001_S_8852086002797,H8196001_S_885208692239,1.00000000,brand_unit;exact_ean;legacy_block,
B1506001_S_8852086002797,H8424001_S_8852086922385,,brand_unit;legacy_block,
B1506001_S_8852086002797,H8424001_S_8852086922392,1.00000000,brand_unit;legacy_block,
B1506001_S_8852086002797,H8765001_S_25392,1.00000000,brand_unit;exact_ean;legacy_block,
B1545001_S_8850299017621_2,B1545001_S_8850299017638_2,0.00660433,brand_unit;legacy_block;semantic_topk,0.88078910
B1545001_S_8853502015483,B1545001_S_8853502015636,0.88253014,brand_unit;legacy_block;semantic_topk,0.80685377
B1583001_S_809280018565,B1583001_S_809280018572,,brand_unit;legacy_block;semantic_topk,0.52127033
B1583001_S_809280018565,B1583001_S_809280018619,,brand_unit;legacy_block,
B1583001_S_809280018565,H5621001_S_71465,0.96198570,brand_unit;legacy_block,
B1583001_S_809280018565,H5621001_S_79678,0.86859516,brand_unit;legacy_block,
B1583001_S_809280018565,H5627001_S_809280018619,,brand_unit;legacy_block,
B1583001_S_809280018565,H5859001_S_ST3136,,brand_unit;legacy_block,
B1583001_S_809280018565,H5859001_S_ST3717,,brand_unit;legacy_block,
B1583001_S_809280018565,H5985001_S_018565_809280018565,0.99958629,brand_unit;legacy_block,
B1583001_S_809280018565,H8976001_S_809280018565,0.99716874,brand_unit;legacy_block,
B1583001_S_809280018565,H8976001_S_809280018572,,brand_unit;legacy_block,
B1583001_S_809280018565,H8976001_S_809280018602,0.90266677,brand_unit;legacy_block,
B1583001_S_809280018565,H8976001_S_809280018619,,brand_unit;legacy_block,
B1583001_S_809280018572,B1583001_S_809280018619,,brand_unit;legacy_block;semantic_topk,0.40537938
B1583001_S_809280018572,H5621001_S_71465,0.95265055,brand_unit;legacy_block,
B1583001_S_809280018572,H5621001_S_79678,0.88026907,brand_unit;legacy_block,
B1583001_S_809280018572,H5627001_S_809280018619,,brand_unit;legacy_block,
B1583001_S_809280018572,H5859001_S_ST3136,0.94201977,brand_unit;legacy_block,
B1583001_S_809280018572,H5859001_S_ST3717,,brand_unit;legacy_block,
B1583001_S_809280018572,H5985001_S_018565_809280018565,,brand_unit;legacy_block,
B1583001_S_809280018572,H8976001_S_809280018565,,brand_unit;legacy_block,
B1583001_S_809280018572,H8976001_S_809280018572,0.99577389,brand_unit;legacy_block,
B1583001_S_809280018572,H8976001_S_809280018602,0.95480307,brand_unit;legacy_block,
B1583001_S_809280018572,H8976001_S_809280018619,,brand_unit;legacy_block,
B1583001_S_809280018619,H5621001_S_71465,0.95265055,brand_unit;legacy_block,
B1583001_S_809280018619,H5621001_S_79678,0.88026907,brand_unit;legacy_block,
B1583001_S_809280018619,H5627001_S_809280018619,0.98365221,brand_unit;legacy_block;semantic_topk,0.51010340
B1583001_S_809280018619,H5859001_S_ST3136,,brand_unit;legacy_block,
B1583001_S_809280018619,H5859001_S_ST3717,0.99120384,brand_unit;legacy_block,
B1583001_S_809280018619,H5985001_S_018565_809280018565,,brand_unit;legacy_block,
B1583001_S_809280018619,H8976001_S_809280018565,,brand_unit;legacy_block;semantic_topk,0.57607955
B1583001_S_809280018619,H8976001_S_809280018572,,brand_unit;legacy_block;semantic_topk,0.56355870
B1583001_S_809280018619,H8976001_S_809280018602,0.95480307,brand_unit;legacy_block,
B1583001_S_809280018619,H8976001_S_809280018619,0.79810135,brand_unit;legacy_block;semantic_topk,0.59867162
B1589001_S_liuhuangzao,B1589001_S_meiguixiangzao,0.00361811,brand_unit;legacy_block;semantic_topk,0.51713187
B1589001_S_liuhuangzao,B1589001_S_nanshixiangzao,0.05410526,brand_unit;legacy_block;semantic_topk,0.40092170
B1589001_S_meiguixiangzao,B1589001_S_nanshixiangzao,0.01268393,brand_unit;legacy_block,
B1604001_S_4976631481166,B1604002_S_4976631481166,1.00000000,brand_unit;exact_ean;legacy_block;packfree_exact;semantic_topk,0.99999976
B1604001_S_4976631481166,B1694001_S_479361,0.81633887,brand_unit,
B1604001_S_4976631481166,B1694001_S_479385,0.71730839,brand_unit,
B1604001_S_4976631481166,B1694001_S_479408,0.92457770,brand_unit,
B1604001_S_4976631481166,B1694001_S_479439,,brand_unit,
B1604001_S_4976631481166,B1694001_S_479453,0.79848526,brand_unit,
B1604001_S_4976631481166,B1694001_S_482415,0.16826707,brand_unit,
B1604001_S_4976631481166,B1838001_S_4976631481166,1.00000000,brand_unit;exact_ean;legacy_block,
B1604001_S_4976631481166,H5985004_S_481166_4976631481166,1.00000000,brand_unit;exact_ean;legacy_block,
B1604001_S_4976631481166,H6167001_S_4976631478272,0.38628015,brand_unit;legacy_block;semantic_topk,0.42380595
B1604001_S_4976631481166,H6706001_S_cs168539,0.00568369,brand_unit,
B1604001_S_4976631481166,H7096001_S_4976631478272,0.38628015,brand_unit;legacy_block;semantic_topk,0.42380595
B1604001_S_4976631481166,H8424001_S_4976631478272,0.05837925,brand_unit;legacy_block,
B1604001_S_4976631481166,H8424001_S_4976631481166,1.00000000,brand_unit;exact_ean;legacy_block,
B1604001_S_4976631481166,H9125001_S_48200101,0.93262516,brand_unit,
B1604001_S_4976631481166,H9125001_S_48200102,0.89170745,brand_unit,
B1604001_S_4976631481166,H9125001_S_48200103,,brand_unit,
B1604001_S_4976631481166,H9990001_S_544,0.48515561,brand_unit,
B1604001_S_4976631481166,S6478006_S_478272_4976631478272,0.96297414,brand_unit;legacy_block,
B1604001_S_4976631481166,S6478006_S_481166_4976631481166,1.00000000,brand_unit;exact_ean;legacy_block,
B1604001_S_4987072029022,B1604002_S_4987072029022,1.00000000,brand_unit;exact_ean;legacy_block;packfree_exact;semantic_topk,0.99999988
B1604002_S_4976631481166,B1694001_S_479361,0.81633887,brand_unit,
B1604002_S_4976631481166,B1694001_S_479385,0.71730839,brand_unit,
B1604002_S_4976631481166,B1694001_S_479408,0.92457770,brand_unit,
B1604002_S_4976631481166,B1694001_S_479439,,brand_unit,
B1604002_S_4976631481166,B1694001_S_479453,0.79848526,brand_unit,
B1604002_S_4976631481166,B1694001_S_482415,0.16826707,brand_unit,
B1604002_S_4976631481166,B1838001_S_4976631481166,1.00000000,brand_unit;exact_ean;legacy_block,
B1604002_S_4976631481166,H5985004_S_481166_4976631481166,1.00000000,brand_unit;exact_ean;legacy_block,
B1604002_S_4976631481166,H6167001_S_4976631478272,0.38628015,brand_unit;legacy_block;semantic_topk,0.42380595
B1604002_S_4976631481166,H6706001_S_cs168539,0.00568369,brand_unit,
B1604002_S_4976631481166,H7096001_S_4976631478272,0.38628015,brand_unit;legacy_block;semantic_topk,0.42380595
B1604002_S_4976631481166,H8424001_S_4976631478272,0.05837925,brand_unit;legacy_block,
B1604002_S_4976631481166,H8424001_S_4976631481166,1.00000000,brand_unit;exact_ean;legacy_block,
B1604002_S_4976631481166,H9125001_S_48200101,0.93262516,brand_unit,
B1604002_S_4976631481166,H9125001_S_48200102,0.89170745,brand_unit,
B1604002_S_4976631481166,H9125001_S_48200103,,brand_unit,
B1604002_S_4976631481166,H9990001_S_544,0.48515561,brand_unit,
B1604002_S_4976631481166,S6478006_S_478272_4976631478272,0.96297414,brand_unit;legacy_block,
B1604002_S_4976631481166,S6478006_S_481166_4976631481166,1.00000000,brand_unit;exact_ean;legacy_block,
B1694001_S_383011,H6300002_S_BWCOW-25A,0.00082163,brand_unit,
B1694001_S_383011,H9990001_S_529,0.88882849,brand_unit;legacy_block,
B1694001_S_383011,H9990001_S_557,0.93619314,brand_unit;legacy_block,
B1694001_S_383011,S2214001_S_RW383035,0.22291425,brand_unit;legacy_block,
B1694001_S_479361,B1694001_S_479385,0.66493168,brand_unit;legacy_block,
B1694001_S_479361,B1694001_S_479408,0.55598425,brand_unit;legacy_block,
B1694001_S_479361,B1694001_S_479439,0.34983609,brand_unit;legacy_block,
B1694001_S_479361,B1694001_S_479453,0.75600728,brand_unit;legacy_block,
B1694001_S_479361,B1694001_S_482415,0.06142687,brand_unit,
B1694001_S_479361,B1838001_S_4976631481166,0.00670224,brand_unit,
B1694001_S_479361,H5985004_S_481166_4976631481166,0.71835999,brand_unit,
B1694001_S_479361,H6167001_S_4976631478272,0.83889826,brand_unit,
B1694001_S_479361,H6706001_S_cs168539,0.03764034,brand_unit;legacy_block,
B1694001_S_479361,H7096001_S_4976631478272,0.83889826,brand_unit,
B1694001_S_479361,H8424001_S_4976631478272,0.47053061,brand_unit,
B1694001_S_479361,H8424001_S_4976631481166,0.77815881,brand_unit,
B1694001_S_479361,H9125001_S_48200101,0.02418640,brand_unit;legacy_block,
B1694001_S_479361,H9125001_S_48200102,0.72229392,brand_unit;legacy_block,
B1694001_S_479361,H9125001_S_48200103,0.05946610,brand_unit;legacy_block,
B1694001_S_479361,H9990001_S_544,0.02392692,brand_unit;legacy_block,
B1694001_S_479361,S6478006_S_478272_4976631478272,0.94730972,brand_unit,
B1694001_S_479361,S6478006_S_481166_4976631481166,0.94707414,brand_unit,
B1694001_S_479385,B1694001_S_479408,0.04964738,brand_unit;legacy_block;semantic_topk,0.74082839
B1694001_S_479385,B1694001_S_479439,0.01232982,brand_unit;legacy_block;semantic_topk,0.71600413
B1694001_S_479385,B1694001_S_479453,0.01883254,brand_unit;legacy_block,
B1694001_S_479385,B1694001_S_482415,0.00396905,brand_unit,
B1694001_S_479385,B1838001_S_4976631481166,0.00674487,brand_unit,
B1694001_S_479385,H5985004_S_481166_4976631481166,0.01716869,brand_unit,
B1694001_S_479385,H6167001_S_4976631478272,0.89320206,brand_unit,
B1694001_S_479385,H6706001_S_cs168539,0.02314984,brand_unit;legacy_block,
B1694001_S_479385,H7096001_S_4976631478272,0.89320206,brand_unit,
B1694001_S_479385,H8424001_S_4976631478272,0.00645450,brand_unit,
B1694001_S_479385,H8424001_S_4976631481166,0.03868987,brand_unit,
B1694001_S_479385,H9125001_S_48200101,0.03325190,brand_unit;legacy_block,
B1694001_S_479385,H9125001_S_48200102,0.02247274,brand_unit;legacy_block,
B1694001_S_479385,H9125001_S_48200103,0.01701868,brand_unit;legacy_block,
B1694001_S_479385,H9990001_S_544,0.02548304,brand_unit;legacy_block,
B1694001_S_479385,S6478006_S_478272_4976631478272,0.04167122,brand_unit,
B1694001_S_479385,S6478006_S_481166_4976631481166,0.13814226,brand_unit,
B1694001_S_479408,B1694001_S_479439,0.23063493,brand_unit;legacy_block;semantic_topk,0.72705626
B1694001_S_479408,B1694001_S_479453,0.01208494,brand_unit;legacy_block,
B1694001_S_479408,B1694001_S_482415,0.28631666,brand_unit,
B1694001_S_479408,B1838001_S_4976631481166,0.00885201,brand_unit,
B1694001_S_479408,H5985004_S_481166_4976631481166,0.79650289,brand_unit,
B1694001_S_479408,H6167001_S_4976631478272,0.89673075,brand_unit,
B1694001_S_479408,H6706001_S_cs168539,0.02735855,brand_unit;legacy_block,
B1694001_S_479408,H7096001_S_4976631478272,0.89673075,brand_unit,
B1694001_S_479408,H8424001_S_4976631478272,0.47053061,brand_unit,
B1694001_S_479408,H8424001_S_4976631481166,0.07350729,brand_unit,
B1694001_S_479408,H9125001_S_48200101,0.02802874,brand_unit;legacy_block,
B1694001_S_479408,H9125001_S_48200102,0.83269402,brand_unit;legacy_block,
B1694001_S_479408,H9125001_S_48200103,0.02802874,brand_unit;legacy_block,
B1694001_S_479408,H9990001_S_544,0.19742101,brand_unit;legacy_block,
B1694001_S_479408,S6478006_S_478272_4976631478272,0.98338314,brand_unit,
B1694001_S_479408,S6478006_S_481166_4976631481166,0.96702854,brand_unit,
B1694001_S_479439,B1694001_S_479453,0.59268322,brand_unit;legacy_block,
B1694001_S_479439,B1694001_S_482415,0.26606974,brand_unit,
B1694001_S_479439,B1838001_S_4976631481166,,brand_unit,
B1694001_S_479439,H5985004_S_481166_4976631481166,0.78848306,brand_unit,
B1694001_S_479439,H6167001_S_4976631478272,0.90032024,brand_unit,
B1694001_S_479439,H6706001_S_cs168539,0.01433467,brand_unit;legacy_block,
B1694001_S_479439,H7096001_S_4976631478272,0.90032024,brand_unit,
B1694001_S_479439,H8424001_S_4976631478272,0.56220066,brand_unit,
B1694001_S_479439,H8424001_S_4976631481166,0.10120305,brand_unit,
B1694001_S_479439,H9125001_S_48200101,0.02802874,brand_unit;legacy_block,
B1694001_S_479439,H9125001_S_48200102,0.82467330,brand_unit;legacy_block,
B1694001_S_479439,H9125001_S_48200103,0.02802874,brand_unit;legacy_block,
B1694001_S_479439,H9990001_S_544,0.08323894,brand_unit;legacy_block,
B1694001_S_479439,S6478006_S_478272_4976631478272,0.98193654,brand_unit,
B1694001_S_479439,S6478006_S_481166_4976631481166,0.96543752,brand_unit,
B1694001_S_479453,B1694001_S_482415,0.01397977,brand_unit,
B1694001_S_479453,B1838001_S_4976631481166,0.01839878,brand_unit,
B1694001_S_479453,H5985004_S_481166_4976631481166,0.11096913,brand_unit,
B1694001_S_479453,H6167001_S_4976631478272,0.83687046,brand_unit,
B1694001_S_479453,H6706001_S_cs168539,0.02397868,brand_unit;legacy_block,
B1694001_S_479453,H7096001_S_4976631478272,0.83687046,brand_unit,
B1694001_S_479453,H8424001_S_4976631478272,0.49372612,brand_unit,
B1694001_S_479453,H8424001_S_4976631481166,0.18672325,brand_unit,
B1694001_S_479453,H9125001_S_48200101,0.00930704,brand_unit;legacy_block,
B1694001_S_479453,H9125001_S_48200102,0.85746895,brand_unit;legacy_block,
B1694001_S_479453,H9125001_S_48200103,0.74251136,brand_unit;legacy_block,
B1694001_S_479453,H9990001_S_544,0.80522040,brand_unit;legacy_block,
B1694001_S_479453,S6478006_S_478272_4976631478272,0.94509777,brand_unit,
B1694001_S_479453,S6478006_S_481166_4976631481166,0.95001981,brand_unit,
B1694001_S_482415,B1838001_S_4976631481166,0.00024167,brand_unit,
B1694001_S_482415,H5985004_S_481166_4976631481166,0.00175152,brand_unit,
B1694001_S_482415,H6167001_S_4976631478272,0.31804215,brand_unit,
B1694001_S_482415,H6706001_S_cs168539,0.00089477,brand_unit,
B1694001_S_482415,H7096001_S_4976631478272,0.31804215,brand_unit,
B1694001_S_482415,H8424001_S_4976631478272,0.07134351,brand_unit,
B1694001_S_482415,H8424001_S_4976631481166,0.10739295,brand_unit,
B1694001_S_482415,H9125001_S_48200101,0.00446317,brand_unit,
B1694001_S_482415,H9125001_S_48200102,0.16770290,brand_unit,
B1694001_S_482415,H9125001_S_48200103,0.00710429,brand_unit,
B1694001_S_482415,H9990001_S_544,0.00297971,brand_unit,
B1694001_S_482415,S6478006_S_478272_4976631478272,0.11240026,brand_unit,
B1694001_S_482415,S6478006_S_481166_4976631481166,0.02283132,brand_unit,
B1795001_S_OFSC001c,B1795001_S_OFSC002c,0.00949555,brand_unit;semantic_topk,0.88516176
B1802001_S_5011451401068,B1802001_S_5011451401068-6,0.07541379,brand_unit;semantic_topk,0.90470177
B1823001_S_6979526730002,B1823001_S_6979526730019,0.00563439,brand_unit;legacy_block,
B1823001_S_6979526730002,B1823001_S_6979526730026,0.00550339,brand_unit;legacy_block,
B1823001_S_6979526730002,B1823001_S_6979526730033,0.00072133,brand_unit;legacy_block,
B1823001_S_6979526730002,B1823001_S_6979526730071,0.00038905,brand_unit;legacy_block,
B1823001_S_6979526730002,B1823001_S_6979526730101,0.00191196,brand_unit;legacy_block,
B1823001_S_6979526730002,B1823001_S_6979526730118,0.00138687,brand_unit;legacy_block,
B1823001_S_6979526730002,B1823001_S_6979526730125,0.01167513,brand_unit;legacy_block,
B1823001_S_6979526730002,B1823001_S_6979526730149,0.00107276,brand_unit;legacy_block,
B1823001_S_6979526730002,B1823001_S_6979526730156,0.02028328,brand_unit;legacy_block,
B1823001_S_6979526730019,B1823001_S_6979526730026,0.00427240,brand_unit;legacy_block,
B1823001_S_6979526730019,B1823001_S_6979526730033,0.20697878,brand_unit;legacy_block,
B1823001_S_6979526730019,B1823001_S_6979526730071,0.02109517,brand_unit;legacy_block,
B1823001_S_6979526730019,B1823001_S_6979526730101,0.20167357,brand_unit;legacy_block;semantic_topk,0.40295535
B1823001_S_6979526730019,B1823001_S_6979526730118,0.00706320,brand_unit;legacy_block;semantic_topk,0.41879016
B1823001_S_6979526730019,B1823001_S_6979526730125,0.01069777,brand_unit;legacy_block;semantic_topk,0.43781406
B1823001_S_6979526730019,B1823001_S_6979526730149,0.02284875,brand_unit;legacy_block,
B1823001_S_6979526730019,B1823001_S_6979526730156,0.01117390,brand_unit;legacy_block,
B1823001_S_6979526730026,B1823001_S_6979526730033,0.03999105,brand_unit;legacy_block,
B1823001_S_6979526730026,B1823001_S_6979526730071,0.01332660,brand_unit;legacy_block,
B1823001_S_6979526730026,B1823001_S_6979526730101,0.12202074,brand_unit;legacy_block;semantic_topk,0.41471049
B1823001_S_6979526730026,B1823001_S_6979526730118,0.00599540,brand_unit;legacy_block,
B1823001_S_6979526730026,B1823001_S_6979526730125,0.00635353,brand_unit;legacy_block,
B1823001_S_6979526730026,B1823001_S_6979526730149,0.00955411,brand_unit;legacy_block,
B1823001_S_6979526730026,B1823001_S_6979526730156,0.00051968,brand_unit;legacy_block,
B1823001_S_6979526730033,B1823001_S_6979526730071,0.22469583,brand_unit;legacy_block,
B1823001_S_6979526730033,B1823001_S_6979526730101,0.10211733,brand_unit;legacy_block,
B1823001_S_6979526730033,B1823001_S_6979526730118,0.03490210,brand_unit;legacy_block,
B1823001_S_6979526730033,B1823001_S_6979526730125,0.00939296,brand_unit;legacy_block,
B1823001_S_6979526730033,B1823001_S_6979526730149,0.08527301,brand_unit;legacy_block,
B1823001_S_6979526730033,B1823001_S_6979526730156,0.01150288,brand_unit;legacy_block,
B1823001_S_6979526730071,B1823001_S_6979526730101,0.01142567,brand_unit;legacy_block,
B1823001_S_6979526730071,B1823001_S_6979526730118,,brand_unit;legacy_block,
B1823001_S_6979526730071,B1823001_S_6979526730125,,brand_unit;legacy_block,
B1823001_S_6979526730071,B1823001_S_6979526730149,0.00280720,brand_unit;legacy_block,
B1823001_S_6979526730071,B1823001_S_6979526730156,,brand_unit;legacy_block,
B1823001_S_6979526730101,B1823001_S_6979526730118,0.00299774,brand_unit;legacy_block;semantic_topk,0.44441244
B1823001_S_6979526730101,B1823001_S_6979526730125,0.00487797,brand_unit;legacy_block;semantic_topk,0.46181804
B1823001_S_6979526730101,B1823001_S_6979526730149,0.00152677,brand_unit;legacy_block,
B1823001_S_6979526730101,B1823001_S_6979526730156,0.05186284,brand_unit;legacy_block,
B1823001_S_6979526730118,B1823001_S_6979526730125,,brand_unit;legacy_block;semantic_topk,0.45311448
B1823001_S_6979526730118,B1823001_S_6979526730149,0.39106690,brand_unit;legacy_block,
B1823001_S_6979526730118,B1823001_S_6979526730156,0.05532394,brand_unit;legacy_block,
B1823001_S_6979526730125,B1823001_S_6979526730149,0.01157830,brand_unit;legacy_block,
B1823001_S_6979526730125,B1823001_S_6979526730156,,brand_unit;legacy_block,
B1823001_S_6979526730149,B1823001_S_6979526730156,0.08895159,brand_unit;legacy_block,
B1838001_S_4976631481166,H5985004_S_481166_4976631481166,1.00000000,brand_unit;exact_ean;legacy_block,
B1838001_S_4976631481166,H6167001_S_4976631478272,0.97735329,brand_unit;legacy_block,
B1838001_S_4976631481166,H6706001_S_cs168539,0.89875616,brand_unit,
B1838001_S_4976631481166,H7096001_S_4976631478272,0.97735329,brand_unit;legacy_block,
B1838001_S_4976631481166,H8424001_S_4976631478272,0.81754722,brand_unit;legacy_block,
B1838001_S_4976631481166,H8424001_S_4976631481166,1.00000000,brand_unit;exact_ean;legacy_block,
B1838001_S_4976631481166,H9125001_S_48200101,0.23103519,brand_unit,
B1838001_S_4976631481166,H9125001_S_48200102,0.02422294,brand_unit,
B1838001_S_4976631481166,H9125001_S_48200103,,brand_unit,
B1838001_S_4976631481166,H9990001_S_544,0.00409601,brand_unit,
B1838001_S_4976631481166,S6478006_S_478272_4976631478272,0.99383525,brand_unit;legacy_block,
B1838001_S_4976631481166,S6478006_S_481166_4976631481166,1.00000000,brand_unit;exact_ean;legacy_block,
C0065001_S_6094250909320_H,C0065001_S_6258748387002_H,,legacy_block;semantic_topk,0.42541879
C0065001_S_6094250909320_H,C0702001_S_6078124561572_H,1.00000000,legacy_block;packfree_exact;semantic_topk,1.00000012
C0065001_S_6094250909320_H,C0702001_S_6078159865995_H,,legacy_block;semantic_topk,0.42541879
C0065001_S_6094250909320_H,C0830001_S_6094250909320_H,1.00000000,legacy_block;packfree_exact;semantic_topk,0.95945513
C0065001_S_6094250909320_H,C0830001_S_6258748387002_H,,legacy_block,
C0065001_S_6258748387002_H,C0702001_S_6078124561572_H,,legacy_block;semantic_topk,0.42541879
C0065001_S_6258748387002_H,C0702001_S_6078159865995_H,1.00000000,legacy_block;packfree_exact;semantic_topk,0.99999970
C0065001_S_6258748387002_H,C0830001_S_6094250909320_H,,legacy_block,
C0065001_S_6258748387002_H,C0830001_S_6258748387002_H,1.00000000,legacy_block;packfree_exact;semantic_topk,0.96722192
C0065001_S_6258816715603_H,C0830001_S_6258816715603_H,1.00000000,legacy_block;packfree_exact;semantic_topk,0.96403617
C0082001_S_1044638142101_H,H5528001_S_DOV256362,0.00645967,brand_unit;legacy_block,
C0082001_S_1044638142101_H,H5528001_S_DOV256362A,0.00645967,brand_unit;legacy_block,
C0082001_S_1044638142101_H,H5528001_S_DOV256362B,0.00645967,brand_unit;legacy_block,
C0082001_S_1044638142101_H,H6401001_S_dovesoap,0.00397706,brand_unit;legacy_block,
C0082001_S_1044638142101_H,H6729001_S_D0522,0.00210068,brand_unit;legacy_block,
C0082001_S_1044638142101_H,H8728001_S_8720182256362,0.00298669,brand_unit,
C0082001_S_1044638142101_H,H9357001_S_8718114047249,0.00378438,brand_unit,
C0082001_S_1044638142101_H,H9357001_S_8720182256362-1,0.00757933,brand_unit,
C0082001_S_1044638142101_H,H9564001_S_DO06CB06,0.04503919,brand_unit,
C0082001_S_1044638142101_H,S2090001_S_4NO5C,0.00298669,brand_unit;legacy_block,
C0082001_S_1044638142101_H,S2552001_S_10091DOV_BAR_SOA_MD,0.00392977,brand_unit;legacy_block,
C0082001_S_1044638142101_H,S2552002_S_10091_HHL,0.00392977,brand_unit;legacy_block,
C0082001_S_1044638142101_H,S6136001_S_4NO5C,0.00298669,brand_unit;legacy_block,
C0082001_S_6060364285542_H,C0082001_S_6060509613705_H,0.01074779,brand_unit;legacy_block;semantic_topk,0.88157904
C0082001_S_6060364285542_H,C0082001_S_6225261179894_H,0.12246132,brand_unit;legacy_block;semantic_topk,0.85690659
C0082001_S_6060509613705_H,C0082001_S_6225261179894_H,0.01402373,brand_unit;legacy_block;semantic_topk,0.86798173
C0088001_S_5832052148526_H,C0547002_S_47062691846091_H,0.04660162,legacy_block,
C0088001_S_5832052148526_H,C0776001_S_47062691846091_H,0.04660162,legacy_block,
C0088001_S_5832052148526_H,C0830001_S_5832052148526_H,1.00000000,legacy_block;packfree_exact;semantic_topk,0.96245819
C0088001_S_5936515416955_H,C0702001_S_6078418429330_H,0.99748034,legacy_block,
C0088001_S_5936515416955_H,C0830001_S_5936515416955_H,1.00000000,legacy_block;packfree_exact;semantic_topk,0.82208794
C0088001_S_5936515416955_H,S1061001_S_MON-624-855-0000,0.04762909,legacy_block,
C0178001_S_XZZ01,C0185001_S_5819649424364_H,0.00052634,legacy_block,
C0178001_S_XZZ01,C0185001_S_5876183696240_H,0.00269473,legacy_block,
C0178001_S_XZZ01,C0185001_S_5876585208844_H,0.00087848,legacy_block,
C0178001_S_XZZ01,C0185001_S_5877738757083_H,0.00151662,legacy_block,
C0178001_S_XZZ01,C0185001_S_944295097981_H,0.00553019,legacy_block,
C0178001_S_XZZ01,C0631001_S_12414451169,0.00049015,legacy_block,
C0178001_S_XZZ01,C0631001_S_12414451577,,legacy_block,
C0178001_S_XZZ01,C0631001_S_12414452074,,legacy_block,
C0178001_S_XZZ01,C0631001_S_12414453935,,legacy_block,
C0178001_S_XZZ01,C0748001_S_6102613952149_H,,legacy_block,
C0178001_S_XZZ01,C0748001_S_6103392109070_H,0.00348692,legacy_block,
C0178001_S_XZZ01,C0748001_S_6103392277824_H,,legacy_block,
C0178001_S_XZZ01,C0748001_S_6267514542397_H,,legacy_block,
C0178001_S_XZZ01,C0748001_S_6267845435401_H,,legacy_block,
C0178001_S_XZZ01,H6706001_S_cs169985,,legacy_block,
C0178001_S_XZZ01,H7343002_S_HK230502JJQT07214RMN05,0.00068189,legacy_block,
C0178001_S_XZZ01,H7343003_S_HK230502JJQT07214RMN05,0.00068189,legacy_block,
C0178001_S_XZZ01,H7343013_S_HK230502JJQT07214RMN05,0.00068189,legacy_block,
C0178001_S_XZZ01,H7343015_S_HK230502JJQT07214RMN05,0.00068189,legacy_block,
C0178001_S_XZZ01,H7420001_S_MASKHOME-485,0.00057245,legacy_block,
C0178001_S_XZZ01,S1061001_S_MON-748-027-0000,,legacy_block,
C0185001_S_5819649424364_H,C0185001_S_5876183696240_H,0.04604698,legacy_block,
C0185001_S_5819649424364_H,C0185001_S_5876585208844_H,0.00221524,legacy_block,
C0185001_S_5819649424364_H,C0185001_S_5877738757083_H,0.00087178,legacy_block,
C0185001_S_5819649424364_H,C0185001_S_944295097981_H,0.06719689,legacy_block,
C0185001_S_5819649424364_H,C0631001_S_12414451169,0.05605969,legacy_block,
C0185001_S_5819649424364_H,C0631001_S_12414451577,0.03909957,legacy_block,
C0185001_S_5819649424364_H,C0631001_S_12414452074,0.05539000,legacy_block,
C0185001_S_5819649424364_H,C0631001_S_12414453935,0.04842201,legacy_block,
C0185001_S_5819649424364_H,C0748001_S_6102613952149_H,0.00237811,legacy_block,
C0185001_S_5819649424364_H,C0748001_S_6103392109070_H,0.00207786,legacy_block,
C0185001_S_5819649424364_H,C0748001_S_6103392277824_H,0.00216304,legacy_block,
C0185001_S_5819649424364_H,C0748001_S_6267514542397_H,0.00154740,legacy_block,
C0185001_S_5819649424364_H,C0748001_S_6267845435401_H,0.00186249,legacy_block,
C0185001_S_5819649424364_H,H6706001_S_cs169985,0.00370782,legacy_block,
C0185001_S_5819649424364_H,H7343002_S_HK230502JJQT07214RMN05,0.00122721,legacy_block,
C0185001_S_5819649424364_H,H7343003_S_HK230502JJQT07214RMN05,0.00122721,legacy_block,
C0185001_S_5819649424364_H,H7343013_S_HK230502JJQT07214RMN05,0.00122721,legacy_block,
C0185001_S_5819649424364_H,H7343015_S_HK230502JJQT07214RMN05,0.00122721,legacy_block,
C0185001_S_5819649424364_H,H7420001_S_MASKHOME-485,0.00054438,legacy_block,
C0185001_S_5819649424364_H,S1061001_S_MON-748-027-0000,0.00086866,legacy_block,
C0185001_S_5876183696240_H,C0185001_S_5876585208844_H,0.00619556,legacy_block,
C0185001_S_5876183696240_H,C0185001_S_5877738757083_H,0.00134049,legacy_block,
C0185001_S_5876183696240_H,C0185001_S_944295097981_H,0.35813324,legacy_block,
C0185001_S_5876183696240_H,C0631001_S_12414451169,0.07404360,legacy_block,
C0185001_S_5876183696240_H,C0631001_S_12414451577,,legacy_block,
C0185001_S_5876183696240_H,C0631001_S_12414452074,,legacy_block,
C0185001_S_5876183696240_H,C0631001_S_12414453935,,legacy_block,
C0185001_S_5876183696240_H,C0748001_S_6102613952149_H,,legacy_block,
C0185001_S_5876183696240_H,C0748001_S_6103392109070_H,0.00430253,legacy_block,
C0185001_S_5876183696240_H,C0748001_S_6103392277824_H,,legacy_block,
C0185001_S_5876183696240_H,C0748001_S_6267514542397_H,,legacy_block,
C0185001_S_5876183696240_H,C0748001_S_6267845435401_H,,legacy_block,
C0185001_S_5876183696240_H,H6706001_S_cs169985,,legacy_block,
C0185001_S_5876183696240_H,H7343002_S_HK230502JJQT07214RMN05,0.00054237,legacy_block,
C0185001_S_5876183696240_H,H7343003_S_HK230502JJQT07214RMN05,0.00054237,legacy_block,
C0185001_S_5876183696240_H,H7343013_S_HK230502JJQT07214RMN05,0.00054237,legacy_block,
C0185001_S_5876183696240_H,H7343015_S_HK230502JJQT07214RMN05,0.00054237,legacy_block,
C0185001_S_5876183696240_H,H7420001_S_MASKHOME-485,0.00054694,legacy_block,
C0185001_S_5876183696240_H,S1061001_S_MON-748-027-0000,,legacy_block,
C0185001_S_5876585208844_H,C0185001_S_5877738757083_H,0.00151662,legacy_block,
C0185001_S_5876585208844_H,C0185001_S_944295097981_H,0.02746138,legacy_block,
C0185001_S_5876585208844_H,C0631001_S_12414451169,0.10915230,legacy_block,
C0185001_S_5876585208844_H,C0631001_S_12414451577,0.08144079,legacy_block,
C0185001_S_5876585208844_H,C0631001_S_12414452074,0.10915230,legacy_block,
C0185001_S_5876585208844_H,C0631001_S_12414453935,0.01655853,legacy_block,
C0185001_S_5876585208844_H,C0748001_S_6102613952149_H,0.00265051,legacy_block,
C0185001_S_5876585208844_H,C0748001_S_6103392109070_H,0.00609708,legacy_block,
C0185001_S_5876585208844_H,C0748001_S_6103392277824_H,0.00216304,legacy_block,
C0185001_S_5876585208844_H,C0748001_S_6267514542397_H,0.00501922,legacy_block,
C0185001_S_5876585208844_H,C0748001_S_6267845435401_H,0.00542522,legacy_block,
C0185001_S_5876585208844_H,H6706001_S_cs169985,0.00170129,legacy_block,
C0185001_S_5876585208844_H,H7343002_S_HK230502JJQT07214RMN05,0.00070301,legacy_block,
C0185001_S_5876585208844_H,H7343003_S_HK230502JJQT07214RMN05,0.00070301,legacy_block,
C0185001_S_5876585208844_H,H7343013_S_HK230502JJQT07214RMN05,0.00070301,legacy_block,
C0185001_S_5876585208844_H,H7343015_S_HK230502JJQT07214RMN05,0.00070301,legacy_block,
C0185001_S_5876585208844_H,H7420001_S_MASKHOME-485,0.00045093,legacy_block,
C0185001_S_5876585208844_H,S1061001_S_MON-748-027-0000,0.00177962,legacy_block,
C0185001_S_5877738757083_H,C0185001_S_944295097981_H,0.00151662,legacy_block,
C0185001_S_5877738757083_H,C0631001_S_12414451169,0.00060970,legacy_block,
C0185001_S_5877738757083_H,C0631001_S_12414451577,0.00057245,legacy_block,
C0185001_S_5877738757083_H,C0631001_S_12414452074,,legacy_block,
C0185001_S_5877738757083_H,C0631001_S_12414453935,0.00086740,legacy_block,
C0185001_S_5877738757083_H,C0748001_S_6102613952149_H,0.00245980,legacy_block,
C0185001_S_5877738757083_H,C0748001_S_6103392109070_H,0.00319306,legacy_block,
C0185001_S_5877738757083_H,C0748001_S_6103392277824_H,0.00229931,legacy_block,
C0185001_S_5877738757083_H,C0748001_S_6267514542397_H,0.00229931,legacy_block,
C0185001_S_5877738757083_H,C0748001_S_6267845435401_H,0.00231713,legacy_block,
C0185001_S_5877738757083_H,H6706001_S_cs169985,0.00170129,legacy_block,
C0185001_S_5877738757083_H,H7343002_S_HK230502JJQT07214RMN05,0.00073818,legacy_block,
C0185001_S_5877738757083_H,H7343003_S_HK230502JJQT07214RMN05,0.00073818,legacy_block,
C0185001_S_5877738757083_H,H7343013_S_HK230502JJQT07214RMN05,0.00073818,legacy_block,
C0185001_S_5877738757083_H,H7343015_S_HK230502JJQT07214RMN05,0.00073818,legacy_block,
C0185001_S_5877738757083_H,H7420001_S_MASKHOME-485,0.00045093,legacy_block,
C0185001_S_5877738757083_H,S1061001_S_MON-748-027-0000,0.00264830,legacy_block,
C0185001_S_944295097981_H,C0631001_S_12414451169,0.04213924,legacy_block,
C0185001_S_944295097981_H,C0631001_S_12414451577,,legacy_block,
C0185001_S_944295097981_H,C0631001_S_12414452074,0.04213924,legacy_block,
C0185001_S_944295097981_H,C0631001_S_12414453935,,legacy_block,
C0185001_S_944295097981_H,C0748001_S_6102613952149_H,0.00425472,legacy_block,
C0185001_S_944295097981_H,C0748001_S_6103392109070_H,0.00335886,legacy_block,
C0185001_S_944295097981_H,C0748001_S_6103392277824_H,0.00501922,legacy_block,
C0185001_S_944295097981_H,C0748001_S_6267514542397_H,0.00170326,legacy_block,
C0185001_S_944295097981_H,C0748001_S_6267845435401_H,0.00143849,legacy_block,
C0185001_S_944295097981_H,H6706001_S_cs169985,0.00241925,legacy_block,
C0185001_S_944295097981_H,H7343002_S_HK230502JJQT07214RMN05,0.00047928,legacy_block,
C0185001_S_944295097981_H,H7343003_S_HK230502JJQT07214RMN05,0.00047928,legacy_block,
C0185001_S_944295097981_H,H7343013_S_HK230502JJQT07214RMN05,0.00047928,legacy_block,
C0185001_S_944295097981_H,H7343015_S_HK230502JJQT07214RMN05,0.00047928,legacy_block,
C0185001_S_944295097981_H,H7420001_S_MASKHOME-485,0.00054694,legacy_block,
C0185001_S_944295097981_H,S1061001_S_MON-748-027-0000,0.00198542,legacy_block,
C0185001_S_954745757679_H,C0185001_S_chengxiangzao01,1.00000000,legacy_block;packfree_exact;semantic_topk,0.89525735
C0185001_S_954745757679_H,C0748001_S_1059563949388_H,0.01626974,legacy_block,
C0185001_S_chengxiangzao01,C0748001_S_1059563949388_H,0.01626974,legacy_block,
C0185001_S_jianghuangningmeng,C0631001_S_12414454245,0.00592687,legacy_block,
C0185001_S_jianghuangningmeng,H8257001_S_hm0641_0160,0.00757933,legacy_block,
C0185001_S_jianghuangningmeng,H9357001_S_4897025527393,0.01242467,legacy_block,
C0185001_S_jianghuangningmeng,H9564001_S_YH05SS100,0.01208948,legacy_block,
C0185001_S_jianghuangningmeng,H9990001_S_344,,legacy_block,
C0185001_S_jianghuangningmeng,H9990001_S_355,0.99109874,legacy_block;semantic_topk,0.98640454
C0185001_S_jianghuangningmeng,H9990001_S_406,0.00155865,legacy_block,
C0185001_S_jianghuangningmeng,H9990001_S_438,,legacy_block,
C0185001_S_jianghuangningmeng,H9990001_S_471,,legacy_block,
C0185001_S_jianghuangningmeng,H9990001_S_486,,legacy_block,
C0185001_S_jianghuangningmeng,H9990001_S_545,,legacy_block,
C0185001_S_jianghuangningmeng,H9990001_S_546,0.00576413,legacy_block,
C0185001_S_jianghuangningmeng,H9990001_S_551,,legacy_block,
C0185001_S_jianghuangningmeng,H9990001_S_552,,legacy_block,
C0185001_S_jianghuangningmeng,H9990001_S_553,,legacy_block,
C0185001_S_jianghuangningmeng,H9990001_S_554,0.00174949,legacy_block,
C0185001_S_jianghuangningmeng,S1061001_S_MON-624-581-0000,0.10099043,legacy_block,
C0195001_S_5139453421560_H,C0195002_S_7350064921166-HK,0.20980404,brand_unit,
C0195001_S_5139453421560_H,C0195002_S_7350064921180-HK,0.27679556,brand_unit,
C0195001_S_5141437909740_H,C0195002_S_3519590214331-HK,0.46432593,brand_unit;legacy_block;semantic_topk,0.47770116
C0195001_S_5141437909740_H,C0195002_S_3519590214393-HK,1.00000000,brand_unit;legacy_block;packfree_exact;semantic_topk,0.99999976
C0195001_S_9420015001204-HK,C0195001_S_9420015001228-HK,0.36939110,brand_unit;legacy_block,
C0195001_S_9420015001204-HK,C0195001_S_9420015003130-HK1,,brand_unit;legacy_block,
C0195001_S_9420015001204-HK,C0195001_S_9420015017571-HK1,,brand_unit;legacy_block,
C0195001_S_9420015001204-HK,C0195002_S_9420015001204-HK,1.00000000,brand_unit;legacy_block;packfree_exact;semantic_topk,1.00000012
C0195001_S_9420015001204-HK,C0195002_S_9420015001228-HK,0.36939110,brand_unit;legacy_block,
C0195001_S_9420015001204-HK,C0195002_S_9420015003130-HK,,brand_unit;legacy_block,
C0195001_S_9420015001204-HK,C0195002_S_9420015017571-HK,,brand_unit;legacy_block,
C0195001_S_9420015001228-HK,C0195001_S_9420015003130-HK1,0.78056244,brand_unit;legacy_block;semantic_topk,0.40921515
C0195001_S_9420015001228-HK,C0195001_S_9420015017571-HK1,0.21287746,brand_unit;legacy_block;semantic_topk,0.49386764
C0195001_S_9420015001228-HK,C0195002_S_9420015001204-HK,0.36939110,brand_unit;legacy_block,
C0195001_S_9420015001228-HK,C0195002_S_9420015001228-HK,1.00000000,brand_unit;legacy_block;packfree_exact;semantic_topk,1.00000024
C0195001_S_9420015001228-HK,C0195002_S_9420015003130-HK,0.78056244,brand_unit;legacy_block;semantic_topk,0.40921515
C0195001_S_9420015001228-HK,C0195002_S_9420015017571-HK,0.21287746,brand_unit;legacy_block;semantic_topk,0.49386764
C0195001_S_9420015003130-HK1,C0195001_S_9420015017571-HK1,,brand_unit;legacy_block,
C0195001_S_9420015003130-HK1,C0195002_S_9420015001204-HK,,brand_unit;legacy_block,
C0195001_S_9420015003130-HK1,C0195002_S_9420015001228-HK,0.78056244,brand_unit;legacy_block;semantic_topk,0.40921515
C0195001_S_9420015003130-HK1,C0195002_S_9420015003130-HK,1.00000000,brand_unit;legacy_block;packfree_exact;semantic_topk,1.00000036
C0195001_S_9420015003130-HK1,C0195002_S_9420015017571-HK,,brand_unit;legacy_block,
C0195001_S_9420015017571-HK1,C0195002_S_9420015001204-HK,,brand_unit;legacy_block,
C0195001_S_9420015017571-HK1,C0195002_S_9420015001228-HK,0.21287746,brand_unit;legacy_block;semantic_topk,0.49386764
C0195001_S_9420015017571-HK1,C0195002_S_9420015003130-HK,,brand_unit;legacy_block,
C0195001_S_9420015017571-HK1,C0195002_S_9420015017571-HK,1.00000000,brand_unit;legacy_block;packfree_exact;semantic_topk,0.99999964
C0195001_S_9420015017731-HK,C0195002_S_9420015017731-HK,1.00000000,brand_unit;legacy_block;packfree_exact;semantic_topk,1.00000000
C0195001_S_9420015017731-HK,H7616001_S_HS_00981,,brand_unit;legacy_block,
C0195001_S_9420015017731-HK,H7616001_S_HS_00982,0.98059094,brand_unit;legacy_block,
C0195001_S_hongwei001,C0195002_S_hongwei-002,1.00000000,brand_unit;legacy_block;packfree_exact;semantic_topk,0.99331355
C0195001_S_hongwei001,C0195002_S_hongwei-003,,brand_unit;legacy_block,
C0195001_S_hongwei001,C0195002_S_hongwei-004,,brand_unit;legacy_block,
C0195001_S_hongwei001,C0195002_S_hongwei001,1.00000000,brand_unit;legacy_block;packfree_exact;semantic_topk,0.99331355
C0195002_S_3519590214072-HK,C0195002_S_3519590214171-HK,,brand_unit;legacy_block;semantic_topk,0.43007860
C0195002_S_3519590214072-HK,C0195002_S_3519590224026-HK,,brand_unit;legacy_block,
C0195002_S_3519590214072-HK,C0195002_S_3519590234001-HK,,brand_unit;legacy_block,
C0195002_S_3519590214171-HK,C0195002_S_3519590224026-HK,,brand_unit;legacy_block,
C0195002_S_3519590214171-HK,C0195002_S_3519590234001-HK,,brand_unit;legacy_block,
C0195002_S_3519590214270-HK,C0195002_S_3519590224224-HK,,brand_unit;legacy_block;semantic_topk,0.46704105
C0195002_S_3519590214331-HK,C0195002_S_3519590214393-HK,0.46432593,brand_unit;legacy_block;semantic_topk,0.47770116
C0195002_S_3519590223081-HK,C0195002_S_3519590223098-HK,0.17888733,brand_unit;legacy_block;semantic_topk,0.45567283
C0195002_S_3519590223081-HK,C0195002_S_3519590223104-HK,,brand_unit;legacy_block;semantic_topk,0.45815608
C0195002_S_3519590223081-HK,C0195002_S_3519590223111-HK,0.17888733,brand_unit;legacy_block;semantic_topk,0.44188619
C0195002_S_3519590223081-HK,C0195002_S_3519590223128-HK,0.22946816,brand_unit;legacy_block;semantic_topk,0.41965780
C0195002_S_3519590223081-HK,C0195002_S_3519590223135-HK,0.17008033,brand_unit;legacy_block;semantic_topk,0.49003223
C0195002_S_3519590223081-HK,C0195002_S_3519590223142-HK,0.19068518,brand_unit;legacy_block;semantic_topk,0.49343714
C0195002_S_3519590223081-HK,C0195002_S_3519590223159-HK,0.22946816,brand_unit;legacy_block;semantic_topk,0.44935969
C0195002_S_3519590223081-HK,C0195002_S_3519590223166-HK,0.21505598,brand_unit;legacy_block;semantic_topk,0.45563501
C0195002_S_3519590223081-HK,C0195002_S_3519590223173-HK,,brand_unit;legacy_block;semantic_topk,0.46465367
C0195002_S_3519590223098-HK,C0195002_S_3519590223104-HK,,brand_unit;legacy_block;semantic_topk,0.76121598
C0195002_S_3519590223098-HK,C0195002_S_3519590223111-HK,,brand_unit;legacy_block;semantic_topk,0.49669665
C0195002_S_3519590223098-HK,C0195002_S_3519590223128-HK,0.20030162,brand_unit;legacy_block;semantic_topk,0.46147448
C0195002_S_3519590223098-HK,C0195002_S_3519590223135-HK,0.10994894,brand_unit;legacy_block;semantic_topk,0.55512303
C0195002_S_3519590223098-HK,C0195002_S_3519590223142-HK,0.12436061,brand_unit;legacy_block;semantic_topk,0.55848908
C0195002_S_3519590223098-HK,C0195002_S_3519590223159-HK,0.16539007,brand_unit;legacy_block;semantic_topk,0.47643429
C0195002_S_3519590223098-HK,C0195002_S_3519590223166-HK,0.21353119,brand_unit;legacy_block;semantic_topk,0.50699943
C0195002_S_3519590223098-HK,C0195002_S_3519590223173-HK,0.10994894,brand_unit;legacy_block;semantic_topk,0.51908356
C0195002_S_3519590223104-HK,C0195002_S_3519590223111-HK,,brand_unit;legacy_block;semantic_topk,0.48491314
C0195002_S_3519590223104-HK,C0195002_S_3519590223128-HK,0.18073305,brand_unit;legacy_block;semantic_topk,0.47714424
C0195002_S_3519590223104-HK,C0195002_S_3519590223135-HK,,brand_unit;legacy_block;semantic_topk,0.53659332
C0195002_S_3519590223104-HK,C0195002_S_3519590223142-HK,0.13651995,brand_unit;legacy_block;semantic_topk,0.54348391
C0195002_S_3519590223104-HK,C0195002_S_3519590223159-HK,0.19637363,brand_unit;legacy_block;semantic_topk,0.46828660
C0195002_S_3519590223104-HK,C0195002_S_3519590223166-HK,0.16539007,brand_unit;legacy_block;semantic_topk,0.50998259
C0195002_S_3519590223104-HK,C0195002_S_3519590223173-HK,,brand_unit;legacy_block;semantic_topk,0.51920336
C0195002_S_3519590223111-HK,C0195002_S_3519590223128-HK,0.16539007,brand_unit;legacy_block;semantic_topk,0.47989383
C0195002_S_3519590223111-HK,C0195002_S_3519590223135-HK,,brand_unit;legacy_block;semantic_topk,0.48005432
C0195002_S_3519590223111-HK,C0195002_S_3519590223142-HK,0.16539007,brand_unit;legacy_block;semantic_topk,0.48346716
C0195002_S_3519590223111-HK,C0195002_S_3519590223159-HK,0.07654062,brand_unit;legacy_block;semantic_topk,0.60053444
C0195002_S_3519590223111-HK,C0195002_S_3519590223166-HK,0.21353119,brand_unit;legacy_block;semantic_topk,0.49955624
C0195002_S_3519590223111-HK,C0195002_S_3519590223173-HK,,brand_unit;legacy_block;semantic_topk,0.46203932
C0195002_S_3519590223128-HK,C0195002_S_3519590223135-HK,0.20573788,brand_unit;legacy_block;semantic_topk,0.44079515
C0195002_S_3519590223128-HK,C0195002_S_3519590223142-HK,0.77346073,brand_unit;legacy_block;semantic_topk,0.45188180
C0195002_S_3519590223128-HK,C0195002_S_3519590223159-HK,0.76420239,brand_unit;legacy_block;semantic_topk,0.42098138
C0195002_S_3519590223128-HK,C0195002_S_3519590223166-HK,0.74884494,brand_unit;legacy_block;semantic_topk,0.45721212
C0195002_S_3519590223128-HK,C0195002_S_3519590223173-HK,0.18500721,brand_unit;legacy_block;semantic_topk,0.47282398
C0195002_S_3519590223135-HK,C0195002_S_3519590223142-HK,0.06804656,brand_unit;legacy_block;semantic_topk,0.73465520
C0195002_S_3519590223135-HK,C0195002_S_3519590223159-HK,0.20573788,brand_unit;legacy_block;semantic_topk,0.43106830
C0195002_S_3519590223135-HK,C0195002_S_3519590223166-HK,0.15863022,brand_unit;legacy_block;semantic_topk,0.49228305
C0195002_S_3519590223135-HK,C0195002_S_3519590223173-HK,,brand_unit;legacy_block;semantic_topk,0.48724958
C0195002_S_3519590223142-HK,C0195002_S_3519590223159-HK,0.71942502,brand_unit;legacy_block;semantic_topk,0.48369038
C0195002_S_3519590223142-HK,C0195002_S_3519590223166-HK,0.70228737,brand_unit;legacy_block;semantic_topk,0.51283139
C0195002_S_3519590223142-HK,C0195002_S_3519590223173-HK,0.17008033,brand_unit;legacy_block;semantic_topk,0.50941342
C0195002_S_3519590223159-HK,C0195002_S_3519590223166-HK,0.70228737,brand_unit;legacy_block;semantic_topk,0.49408445
C0195002_S_3519590223159-HK,C0195002_S_3519590223173-HK,0.20573788,brand_unit;legacy_block;semantic_topk,0.45095918
C0195002_S_3519590223166-HK,C0195002_S_3519590223173-HK,0.15863022,brand_unit;legacy_block;semantic_topk,0.48579267
C0195002_S_3519590224026-HK,C0195002_S_3519590234001-HK,0.78807084,brand_unit;legacy_block,
C0195002_S_7350064921166-HK,C0195002_S_7350064921180-HK,0.82563693,brand_unit;legacy_block,
C0195002_S_9420015001204-HK,C0195002_S_9420015001228-HK,0.36939110,brand_unit;legacy_block,
C0195002_S_9420015001204-HK,C0195002_S_9420015003130-HK,,brand_unit;legacy_block,
C0195002_S_9420015001204-HK,C0195002_S_9420015017571-HK,,brand_unit;legacy_block,
C0195002_S_9420015001228-HK,C0195002_S_9420015003130-HK,0.78056244,brand_unit;legacy_block;semantic_topk,0.40921515
C0195002_S_9420015001228-HK,C0195002_S_9420015017571-HK,0.21287746,brand_unit;legacy_block;semantic_topk,0.49386764
C0195002_S_9420015003130-HK,C0195002_S_9420015017571-HK,,brand_unit;legacy_block,
C0195002_S_9420015017731-HK,H7616001_S_HS_00981,,brand_unit;legacy_block,
C0195002_S_9420015017731-HK,H7616001_S_HS_00982,0.98059094,brand_unit;legacy_block,
C0195002_S_hongwei-002,C0195002_S_hongwei-003,,brand_unit;legacy_block,
C0195002_S_hongwei-002,C0195002_S_hongwei-004,,brand_unit;legacy_block,
C0195002_S_hongwei-002,C0195002_S_hongwei001,1.00000000,brand_unit;legacy_block;packfree_exact;semantic_topk,0.99999970
C0195002_S_hongwei-003,C0195002_S_hongwei-004,1.00000000,brand_unit;legacy_block;packfree_exact;semantic_topk,1.00000060
C0195002_S_hongwei-003,C0195002_S_hongwei001,,brand_unit;legacy_block,
C0195002_S_hongwei-004,C0195002_S_hongwei001,,brand_unit;legacy_block,
C0526001_S_6103184914016_H,C0702001_S_6078418429330_H,0.99958722,semantic_topk,0.90451795
C0547002_S_47062691846091_H,C0776001_S_47062691846091_H,1.00000000,legacy_block;packfree_exact;semantic_topk,0.99999994
C0547002_S_47062691846091_H,C0830001_S_5832052148526_H,0.01552496,legacy_block,
C0631001_S_12414451169,C0631001_S_12414451577,0.03837427,legacy_block;semantic_topk,0.75383353
C0631001_S_12414451169,C0631001_S_12414452074,,legacy_block;semantic_topk,0.71738064
C0631001_S_12414451169,C0631001_S_12414453935,0.09226991,legacy_block;semantic_topk,0.54751158
C0631001_S_12414451169,C0748001_S_6102613952149_H,0.00170129,legacy_block,
C0631001_S_12414451169,C0748001_S_6103392109070_H,0.00377978,legacy_block,
C0631001_S_12414451169,C0748001_S_6103392277824_H,0.00207786,legacy_block,
C0631001_S_12414451169,C0748001_S_6267514542397_H,0.00982497,legacy_block,
C0631001_S_12414451169,C0748001_S_6267845435401_H,0.00608716,legacy_block,
C0631001_S_12414451169,H6706001_S_cs169985,0.00264830,legacy_block,
C0631001_S_12414451169,H7343002_S_HK230502JJQT07214RMN05,0.00084525,legacy_block,
C0631001_S_12414451169,H7343003_S_HK230502JJQT07214RMN05,0.00084525,legacy_block,
C0631001_S_12414451169,H7343013_S_HK230502JJQT07214RMN05,0.00084525,legacy_block,
C0631001_S_12414451169,H7343015_S_HK230502JJQT07214RMN05,0.00084525,legacy_block,
C0631001_S_12414451169,H7420001_S_MASKHOME-485,0.00070301,legacy_block,
C0631001_S_12414451169,S1061001_S_MON-748-027-0000,0.00170129,legacy_block,
C0631001_S_12414451577,C0631001_S_12414452074,,legacy_block;semantic_topk,0.69368100
C0631001_S_12414451577,C0631001_S_12414453328,0.01699347,semantic_topk,0.45515555
C0631001_S_12414451577,C0631001_S_12414453935,0.02954056,legacy_block;semantic_topk,0.53774798
C0631001_S_12414451577,C0748001_S_6102613952149_H,0.00170129,legacy_block,
C0631001_S_12414451577,C0748001_S_6103392109070_H,0.00352877,legacy_block,
C0631001_S_12414451577,C0748001_S_6103392277824_H,,legacy_block,
C0631001_S_12414451577,C0748001_S_6267514542397_H,,legacy_block,
C0631001_S_12414451577,C0748001_S_6267845435401_H,0.00575078,legacy_block,
C0631001_S_12414451577,H6706001_S_cs169985,,legacy_block,
C0631001_S_12414451577,H7343002_S_HK230502JJQT07214RMN05,0.00064156,legacy_block,
C0631001_S_12414451577,H7343003_S_HK230502JJQT07214RMN05,0.00064156,legacy_block,
C0631001_S_12414451577,H7343013_S_HK230502JJQT07214RMN05,0.00064156,legacy_block,
C0631001_S_12414451577,H7343015_S_HK230502JJQT07214RMN05,0.00064156,legacy_block,
C0631001_S_12414451577,H7420001_S_MASKHOME-485,0.00152406,legacy_block,
C0631001_S_12414451577,S1061001_S_MON-748-027-0000,0.00229931,legacy_block,
C0631001_S_12414452072,C0631001_S_12414452075,,brand_unit;semantic_topk,0.69607240
C0631001_S_12414452072,C0631001_S_12414452561,,brand_unit;legacy_block;semantic_topk,0.80354494
C0631001_S_12414452072,C0631001_S_12414453328,0.00701840,brand_unit;legacy_block;semantic_topk,0.51749676
C0631001_S_12414452072,C0631001_S_12414453592,,brand_unit;legacy_block,
C0631001_S_12414452072,C0631001_S_12414453934,,brand_unit;legacy_block;semantic_topk,0.62601030
C0631001_S_12414452072,C0631001_S_12414453935,0.83160804,semantic_topk,0.49756342
C0631001_S_12414452072,C0631001_S_12414453936,,brand_unit;semantic_topk,0.42672026
C0631001_S_12414452072,C0631001_S_12414454610,,brand_unit;semantic_topk,0.41432419
C0631001_S_12414452072,C0631001_S_12433061011,0.05228903,brand_unit,
C0631001_S_12414452072,H9822001_S_WW085-safeguard-100glemon,0.25990561,brand_unit,
C0631001_S_12414452074,C0631001_S_12414453328,,semantic_topk,0.43222323
C0631001_S_12414452074,C0631001_S_12414453935,,legacy_block;semantic_topk,0.50451976
C0631001_S_12414452074,C0748001_S_6102613952149_H,,legacy_block,
C0631001_S_12414452074,C0748001_S_6103392109070_H,,legacy_block,
C0631001_S_12414452074,C0748001_S_6103392277824_H,0.00207786,legacy_block,
C0631001_S_12414452074,C0748001_S_6267514542397_H,0.00709992,legacy_block,
C0631001_S_12414452074,C0748001_S_6267845435401_H,0.00542941,legacy_block,
C0631001_S_12414452074,H6706001_S_cs169985,,legacy_block,
C0631001_S_12414452074,H7343002_S_HK230502JJQT07214RMN05,0.00084525,legacy_block,
C0631001_S_12414452074,H7343003_S_HK230502JJQT07214RMN05,0.00084525,legacy_block,
C0631001_S_12414452074,H7343013_S_HK230502JJQT07214RMN05,0.00084525,legacy_block,
C0631001_S_12414452074,H7343015_S_HK230502JJQT07214RMN05,0.00084525,legacy_block,
C0631001_S_12414452074,H7420001_S_MASKHOME-485,0.00141837,legacy_block,
C0631001_S_12414452074,S1061001_S_MON-748-027-0000,0.00206300,legacy_block,
C0631001_S_12414452075,C0631001_S_12414452561,0.34864833,brand_unit;semantic_topk,0.73903269
C0631001_S_12414452075,C0631001_S_12414453328,,brand_unit;semantic_topk,0.47177702
C0631001_S_12414452075,C0631001_S_12414453592,0.03103713,brand_unit;semantic_topk,0.41908267
C0631001_S_12414452075,C0631001_S_12414453934,1.00000000,brand_unit;semantic_topk,0.45288369
C0631001_S_12414452075,C0631001_S_12414453936,,brand_unit;legacy_block,
C0631001_S_12414452075,C0631001_S_12414454610,,brand_unit;legacy_block;semantic_topk,0.40872940
C0631001_S_12414452075,C0631001_S_12433061011,0.31345280,brand_unit;legacy_block,
C0631001_S_12414452075,H9822001_S_WW085-safeguard-100glemon,,brand_unit;legacy_block,
C0631001_S_12414452561,C0631001_S_12414453328,0.01408615,brand_unit;legacy_block;semantic_topk,0.51632941
C0631001_S_12414452561,C0631001_S_12414453592,0.02323766,brand_unit;legacy_block;semantic_topk,0.45364273
C0631001_S_12414452561,C0631001_S_12414453934,0.08131874,brand_unit;legacy_block;semantic_topk,0.53991961
C0631001_S_12414452561,C0631001_S_12414453936,,brand_unit,
C0631001_S_12414452561,C0631001_S_12414454610,,brand_unit,
C0631001_S_12414452561,C0631001_S_12433061011,0.03946652,brand_unit,
C0631001_S_12414452561,H9822001_S_WW085-safeguard-100glemon,0.27446357,brand_unit,
C0631001_S_12414453328,C0631001_S_12414453592,,brand_unit;legacy_block;semantic_topk,0.49578300
C0631001_S_12414453328,C0631001_S_12414453934,,brand_unit;legacy_block;semantic_topk,0.55521256
C0631001_S_12414453328,C0631001_S_12414453935,0.01735748,semantic_topk,0.43700674
C0631001_S_12414453328,C0631001_S_12414453936,,brand_unit,
C0631001_S_12414453328,C0631001_S_12414454610,,brand_unit,
C0631001_S_12414453328,C0631001_S_12433061011,0.01269840,brand_unit,
C0631001_S_12414453328,H9822001_S_WW085-safeguard-100glemon,0.51369506,brand_unit,
C0631001_S_12414453592,C0631001_S_12414453934,0.00710198,brand_unit;legacy_block;semantic_topk,0.57495207
C0631001_S_12414453592,C0631001_S_12414453936,,brand_unit,
C0631001_S_12414453592,C0631001_S_12414454610,,brand_unit,
C0631001_S_12414453592,C0631001_S_12433061011,0.01401740,brand_unit,
C0631001_S_12414453592,H9822001_S_WW085-safeguard-100glemon,,brand_unit,
C0631001_S_12414453934,C0631001_S_12414453935,,semantic_topk,0.57724923
C0631001_S_12414453934,C0631001_S_12414453936,,brand_unit;semantic_topk,0.41597769
C0631001_S_12414453934,C0631001_S_12414454610,,brand_unit;semantic_topk,0.40614069
C0631001_S_12414453934,C0631001_S_12433061011,0.02595537,brand_unit,
C0631001_S_12414453934,H9822001_S_WW085-safeguard-100glemon,,brand_unit,
C0631001_S_12414453935,C0748001_S_6102613952149_H,0.00170129,legacy_block,
C0631001_S_12414453935,C0748001_S_6103392109070_H,0.00216304,legacy_block,
C0631001_S_12414453935,C0748001_S_6103392277824_H,,legacy_block,
C0631001_S_12414453935,C0748001_S_6267514542397_H,,legacy_block,
C0631001_S_12414453935,C0748001_S_6267845435401_H,0.00265051,legacy_block,
C0631001_S_12414453935,H6706001_S_cs169985,,legacy_block,
C0631001_S_12414453935,H7343002_S_HK230502JJQT07214RMN05,0.00088371,legacy_block,
C0631001_S_12414453935,H7343003_S_HK230502JJQT07214RMN05,0.00088371,legacy_block,
C0631001_S_12414453935,H7343013_S_HK230502JJQT07214RMN05,0.00088371,legacy_block,
C0631001_S_12414453935,H7343015_S_HK230502JJQT07214RMN05,0.00088371,legacy_block,
C0631001_S_12414453935,H7420001_S_MASKHOME-485,0.00135523,legacy_block,
C0631001_S_12414453935,S1061001_S_MON-748-027-0000,0.00215905,legacy_block,
C0631001_S_12414453936,C0631001_S_12414454610,0.29095871,brand_unit;legacy_block;semantic_topk,0.47161523
C0631001_S_12414453936,C0631001_S_12433061011,0.24470246,brand_unit;legacy_block;semantic_topk,0.45978576
C0631001_S_12414453936,H9822001_S_WW085-safeguard-100glemon,,brand_unit;legacy_block,
C0631001_S_12414454245,C0631001_S_12414454610,0.98714034,semantic_topk,0.53357661
C0631001_S_12414454245,H8257001_S_hm0641_0160,0.01061825,legacy_block,
C0631001_S_12414454245,H9357001_S_4897025527393,0.03561114,legacy_block,
C0631001_S_12414454245,H9564001_S_YH05SS100,0.05573529,legacy_block,
C0631001_S_12414454245,H9990001_S_344,0.00896631,legacy_block,
C0631001_S_12414454245,H9990001_S_355,0.00757933,legacy_block,
C0631001_S_12414454245,H9990001_S_406,0.00413138,legacy_block,
C0631001_S_12414454245,H9990001_S_438,,legacy_block,
C0631001_S_12414454245,H9990001_S_471,,legacy_block,
C0631001_S_12414454245,H9990001_S_486,0.01158846,legacy_block,
C0631001_S_12414454245,H9990001_S_545,,legacy_block,
C0631001_S_12414454245,H9990001_S_546,0.00914984,legacy_block,
C0631001_S_12414454245,H9990001_S_551,,legacy_block,
C0631001_S_12414454245,H9990001_S_552,,legacy_block,
C0631001_S_12414454245,H9990001_S_553,,legacy_block,
C0631001_S_12414454245,H9990001_S_554,0.00111226,legacy_block,
C0631001_S_12414454245,S1061001_S_MON-624-581-0000,0.03407335,legacy_block,
C0631001_S_12414454610,C0631001_S_12433061011,0.25797745,brand_unit;legacy_block;semantic_topk,0.46459144
C0631001_S_12414454610,H9822001_S_WW085-safeguard-100glemon,,brand_unit;legacy_block,
C0631001_S_12415171557,H9564001_S_DO06CB06,0.97713308,brand_unit,
C0631001_S_12430583480,C0631001_S_12430583483,0.00630038,brand_unit;legacy_block;semantic_topk,0.54892981
C0631001_S_12430583480,C0631001_S_12430583525,0.70113684,brand_unit;legacy_block;semantic_topk,0.83644044
C0631001_S_12430583480,C0631001_S_12430585315,0.40908928,brand_unit;semantic_topk,0.83284348
C0631001_S_12430583480,C0631001_S_12430590117,,brand_unit;semantic_topk,0.74635023
C0631001_S_12430583480,C0631001_S_12430590134,,brand_unit;semantic_topk,0.50637531
C0631001_S_12430583480,C0631001_S_12430591784,,brand_unit,
C0631001_S_12430583483,C0631001_S_12430583525,0.01756473,brand_unit;legacy_block;semantic_topk,0.50578898
C0631001_S_12430583483,C0631001_S_12430585315,0.00483160,brand_unit;semantic_topk,0.67230010
C0631001_S_12430583483,C0631001_S_12430590117,,brand_unit;semantic_topk,0.49731722
C0631001_S_12430583483,C0631001_S_12430590134,,brand_unit;semantic_topk,0.66479611
C0631001_S_12430583483,C0631001_S_12430591784,,brand_unit;semantic_topk,0.50779736
C0631001_S_12430583525,C0631001_S_12430585315,0.48074012,brand_unit;semantic_topk,0.79783845
C0631001_S_12430583525,C0631001_S_12430590117,,brand_unit;semantic_topk,0.85690725
C0631001_S_12430583525,C0631001_S_12430590134,,brand_unit;semantic_topk,0.41622865
C0631001_S_12430583525,C0631001_S_12430591784,,brand_unit,
C0631001_S_12430585315,C0631001_S_12430590117,,brand_unit;legacy_block;semantic_topk,0.83121055
C0631001_S_12430585315,C0631001_S_12430590134,,brand_unit;legacy_block;semantic_topk,0.53366518
C0631001_S_12430585315,C0631001_S_12430591784,,brand_unit;legacy_block;semantic_topk,0.41505548
C0631001_S_12430590117,C0631001_S_12430590134,0.54894315,brand_unit;legacy_block;semantic_topk,0.56303811
C0631001_S_12430590117,C0631001_S_12430591784,0.80029352,brand_unit;legacy_block;semantic_topk,0.45632911
C0631001_S_12430590134,C0631001_S_12430591784,0.99300958,brand_unit;legacy_block;semantic_topk,0.58230782
C0631001_S_12433061011,H9822001_S_WW085-safeguard-100glemon,0.74902017,brand_unit;legacy_block,
C0673001_S_6206056362569_H,C0673001_S_6215991839191_H,0.03153332,brand_unit,
C0673001_S_6211800455404_H,C0673001_S_6215991839191_H,0.02734753,brand_unit,
C0702001_S_6078124561572_H,C0702001_S_6078159865995_H,,legacy_block;semantic_topk,0.42541879
C0702001_S_6078124561572_H,C0830001_S_6094250909320_H,1.00000000,legacy_block;packfree_exact;semantic_topk,0.95945513
C0702001_S_6078124561572_H,C0830001_S_6258748387002_H,,legacy_block,
C0702001_S_6078159865995_H,C0830001_S_6094250909320_H,,legacy_block,
C0702001_S_6078159865995_H,C0830001_S_6258748387002_H,1.00000000,legacy_block;packfree_exact;semantic_topk,0.96722192
C0702001_S_6078418429330_H,C0830001_S_5936515416955_H,0.99681700,legacy_block,
C0702001_S_6078418429330_H,S1061001_S_MON-624-855-0000,0.04969037,legacy_block,
C0748001_S_6102613952149_H,C0748001_S_6103392109070_H,0.08390150,legacy_block,
C0748001_S_6102613952149_H,C0748001_S_6103392277824_H,0.07810487,legacy_block,
C0748001_S_6102613952149_H,C0748001_S_6267514542397_H,0.07266976,legacy_block,
C0748001_S_6102613952149_H,C0748001_S_6267845435401_H,0.09705708,legacy_block,
C0748001_S_6102613952149_H,H6706001_S_cs169985,0.00219704,legacy_block,
C0748001_S_6102613952149_H,H7343002_S_HK230502JJQT07214RMN05,0.00582330,legacy_block,
C0748001_S_6102613952149_H,H7343003_S_HK230502JJQT07214RMN05,0.00582330,legacy_block,
C0748001_S_6102613952149_H,H7343013_S_HK230502JJQT07214RMN05,0.00582330,legacy_block,
C0748001_S_6102613952149_H,H7343015_S_HK230502JJQT07214RMN05,0.00582330,legacy_block,
C0748001_S_6102613952149_H,H7420001_S_MASKHOME-485,0.00198542,legacy_block,
C0748001_S_6102613952149_H,S1061001_S_MON-748-027-0000,0.00177962,legacy_block,
C0748001_S_6102613952149_H,S6429001_S_CC8809338505032,0.00177962,legacy_block,
C0748001_S_6103392109070_H,C0748001_S_6103392277824_H,0.10400449,legacy_block,
C0748001_S_6103392109070_H,C0748001_S_6267514542397_H,0.00837232,legacy_block,
C0748001_S_6103392109070_H,C0748001_S_6267845435401_H,0.06864365,legacy_block,
C0748001_S_6103392109070_H,H6706001_S_cs169985,0.00170129,legacy_block,
C0748001_S_6103392109070_H,H7343002_S_HK230502JJQT07214RMN05,0.00216304,legacy_block,
C0748001_S_6103392109070_H,H7343003_S_HK230502JJQT07214RMN05,0.00216304,legacy_block,
C0748001_S_6103392109070_H,H7343013_S_HK230502JJQT07214RMN05,0.00216304,legacy_block,
C0748001_S_6103392109070_H,H7343015_S_HK230502JJQT07214RMN05,0.00216304,legacy_block,
C0748001_S_6103392109070_H,H7420001_S_MASKHOME-485,0.00229931,legacy_block,
C0748001_S_6103392109070_H,S1061001_S_MON-748-027-0000,0.00198542,legacy_block,
C0748001_S_6103392109070_H,S6429001_S_CC8809338505032,0.00170129,legacy_block,
C0748001_S_6103392277824_H,C0748001_S_6267514542397_H,0.10644269,legacy_block,
C0748001_S_6103392277824_H,C0748001_S_6267845435401_H,0.06406568,legacy_block,
C0748001_S_6103392277824_H,H6706001_S_cs169985,0.00238130,legacy_block,
C0748001_S_6103392277824_H,H7343002_S_HK230502JJQT07214RMN05,0.00180812,legacy_block,
C0748001_S_6103392277824_H,H7343003_S_HK230502JJQT07214RMN05,0.00180812,legacy_block,
C0748001_S_6103392277824_H,H7343013_S_HK230502JJQT07214RMN05,0.00180812,legacy_block,
C0748001_S_6103392277824_H,H7343015_S_HK230502JJQT07214RMN05,0.00180812,legacy_block,
C0748001_S_6103392277824_H,H7420001_S_MASKHOME-485,0.00177962,legacy_block,
C0748001_S_6103392277824_H,S1061001_S_MON-748-027-0000,0.00106211,legacy_block,
C0748001_S_6103392277824_H,S6429001_S_CC8809338505032,0.00206691,legacy_block,
C0748001_S_6267464734147_H,H7343002_S_S023PLHK230221JJQT05820RMN02,0.00306959,legacy_block,
C0748001_S_6267464734147_H,H7343015_S_3PLHK230221JJQT05820RMN02,0.00376754,legacy_block,
C0748001_S_6267464734147_H,S1061001_S_MON-748-027-0000,,legacy_block,
C0748001_S_6267514542397_H,C0748001_S_6267845435401_H,0.16592205,legacy_block,
C0748001_S_6267514542397_H,H6706001_S_cs169985,0.00177962,legacy_block,
C0748001_S_6267514542397_H,H7343002_S_HK230502JJQT07214RMN05,0.00171545,legacy_block,
C0748001_S_6267514542397_H,H7343003_S_HK230502JJQT07214RMN05,0.00171545,legacy_block,
C0748001_S_6267514542397_H,H7343013_S_HK230502JJQT07214RMN05,0.00171545,legacy_block,
C0748001_S_6267514542397_H,H7343015_S_HK230502JJQT07214RMN05,0.00171545,legacy_block,
C0748001_S_6267514542397_H,H7420001_S_MASKHOME-485,0.00253266,legacy_block,
C0748001_S_6267514542397_H,S1061001_S_MON-748-027-0000,0.00162558,legacy_block,
C0748001_S_6267514542397_H,S6429001_S_CC8809338505032,0.00216304,legacy_block,
C0748001_S_6267845435401_H,H6706001_S_cs169985,0.00198542,legacy_block,
C0748001_S_6267845435401_H,H7343002_S_HK230502JJQT07214RMN05,0.00168471,legacy_block,
C0748001_S_6267845435401_H,H7343003_S_HK230502JJQT07214RMN05,0.00168471,legacy_block,
C0748001_S_6267845435401_H,H7343013_S_HK230502JJQT07214RMN05,0.00168471,legacy_block,
C0748001_S_6267845435401_H,H7343015_S_HK230502JJQT07214RMN05,0.00168471,legacy_block,
C0748001_S_6267845435401_H,H7420001_S_MASKHOME-485,0.00221407,legacy_block,
C0748001_S_6267845435401_H,S1061001_S_MON-748-027-0000,0.00170129,legacy_block,
C0748001_S_6267845435401_H,S6429001_S_CC8809338505032,0.00229931,legacy_block,
C0776001_S_47062691846091_H,C0830001_S_5832052148526_H,0.01552496,legacy_block,
C0830001_S_5936515416955_H,S1061001_S_MON-624-855-0000,0.04762909,legacy_block,
C0830001_S_6094250909320_H,C0830001_S_6258748387002_H,,legacy_block;semantic_topk,0.42271337
H0178001_S_LEO-SP-001,H0178001_S_LEO-SP-001A,1.00000000,brand_unit;semantic_topk,0.85889024
H0178001_S_LEO-SP-001,H0178001_S_LEO-SP-003,,brand_unit;legacy_block;semantic_topk,0.84904772
H0178001_S_LEO-SP-001,H0178001_S_LEO-SP-003A,,brand_unit;semantic_topk,0.69855511
H0178001_S_LEO-SP-001,H0178001_S_LEO-SP-005,0.01282377,brand_unit;legacy_block;semantic_topk,0.85700411
H0178001_S_LEO-SP-001,H0178001_S_LEO-SP-006A,,brand_unit;semantic_topk,0.69462228
H0178001_S_LEO-SP-001,H0178001_S_LEO-SP-012,,brand_unit;legacy_block,
H0178001_S_LEO-SP-001,H0178001_S_LEO-SP-026,,brand_unit;legacy_block;semantic_topk,0.85282356
H0178001_S_LEO-SP-001A,H0178001_S_LEO-SP-003,,brand_unit;semantic_topk,0.69773543
H0178001_S_LEO-SP-001A,H0178001_S_LEO-SP-003A,,brand_unit;legacy_block;semantic_topk,0.84592372
H0178001_S_LEO-SP-001A,H0178001_S_LEO-SP-005,0.00065114,brand_unit;semantic_topk,0.71338028
H0178001_S_LEO-SP-001A,H0178001_S_LEO-SP-006A,,brand_unit;legacy_block;semantic_topk,0.83893830
H0178001_S_LEO-SP-001A,H0178001_S_LEO-SP-012,,brand_unit,
H0178001_S_LEO-SP-001A,H0178001_S_LEO-SP-026,,brand_unit;semantic_topk,0.70245159
H0178001_S_LEO-SP-001A,H0178001_S_LEO-SP-027A,0.00344201,brand_unit;semantic_topk,0.48759034
H0178001_S_LEO-SP-001A,H0178001_S_LEP-SP-030,,brand_unit,
H0178001_S_LEO-SP-001A,H0178001_S_LP-008,,brand_unit,
H0178001_S_LEO-SP-003,H0178001_S_LEO-SP-003A,1.00000000,brand_unit;semantic_topk,0.84193140
H0178001_S_LEO-SP-003,H0178001_S_LEO-SP-005,,brand_unit;legacy_block;semantic_topk,0.89475536
H0178001_S_LEO-SP-003,H0178001_S_LEO-SP-006A,,brand_unit;semantic_topk,0.72307187
H0178001_S_LEO-SP-003,H0178001_S_LEO-SP-012,,brand_unit;legacy_block,
H0178001_S_LEO-SP-003,H0178001_S_LEO-SP-026,,brand_unit;legacy_block;semantic_topk,0.89039850
H0178001_S_LEO-SP-003A,H0178001_S_LEO-SP-005,,brand_unit;semantic_topk,0.74358857
H0178001_S_LEO-SP-003A,H0178001_S_LEO-SP-006A,,brand_unit;legacy_block;semantic_topk,0.87664086
H0178001_S_LEO-SP-003A,H0178001_S_LEO-SP-012,,brand_unit,
H0178001_S_LEO-SP-003A,H0178001_S_LEO-SP-026,,brand_unit;semantic_topk,0.73208076
H0178001_S_LEO-SP-003A,H0178001_S_LEO-SP-027A,,brand_unit;semantic_topk,0.50632256
H0178001_S_LEO-SP-003A,H0178001_S_LEP-SP-030,,brand_unit,
H0178001_S_LEO-SP-003A,H0178001_S_LP-008,,brand_unit,
H0178001_S_LEO-SP-005,H0178001_S_LEO-SP-006A,0.00041201,brand_unit;semantic_topk,0.73928469
H0178001_S_LEO-SP-005,H0178001_S_LEO-SP-012,0.08477272,brand_unit;legacy_block,
H0178001_S_LEO-SP-005,H0178001_S_LEO-SP-026,,brand_unit;legacy_block;semantic_topk,0.89873439
H0178001_S_LEO-SP-006A,H0178001_S_LEO-SP-012,0.01150092,brand_unit,
H0178001_S_LEO-SP-006A,H0178001_S_LEO-SP-026,,brand_unit;semantic_topk,0.72795922
H0178001_S_LEO-SP-006A,H0178001_S_LEO-SP-027A,,brand_unit;semantic_topk,0.51268196
H0178001_S_LEO-SP-006A,H0178001_S_LEP-SP-030,0.91241283,brand_unit,
H0178001_S_LEO-SP-006A,H0178001_S_LP-008,,brand_unit,
H0178001_S_LEO-SP-012,H0178001_S_LEO-SP-026,0.15693329,brand_unit;legacy_block,
H0178001_S_LEO-SP-027A,H0178001_S_LEP-SP-030,,brand_unit;legacy_block,
H0178001_S_LEO-SP-027A,H0178001_S_LP-008,0.18009087,brand_unit;legacy_block,
H0178001_S_LEP-SP-030,H0178001_S_LP-008,,brand_unit;legacy_block,
H0229003_S_5TAD-3593290001514,H0229003_S_5TAD-3593290019298,0.85364662,brand_unit;legacy_block,
H0229003_S_5TAD-3593290001514,H0229003_S_5TAD-3593290032297,,brand_unit;legacy_block,
H0229003_S_5TAD-3593290001514,H0229003_S_5TAD-3593290032358,,brand_unit;legacy_block,
H0229003_S_5TAD-3593290001514,H0229003_S_5TAD-3593290032389,,brand_unit;legacy_block,
H0229003_S_5TAD-3593290001514,H0229003_S_5TAD-3593290032419,,brand_unit;legacy_block,
H0229003_S_5TAD-3593290001514,H0229003_S_5TAD-3593290034901,,brand_unit;legacy_block,
H0229003_S_5TAD-3593290001514,H0229003_S_5TAD-3593290034963,,brand_unit;legacy_block,
H0229003_S_5TAD-3593290002658,H0229003_S_5TAD-3593290002665,0.01248903,brand_unit;legacy_block,
H0229003_S_5TAD-3593290002658,H0229003_S_5TAD-3593290027736,0.65225419,brand_unit;legacy_block,
H0229003_S_5TAD-3593290002658,H0229003_S_5TAD-3593290027910,0.83674592,brand_unit;legacy_block,
H0229003_S_5TAD-3593290002658,H0229003_S_5TAD-3593290034840,0.84229474,brand_unit;legacy_block,
H0229003_S_5TAD-3593290002665,H0229003_S_5TAD-3593290027736,0.56198457,brand_unit;legacy_block,
H0229003_S_5TAD-3593290002665,H0229003_S_5TAD-3593290027910,,brand_unit;legacy_block,
H0229003_S_5TAD-3593290002665,H0229003_S_5TAD-3593290034840,0.84197354,brand_unit;legacy_block,
H0229003_S_5TAD-3593290019298,H0229003_S_5TAD-3593290032297,,brand_unit;legacy_block,
H0229003_S_5TAD-3593290019298,H0229003_S_5TAD-3593290032358,,brand_unit;legacy_block,
H0229003_S_5TAD-3593290019298,H0229003_S_5TAD-3593290032389,,brand_unit;legacy_block,
H0229003_S_5TAD-3593290019298,H0229003_S_5TAD-3593290032419,,brand_unit;legacy_block,
H0229003_S_5TAD-3593290019298,H0229003_S_5TAD-3593290034901,,brand_unit;legacy_block,
H0229003_S_5TAD-3593290019298,H0229003_S_5TAD-3593290034963,,brand_unit;legacy_block,
H0229003_S_5TAD-3593290021956,H0229003_S_5TAD-3593290021987,0.99878060,brand_unit;legacy_block;semantic_topk,0.73297948
H0229003_S_5TAD-3593290021956,H0229003_S_5TAD-3593290022014,0.99878060,brand_unit;legacy_block;semantic_topk,0.82286322
H0229003_S_5TAD-3593290021956,H0229003_S_5TAD-3593290030019,0.02705792,brand_unit;semantic_topk,0.61141974
H0229003_S_5TAD-3593290021956,H0229003_S_5TAD-3593290030040,0.02948764,brand_unit;semantic_topk,0.72735381
H0229003_S_5TAD-3593290021956,H0229003_S_5TAD-3593290033225,0.99549461,brand_unit;legacy_block;semantic_topk,0.85150230
H0229003_S_5TAD-3593290021956,H0229003_S_5TAD-3593290035175,0.96812774,brand_unit;semantic_topk,0.71155941
H0229003_S_5TAD-3593290021987,H0229003_S_5TAD-3593290022014,0.99878060,brand_unit;legacy_block;semantic_topk,0.83204347
H0229003_S_5TAD-3593290021987,H0229003_S_5TAD-3593290030019,0.01547059,brand_unit;semantic_topk,0.71605307
H0229003_S_5TAD-3593290021987,H0229003_S_5TAD-3593290030040,0.15228791,brand_unit;semantic_topk,0.48123810
H0229003_S_5TAD-3593290021987,H0229003_S_5TAD-3593290033225,0.99748376,brand_unit;legacy_block;semantic_topk,0.66720194
H0229003_S_5TAD-3593290021987,H0229003_S_5TAD-3593290035175,0.94764300,brand_unit;semantic_topk,0.95769387
H0229003_S_5TAD-3593290022014,H0229003_S_5TAD-3593290030019,0.01918681,brand_unit;semantic_topk,0.69837147
H0229003_S_5TAD-3593290022014,H0229003_S_5TAD-3593290030040,0.11924151,brand_unit;semantic_topk,0.57158184
H0229003_S_5TAD-3593290022014,H0229003_S_5TAD-3593290033225,0.99549461,brand_unit;legacy_block;semantic_topk,0.74691105
H0229003_S_5TAD-3593290022014,H0229003_S_5TAD-3593290035175,0.95443437,brand_unit;semantic_topk,0.80957669
H0229003_S_5TAD-3593290022779,H0229003_S_5TAD-3593290022809,,brand_unit;legacy_block;semantic_topk,0.70843130
H0229003_S_5TAD-3593290022779,H0229003_S_5TAD-3593290025473,,brand_unit;legacy_block;semantic_topk,0.85980928
H0229003_S_5TAD-3593290022779,H0229003_S_5TAD-3593290027859,,brand_unit;legacy_block;semantic_topk,0.64689314
H0229003_S_5TAD-3593290022809,H0229003_S_5TAD-3593290025473,,brand_unit;legacy_block;semantic_topk,0.70345622
H0229003_S_5TAD-3593290022809,H0229003_S_5TAD-3593290027859,,brand_unit;legacy_block;semantic_topk,0.67927819
H0229003_S_5TAD-3593290025473,H0229003_S_5TAD-3593290027859,,brand_unit;legacy_block;semantic_topk,0.63053769
H0229003_S_5TAD-3593290026432,H0229003_S_5TAD-3593290026463,,brand_unit;legacy_block;semantic_topk,0.91846961
H0229003_S_5TAD-3593290026432,H0229003_S_5TAD-3593290026494,,brand_unit;legacy_block;semantic_topk,0.90463257
H0229003_S_5TAD-3593290026432,H0229003_S_5TAD-3593290026524,,brand_unit;legacy_block;semantic_topk,0.88093293
H0229003_S_5TAD-3593290026463,H0229003_S_5TAD-3593290026494,,brand_unit;legacy_block;semantic_topk,0.93362957
H0229003_S_5TAD-3593290026463,H0229003_S_5TAD-3593290026524,,brand_unit;legacy_block;semantic_topk,0.89087427
H0229003_S_5TAD-3593290026494,H0229003_S_5TAD-3593290026524,,brand_unit;legacy_block;semantic_topk,0.88347524
H0229003_S_5TAD-3593290027644,H0229003_S_5TAD-3593290031009,1.00000000,brand_unit;legacy_block;packfree_exact;semantic_topk,0.99999988
H0229003_S_5TAD-3593290027736,H0229003_S_5TAD-3593290027910,0.64845154,brand_unit;legacy_block,
H0229003_S_5TAD-3593290027736,H0229003_S_5TAD-3593290034840,0.56282560,brand_unit;legacy_block,
H0229003_S_5TAD-3593290027910,H0229003_S_5TAD-3593290034840,,brand_unit;legacy_block,
H0229003_S_5TAD-3593290030019,H0229003_S_5TAD-3593290030040,0.96712131,brand_unit;legacy_block;semantic_topk,0.68069100
H0229003_S_5TAD-3593290030019,H0229003_S_5TAD-3593290033225,0.03202756,brand_unit;semantic_topk,0.59472185
H0229003_S_5TAD-3593290030019,H0229003_S_5TAD-3593290035175,0.09698285,brand_unit;legacy_block;semantic_topk,0.72325665
H0229003_S_5TAD-3593290030040,H0229003_S_5TAD-3593290033225,0.07313903,brand_unit;semantic_topk,0.62245393
H0229003_S_5TAD-3593290030040,H0229003_S_5TAD-3593290035175,0.69606790,brand_unit;legacy_block;semantic_topk,0.48683703
H0229003_S_5TAD-3593290032297,H0229003_S_5TAD-3593290032358,0.60721070,brand_unit;legacy_block;semantic_topk,0.91415280
H0229003_S_5TAD-3593290032297,H0229003_S_5TAD-3593290032389,0.53107425,brand_unit;legacy_block;semantic_topk,0.91412807
H0229003_S_5TAD-3593290032297,H0229003_S_5TAD-3593290032419,0.57360921,brand_unit;legacy_block;semantic_topk,0.92513770
H0229003_S_5TAD-3593290032297,H0229003_S_5TAD-3593290034901,0.01469786,brand_unit;legacy_block;semantic_topk,0.90971506
H0229003_S_5TAD-3593290032297,H0229003_S_5TAD-3593290034963,0.19760327,brand_unit;legacy_block;semantic_topk,0.89864510
H0229003_S_5TAD-3593290032358,H0229003_S_5TAD-3593290032389,0.45365189,brand_unit;legacy_block;semantic_topk,0.91607624
H0229003_S_5TAD-3593290032358,H0229003_S_5TAD-3593290032419,,brand_unit;legacy_block;semantic_topk,0.91773075
H0229003_S_5TAD-3593290032358,H0229003_S_5TAD-3593290034901,0.01583679,brand_unit;legacy_block;semantic_topk,0.89556307
H0229003_S_5TAD-3593290032358,H0229003_S_5TAD-3593290034963,0.01469786,brand_unit;legacy_block;semantic_topk,0.89268976
H0229003_S_5TAD-3593290032389,H0229003_S_5TAD-3593290032419,,brand_unit;legacy_block;semantic_topk,0.91395408
H0229003_S_5TAD-3593290032389,H0229003_S_5TAD-3593290034901,0.01525803,brand_unit;legacy_block;semantic_topk,0.89470947
H0229003_S_5TAD-3593290032389,H0229003_S_5TAD-3593290034963,0.13226388,brand_unit;legacy_block;semantic_topk,0.92676991
H0229003_S_5TAD-3593290032419,H0229003_S_5TAD-3593290034901,0.01583679,brand_unit;legacy_block;semantic_topk,0.91305369
H0229003_S_5TAD-3593290032419,H0229003_S_5TAD-3593290034963,0.01469786,brand_unit;legacy_block;semantic_topk,0.89136165
H0229003_S_5TAD-3593290033225,H0229003_S_5TAD-3593290035175,0.97301367,brand_unit;semantic_topk,0.65578234
H0229003_S_5TAD-3593290034901,H0229003_S_5TAD-3593290034963,0.01204871,brand_unit;legacy_block;semantic_topk,0.91834944
H0606003_S_V-SALT-SOAP,H0606003_S_V-SALT-STONE-001,0.05948786,brand_unit,
H0606003_S_V-SALT-SOAP,H0606003_S_V-SALT-STONE-100X1,0.28516650,brand_unit;semantic_topk,0.66515064
H0606003_S_V-SALT-STONE-001,H0606003_S_V-SALT-STONE-100X1,0.22677310,brand_unit;legacy_block;semantic_topk,0.40939936
H0610011_S_241-72-00203-1,H0610032_S_241-72-00203-1,0.00236488,brand_unit;semantic_topk,0.55226135
H0717001_S_ONENAT0015,H7416001_S_893455000332_OneWithNature_SheaButter_Soap_198g,,brand_unit,
H0717001_S_ONENAT0015,H7445001_S_onewithnatureSandalwood198g,,brand_unit,
H0717001_S_ONENAT0015,H7445001_S_onewithnatureTurmericHoney198g,,brand_unit,
H0717001_S_ONENAT0015,H7517001_S_OOWN-0490,,brand_unit;legacy_block,
H0717001_S_ONENAT0015,H7517001_S_OWN-0004,,brand_unit;legacy_block,
H0717001_S_ONENAT0015,H7517001_S_OWN-0073,,brand_unit;legacy_block,
H0717001_S_ONENAT0015,H7517001_S_OWN-0332,,brand_unit;legacy_block,
H0717001_S_ONENAT0015,H7517001_S_OWN-0773,0.32974356,brand_unit;legacy_block,
H0717001_S_ONENAT0015,H9422001_S_WISHMI-0974,,brand_unit,
H0717001_S_ONENAT0015,H9422001_S_WISHMI-0977,0.90185160,brand_unit;legacy_block,
H0717001_S_ONENAT0015,H9422001_S_WISHMI-0980,,brand_unit,
H0883003_S_WA86017,H8115001_S_KY-C00088,1.00000000,brand_unit;exact_ean;legacy_block,
H0883003_S_WA86017,H9340001_S_5797,1.00000000,brand_unit;exact_ean;legacy_block,
H0883003_S_WA86017,H9564001_S_WA06HS85,1.00000000,brand_unit;exact_ean;legacy_block;semantic_topk,0.50573558
H0888001_S_10161477,H0888001_S_10161477A,1.00000000,brand_unit;legacy_block;packfree_exact;semantic_topk,1.00000000
H0888001_S_10161477,H8424001_S_4891392106755,0.00109668,brand_unit,
H0888001_S_10161477,S2802001_S_DettolOriginalSoap,0.00295107,brand_unit,
H0888001_S_10161477,S2802001_S_DettolSkinCareSoap,0.59176065,brand_unit,
H0888001_S_10161477A,H8424001_S_4891392106755,0.00122311,brand_unit,
H0888001_S_10161477A,S2802001_S_DettolOriginalSoap,0.00348866,brand_unit,
H0888001_S_10161477A,S2802001_S_DettolSkinCareSoap,0.59893518,brand_unit,
H0918004_S_639136917434,H0918004_S_639136917854,0.00508215,brand_unit;legacy_block;semantic_topk,0.75658172
H0918004_S_639136917434,H0918004_S_639136917885,0.00124531,brand_unit;legacy_block;semantic_topk,0.41761014
H0918004_S_639136917434,H0918004_S_639136917908,0.01258053,brand_unit;legacy_block,
H0918004_S_639136917434,H0918004_S_639136920014,0.02303953,brand_unit;legacy_block,
H0918004_S_639136917854,H0918004_S_639136917885,0.01029869,brand_unit;legacy_block,
H0918004_S_639136917854,H0918004_S_639136917908,0.00704632,brand_unit;legacy_block;semantic_topk,0.41078439
H0918004_S_639136917854,H0918004_S_639136920014,0.03597744,brand_unit;legacy_block,
H0918004_S_639136917885,H0918004_S_639136917908,0.02340486,brand_unit;legacy_block;semantic_topk,0.45674306
H0918004_S_639136917885,H0918004_S_639136920014,,brand_unit;legacy_block;semantic_topk,0.52495563
H0918004_S_639136917908,H0918004_S_639136920014,0.01414270,brand_unit;legacy_block,
H0956004_S_CHI-113710,H0956007_S_CHI-113710,1.00000000,brand_unit;legacy_block;packfree_exact;semantic_topk,1.00000024
H0956004_S_CHI-113710,H5337002_S_4982757912057,0.08471703,brand_unit,
H0956004_S_CHI-113710,S1061001_S_MON-030-165-0000,0.09348133,brand_unit,
H0956004_S_CHI-113710,S1061001_S_MON-CHI-PSC-10079a,0.00057384,brand_unit,
H0956004_S_CHI-113710,S1061001_S_MON-CHI-PSC-10239,0.00060102,brand_unit,
H0956004_S_CHI-113710,S1061001_S_MON-CHI-PSC-11135a,0.00060102,brand_unit,
H0956004_S_CHI-113710,S1061001_S_MON-CHI-PSC-11531a,0.02002070,brand_unit,
H0956004_S_CHI-113710,S1061001_S_MON-CHI-PSC-11647,0.01732593,brand_unit,
H0956004_S_CHI-113710,S1061001_S_MON-CHI-PSC-11951,0.00095812,brand_unit,
H0956004_S_CHI-113710,S1061001_S_MON-CHI-PSC-11968,0.00208029,brand_unit,
H0956004_S_CHI-113710,S1061001_S_MON-CHI-PSC-11999,0.00208029,brand_unit,
H0956004_S_CHI-113710,S2214001_S_RW911647_2,0.05690608,brand_unit,
H0956007_S_CHI-113710,H5337002_S_4982757912057,0.08471703,brand_unit,
H0956007_S_CHI-113710,S1061001_S_MON-030-165-0000,0.09348133,brand_unit,
H0956007_S_CHI-113710,S1061001_S_MON-CHI-PSC-10079a,0.00057384,brand_unit,
H0956007_S_CHI-113710,S1061001_S_MON-CHI-PSC-10239,0.00060102,brand_unit,
H0956007_S_CHI-113710,S1061001_S_MON-CHI-PSC-11135a,0.00060102,brand_unit,
H0956007_S_CHI-113710,S1061001_S_MON-CHI-PSC-11531a,0.02002070,brand_unit,
H0956007_S_CHI-113710,S1061001_S_MON-CHI-PSC-11647,0.01732593,brand_unit,
H0956007_S_CHI-113710,S1061001_S_MON-CHI-PSC-11951,0.00095812,brand_unit,
H0956007_S_CHI-113710,S1061001_S_MON-CHI-PSC-11968,0.00208029,brand_unit,
H0956007_S_CHI-113710,S1061001_S_MON-CHI-PSC-11999,0.00208029,brand_unit,
H0956007_S_CHI-113710,S2214001_S_RW911647_2,0.05690608,brand_unit,
H0956010_S_T03-000050,H0956012_S_T03-000050,1.00000000,legacy_block;packfree_exact;semantic_topk,0.97815406
H0956010_S_T03-000050,H7343002_S_HK250827JJQT15362RMN01,0.89534867,legacy_block,
H0956010_S_T03-000050,H7343003_S_HK250827JJQT15362RMN01,0.89534867,legacy_block,
H0956010_S_T03-000050,H7343013_S_HK250827JJQT15362RMN01,0.82527668,legacy_block,
H0956010_S_T03-000050,H7343015_S_HK250827JJQT15362RMN01,0.89534867,legacy_block,
H0956010_S_T03-000050,H8708001_S_HK0748,0.09323115,legacy_block,
H0956010_S_T03-000050,H9822001_S_WW084-MiteSulfurSoap,0.82783730,legacy_block,
H0956010_S_T03-000050,S1061001_S_MON-624-153-0000,0.05337658,legacy_block,
H0956010_S_T11-000015,H0956012_S_T11-000015,1.00000000,brand_unit;legacy_block;packfree_exact;semantic_topk,0.99999982
H0956012_S_T03-000050,H7343002_S_HK250827JJQT15362RMN01,0.94208004,legacy_block,
H0956012_S_T03-000050,H7343003_S_HK250827JJQT15362RMN01,0.94208004,legacy_block,
H0956012_S_T03-000050,H7343013_S_HK250827JJQT15362RMN01,0.90968433,legacy_block,
H0956012_S_T03-000050,H7343015_S_HK250827JJQT15362RMN01,0.94208004,legacy_block,
H0956012_S_T03-000050,H8708001_S_HK0748,0.09323115,legacy_block,
H0956012_S_T03-000050,H9822001_S_WW084-MiteSulfurSoap,0.82783730,legacy_block,
H0956012_S_T03-000050,S1061001_S_MON-624-153-0000,0.05337658,legacy_block,
H0958013_S_DRB-786055,H0958013_S_DRB-788059,,brand_unit;legacy_block;semantic_topk,0.81295592
H0967003_S_10215002,H9990001_S_352,0.73151420,semantic_topk,0.80882776
H5120001_S_CC-ADP_L-10,H5120001_S_CC-ADP_L-80,0.99939305,brand_unit;legacy_block;semantic_topk,0.96600950
H5120001_S_CC-ADP_L-10,H5120001_S_CC-ADP_M-10,,brand_unit;legacy_block;semantic_topk,0.90622801
H5120001_S_CC-ADP_L-10,H5120001_S_CC-ADP_M-80,,brand_unit;legacy_block;semantic_topk,0.87411827
H5120001_S_CC-ADP_L-10,H5120001_S_CC-ADP_XL-10,0.70866806,brand_unit;legacy_block;semantic_topk,0.80267197
H5120001_S_CC-ADP_L-10,H5120001_S_CC-PEGM-100,0.07762894,brand_unit,
H5120001_S_CC-ADP_L-10,H5120001_S_CC-WCK,0.88197085,brand_unit;legacy_block,
H5120001_S_CC-ADP_L-80,H5120001_S_CC-ADP_M-10,,brand_unit;legacy_block;semantic_topk,0.87394029
H5120001_S_CC-ADP_L-80,H5120001_S_CC-ADP_M-80,,brand_unit;legacy_block;semantic_topk,0.90938342
H5120001_S_CC-ADP_L-80,H5120001_S_CC-ADP_XL-10,0.85103424,brand_unit;legacy_block;semantic_topk,0.77436769
H5120001_S_CC-ADP_L-80,H5120001_S_CC-PEGM-100,0.03367802,brand_unit,
H5120001_S_CC-ADP_L-80,H5120001_S_CC-WCK,0.91229542,brand_unit;legacy_block,
H5120001_S_CC-ADP_M-10,H5120001_S_CC-ADP_M-80,0.99939305,brand_unit;legacy_block;semantic_topk,0.96640903
H5120001_S_CC-ADP_M-10,H5120001_S_CC-ADP_XL-10,,brand_unit;legacy_block;semantic_topk,0.75580150
H5120001_S_CC-ADP_M-10,H5120001_S_CC-PEGM-100,0.07762894,brand_unit,
H5120001_S_CC-ADP_M-10,H5120001_S_CC-WCK,0.88197085,brand_unit;legacy_block,
H5120001_S_CC-ADP_M-80,H5120001_S_CC-ADP_XL-10,,brand_unit;legacy_block;semantic_topk,0.72853321
H5120001_S_CC-ADP_M-80,H5120001_S_CC-PEGM-100,0.03367802,brand_unit,
H5120001_S_CC-ADP_M-80,H5120001_S_CC-WCK,0.91229542,brand_unit;legacy_block,
H5120001_S_CC-ADP_XL-10,H5120001_S_CC-PEGM-100,0.13802031,brand_unit,
H5120001_S_CC-ADP_XL-10,H5120001_S_CC-WCK,0.83308233,brand_unit;legacy_block,
H5120001_S_CC-ELGM-100,H5120001_S_CC-ELGPFL-100,,brand_unit;legacy_block;semantic_topk,0.62689584
H5120001_S_CC-ELGM-100,H5120001_S_CC-ELGPFM-100,0.11509730,brand_unit;legacy_block;semantic_topk,0.82607549
H5120001_S_CC-ELGM-100,H5120001_S_CC-ELGPFS-100,0.04169504,brand_unit;legacy_block;semantic_topk,0.63173324
H5120001_S_CC-ELGM-100,H5120001_S_CC-FAB-99,0.30133774,brand_unit,
H5120001_S_CC-ELGM-100,H5120001_S_CC-WCK,0.08140420,brand_unit,
H5120001_S_CC-ELGPFL-100,H5120001_S_CC-ELGPFM-100,,brand_unit;legacy_block;semantic_topk,0.75472879
H5120001_S_CC-ELGPFL-100,H5120001_S_CC-ELGPFS-100,0.02055122,brand_unit;legacy_block;semantic_topk,0.75181198
H5120001_S_CC-ELGPFL-100,H5120001_S_CC-FAB-99,0.31164447,brand_unit,
H5120001_S_CC-ELGPFL-100,H5120001_S_CC-WCK,0.08140420,brand_unit,
H5120001_S_CC-ELGPFM-100,H5120001_S_CC-ELGPFS-100,0.02055122,brand_unit;legacy_block;semantic_topk,0.76068133
H5120001_S_CC-ELGPFM-100,H5120001_S_CC-FAB-99,0.31164447,brand_unit,
H5120001_S_CC-ELGPFM-100,H5120001_S_CC-WCK,0.08140420,brand_unit,
H5120001_S_CC-ELGPFS-100,H5120001_S_CC-FAB-99,0.31197611,brand_unit,
H5120001_S_CC-ELGPFS-100,H5120001_S_CC-WCK,0.13329684,brand_unit,
H5120001_S_CC-FAB-99,H5120001_S_CC-PEGM-100,0.26559167,brand_unit,
H5120001_S_CC-PEGM-100,H5120001_S_CC-WCK,0.13329336,brand_unit,
H5215003_S_FORET-04C,H5215003_S_FORET-05C,0.99750301,brand_unit;legacy_block,
H5215003_S_SOAPMUM-15,H5215003_S_SOAPMUM-16,0.08214860,brand_unit;legacy_block;semantic_topk,0.42123103
H5273001_S_KH4945_01,H5273001_S_KH5472,0.00311970,brand_unit,
H5273001_S_KH4945_01,H5273001_S_KH64945,0.60337521,brand_unit;legacy_block;semantic_topk,0.96184605
H5273001_S_KH4945_01,H5273001_S_KH64952,0.02659692,brand_unit;semantic_topk,0.94679987
H5273001_S_KH4945_01,H5273001_S_KH6745_01,0.18419779,brand_unit,
H5273001_S_KH4945_01,H5273001_S_KH9605,0.17906765,brand_unit,
H5273001_S_KH4945_01,H5273001_S_KH9838,0.44346156,brand_unit;legacy_block,
H5273001_S_KH5472,H5273001_S_KH64945,0.00185552,brand_unit,
H5273001_S_KH5472,H5273001_S_KH6745_01,0.75520491,brand_unit;legacy_block,
H5273001_S_KH5472,H5273001_S_KH9605,0.26052494,brand_unit;legacy_block,
H5273001_S_KH5472,H5273001_S_KH9838,0.01931269,brand_unit,
H5273001_S_KH64945,H5273001_S_KH64952,0.11008305,brand_unit;semantic_topk,0.97620541
H5273001_S_KH64945,H5273001_S_KH6745_01,0.00282716,brand_unit,
H5273001_S_KH64945,H5273001_S_KH9605,0.10771774,brand_unit,
H5273001_S_KH64945,H5273001_S_KH9838,0.32972683,brand_unit;legacy_block,
H5273001_S_KH64952,H5273001_S_KH9838,0.24692050,brand_unit,
H5273001_S_KH6745_01,H5273001_S_KH9605,0.14884382,brand_unit;legacy_block,
H5273001_S_KH6745_01,H5273001_S_KH9838,0.01968327,brand_unit,
H5273001_S_KH9605,H5273001_S_KH9838,0.01840767,brand_unit,
H5292003_S_SAV01NJ-8,H5292003_S_SAV22NJ-8,0.23450977,brand_unit;semantic_topk,0.55642372
H5292003_S_SAV01NJ-8,H5292003_S_SAV82NJ-8,0.98733856,brand_unit;semantic_topk,0.83829975
H5292003_S_SAV01NJ-8,H6141001_S_A076-100,0.65177339,brand_unit,
H5292003_S_SAV01NJ-8,H6141001_S_A076-12,0.45450710,brand_unit,
H5292003_S_SAV01NJ-8,H6141001_S_A076-30,0.56138064,brand_unit,
H5292003_S_SAV01NJ-8,H6141001_S_A076-40,0.40957917,brand_unit,
H5292003_S_SAV01NJ-8,H6141001_S_A076-5,0.29679241,brand_unit,
H5292003_S_SAV01NJ-8,H6173001_S_NAJEL-100,0.40567053,brand_unit,
H5292003_S_SAV01NJ-8,H6300002_S_BWNJL-4,,brand_unit,
H5292003_S_SAV01NJ-8,H6300002_S_BWNJL-5A,,brand_unit,
H5292003_S_SAV01NJ-8,H7517001_S_NAJ1017,,brand_unit,
H5292003_S_SAV01NJ-8,H9653001_S_60888,,brand_unit,
H5292003_S_SAV01NJ-8,S6324001_S_nj-aleppo12,,brand_unit,
H5292003_S_SAV01NJ-8,S6324001_S_nj-aleppo40,,brand_unit,
H5292003_S_SAV22NJ-8,H5292003_S_SAV82NJ-8,0.82168611,brand_unit;legacy_block;semantic_topk,0.56260711
H5292003_S_SAV22NJ-8,H6141001_S_A076-100,0.39002038,brand_unit,
H5292003_S_SAV22NJ-8,H6141001_S_A076-12,0.04304838,brand_unit,
H5292003_S_SAV22NJ-8,H6141001_S_A076-30,0.11407221,brand_unit,
H5292003_S_SAV22NJ-8,H6141001_S_A076-40,0.06528615,brand_unit,
H5292003_S_SAV22NJ-8,H6141001_S_A076-5,0.04304838,brand_unit,
H5292003_S_SAV22NJ-8,H6173001_S_NAJEL-100,0.15614193,brand_unit,
H5292003_S_SAV22NJ-8,H6300002_S_BWNJL-5A,,brand_unit,
H5292003_S_SAV22NJ-8,H7517001_S_NAJ1017,,brand_unit,
H5292003_S_SAV22NJ-8,H9653001_S_60888,,brand_unit,
H5292003_S_SAV22NJ-8,S6324001_S_nj-aleppo12,,brand_unit,
H5292003_S_SAV22NJ-8,S6324001_S_nj-aleppo40,,brand_unit,
H5292003_S_SAV33NJ-5P,H6300002_S_BWNJL-6,,brand_unit,
H5292003_S_SAV33NJ-5P,H9653001_S_60019,,brand_unit;legacy_block,
H5292003_S_SAV57NJ5,H6141001_S_A076-12B,,brand_unit;legacy_block,
H5292003_S_SAV57NJ5,H6141001_S_A401,,brand_unit;legacy_block,
H5292003_S_SAV57NJ5,H6141001_S_A404,,brand_unit;legacy_block,
H5292003_S_SAV57NJ5,H6141001_S_A405,,brand_unit;legacy_block,
H5292003_S_SAV57NJ5,H6141001_S_A406,,brand_unit;legacy_block,
H5292003_S_SAV57NJ5,H6141001_S_A407,,brand_unit,
H5292003_S_SAV57NJ5,H6141001_S_A408,,brand_unit;legacy_block,
H5292003_S_SAV57NJ5,H6141001_S_A409,,brand_unit;legacy_block,
H5292003_S_SAV57NJ5,H6141001_S_A410,,brand_unit;legacy_block,
H5292003_S_SAV57NJ5,H6141001_S_A463,,brand_unit;legacy_block,
H5292003_S_SAV57NJ5,H6173001_S_NAJEL-ARGAN,,brand_unit;legacy_block,
H5292003_S_SAV57NJ5,H6173001_S_NAJEL-BK-CUMIN,,brand_unit;legacy_block,
H5292003_S_SAV57NJ5,H6173001_S_NAJEL-CHARCOAL,,brand_unit;legacy_block,
H5292003_S_SAV57NJ5,H6173001_S_NAJEL-DEAD-SEA-MUD,,brand_unit;legacy_block,
H5292003_S_SAV57NJ5,H6173001_S_NAJEL-HONEY,,brand_unit;legacy_block,
H5292003_S_SAV57NJ5,H6173001_S_NAJEL-JASMINE,,brand_unit;legacy_block,
H5292003_S_SAV57NJ5,H6173001_S_NAJEL-LEMON,,brand_unit;legacy_block,
H5292003_S_SAV57NJ5,H6173001_S_NAJEL-ORG,,brand_unit;legacy_block,
H5292003_S_SAV57NJ5,H6173001_S_NAJEL-RD-CLAY,,brand_unit;legacy_block,
H5292003_S_SAV57NJ5,H6173001_S_NAJEL-ROSE,,brand_unit;legacy_block,
H5292003_S_SAV57NJ5,H6300002_S_BWNJL-10,,brand_unit;legacy_block,
H5292003_S_SAV57NJ5,H6300002_S_BWNJL-7,,brand_unit,
H5292003_S_SAV57NJ5,H6300002_S_BWNJL-8,,brand_unit,
H5292003_S_SAV57NJ5,H6300002_S_BWNJL-9,,brand_unit,
H5292003_S_SAV57NJ5,H7517001_S_NAJ0058,,brand_unit;legacy_block,
H5292003_S_SAV57NJ5,H7517001_S_NAJ0959,,brand_unit;legacy_block,
H5292003_S_SAV57NJ5,H7517001_S_NAJ5114,,brand_unit;legacy_block,
H5292003_S_SAV57NJ5,S2188001_S_NAJLalepSOAPsea100g3820N,,brand_unit;legacy_block,
H5292003_S_SAV82NJ-8,H6141001_S_A076-100,0.65177339,brand_unit,
H5292003_S_SAV82NJ-8,H6141001_S_A076-12,0.20896735,brand_unit,
H5292003_S_SAV82NJ-8,H6141001_S_A076-30,0.56138064,brand_unit,
H5292003_S_SAV82NJ-8,H6141001_S_A076-40,0.29086359,brand_unit,
H5292003_S_SAV82NJ-8,H6141001_S_A076-5,0.43979756,brand_unit,
H5292003_S_SAV82NJ-8,H6173001_S_NAJEL-100,0.37352649,brand_unit,
H5292003_S_SAV82NJ-8,H6300002_S_BWNJL-5A,,brand_unit,
H5292003_S_SAV82NJ-8,H7517001_S_NAJ1017,,brand_unit,
H5292003_S_SAV82NJ-8,H9653001_S_60888,,brand_unit,
H5292003_S_SAV82NJ-8,S6324001_S_nj-aleppo12,,brand_unit,
H5292003_S_SAV82NJ-8,S6324001_S_nj-aleppo40,,brand_unit,
H5337002_S_4982757912057,S1061001_S_MON-030-165-0000,0.99917423,brand_unit,
H5337002_S_4982757912057,S1061001_S_MON-CHI-PSC-10239,0.79584003,brand_unit,
H5337002_S_4982757912057,S1061001_S_MON-CHI-PSC-11135a,0.82694905,brand_unit,
H5337002_S_4982757912057,S1061001_S_MON-CHI-PSC-11531a,0.81082994,brand_unit,
H5528001_S_DEL025007,H5528001_S_DEL025007X2,1.00000000,brand_unit;legacy_block;semantic_topk,0.95568115
H5528001_S_DOV256362,H5528001_S_DOV256362A,1.00000000,brand_unit;legacy_block;semantic_topk,0.95419949
H5528001_S_DOV256362,H5528001_S_DOV256362B,1.00000000,brand_unit;legacy_block;semantic_topk,0.95537090
H5528001_S_DOV256362,H6401001_S_dovesoap,0.98484616,brand_unit;legacy_block,
H5528001_S_DOV256362,H6729001_S_D0522,0.00261571,brand_unit;legacy_block,
H5528001_S_DOV256362,H8728001_S_8720182256362,0.83665599,brand_unit,
H5528001_S_DOV256362,H9357001_S_8718114047249,0.65488790,brand_unit,
H5528001_S_DOV256362,H9357001_S_8720182256362-1,0.84165019,brand_unit,
H5528001_S_DOV256362,H9564001_S_DO06CB06,0.92760590,brand_unit,
H5528001_S_DOV256362,S2090001_S_4NO5C,,brand_unit;legacy_block,
H5528001_S_DOV256362,S2552001_S_10091DOV_BAR_SOA_MD,0.56774181,brand_unit;legacy_block,
H5528001_S_DOV256362,S2552002_S_10091_HHL,0.56774181,brand_unit;legacy_block,
H5528001_S_DOV256362,S6136001_S_4NO5C,,brand_unit;legacy_block,
H5528001_S_DOV256362A,H5528001_S_DOV256362B,1.00000000,brand_unit;legacy_block;semantic_topk,0.98784322
H5528001_S_DOV256362A,H6401001_S_dovesoap,0.98484616,brand_unit;legacy_block,
H5528001_S_DOV256362A,H6729001_S_D0522,0.00261571,brand_unit;legacy_block,
H5528001_S_DOV256362A,H8728001_S_8720182256362,0.98078429,brand_unit,
H5528001_S_DOV256362A,H9357001_S_8718114047249,0.98866267,brand_unit,
H5528001_S_DOV256362A,H9357001_S_8720182256362-1,0.84165019,brand_unit,
H5528001_S_DOV256362A,H9564001_S_DO06CB06,0.92760590,brand_unit,
H5528001_S_DOV256362A,S2090001_S_4NO5C,,brand_unit;legacy_block,
H5528001_S_DOV256362A,S2552001_S_10091DOV_BAR_SOA_MD,0.56643344,brand_unit;legacy_block,
H5528001_S_DOV256362A,S2552002_S_10091_HHL,0.56643344,brand_unit;legacy_block,
H5528001_S_DOV256362A,S6136001_S_4NO5C,,brand_unit;legacy_block,
H5528001_S_DOV256362B,H6401001_S_dovesoap,0.98484616,brand_unit;legacy_block,
H5528001_S_DOV256362B,H6729001_S_D0522,0.00261571,brand_unit;legacy_block,
H5528001_S_DOV256362B,H8728001_S_8720182256362,0.98078429,brand_unit,
H5528001_S_DOV256362B,H9357001_S_8718114047249,0.98866267,brand_unit,
H5528001_S_DOV256362B,H9357001_S_8720182256362-1,0.84165019,brand_unit,
H5528001_S_DOV256362B,H9564001_S_DO06CB06,0.92760590,brand_unit,
H5528001_S_DOV256362B,S2090001_S_4NO5C,,brand_unit;legacy_block,
H5528001_S_DOV256362B,S2552001_S_10091DOV_BAR_SOA_MD,0.56643344,brand_unit;legacy_block,
H5528001_S_DOV256362B,S2552002_S_10091_HHL,0.56643344,brand_unit;legacy_block,
H5528001_S_DOV256362B,S6136001_S_4NO5C,,brand_unit;legacy_block,
H5528001_S_LUX527716,H5528001_S_LUX527716X2,1.00000000,brand_unit;legacy_block;semantic_topk,0.95765114
H5528001_S_LUX527716,H5528001_S_LUX527716Z,0.98297092,brand_unit;semantic_topk,0.84235221
H5528001_S_LUX527716,H6280001_S_N235LUBS52756X6,0.20135308,brand_unit,
H5528001_S_LUX527716,H6280001_S_N235LUBS52767X6,0.15206522,brand_unit,
H5528001_S_LUX527716,H6280001_S_N235LUBS52769X6,0.34991587,brand_unit,
H5528001_S_LUX527716,H6280001_S_N235LUBS52770X6,0.15706934,brand_unit,
H5528001_S_LUX527716,H6280001_S_N235LUBS52771X6,0.00046709,brand_unit,
H5528001_S_LUX527716,H6401001_S_luxsoap,0.01572772,brand_unit;legacy_block,
H5528001_S_LUX527716,H6706001_S_cs169865,0.59005170,brand_unit,
H5528001_S_LUX527716,H6706001_S_cs169867,,brand_unit,
H5528001_S_LUX527716,H6729001_S_L0311,0.00020467,brand_unit,
H5528001_S_LUX527716,H6729001_S_L0312,0.00020467,brand_unit,
H5528001_S_LUX527716,H6729001_S_L0313,0.00016075,brand_unit,
H5528001_S_LUX527716,H6729001_S_L0324,0.00026666,brand_unit,
H5528001_S_LUX527716,H6729001_S_L0325,0.00016075,brand_unit,
H5528001_S_LUX527716,H9564001_S_KU05SB06,0.01191991,brand_unit;legacy_block,
H5528001_S_LUX527716,S2090001_S_4NO5A,0.02002181,brand_unit;legacy_block,
H5528001_S_LUX527716,S6136001_S_4NO5A,0.02002181,brand_unit;legacy_block,
H5528001_S_LUX527716X2,H5528001_S_LUX527716Z,0.92995094,brand_unit;semantic_topk,0.83868212
H5528001_S_LUX527716X2,H6280001_S_N235LUBS52756X6,0.25552097,brand_unit,
H5528001_S_LUX527716X2,H6280001_S_N235LUBS52767X6,0.16952654,brand_unit,
H5528001_S_LUX527716X2,H6280001_S_N235LUBS52769X6,0.32699445,brand_unit,
H5528001_S_LUX527716X2,H6280001_S_N235LUBS52770X6,0.16145219,brand_unit,
H5528001_S_LUX527716X2,H6280001_S_N235LUBS52771X6,0.00052304,brand_unit,
H5528001_S_LUX527716X2,H6401001_S_luxsoap,0.01572772,brand_unit;legacy_block,
H5528001_S_LUX527716X2,H6706001_S_cs169865,0.43028463,brand_unit,
H5528001_S_LUX527716X2,H6706001_S_cs169867,,brand_unit,
H5528001_S_LUX527716X2,H6729001_S_L0311,0.00020467,brand_unit,
H5528001_S_LUX527716X2,H6729001_S_L0312,0.00020467,brand_unit,
H5528001_S_LUX527716X2,H6729001_S_L0313,0.00016075,brand_unit,
H5528001_S_LUX527716X2,H6729001_S_L0324,0.00026666,brand_unit,
H5528001_S_LUX527716X2,H6729001_S_L0325,0.00016075,brand_unit,
H5528001_S_LUX527716X2,H9564001_S_KU05SB06,0.01191991,brand_unit;legacy_block,
H5528001_S_LUX527716X2,S2090001_S_4NO5A,0.01664275,brand_unit;legacy_block,
H5528001_S_LUX527716X2,S6136001_S_4NO5A,0.01664275,brand_unit;legacy_block,
H5528001_S_LUX527716Z,H6280001_S_N235LUBS52756X6,0.99172495,brand_unit;legacy_block,
H5528001_S_LUX527716Z,H6280001_S_N235LUBS52767X6,0.98974990,brand_unit;legacy_block,
H5528001_S_LUX527716Z,H6280001_S_N235LUBS52769X6,0.97789402,brand_unit;legacy_block,
H5528001_S_LUX527716Z,H6280001_S_N235LUBS52770X6,0.99187618,brand_unit;legacy_block,
H5528001_S_LUX527716Z,H6280001_S_N235LUBS52771X6,0.01502857,brand_unit;legacy_block,
H5528001_S_LUX527716Z,H6401001_S_luxsoap,0.00060526,brand_unit,
H5528001_S_LUX527716Z,H6729001_S_L0311,0.00696183,brand_unit;legacy_block,
H5528001_S_LUX527716Z,H6729001_S_L0312,0.00696183,brand_unit;legacy_block,
H5528001_S_LUX527716Z,H6729001_S_L0313,0.00458801,brand_unit;legacy_block,
H5528001_S_LUX527716Z,H6729001_S_L0324,0.00977859,brand_unit;legacy_block,
H5528001_S_LUX527716Z,H6729001_S_L0325,0.00343946,brand_unit;legacy_block,
H5528001_S_LUX527716Z,H9564001_S_KU05SB06,0.01191991,brand_unit,
H5528001_S_LUX527716Z,S2090001_S_4NO5A,0.00063042,brand_unit,
H5528001_S_LUX527716Z,S6136001_S_4NO5A,0.00063042,brand_unit,
H5528001_S_RSM808204,H5528001_S_RSM808204X2,1.00000000,brand_unit;legacy_block;semantic_topk,0.93265170
H5621001_S_110563,H7148001_S_20110815,0.85121661,brand_unit;legacy_block;semantic_topk,0.84079468
H5621001_S_110563,S2188001_S_LRPlipikarSURGRAS150g4533,1.00000000,brand_unit;legacy_block;packfree_exact;semantic_topk,0.88344145
H5621001_S_347787,H5621001_S_347788,0.97227670,brand_unit;legacy_block,
H5621001_S_67818,H5621001_S_95967,0.96112290,brand_unit;legacy_block,
H5621001_S_71465,H5621001_S_79678,0.95608785,brand_unit;legacy_block,
H5621001_S_71465,H5627001_S_809280018619,0.78917754,brand_unit;legacy_block,
H5621001_S_71465,H5859001_S_ST3136,0.80948127,brand_unit;legacy_block,
H5621001_S_71465,H5859001_S_ST3717,0.75872207,brand_unit;legacy_block,
H5621001_S_71465,H5985001_S_018565_809280018565,0.53623645,brand_unit;legacy_block,
H5621001_S_71465,H8976001_S_809280018565,0.07851866,brand_unit;legacy_block,
H5621001_S_71465,H8976001_S_809280018572,0.91473730,brand_unit;legacy_block,
H5621001_S_71465,H8976001_S_809280018602,0.95951808,brand_unit;legacy_block,
H5621001_S_71465,H8976001_S_809280018619,0.11009568,brand_unit;legacy_block,
H5621001_S_79678,H5627001_S_809280018619,0.85790523,brand_unit;legacy_block,
H5621001_S_79678,H5859001_S_ST3136,0.85804413,brand_unit;legacy_block,
H5621001_S_79678,H5859001_S_ST3717,0.64229017,brand_unit;legacy_block,
H5621001_S_79678,H5985001_S_018565_809280018565,0.85169816,brand_unit;legacy_block,
H5621001_S_79678,H8976001_S_809280018565,0.88348338,brand_unit;legacy_block,
H5621001_S_79678,H8976001_S_809280018572,0.81105989,brand_unit;legacy_block,
H5621001_S_79678,H8976001_S_809280018602,0.04570628,brand_unit;legacy_block;semantic_topk,0.74213094
H5621001_S_79678,H8976001_S_809280018619,0.93536228,brand_unit;legacy_block,
H5627001_S_809280018619,H5859001_S_ST3136,,brand_unit;legacy_block,
H5627001_S_809280018619,H5859001_S_ST3717,0.99892791,brand_unit;legacy_block;semantic_topk,0.42256293
H5627001_S_809280018619,H5985001_S_018565_809280018565,,brand_unit;legacy_block,
H5627001_S_809280018619,H8976001_S_809280018565,,brand_unit;legacy_block,
H5627001_S_809280018619,H8976001_S_809280018572,,brand_unit;legacy_block,
H5627001_S_809280018619,H8976001_S_809280018602,0.92835898,brand_unit;legacy_block,
H5627001_S_809280018619,H8976001_S_809280018619,0.99626867,brand_unit;legacy_block;semantic_topk,0.40057948
H5859001_S_ST2804,H5859001_S_ST2805,,brand_unit;legacy_block;semantic_topk,0.89559710
H5859001_S_ST2804,H5859001_S_ST2806,,brand_unit;legacy_block;semantic_topk,0.86536235
H5859001_S_ST2804,H5859001_S_ST2808,,brand_unit;legacy_block;semantic_topk,0.87617654
H5859001_S_ST2804,H5859001_S_ST2809,,brand_unit;legacy_block;semantic_topk,0.87019974
H5859001_S_ST2804,H5859001_S_ST2810,0.98672181,brand_unit;legacy_block,
H5859001_S_ST2804,H5859001_S_ST2811,1.00000000,brand_unit;legacy_block;packfree_exact;semantic_topk,1.00000012
H5859001_S_ST2804,H5859001_S_ST2812,,brand_unit;legacy_block;semantic_topk,0.89559710
H5859001_S_ST2804,H5859001_S_ST2813,,brand_unit;legacy_block;semantic_topk,0.86536235
H5859001_S_ST2804,H5859001_S_ST2815,,brand_unit;legacy_block;semantic_topk,0.87617654
H5859001_S_ST2804,H5859001_S_ST2816,,brand_unit;legacy_block;semantic_topk,0.87019974
H5859001_S_ST2804,H5859001_S_ST2817,0.98747830,brand_unit;legacy_block,
H5859001_S_ST2804,H6167001_S_9349254002011,0.85124944,brand_unit,
H5859001_S_ST2804,H6167001_S_9349254002028,,brand_unit,
H5859001_S_ST2804,H6167001_S_9349254002035,,brand_unit,
H5859001_S_ST2804,H6167001_S_9349254002042,,brand_unit,
H5859001_S_ST2804,H6167001_S_9349254002059,,brand_unit,
H5859001_S_ST2804,H6167001_S_9349254004053,0.98099135,brand_unit,
H5859001_S_ST2804,H6167002_S_9349254002011,0.85124944,brand_unit,
H5859001_S_ST2804,H6167002_S_9349254002028,,brand_unit,
H5859001_S_ST2804,H6167002_S_9349254002035,,brand_unit,
H5859001_S_ST2804,H6167002_S_9349254002042,,brand_unit,
H5859001_S_ST2804,H6167002_S_9349254002059,,brand_unit,
H5859001_S_ST2804,H6167002_S_9349254004053,0.98099135,brand_unit,
H5859001_S_ST2804,H6173001_S_GOAT-SOAP-COCONUT,,brand_unit,
H5859001_S_ST2804,H7096001_S_9349254002011,0.85124944,brand_unit,
H5859001_S_ST2804,H7096001_S_9349254002028,,brand_unit,
H5859001_S_ST2804,H7096001_S_9349254002035,,brand_unit,
H5859001_S_ST2804,H8347001_S_GOAT-BP02,,brand_unit;legacy_block,
H5859001_S_ST2804,H8347001_S_GOAT-BP04,0.99192745,brand_unit,
H5859001_S_ST2804,H8347001_S_GOAT-BP05,,brand_unit;legacy_block,
H5859001_S_ST2804,H8347001_S_GOAT-BP06,,brand_unit,
H5859001_S_ST2804,H8347001_S_GOAT-BP08,0.29579773,brand_unit,
H5859001_S_ST2804,H8427001_S_9349254002011,0.99201365,brand_unit,
H5859001_S_ST2804,H8427001_S_9349254002028,,brand_unit,
H5859001_S_ST2804,H8427001_S_9349254002035,,brand_unit,
H5859001_S_ST2804,H8427001_S_9349254002042,,brand_unit,
H5859001_S_ST2804,H8427001_S_9349254002059,0.72266214,brand_unit,
H5859001_S_ST2804,H8427001_S_9349254002066,,brand_unit,
H5859001_S_ST2804,H8427001_S_9349254004053,0.92686435,brand_unit,
H5859001_S_ST2804,H8427001_S_9349254006286,,brand_unit,
H5859001_S_ST2804,H9250001_S_A9349254005005,,brand_unit;legacy_block,
H5859001_S_ST2804,S2232001_S_GOS2011X2,1.00000000,brand_unit;legacy_block,
H5859001_S_ST2804,S2232001_S_GOS2028X2,,brand_unit;legacy_block,
H5859001_S_ST2804,S2232001_S_GOS2042X2,,brand_unit;legacy_block,
H5859001_S_ST2804,S2232001_S_GOS2053X2,,brand_unit;legacy_block,
H5859001_S_ST2804,S2232001_S_GOS2059X2,,brand_unit;legacy_block,
H5859001_S_ST2804,S2232001_S_GOS2066X2,,brand_unit;legacy_block,
H5859001_S_ST2804,S2232001_S_GOS4053X2,,brand_unit;legacy_block,
H5859001_S_ST2804,S6258001_S_GOS2011X2,1.00000000,brand_unit;legacy_block,
H5859001_S_ST2804,S6258001_S_GOS2028X2,,brand_unit;legacy_block,
H5859001_S_ST2804,S6258001_S_GOS2042X2,,brand_unit;legacy_block,
H5859001_S_ST2804,S6258001_S_GOS2059X2,,brand_unit;legacy_block,
H5859001_S_ST2804,S6375001_S_9349254004053,0.89558792,brand_unit,
H5859001_S_ST2804,S6375001_S_9349254006286,,brand_unit,
H5859001_S_ST2805,H5859001_S_ST2806,,brand_unit;legacy_block;semantic_topk,0.86411220
H5859001_S_ST2805,H5859001_S_ST2808,,brand_unit;legacy_block;semantic_topk,0.87491095
H5859001_S_ST2805,H5859001_S_ST2809,0.01046910,brand_unit;legacy_block;semantic_topk,0.86894286
H5859001_S_ST2805,H5859001_S_ST2810,0.98672181,brand_unit;legacy_block,
H5859001_S_ST2805,H5859001_S_ST2811,,brand_unit;legacy_block;semantic_topk,0.89559710
H5859001_S_ST2805,H5859001_S_ST2812,1.00000000,brand_unit;legacy_block;packfree_exact;semantic_topk,0.99999988
H5859001_S_ST2805,H5859001_S_ST2813,,brand_unit;legacy_block;semantic_topk,0.86411220
H5859001_S_ST2805,H5859001_S_ST2815,,brand_unit;legacy_block;semantic_topk,0.87491095
H5859001_S_ST2805,H5859001_S_ST2816,0.00997667,brand_unit;legacy_block;semantic_topk,0.86894286
H5859001_S_ST2805,H5859001_S_ST2817,0.98747830,brand_unit;legacy_block,
H5859001_S_ST2805,H6167001_S_9349254002011,,brand_unit,
H5859001_S_ST2805,H6167001_S_9349254002028,,brand_unit,
H5859001_S_ST2805,H6167001_S_9349254002035,0.96179682,brand_unit,
H5859001_S_ST2805,H6167001_S_9349254002042,,brand_unit,
H5859001_S_ST2805,H6167001_S_9349254002059,0.45220957,brand_unit,
H5859001_S_ST2805,H6167001_S_9349254004053,0.98351169,brand_unit,
H5859001_S_ST2805,H6167002_S_9349254002011,,brand_unit,
H5859001_S_ST2805,H6167002_S_9349254002028,,brand_unit,
H5859001_S_ST2805,H6167002_S_9349254002035,0.96179682,brand_unit,
H5859001_S_ST2805,H6167002_S_9349254002042,,brand_unit,
H5859001_S_ST2805,H6167002_S_9349254002059,0.45220957,brand_unit,
H5859001_S_ST2805,H6167002_S_9349254004053,0.98351169,brand_unit,
H5859001_S_ST2805,H6173001_S_GOAT-SOAP-COCONUT,,brand_unit,
H5859001_S_ST2805,H7096001_S_9349254002011,,brand_unit,
H5859001_S_ST2805,H7096001_S_9349254002028,,brand_unit,
H5859001_S_ST2805,H7096001_S_9349254002035,0.96179682,brand_unit,
H5859001_S_ST2805,H8347001_S_GOAT-BP02,0.99920166,brand_unit;legacy_block,
H5859001_S_ST2805,H8347001_S_GOAT-BP04,,brand_unit,
H5859001_S_ST2805,H8347001_S_GOAT-BP05,,brand_unit;legacy_block,
H5859001_S_ST2805,H8347001_S_GOAT-BP06,0.97637718,brand_unit,
H5859001_S_ST2805,H8347001_S_GOAT-BP08,0.31230136,brand_unit,
H5859001_S_ST2805,H8427001_S_9349254002011,,brand_unit,
H5859001_S_ST2805,H8427001_S_9349254002028,,brand_unit,
H5859001_S_ST2805,H8427001_S_9349254002035,0.99890096,brand_unit,
H5859001_S_ST2805,H8427001_S_9349254002042,0.73845113,brand_unit,
H5859001_S_ST2805,H8427001_S_9349254002059,0.74100518,brand_unit,
H5859001_S_ST2805,H8427001_S_9349254002066,,brand_unit,
H5859001_S_ST2805,H8427001_S_9349254004053,0.93537568,brand_unit,
H5859001_S_ST2805,H8427001_S_9349254006286,,brand_unit,
H5859001_S_ST2805,H9250001_S_A9349254005005,0.51956681,brand_unit;legacy_block,
H5859001_S_ST2805,S2232001_S_GOS2011X2,,brand_unit;legacy_block,
H5859001_S_ST2805,S2232001_S_GOS2028X2,,brand_unit;legacy_block,
H5859001_S_ST2805,S2232001_S_GOS2042X2,0.98690431,brand_unit;legacy_block,
H5859001_S_ST2805,S2232001_S_GOS2053X2,1.00000000,brand_unit;legacy_block,
H5859001_S_ST2805,S2232001_S_GOS2059X2,0.97728841,brand_unit;legacy_block,
H5859001_S_ST2805,S2232001_S_GOS2066X2,,brand_unit;legacy_block,
H5859001_S_ST2805,S2232001_S_GOS4053X2,,brand_unit;legacy_block,
H5859001_S_ST2805,S6258001_S_GOS2011X2,,brand_unit;legacy_block,
H5859001_S_ST2805,S6258001_S_GOS2028X2,,brand_unit;legacy_block,
H5859001_S_ST2805,S6258001_S_GOS2042X2,0.98486303,brand_unit;legacy_block,
H5859001_S_ST2805,S6258001_S_GOS2059X2,0.97658476,brand_unit;legacy_block,
H5859001_S_ST2805,S6375001_S_9349254004053,0.90737537,brand_unit,
H5859001_S_ST2805,S6375001_S_9349254006286,,brand_unit,
H5859001_S_ST2806,H5859001_S_ST2808,,brand_unit;legacy_block;semantic_topk,0.84537464
H5859001_S_ST2806,H5859001_S_ST2809,,brand_unit;legacy_block;semantic_topk,0.83960825
H5859001_S_ST2806,H5859001_S_ST2810,0.98307505,brand_unit;legacy_block,
H5859001_S_ST2806,H5859001_S_ST2811,,brand_unit;legacy_block;semantic_topk,0.86536235
H5859001_S_ST2806,H5859001_S_ST2812,,brand_unit;legacy_block;semantic_topk,0.86411220
H5859001_S_ST2806,H5859001_S_ST2813,1.00000000,brand_unit;legacy_block;packfree_exact;semantic_topk,0.99999970
H5859001_S_ST2806,H5859001_S_ST2815,,brand_unit;legacy_block;semantic_topk,0.84537464
H5859001_S_ST2806,H5859001_S_ST2816,,brand_unit;legacy_block;semantic_topk,0.83960825
H5859001_S_ST2806,H5859001_S_ST2817,0.97979903,brand_unit;legacy_block,
H5859001_S_ST2806,H6167001_S_9349254002011,,brand_unit,
H5859001_S_ST2806,H6167001_S_9349254002028,0.35844726,brand_unit,
H5859001_S_ST2806,H6167001_S_9349254002035,,brand_unit,
H5859001_S_ST2806,H6167001_S_9349254002042,,brand_unit,
H5859001_S_ST2806,H6167001_S_9349254002059,0.59106965,brand_unit,
H5859001_S_ST2806,H6167001_S_9349254004053,,brand_unit,
H5859001_S_ST2806,H6167002_S_9349254002011,,brand_unit,
H5859001_S_ST2806,H6167002_S_9349254002028,0.35844726,brand_unit,
H5859001_S_ST2806,H6167002_S_9349254002035,,brand_unit,
H5859001_S_ST2806,H6167002_S_9349254002042,,brand_unit,
H5859001_S_ST2806,H6167002_S_9349254002059,0.59106965,brand_unit,
H5859001_S_ST2806,H6167002_S_9349254004053,,brand_unit,
H5859001_S_ST2806,H6173001_S_GOAT-SOAP-COCONUT,,brand_unit,
H5859001_S_ST2806,H7096001_S_9349254002011,,brand_unit,
H5859001_S_ST2806,H7096001_S_9349254002028,0.35844726,brand_unit,
H5859001_S_ST2806,H7096001_S_9349254002035,,brand_unit,
H5859001_S_ST2806,H8347001_S_GOAT-BP02,,brand_unit;legacy_block,
H5859001_S_ST2806,H8347001_S_GOAT-BP04,,brand_unit,
H5859001_S_ST2806,H8347001_S_GOAT-BP05,0.98526789,brand_unit;legacy_block,
H5859001_S_ST2806,H8347001_S_GOAT-BP06,0.89274159,brand_unit,
H5859001_S_ST2806,H8347001_S_GOAT-BP08,,brand_unit,
H5859001_S_ST2806,H8427001_S_9349254002011,,brand_unit,
H5859001_S_ST2806,H8427001_S_9349254002028,0.94049095,brand_unit,
H5859001_S_ST2806,H8427001_S_9349254002035,,brand_unit,
H5859001_S_ST2806,H8427001_S_9349254002042,0.69525479,brand_unit,
H5859001_S_ST2806,H8427001_S_9349254002059,,brand_unit,
H5859001_S_ST2806,H8427001_S_9349254002066,,brand_unit,
H5859001_S_ST2806,H8427001_S_9349254004053,0.76558156,brand_unit,
H5859001_S_ST2806,H8427001_S_9349254006286,,brand_unit,
H5859001_S_ST2806,H9250001_S_A9349254005005,,brand_unit;legacy_block,
H5859001_S_ST2806,S2232001_S_GOS2011X2,,brand_unit;legacy_block,
H5859001_S_ST2806,S2232001_S_GOS2028X2,0.99671406,brand_unit;legacy_block,
H5859001_S_ST2806,S2232001_S_GOS2042X2,0.93495219,brand_unit;legacy_block,
H5859001_S_ST2806,S2232001_S_GOS2053X2,,brand_unit;legacy_block,
H5859001_S_ST2806,S2232001_S_GOS2059X2,,brand_unit;legacy_block,
H5859001_S_ST2806,S2232001_S_GOS2066X2,,brand_unit;legacy_block,
H5859001_S_ST2806,S2232001_S_GOS4053X2,,brand_unit;legacy_block,
H5859001_S_ST2806,S6258001_S_GOS2011X2,,brand_unit;legacy_block,
H5859001_S_ST2806,S6258001_S_GOS2028X2,0.99671406,brand_unit;legacy_block,
H5859001_S_ST2806,S6258001_S_GOS2042X2,0.85666411,brand_unit;legacy_block,
H5859001_S_ST2806,S6258001_S_GOS2059X2,,brand_unit;legacy_block,
H5859001_S_ST2806,S6375001_S_9349254004053,0.67149451,brand_unit,
H5859001_S_ST2806,S6375001_S_9349254006286,,brand_unit,
H5859001_S_ST2808,H5859001_S_ST2809,0.02465419,brand_unit;legacy_block;semantic_topk,0.89542168
H5859001_S_ST2808,H5859001_S_ST2810,0.99355616,brand_unit;legacy_block,
H5859001_S_ST2808,H5859001_S_ST2811,,brand_unit;legacy_block;semantic_topk,0.87617654
H5859001_S_ST2808,H5859001_S_ST2812,,brand_unit;legacy_block;semantic_topk,0.87491095
H5859001_S_ST2808,H5859001_S_ST2813,,brand_unit;legacy_block;semantic_topk,0.84537464
H5859001_S_ST2808,H5859001_S_ST2815,1.00000000,brand_unit;legacy_block;packfree_exact;semantic_topk,1.00000012
H5859001_S_ST2808,H5859001_S_ST2816,0.01962433,brand_unit;legacy_block;semantic_topk,0.89542168
H5859001_S_ST2808,H5859001_S_ST2817,0.99260355,brand_unit;legacy_block,
H5859001_S_ST2808,H6167001_S_9349254002011,,brand_unit,
H5859001_S_ST2808,H6167001_S_9349254002028,,brand_unit,
H5859001_S_ST2808,H6167001_S_9349254002035,,brand_unit,
H5859001_S_ST2808,H6167001_S_9349254002042,,brand_unit,
H5859001_S_ST2808,H6167001_S_9349254002059,0.48529562,brand_unit,
H5859001_S_ST2808,H6167001_S_9349254004053,0.98302610,brand_unit,
H5859001_S_ST2808,H6167002_S_9349254002011,,brand_unit,
H5859001_S_ST2808,H6167002_S_9349254002028,,brand_unit,
H5859001_S_ST2808,H6167002_S_9349254002035,,brand_unit,
H5859001_S_ST2808,H6167002_S_9349254002042,,brand_unit,
H5859001_S_ST2808,H6167002_S_9349254002059,0.48529562,brand_unit,
H5859001_S_ST2808,H6167002_S_9349254004053,0.98302610,brand_unit,
H5859001_S_ST2808,H6173001_S_GOAT-SOAP-COCONUT,0.94552744,brand_unit,
H5859001_S_ST2808,H7096001_S_9349254002011,,brand_unit,
H5859001_S_ST2808,H7096001_S_9349254002028,,brand_unit,
H5859001_S_ST2808,H7096001_S_9349254002035,,brand_unit,
H5859001_S_ST2808,H8347001_S_GOAT-BP02,,brand_unit;legacy_block,
H5859001_S_ST2808,H8347001_S_GOAT-BP04,,brand_unit,
H5859001_S_ST2808,H8347001_S_GOAT-BP05,,brand_unit;legacy_block,
H5859001_S_ST2808,H8347001_S_GOAT-BP06,,brand_unit,
H5859001_S_ST2808,H8347001_S_GOAT-BP08,0.55404442,brand_unit,
H5859001_S_ST2808,H8427001_S_9349254002011,,brand_unit,
H5859001_S_ST2808,H8427001_S_9349254002028,,brand_unit,
H5859001_S_ST2808,H8427001_S_9349254002035,,brand_unit,
H5859001_S_ST2808,H8427001_S_9349254002042,,brand_unit,
H5859001_S_ST2808,H8427001_S_9349254002059,0.87813987,brand_unit,
H5859001_S_ST2808,H8427001_S_9349254002066,0.99820754,brand_unit,
H5859001_S_ST2808,H8427001_S_9349254004053,0.96086384,brand_unit,
H5859001_S_ST2808,H8427001_S_9349254006286,,brand_unit,
H5859001_S_ST2808,H9250001_S_A9349254005005,0.92810084,brand_unit;legacy_block,
H5859001_S_ST2808,S2232001_S_GOS2011X2,,brand_unit;legacy_block,
H5859001_S_ST2808,S2232001_S_GOS2028X2,,brand_unit;legacy_block,
H5859001_S_ST2808,S2232001_S_GOS2042X2,,brand_unit;legacy_block,
H5859001_S_ST2808,S2232001_S_GOS2053X2,,brand_unit;legacy_block,
H5859001_S_ST2808,S2232001_S_GOS2059X2,0.97645358,brand_unit;legacy_block,
H5859001_S_ST2808,S2232001_S_GOS2066X2,1.00000000,brand_unit;legacy_block,
H5859001_S_ST2808,S2232001_S_GOS4053X2,,brand_unit;legacy_block,
H5859001_S_ST2808,S6258001_S_GOS2011X2,,brand_unit;legacy_block,
H5859001_S_ST2808,S6258001_S_GOS2028X2,,brand_unit;legacy_block,
H5859001_S_ST2808,S6258001_S_GOS2042X2,,brand_unit;legacy_block,
H5859001_S_ST2808,S6258001_S_GOS2059X2,0.97645358,brand_unit;legacy_block,
H5859001_S_ST2808,S6375001_S_9349254004053,0.92496697,brand_unit,
H5859001_S_ST2808,S6375001_S_9349254006286,,brand_unit,
H5859001_S_ST2809,H5859001_S_ST2810,0.98778416,brand_unit;legacy_block,
H5859001_S_ST2809,H5859001_S_ST2811,,brand_unit;legacy_block;semantic_topk,0.87019974
H5859001_S_ST2809,H5859001_S_ST2812,0.00959193,brand_unit;legacy_block;semantic_topk,0.86894286
H5859001_S_ST2809,H5859001_S_ST2813,,brand_unit;legacy_block;semantic_topk,0.83960825
H5859001_S_ST2809,H5859001_S_ST2815,0.01639123,brand_unit;legacy_block;semantic_topk,0.89542168
H5859001_S_ST2809,H5859001_S_ST2816,1.00000000,brand_unit;legacy_block;packfree_exact;semantic_topk,0.99999994
H5859001_S_ST2809,H5859001_S_ST2817,0.98779606,brand_unit;legacy_block,
H5859001_S_ST2809,H6167001_S_9349254002011,0.43110130,brand_unit,
H5859001_S_ST2809,H6167001_S_9349254002028,,brand_unit,
H5859001_S_ST2809,H6167001_S_9349254002035,0.43110130,brand_unit,
H5859001_S_ST2809,H6167001_S_9349254002042,,brand_unit,
H5859001_S_ST2809,H6167001_S_9349254002059,0.45220957,brand_unit,
H5859001_S_ST2809,H6167001_S_9349254004053,0.98143039,brand_unit,
H5859001_S_ST2809,H6167002_S_9349254002011,0.43110130,brand_unit,
H5859001_S_ST2809,H6167002_S_9349254002028,,brand_unit,
H5859001_S_ST2809,H6167002_S_9349254002035,0.43110130,brand_unit,
H5859001_S_ST2809,H6167002_S_9349254002042,,brand_unit,
H5859001_S_ST2809,H6167002_S_9349254002059,0.45220957,brand_unit,
H5859001_S_ST2809,H6167002_S_9349254004053,0.98143039,brand_unit,
H5859001_S_ST2809,H6173001_S_GOAT-SOAP-COCONUT,0.17357895,brand_unit,
H5859001_S_ST2809,H7096001_S_9349254002011,0.43110130,brand_unit,
H5859001_S_ST2809,H7096001_S_9349254002028,,brand_unit,
H5859001_S_ST2809,H7096001_S_9349254002035,0.43110130,brand_unit,
H5859001_S_ST2809,H8347001_S_GOAT-BP02,0.99605998,brand_unit;legacy_block,
H5859001_S_ST2809,H8347001_S_GOAT-BP04,0.92600482,brand_unit,
H5859001_S_ST2809,H8347001_S_GOAT-BP05,,brand_unit;legacy_block,
H5859001_S_ST2809,H8347001_S_GOAT-BP06,0.94290940,brand_unit,
H5859001_S_ST2809,H8347001_S_GOAT-BP08,0.30716148,brand_unit,
H5859001_S_ST2809,H8427001_S_9349254002011,0.94937740,brand_unit,
H5859001_S_ST2809,H8427001_S_9349254002028,,brand_unit,
H5859001_S_ST2809,H8427001_S_9349254002035,0.94937740,brand_unit,
H5859001_S_ST2809,H8427001_S_9349254002042,0.71977876,brand_unit,
H5859001_S_ST2809,H8427001_S_9349254002059,0.71977876,brand_unit,
H5859001_S_ST2809,H8427001_S_9349254002066,0.90365974,brand_unit,
H5859001_S_ST2809,H8427001_S_9349254004053,0.94120684,brand_unit,
H5859001_S_ST2809,H8427001_S_9349254006286,0.97638374,brand_unit,
H5859001_S_ST2809,H9250001_S_A9349254005005,,brand_unit;legacy_block,
H5859001_S_ST2809,S2232001_S_GOS2011X2,,brand_unit;legacy_block,
H5859001_S_ST2809,S2232001_S_GOS2028X2,,brand_unit;legacy_block,
H5859001_S_ST2809,S2232001_S_GOS2042X2,0.98683016,brand_unit;legacy_block,
H5859001_S_ST2809,S2232001_S_GOS2053X2,0.98147827,brand_unit;legacy_block,
H5859001_S_ST2809,S2232001_S_GOS2059X2,0.99143895,brand_unit;legacy_block,
H5859001_S_ST2809,S2232001_S_GOS2066X2,0.98497245,brand_unit;legacy_block,
H5859001_S_ST2809,S2232001_S_GOS4053X2,,brand_unit;legacy_block,
H5859001_S_ST2809,S6258001_S_GOS2011X2,,brand_unit;legacy_block,
H5859001_S_ST2809,S6258001_S_GOS2028X2,,brand_unit;legacy_block,
H5859001_S_ST2809,S6258001_S_GOS2042X2,0.98430215,brand_unit;legacy_block,
H5859001_S_ST2809,S6258001_S_GOS2059X2,0.99170001,brand_unit;legacy_block,
H5859001_S_ST2809,S6375001_S_9349254004053,0.89911519,brand_unit,
H5859001_S_ST2809,S6375001_S_9349254006286,0.97327254,brand_unit,
H5859001_S_ST2810,H5859001_S_ST2811,0.98845375,brand_unit;legacy_block,
H5859001_S_ST2810,H5859001_S_ST2812,0.98845375,brand_unit;legacy_block,
H5859001_S_ST2810,H5859001_S_ST2813,0.98052842,brand_unit;legacy_block,
H5859001_S_ST2810,H5859001_S_ST2815,0.99260355,brand_unit;legacy_block,
H5859001_S_ST2810,H5859001_S_ST2816,0.98672181,brand_unit;legacy_block,
H5859001_S_ST2810,H5859001_S_ST2817,1.00000000,brand_unit;legacy_block;packfree_exact;semantic_topk,0.99999976
H5859001_S_ST2810,H6167001_S_9349254002011,0.72546151,brand_unit,
H5859001_S_ST2810,H6167001_S_9349254002028,,brand_unit,
H5859001_S_ST2810,H6167001_S_9349254002035,0.74214914,brand_unit,
H5859001_S_ST2810,H6167001_S_9349254002042,,brand_unit,
H5859001_S_ST2810,H6167001_S_9349254002059,0.74214914,brand_unit,
H5859001_S_ST2810,H6167001_S_9349254004053,0.99678043,brand_unit,
H5859001_S_ST2810,H6167002_S_9349254002011,0.72546151,brand_unit,
H5859001_S_ST2810,H6167002_S_9349254002028,,brand_unit,
H5859001_S_ST2810,H6167002_S_9349254002035,0.74214914,brand_unit,
H5859001_S_ST2810,H6167002_S_9349254002042,,brand_unit,
H5859001_S_ST2810,H6167002_S_9349254002059,0.74214914,brand_unit,
H5859001_S_ST2810,H6167002_S_9349254004053,0.99678043,brand_unit,
H5859001_S_ST2810,H6173001_S_GOAT-SOAP-COCONUT,0.20046699,brand_unit,
H5859001_S_ST2810,H7096001_S_9349254002011,0.72546151,brand_unit,
H5859001_S_ST2810,H7096001_S_9349254002028,,brand_unit,
H5859001_S_ST2810,H7096001_S_9349254002035,0.74214914,brand_unit,
H5859001_S_ST2810,H8347001_S_GOAT-BP02,0.99781013,brand_unit;legacy_block,
H5859001_S_ST2810,H8347001_S_GOAT-BP04,0.99787143,brand_unit,
H5859001_S_ST2810,H8347001_S_GOAT-BP05,0.99673269,brand_unit;legacy_block,
H5859001_S_ST2810,H8347001_S_GOAT-BP06,0.99742841,brand_unit,
H5859001_S_ST2810,H8347001_S_GOAT-BP08,0.96667649,brand_unit,
H5859001_S_ST2810,H8427001_S_9349254002011,0.99635723,brand_unit,
H5859001_S_ST2810,H8427001_S_9349254002028,0.99675731,brand_unit,
H5859001_S_ST2810,H8427001_S_9349254002035,0.99635723,brand_unit,
H5859001_S_ST2810,H8427001_S_9349254002042,0.99079064,brand_unit,
H5859001_S_ST2810,H8427001_S_9349254002059,0.90369987,brand_unit,
H5859001_S_ST2810,H8427001_S_9349254002066,0.98910237,brand_unit,
H5859001_S_ST2810,H8427001_S_9349254004053,0.99963622,brand_unit,
H5859001_S_ST2810,H8427001_S_9349254006286,0.96229284,brand_unit,
H5859001_S_ST2810,H9250001_S_A9349254005005,0.00487938,brand_unit;legacy_block,
H5859001_S_ST2810,S2232001_S_GOS2011X2,0.68123542,brand_unit;legacy_block,
H5859001_S_ST2810,S2232001_S_GOS2028X2,0.98384827,brand_unit;legacy_block,
H5859001_S_ST2810,S2232001_S_GOS2042X2,0.59103070,brand_unit;legacy_block,
H5859001_S_ST2810,S2232001_S_GOS2053X2,0.53666370,brand_unit;legacy_block,
H5859001_S_ST2810,S2232001_S_GOS2059X2,0.21019874,brand_unit;legacy_block,
H5859001_S_ST2810,S2232001_S_GOS2066X2,0.88303862,brand_unit;legacy_block,
H5859001_S_ST2810,S2232001_S_GOS4053X2,,brand_unit;legacy_block,
H5859001_S_ST2810,S6258001_S_GOS2011X2,0.68123542,brand_unit;legacy_block,
H5859001_S_ST2810,S6258001_S_GOS2028X2,0.98384827,brand_unit;legacy_block,
H5859001_S_ST2810,S6258001_S_GOS2042X2,0.54876324,brand_unit;legacy_block,
H5859001_S_ST2810,S6258001_S_GOS2059X2,0.98264903,brand_unit;legacy_block,
H5859001_S_ST2810,S6375001_S_9349254004053,0.99954280,brand_unit,
H5859001_S_ST2810,S6375001_S_9349254006286,0.95740630,brand_unit,
H5859001_S_ST2811,H5859001_S_ST2812,,brand_unit;legacy_block;semantic_topk,0.89559710
H5859001_S_ST2811,H5859001_S_ST2813,,brand_unit;legacy_block;semantic_topk,0.86536235
H5859001_S_ST2811,H5859001_S_ST2815,,brand_unit;legacy_block;semantic_topk,0.87617654
H5859001_S_ST2811,H5859001_S_ST2816,,brand_unit;legacy_block;semantic_topk,0.87019974
H5859001_S_ST2811,H5859001_S_ST2817,0.97638640,brand_unit;legacy_block,
H5859001_S_ST2811,H6167001_S_9349254002011,0.83922543,brand_unit,
H5859001_S_ST2811,H6167001_S_9349254002028,,brand_unit,
H5859001_S_ST2811,H6167001_S_9349254002035,,brand_unit,
H5859001_S_ST2811,H6167001_S_9349254002042,,brand_unit,
H5859001_S_ST2811,H6167001_S_9349254002059,,brand_unit,
H5859001_S_ST2811,H6167001_S_9349254004053,0.97978577,brand_unit,
H5859001_S_ST2811,H6167002_S_9349254002011,0.83922543,brand_unit,
H5859001_S_ST2811,H6167002_S_9349254002028,,brand_unit,
H5859001_S_ST2811,H6167002_S_9349254002035,,brand_unit,
H5859001_S_ST2811,H6167002_S_9349254002042,,brand_unit,
H5859001_S_ST2811,H6167002_S_9349254002059,,brand_unit,
H5859001_S_ST2811,H6167002_S_9349254004053,0.97978577,brand_unit,
H5859001_S_ST2811,H6173001_S_GOAT-SOAP-COCONUT,,brand_unit,
H5859001_S_ST2811,H7096001_S_9349254002011,0.83922543,brand_unit,
H5859001_S_ST2811,H7096001_S_9349254002028,,brand_unit,
H5859001_S_ST2811,H7096001_S_9349254002035,,brand_unit,
H5859001_S_ST2811,H8347001_S_GOAT-BP02,,brand_unit;legacy_block,
H5859001_S_ST2811,H8347001_S_GOAT-BP04,0.98772821,brand_unit,
H5859001_S_ST2811,H8347001_S_GOAT-BP05,,brand_unit;legacy_block,
H5859001_S_ST2811,H8347001_S_GOAT-BP06,,brand_unit,
H5859001_S_ST2811,H8347001_S_GOAT-BP08,0.41613219,brand_unit,
H5859001_S_ST2811,H8427001_S_9349254002011,0.98867642,brand_unit,
H5859001_S_ST2811,H8427001_S_9349254002028,,brand_unit,
H5859001_S_ST2811,H8427001_S_9349254002035,,brand_unit,
H5859001_S_ST2811,H8427001_S_9349254002042,,brand_unit,
H5859001_S_ST2811,H8427001_S_9349254002059,0.72593386,brand_unit,
H5859001_S_ST2811,H8427001_S_9349254002066,,brand_unit,
H5859001_S_ST2811,H8427001_S_9349254004053,0.93356222,brand_unit,
H5859001_S_ST2811,H8427001_S_9349254006286,,brand_unit,
H5859001_S_ST2811,H9250001_S_A9349254005005,,brand_unit;legacy_block,
H5859001_S_ST2811,S2232001_S_GOS2011X2,1.00000000,brand_unit;legacy_block,
H5859001_S_ST2811,S2232001_S_GOS2028X2,,brand_unit;legacy_block,
H5859001_S_ST2811,S2232001_S_GOS2042X2,,brand_unit;legacy_block,
H5859001_S_ST2811,S2232001_S_GOS2053X2,,brand_unit;legacy_block,
H5859001_S_ST2811,S2232001_S_GOS2059X2,,brand_unit;legacy_block,
H5859001_S_ST2811,S2232001_S_GOS2066X2,,brand_unit;legacy_block,
H5859001_S_ST2811,S2232001_S_GOS4053X2,,brand_unit;legacy_block,
H5859001_S_ST2811,S6258001_S_GOS2011X2,1.00000000,brand_unit;legacy_block,
H5859001_S_ST2811,S6258001_S_GOS2028X2,,brand_unit;legacy_block,
H5859001_S_ST2811,S6258001_S_GOS2042X2,,brand_unit;legacy_block,
H5859001_S_ST2811,S6258001_S_GOS2059X2,,brand_unit;legacy_block,
H5859001_S_ST2811,S6375001_S_9349254004053,0.89790551,brand_unit,
H5859001_S_ST2811,S6375001_S_9349254006286,,brand_unit,
H5859001_S_ST2812,H5859001_S_ST2813,,brand_unit;legacy_block;semantic_topk,0.86411220
H5859001_S_ST2812,H5859001_S_ST2815,,brand_unit;legacy_block;semantic_topk,0.87491095
H5859001_S_ST2812,H5859001_S_ST2816,0.03216426,brand_unit;legacy_block;semantic_topk,0.86894286
H5859001_S_ST2812,H5859001_S_ST2817,0.97638640,brand_unit;legacy_block,
H5859001_S_ST2812,H6167001_S_9349254002011,,brand_unit,
H5859001_S_ST2812,H6167001_S_9349254002028,,brand_unit,
H5859001_S_ST2812,H6167001_S_9349254002035,0.91273418,brand_unit,
H5859001_S_ST2812,H6167001_S_9349254002042,,brand_unit,
H5859001_S_ST2812,H6167001_S_9349254002059,0.48529562,brand_unit,
H5859001_S_ST2812,H6167001_S_9349254004053,0.98272794,brand_unit,
H5859001_S_ST2812,H6167002_S_9349254002011,,brand_unit,
H5859001_S_ST2812,H6167002_S_9349254002028,,brand_unit,
H5859001_S_ST2812,H6167002_S_9349254002035,0.91273418,brand_unit,
H5859001_S_ST2812,H6167002_S_9349254002042,,brand_unit,
H5859001_S_ST2812,H6167002_S_9349254002059,0.48529562,brand_unit,
H5859001_S_ST2812,H6167002_S_9349254004053,0.98272794,brand_unit,
H5859001_S_ST2812,H6173001_S_GOAT-SOAP-COCONUT,,brand_unit,
H5859001_S_ST2812,H7096001_S_9349254002011,,brand_unit,
H5859001_S_ST2812,H7096001_S_9349254002028,,brand_unit,
H5859001_S_ST2812,H7096001_S_9349254002035,0.91273418,brand_unit,
H5859001_S_ST2812,H8347001_S_GOAT-BP02,0.99937668,brand_unit;legacy_block,
H5859001_S_ST2812,H8347001_S_GOAT-BP04,,brand_unit,
H5859001_S_ST2812,H8347001_S_GOAT-BP05,,brand_unit;legacy_block,
H5859001_S_ST2812,H8347001_S_GOAT-BP06,0.97438363,brand_unit,
H5859001_S_ST2812,H8347001_S_GOAT-BP08,0.43520050,brand_unit,
H5859001_S_ST2812,H8427001_S_9349254002011,,brand_unit,
H5859001_S_ST2812,H8427001_S_9349254002028,,brand_unit,
H5859001_S_ST2812,H8427001_S_9349254002035,0.99930713,brand_unit,
H5859001_S_ST2812,H8427001_S_9349254002042,0.75939149,brand_unit,
H5859001_S_ST2812,H8427001_S_9349254002059,0.74413713,brand_unit,
H5859001_S_ST2812,H8427001_S_9349254002066,,brand_unit,
H5859001_S_ST2812,H8427001_S_9349254004053,0.94134340,brand_unit,
H5859001_S_ST2812,H8427001_S_9349254006286,,brand_unit,
H5859001_S_ST2812,H9250001_S_A9349254005005,0.60705711,brand_unit;legacy_block,
H5859001_S_ST2812,S2232001_S_GOS2011X2,,brand_unit;legacy_block,
H5859001_S_ST2812,S2232001_S_GOS2028X2,,brand_unit;legacy_block,
H5859001_S_ST2812,S2232001_S_GOS2042X2,0.98808774,brand_unit;legacy_block,
H5859001_S_ST2812,S2232001_S_GOS2053X2,1.00000000,brand_unit;legacy_block,
H5859001_S_ST2812,S2232001_S_GOS2059X2,0.97932260,brand_unit;legacy_block,
H5859001_S_ST2812,S2232001_S_GOS2066X2,,brand_unit;legacy_block,
H5859001_S_ST2812,S2232001_S_GOS4053X2,,brand_unit;legacy_block,
H5859001_S_ST2812,S6258001_S_GOS2011X2,,brand_unit;legacy_block,
H5859001_S_ST2812,S6258001_S_GOS2028X2,,brand_unit;legacy_block,
H5859001_S_ST2812,S6258001_S_GOS2042X2,0.98622835,brand_unit;legacy_block,
H5859001_S_ST2812,S6258001_S_GOS2059X2,0.97868060,brand_unit;legacy_block,
H5859001_S_ST2812,S6375001_S_9349254004053,0.90945777,brand_unit,
H5859001_S_ST2812,S6375001_S_9349254006286,,brand_unit,
H5859001_S_ST2813,H5859001_S_ST2815,,brand_unit;legacy_block;semantic_topk,0.84537464
H5859001_S_ST2813,H5859001_S_ST2816,,brand_unit;legacy_block;semantic_topk,0.83960825
H5859001_S_ST2813,H5859001_S_ST2817,0.97553744,brand_unit;legacy_block,
H5859001_S_ST2813,H6167001_S_9349254002011,,brand_unit,
H5859001_S_ST2813,H6167001_S_9349254002028,0.60253210,brand_unit,
H5859001_S_ST2813,H6167001_S_9349254002035,,brand_unit,
H5859001_S_ST2813,H6167001_S_9349254002042,,brand_unit,
H5859001_S_ST2813,H6167001_S_9349254002059,0.83786776,brand_unit,
H5859001_S_ST2813,H6167001_S_9349254004053,,brand_unit,
H5859001_S_ST2813,H6167002_S_9349254002011,,brand_unit,
H5859001_S_ST2813,H6167002_S_9349254002028,0.60253210,brand_unit,
H5859001_S_ST2813,H6167002_S_9349254002035,,brand_unit,
H5859001_S_ST2813,H6167002_S_9349254002042,,brand_unit,
H5859001_S_ST2813,H6167002_S_9349254002059,0.83786776,brand_unit,
H5859001_S_ST2813,H6167002_S_9349254004053,,brand_unit,
H5859001_S_ST2813,H6173001_S_GOAT-SOAP-COCONUT,,brand_unit,
H5859001_S_ST2813,H7096001_S_9349254002011,,brand_unit,
H5859001_S_ST2813,H7096001_S_9349254002028,0.60253210,brand_unit,
H5859001_S_ST2813,H7096001_S_9349254002035,,brand_unit,
H5859001_S_ST2813,H8347001_S_GOAT-BP02,,brand_unit;legacy_block,
H5859001_S_ST2813,H8347001_S_GOAT-BP04,,brand_unit,
H5859001_S_ST2813,H8347001_S_GOAT-BP05,0.97238945,brand_unit;legacy_block,
H5859001_S_ST2813,H8347001_S_GOAT-BP06,0.87400686,brand_unit,
H5859001_S_ST2813,H8347001_S_GOAT-BP08,,brand_unit,
H5859001_S_ST2813,H8427001_S_9349254002011,,brand_unit,
H5859001_S_ST2813,H8427001_S_9349254002028,0.93655651,brand_unit,
H5859001_S_ST2813,H8427001_S_9349254002035,,brand_unit,
H5859001_S_ST2813,H8427001_S_9349254002042,0.66664551,brand_unit,
H5859001_S_ST2813,H8427001_S_9349254002059,,brand_unit,
H5859001_S_ST2813,H8427001_S_9349254002066,,brand_unit,
H5859001_S_ST2813,H8427001_S_9349254004053,0.70497831,brand_unit,
H5859001_S_ST2813,H8427001_S_9349254006286,,brand_unit,
H5859001_S_ST2813,H9250001_S_A9349254005005,,brand_unit;legacy_block,
H5859001_S_ST2813,S2232001_S_GOS2011X2,,brand_unit;legacy_block,
H5859001_S_ST2813,S2232001_S_GOS2028X2,0.99778526,brand_unit;legacy_block,
H5859001_S_ST2813,S2232001_S_GOS2042X2,0.97490518,brand_unit;legacy_block,
H5859001_S_ST2813,S2232001_S_GOS2053X2,,brand_unit;legacy_block,
H5859001_S_ST2813,S2232001_S_GOS2059X2,,brand_unit;legacy_block,
H5859001_S_ST2813,S2232001_S_GOS2066X2,,brand_unit;legacy_block,
H5859001_S_ST2813,S2232001_S_GOS4053X2,,brand_unit;legacy_block,
H5859001_S_ST2813,S6258001_S_GOS2011X2,,brand_unit;legacy_block,
H5859001_S_ST2813,S6258001_S_GOS2028X2,0.99778526,brand_unit;legacy_block,
H5859001_S_ST2813,S6258001_S_GOS2042X2,0.94170420,brand_unit;legacy_block,
H5859001_S_ST2813,S6258001_S_GOS2059X2,,brand_unit;legacy_block,
H5859001_S_ST2813,S6375001_S_9349254004053,0.69486030,brand_unit,
H5859001_S_ST2813,S6375001_S_9349254006286,,brand_unit,
H5859001_S_ST2815,H5859001_S_ST2816,0.04492972,brand_unit;legacy_block;semantic_topk,0.89542168
H5859001_S_ST2815,H5859001_S_ST2817,0.98657032,brand_unit;legacy_block,
H5859001_S_ST2815,H6167001_S_9349254002011,,brand_unit,
H5859001_S_ST2815,H6167001_S_9349254002028,,brand_unit,
H5859001_S_ST2815,H6167001_S_9349254002035,,brand_unit,
H5859001_S_ST2815,H6167001_S_9349254002042,,brand_unit,
H5859001_S_ST2815,H6167001_S_9349254002059,0.75210722,brand_unit,
H5859001_S_ST2815,H6167001_S_9349254004053,0.98390813,brand_unit,
H5859001_S_ST2815,H6167002_S_9349254002011,,brand_unit,
H5859001_S_ST2815,H6167002_S_9349254002028,,brand_unit,
H5859001_S_ST2815,H6167002_S_9349254002035,,brand_unit,
H5859001_S_ST2815,H6167002_S_9349254002042,,brand_unit,
H5859001_S_ST2815,H6167002_S_9349254002059,0.75210722,brand_unit,
H5859001_S_ST2815,H6167002_S_9349254004053,0.98390813,brand_unit,
H5859001_S_ST2815,H6173001_S_GOAT-SOAP-COCONUT,1.00000000,brand_unit,
H5859001_S_ST2815,H7096001_S_9349254002011,,brand_unit,
H5859001_S_ST2815,H7096001_S_9349254002028,,brand_unit,
H5859001_S_ST2815,H7096001_S_9349254002035,,brand_unit,
H5859001_S_ST2815,H8347001_S_GOAT-BP02,,brand_unit;legacy_block,
H5859001_S_ST2815,H8347001_S_GOAT-BP04,,brand_unit,
H5859001_S_ST2815,H8347001_S_GOAT-BP05,,brand_unit;legacy_block,
H5859001_S_ST2815,H8347001_S_GOAT-BP06,,brand_unit,
H5859001_S_ST2815,H8347001_S_GOAT-BP08,0.67644966,brand_unit,
H5859001_S_ST2815,H8427001_S_9349254002011,,brand_unit,
H5859001_S_ST2815,H8427001_S_9349254002028,,brand_unit,
H5859001_S_ST2815,H8427001_S_9349254002035,,brand_unit,
H5859001_S_ST2815,H8427001_S_9349254002042,,brand_unit,
H5859001_S_ST2815,H8427001_S_9349254002059,0.91509990,brand_unit,
H5859001_S_ST2815,H8427001_S_9349254002066,1.00000000,brand_unit,
H5859001_S_ST2815,H8427001_S_9349254004053,0.94726881,brand_unit,
H5859001_S_ST2815,H8427001_S_9349254006286,,brand_unit,
H5859001_S_ST2815,H9250001_S_A9349254005005,0.90625812,brand_unit;legacy_block,
H5859001_S_ST2815,S2232001_S_GOS2011X2,,brand_unit;legacy_block,
H5859001_S_ST2815,S2232001_S_GOS2028X2,,brand_unit;legacy_block,
H5859001_S_ST2815,S2232001_S_GOS2042X2,,brand_unit;legacy_block,
H5859001_S_ST2815,S2232001_S_GOS2053X2,,brand_unit;legacy_block,
H5859001_S_ST2815,S2232001_S_GOS2059X2,0.98842838,brand_unit;legacy_block,
H5859001_S_ST2815,S2232001_S_GOS2066X2,1.00000000,brand_unit;legacy_block,
H5859001_S_ST2815,S2232001_S_GOS4053X2,,brand_unit;legacy_block,
H5859001_S_ST2815,S6258001_S_GOS2011X2,,brand_unit;legacy_block,
H5859001_S_ST2815,S6258001_S_GOS2028X2,,brand_unit;legacy_block,
H5859001_S_ST2815,S6258001_S_GOS2042X2,,brand_unit;legacy_block,
H5859001_S_ST2815,S6258001_S_GOS2059X2,0.98842838,brand_unit;legacy_block,
H5859001_S_ST2815,S6375001_S_9349254004053,0.93853346,brand_unit,
H5859001_S_ST2815,S6375001_S_9349254006286,,brand_unit,
H5859001_S_ST2816,H5859001_S_ST2817,0.97587932,brand_unit;legacy_block,
H5859001_S_ST2816,H6167001_S_9349254002011,0.75070619,brand_unit,
H5859001_S_ST2816,H6167001_S_9349254002028,,brand_unit,
H5859001_S_ST2816,H6167001_S_9349254002035,0.67026821,brand_unit,
H5859001_S_ST2816,H6167001_S_9349254002042,,brand_unit,
H5859001_S_ST2816,H6167001_S_9349254002059,0.52874138,brand_unit,
H5859001_S_ST2816,H6167001_S_9349254004053,0.98115184,brand_unit,
H5859001_S_ST2816,H6167002_S_9349254002011,0.75070619,brand_unit,
H5859001_S_ST2816,H6167002_S_9349254002028,,brand_unit,
H5859001_S_ST2816,H6167002_S_9349254002035,0.67026821,brand_unit,
H5859001_S_ST2816,H6167002_S_9349254002042,,brand_unit,
H5859001_S_ST2816,H6167002_S_9349254002059,0.52874138,brand_unit,
H5859001_S_ST2816,H6167002_S_9349254004053,0.98115184,brand_unit,
H5859001_S_ST2816,H6173001_S_GOAT-SOAP-COCONUT,0.15344328,brand_unit,
H5859001_S_ST2816,H7096001_S_9349254002011,0.75070619,brand_unit,
H5859001_S_ST2816,H7096001_S_9349254002028,,brand_unit,
H5859001_S_ST2816,H7096001_S_9349254002035,0.67026821,brand_unit,
H5859001_S_ST2816,H8347001_S_GOAT-BP02,0.99726547,brand_unit;legacy_block,
H5859001_S_ST2816,H8347001_S_GOAT-BP04,0.90293927,brand_unit,
H5859001_S_ST2816,H8347001_S_GOAT-BP05,,brand_unit;legacy_block,
H5859001_S_ST2816,H8347001_S_GOAT-BP06,0.92357349,brand_unit,
H5859001_S_ST2816,H8347001_S_GOAT-BP08,0.41662840,brand_unit,
H5859001_S_ST2816,H8427001_S_9349254002011,0.94178224,brand_unit,
H5859001_S_ST2816,H8427001_S_9349254002028,,brand_unit,
H5859001_S_ST2816,H8427001_S_9349254002035,0.94178224,brand_unit,
H5859001_S_ST2816,H8427001_S_9349254002042,0.74824303,brand_unit,
H5859001_S_ST2816,H8427001_S_9349254002059,0.74169115,brand_unit,
H5859001_S_ST2816,H8427001_S_9349254002066,0.89260072,brand_unit,
H5859001_S_ST2816,H8427001_S_9349254004053,0.93455374,brand_unit,
H5859001_S_ST2816,H8427001_S_9349254006286,0.97712148,brand_unit,
H5859001_S_ST2816,H9250001_S_A9349254005005,,brand_unit;legacy_block,
H5859001_S_ST2816,S2232001_S_GOS2011X2,,brand_unit;legacy_block,
H5859001_S_ST2816,S2232001_S_GOS2028X2,,brand_unit;legacy_block,
H5859001_S_ST2816,S2232001_S_GOS2042X2,0.99356262,brand_unit;legacy_block,
H5859001_S_ST2816,S2232001_S_GOS2053X2,0.99092147,brand_unit;legacy_block,
H5859001_S_ST2816,S2232001_S_GOS2059X2,0.99582535,brand_unit;legacy_block,
H5859001_S_ST2816,S2232001_S_GOS2066X2,0.99264751,brand_unit;legacy_block,
H5859001_S_ST2816,S2232001_S_GOS4053X2,,brand_unit;legacy_block,
H5859001_S_ST2816,S6258001_S_GOS2011X2,,brand_unit;legacy_block,
H5859001_S_ST2816,S6258001_S_GOS2028X2,,brand_unit;legacy_block,
H5859001_S_ST2816,S6258001_S_GOS2042X2,0.99231688,brand_unit;legacy_block,
H5859001_S_ST2816,S6258001_S_GOS2059X2,0.99473474,brand_unit;legacy_block,
H5859001_S_ST2816,S6375001_S_9349254004053,0.89790551,brand_unit,
H5859001_S_ST2816,S6375001_S_9349254006286,0.97410490,brand_unit,
H5859001_S_ST2817,H6167001_S_9349254002011,0.87424299,brand_unit,
H5859001_S_ST2817,H6167001_S_9349254002028,,brand_unit,
H5859001_S_ST2817,H6167001_S_9349254002035,0.88533859,brand_unit,
H5859001_S_ST2817,H6167001_S_9349254002042,,brand_unit,
H5859001_S_ST2817,H6167001_S_9349254002059,0.88537782,brand_unit,
H5859001_S_ST2817,H6167001_S_9349254004053,0.99473947,brand_unit,
H5859001_S_ST2817,H6167002_S_9349254002011,0.87424299,brand_unit,
H5859001_S_ST2817,H6167002_S_9349254002028,,brand_unit,
H5859001_S_ST2817,H6167002_S_9349254002035,0.88533859,brand_unit,
H5859001_S_ST2817,H6167002_S_9349254002042,,brand_unit,
H5859001_S_ST2817,H6167002_S_9349254002059,0.88537782,brand_unit,
H5859001_S_ST2817,H6167002_S_9349254004053,0.99473947,brand_unit,
H5859001_S_ST2817,H6173001_S_GOAT-SOAP-COCONUT,0.15640848,brand_unit,
H5859001_S_ST2817,H7096001_S_9349254002011,0.87424299,brand_unit,
H5859001_S_ST2817,H7096001_S_9349254002028,,brand_unit,
H5859001_S_ST2817,H7096001_S_9349254002035,0.88533859,brand_unit,
H5859001_S_ST2817,H8347001_S_GOAT-BP02,0.99809816,brand_unit;legacy_block,
H5859001_S_ST2817,H8347001_S_GOAT-BP04,0.99790394,brand_unit,
H5859001_S_ST2817,H8347001_S_GOAT-BP05,0.99700898,brand_unit;legacy_block,
H5859001_S_ST2817,H8347001_S_GOAT-BP06,0.99649116,brand_unit,
H5859001_S_ST2817,H8347001_S_GOAT-BP08,0.98850034,brand_unit,
H5859001_S_ST2817,H8427001_S_9349254002011,0.99673396,brand_unit,
H5859001_S_ST2817,H8427001_S_9349254002028,0.99673396,brand_unit,
H5859001_S_ST2817,H8427001_S_9349254002035,0.99673396,brand_unit,
H5859001_S_ST2817,H8427001_S_9349254002042,0.99250562,brand_unit,
H5859001_S_ST2817,H8427001_S_9349254002059,0.92193191,brand_unit,
H5859001_S_ST2817,H8427001_S_9349254002066,0.98902450,brand_unit,
H5859001_S_ST2817,H8427001_S_9349254004053,0.99984098,brand_unit,
H5859001_S_ST2817,H8427001_S_9349254006286,0.97407006,brand_unit,
H5859001_S_ST2817,H9250001_S_A9349254005005,0.00952389,brand_unit;legacy_block,
H5859001_S_ST2817,S2232001_S_GOS2011X2,0.87143262,brand_unit;legacy_block,
H5859001_S_ST2817,S2232001_S_GOS2028X2,0.98230777,brand_unit;legacy_block,
H5859001_S_ST2817,S2232001_S_GOS2042X2,0.72091919,brand_unit;legacy_block,
H5859001_S_ST2817,S2232001_S_GOS2053X2,0.79759521,brand_unit;legacy_block,
H5859001_S_ST2817,S2232001_S_GOS2059X2,0.32236375,brand_unit;legacy_block,
H5859001_S_ST2817,S2232001_S_GOS2066X2,0.95525785,brand_unit;legacy_block,
H5859001_S_ST2817,S2232001_S_GOS4053X2,,brand_unit;legacy_block,
H5859001_S_ST2817,S6258001_S_GOS2011X2,0.87143262,brand_unit;legacy_block,
H5859001_S_ST2817,S6258001_S_GOS2028X2,0.98230777,brand_unit;legacy_block,
H5859001_S_ST2817,S6258001_S_GOS2042X2,0.68491941,brand_unit;legacy_block,
H5859001_S_ST2817,S6258001_S_GOS2059X2,0.99068293,brand_unit;legacy_block,
H5859001_S_ST2817,S6375001_S_9349254004053,0.99978276,brand_unit,
H5859001_S_ST2817,S6375001_S_9349254006286,0.97066322,brand_unit,
H5859001_S_ST3136,H5859001_S_ST3717,,brand_unit;legacy_block;semantic_topk,0.46223915
H5859001_S_ST3136,H5985001_S_018565_809280018565,,brand_unit;legacy_block,
H5859001_S_ST3136,H8976001_S_809280018565,,brand_unit;legacy_block,
H5859001_S_ST3136,H8976001_S_809280018572,0.99772812,brand_unit;legacy_block,
H5859001_S_ST3136,H8976001_S_809280018602,0.38219594,brand_unit;legacy_block,
H5859001_S_ST3136,H8976001_S_809280018619,,brand_unit;legacy_block,
H5859001_S_ST3717,H5985001_S_018565_809280018565,,brand_unit;legacy_block,
H5859001_S_ST3717,H8976001_S_809280018565,,brand_unit;legacy_block,
H5859001_S_ST3717,H8976001_S_809280018572,,brand_unit;legacy_block,
H5859001_S_ST3717,H8976001_S_809280018602,0.21154717,brand_unit;legacy_block,
H5859001_S_ST3717,H8976001_S_809280018619,0.99777802,brand_unit;legacy_block,
H5866001_S_ALEPIA-001,H5866001_S_ALEPIA-002,0.99910689,brand_unit;legacy_block;semantic_topk,0.75394994
H5866001_S_ALEPIA-001,H5866001_S_ALEPIA-004,0.99933626,brand_unit;legacy_block;semantic_topk,0.69251603
H5866001_S_ALEPIA-001,H5866001_S_ALEPIA-005,0.99778139,brand_unit;legacy_block,
H5866001_S_ALEPIA-001,H6869001_S_ALEPIA-001,0.98515463,brand_unit;legacy_block,
H5866001_S_ALEPIA-001,H6869001_S_ALEPIA-002,0.99683401,brand_unit;legacy_block,
H5866001_S_ALEPIA-001,H6869001_S_ALEPIA-004,0.99746500,brand_unit;legacy_block,
H5866001_S_ALEPIA-001,H6869001_S_ALEPIA-005,0.99757370,brand_unit;legacy_block,
H5866001_S_ALEPIA-001,H7114002_S_Alepia-1,,brand_unit;legacy_block,
H5866001_S_ALEPIA-001,H7114002_S_Alepia-25,,brand_unit;legacy_block,
H5866001_S_ALEPIA-001,H7114002_S_Alepia-40,,brand_unit;legacy_block,
H5866001_S_ALEPIA-001,H7542001_S_AL002,0.99600031,brand_unit;legacy_block,
H5866001_S_ALEPIA-001,H9737001_S_nm_alepia_aleppo_soap_25,,brand_unit;legacy_block,
H5866001_S_ALEPIA-001,S6114001_S_ALEPIA-001,0.74398635,brand_unit;legacy_block,
H5866001_S_ALEPIA-001,S6114001_S_ALEPIA-002,0.88497170,brand_unit;legacy_block,
H5866001_S_ALEPIA-001,S6114001_S_ALEPIA-005,0.75147752,brand_unit;legacy_block,
H5866001_S_ALEPIA-001,S6114001_S_ALEPIA-107,0.97516403,brand_unit;legacy_block,
H5866001_S_ALEPIA-002,H5866001_S_ALEPIA-004,0.99910689,brand_unit;legacy_block;semantic_topk,0.77716041
H5866001_S_ALEPIA-002,H5866001_S_ALEPIA-005,0.99804419,brand_unit;legacy_block,
H5866001_S_ALEPIA-002,H6869001_S_ALEPIA-001,0.99777842,brand_unit;legacy_block,
H5866001_S_ALEPIA-002,H6869001_S_ALEPIA-002,0.99660586,brand_unit;legacy_block,
H5866001_S_ALEPIA-002,H6869001_S_ALEPIA-004,0.99683401,brand_unit;legacy_block,
H5866001_S_ALEPIA-002,H6869001_S_ALEPIA-005,0.99746500,brand_unit;legacy_block,
H5866001_S_ALEPIA-002,H7114002_S_Alepia-1,,brand_unit;legacy_block,
H5866001_S_ALEPIA-002,H7114002_S_Alepia-25,,brand_unit;legacy_block,
H5866001_S_ALEPIA-002,H7114002_S_Alepia-40,,brand_unit;legacy_block,
H5866001_S_ALEPIA-002,H7542001_S_AL002,0.99701501,brand_unit;legacy_block,
H5866001_S_ALEPIA-002,H9737001_S_nm_alepia_aleppo_soap_25,,brand_unit;legacy_block,
H5866001_S_ALEPIA-002,S6114001_S_ALEPIA-001,0.74398635,brand_unit;legacy_block,
H5866001_S_ALEPIA-002,S6114001_S_ALEPIA-002,0.69407166,brand_unit;legacy_block,
H5866001_S_ALEPIA-002,S6114001_S_ALEPIA-005,0.75147752,brand_unit;legacy_block,
H5866001_S_ALEPIA-002,S6114001_S_ALEPIA-107,0.97516403,brand_unit;legacy_block,
H5866001_S_ALEPIA-004,H5866001_S_ALEPIA-005,0.99815158,brand_unit;legacy_block,
H5866001_S_ALEPIA-004,H6869001_S_ALEPIA-001,0.99634945,brand_unit;legacy_block,
H5866001_S_ALEPIA-004,H6869001_S_ALEPIA-002,0.99634945,brand_unit;legacy_block,
H5866001_S_ALEPIA-004,H6869001_S_ALEPIA-004,0.99660586,brand_unit;legacy_block,
H5866001_S_ALEPIA-004,H6869001_S_ALEPIA-005,0.99757370,brand_unit;legacy_block,
H5866001_S_ALEPIA-004,H7114002_S_Alepia-1,,brand_unit;legacy_block,
H5866001_S_ALEPIA-004,H7114002_S_Alepia-25,,brand_unit;legacy_block,
H5866001_S_ALEPIA-004,H7114002_S_Alepia-40,,brand_unit;legacy_block,
H5866001_S_ALEPIA-004,H7542001_S_AL002,0.99666823,brand_unit;legacy_block,
H5866001_S_ALEPIA-004,H9737001_S_nm_alepia_aleppo_soap_25,,brand_unit;legacy_block,
H5866001_S_ALEPIA-004,S6114001_S_ALEPIA-001,0.78085609,brand_unit;legacy_block,
H5866001_S_ALEPIA-004,S6114001_S_ALEPIA-002,0.78085609,brand_unit;legacy_block,
H5866001_S_ALEPIA-004,S6114001_S_ALEPIA-005,0.74398635,brand_unit;legacy_block,
H5866001_S_ALEPIA-004,S6114001_S_ALEPIA-107,0.97650892,brand_unit;legacy_block,
H5866001_S_ALEPIA-005,H6869001_S_ALEPIA-001,,brand_unit;legacy_block,
H5866001_S_ALEPIA-005,H6869001_S_ALEPIA-002,,brand_unit;legacy_block,
H5866001_S_ALEPIA-005,H6869001_S_ALEPIA-004,,brand_unit;legacy_block,
H5866001_S_ALEPIA-005,H6869001_S_ALEPIA-005,,brand_unit;legacy_block,
H5866001_S_ALEPIA-005,H7114002_S_Alepia-1,,brand_unit;legacy_block,
H5866001_S_ALEPIA-005,H7114002_S_Alepia-25,,brand_unit;legacy_block,
H5866001_S_ALEPIA-005,H7114002_S_Alepia-40,,brand_unit;legacy_block,
H5866001_S_ALEPIA-005,H7542001_S_AL002,0.99884331,brand_unit;legacy_block,
H5866001_S_ALEPIA-005,H9737001_S_nm_alepia_aleppo_soap_25,0.02084451,brand_unit;legacy_block,
H5866001_S_ALEPIA-005,S6114001_S_ALEPIA-001,0.99610189,brand_unit;legacy_block;semantic_topk,0.41206160
H5866001_S_ALEPIA-005,S6114001_S_ALEPIA-002,0.99762628,brand_unit;legacy_block,
H5866001_S_ALEPIA-005,S6114001_S_ALEPIA-005,0.99953919,brand_unit;legacy_block;semantic_topk,0.43830371
H5866001_S_ALEPIA-005,S6114001_S_ALEPIA-107,0.97850404,brand_unit;legacy_block,
H5922001_S_SM01,H5922001_S_SM10,,brand_unit;legacy_block;semantic_topk,0.84600890
H5922001_S_SOC01,H5922001_S_SOC03,0.16506228,brand_unit;legacy_block;semantic_topk,0.92325348
H5922001_S_SOC01,H5922001_S_SOC05,0.00871049,brand_unit;legacy_block;semantic_topk,0.91439658
H5922001_S_SOC01,H5922001_S_SOC09,0.02156078,brand_unit;legacy_block;semantic_topk,0.91037720
H5922001_S_SOC03,H5922001_S_SOC05,0.00736351,brand_unit;legacy_block;semantic_topk,0.88621992
H5922001_S_SOC03,H5922001_S_SOC09,0.00432842,brand_unit;legacy_block;semantic_topk,0.87575936
H5922001_S_SOC05,H5922001_S_SOC09,,brand_unit;legacy_block;semantic_topk,0.88770682
H5922001_S_SOL003,H5922001_S_SOL007,,brand_unit;legacy_block;semantic_topk,0.95858270
H5922001_S_SOL003,H5922001_S_SOL031,,brand_unit;legacy_block;semantic_topk,0.96633202
H5922001_S_SOL003,H5922001_S_SOL037,0.18044032,brand_unit;legacy_block;semantic_topk,0.94493479
H5922001_S_SOL003,H5922001_S_SOL038,0.12310821,brand_unit;legacy_block;semantic_topk,0.95767593
H5922001_S_SOL003,H5922001_S_SOL047,0.18448352,brand_unit;legacy_block;semantic_topk,0.95801091
H5922001_S_SOL003,H5922001_S_SOL050,0.06963651,brand_unit;legacy_block;semantic_topk,0.95658970
H5922001_S_SOL003,H5922001_S_SOL054,,brand_unit;legacy_block;semantic_topk,0.96477556
H5922001_S_SOL003,H5922001_S_SOL056,,brand_unit;legacy_block;semantic_topk,0.96796161
H5922001_S_SOL003,H5922001_S_SOL057,,brand_unit;legacy_block;semantic_topk,0.96404856
H5922001_S_SOL003,H5922001_S_SOL065,,brand_unit;legacy_block;semantic_topk,0.96636367
H5922001_S_SOL003,H5922001_S_SOL066,0.06963651,brand_unit;legacy_block;semantic_topk,0.95062810
H5922001_S_SOL003,H5922001_S_SOL070,0.20992088,brand_unit;legacy_block;semantic_topk,0.97206700
H5922001_S_SOL003,H5922001_S_SOL072,,brand_unit;legacy_block;semantic_topk,0.96586359
H5922001_S_SOL003,H5922001_S_SOL079,,brand_unit;legacy_block;semantic_topk,0.96817839
H5922001_S_SOL003,H5922001_S_SOL093,,brand_unit;legacy_block;semantic_topk,0.95972860
H5922001_S_SOL003,H5922001_S_SOL106,0.06937998,brand_unit;legacy_block;semantic_topk,0.96616733
H5922001_S_SOL003,H5922001_S_SOL126,,brand_unit;legacy_block;semantic_topk,0.95842713
H5922001_S_SOL003,H5922001_S_SOL132,0.12650673,brand_unit;legacy_block;semantic_topk,0.94444549
H5922001_S_SOL007,H5922001_S_SOL031,0.05545064,brand_unit;legacy_block;semantic_topk,0.95663649
H5922001_S_SOL007,H5922001_S_SOL037,0.06825235,brand_unit;legacy_block;semantic_topk,0.93545407
H5922001_S_SOL007,H5922001_S_SOL038,0.06102529,brand_unit;legacy_block;semantic_topk,0.94806641
H5922001_S_SOL007,H5922001_S_SOL047,0.05258957,brand_unit;legacy_block;semantic_topk,0.94839966
H5922001_S_SOL007,H5922001_S_SOL050,0.05258957,brand_unit;legacy_block;semantic_topk,0.94699246
H5922001_S_SOL007,H5922001_S_SOL054,0.04876981,brand_unit;legacy_block;semantic_topk,0.95509386
H5922001_S_SOL007,H5922001_S_SOL056,0.04876981,brand_unit;legacy_block;semantic_topk,0.95824957
H5922001_S_SOL007,H5922001_S_SOL057,0.08421502,brand_unit;legacy_block;semantic_topk,0.95437634
H5922001_S_SOL007,H5922001_S_SOL065,0.06710698,brand_unit;legacy_block;semantic_topk,0.95666879
H5922001_S_SOL007,H5922001_S_SOL066,0.06210724,brand_unit;legacy_block;semantic_topk,0.94109142
H5922001_S_SOL007,H5922001_S_SOL070,0.05545064,brand_unit;legacy_block;semantic_topk,0.96231323
H5922001_S_SOL007,H5922001_S_SOL072,0.06710698,brand_unit;legacy_block;semantic_topk,0.95617288
H5922001_S_SOL007,H5922001_S_SOL079,0.06710698,brand_unit;legacy_block;semantic_topk,0.95846373
H5922001_S_SOL007,H5922001_S_SOL093,0.08421502,brand_unit;legacy_block;semantic_topk,0.95010018
H5922001_S_SOL007,H5922001_S_SOL106,0.04876981,brand_unit;legacy_block;semantic_topk,0.95647317
H5922001_S_SOL007,H5922001_S_SOL126,0.07298477,brand_unit;legacy_block;semantic_topk,0.94881034
H5922001_S_SOL007,H5922001_S_SOL132,0.07573476,brand_unit;legacy_block;semantic_topk,0.93497127
H5922001_S_SOL031,H5922001_S_SOL037,0.18044032,brand_unit;legacy_block;semantic_topk,0.94301480
H5922001_S_SOL031,H5922001_S_SOL038,0.12309401,brand_unit;legacy_block;semantic_topk,0.95573145
H5922001_S_SOL031,H5922001_S_SOL047,0.18448352,brand_unit;legacy_block;semantic_topk,0.95606220
H5922001_S_SOL031,H5922001_S_SOL050,0.06963651,brand_unit;legacy_block;semantic_topk,0.95464492
H5922001_S_SOL031,H5922001_S_SOL054,,brand_unit;legacy_block;semantic_topk,0.96281624
H5922001_S_SOL031,H5922001_S_SOL056,,brand_unit;legacy_block;semantic_topk,0.96752274
H5922001_S_SOL031,H5922001_S_SOL057,,brand_unit;legacy_block;semantic_topk,0.96973473
H5922001_S_SOL031,H5922001_S_SOL065,,brand_unit;legacy_block;semantic_topk,0.96439916
H5922001_S_SOL031,H5922001_S_SOL066,0.05756791,brand_unit;legacy_block;semantic_topk,0.94869381
H5922001_S_SOL031,H5922001_S_SOL070,0.20992088,brand_unit;legacy_block;semantic_topk,0.97009248
H5922001_S_SOL031,H5922001_S_SOL072,,brand_unit;legacy_block;semantic_topk,0.96390176
H5922001_S_SOL031,H5922001_S_SOL079,,brand_unit;legacy_block;semantic_topk,0.96621192
H5922001_S_SOL031,H5922001_S_SOL093,0.18243278,brand_unit;legacy_block;semantic_topk,0.95777786
H5922001_S_SOL031,H5922001_S_SOL106,0.06937998,brand_unit;legacy_block;semantic_topk,0.96420449
H5922001_S_SOL031,H5922001_S_SOL126,0.06034232,brand_unit;legacy_block;semantic_topk,0.95648032
H5922001_S_SOL031,H5922001_S_SOL132,0.12650673,brand_unit;legacy_block;semantic_topk,0.94252318
H5922001_S_SOL037,H5922001_S_SOL038,0.15713879,brand_unit;legacy_block;semantic_topk,0.93456829
H5922001_S_SOL037,H5922001_S_SOL047,0.17222709,brand_unit;legacy_block;semantic_topk,0.93488997
H5922001_S_SOL037,H5922001_S_SOL050,0.06223058,brand_unit;legacy_block;semantic_topk,0.93350530
H5922001_S_SOL037,H5922001_S_SOL054,0.17418754,brand_unit;legacy_block;semantic_topk,0.94149715
H5922001_S_SOL037,H5922001_S_SOL056,,brand_unit;legacy_block;semantic_topk,0.94460410
H5922001_S_SOL037,H5922001_S_SOL057,,brand_unit;legacy_block;semantic_topk,0.94078594
H5922001_S_SOL037,H5922001_S_SOL065,0.18044032,brand_unit;legacy_block;semantic_topk,0.94304341
H5922001_S_SOL037,H5922001_S_SOL066,0.10578826,brand_unit;legacy_block;semantic_topk,0.92768437
H5922001_S_SOL037,H5922001_S_SOL070,0.06414474,brand_unit;legacy_block;semantic_topk,0.94861180
H5922001_S_SOL037,H5922001_S_SOL072,0.18044032,brand_unit;legacy_block;semantic_topk,0.94255745
H5922001_S_SOL037,H5922001_S_SOL079,0.18044032,brand_unit;legacy_block;semantic_topk,0.94481683
H5922001_S_SOL037,H5922001_S_SOL093,0.16825199,brand_unit;legacy_block;semantic_topk,0.93656862
H5922001_S_SOL037,H5922001_S_SOL106,0.06458902,brand_unit;legacy_block;semantic_topk,0.94285333
H5922001_S_SOL037,H5922001_S_SOL126,0.05581642,brand_unit;legacy_block;semantic_topk,0.93530059
H5922001_S_SOL037,H5922001_S_SOL132,0.06223058,brand_unit;legacy_block;semantic_topk,0.92165047
H5922001_S_SOL038,H5922001_S_SOL047,0.24875753,brand_unit;legacy_block;semantic_topk,0.94750249
H5922001_S_SOL038,H5922001_S_SOL050,0.09552364,brand_unit;legacy_block;semantic_topk,0.94609600
H5922001_S_SOL038,H5922001_S_SOL054,0.13918043,brand_unit;legacy_block;semantic_topk,0.95419145
H5922001_S_SOL038,H5922001_S_SOL056,0.13918043,brand_unit;legacy_block;semantic_topk,0.95734280
H5922001_S_SOL038,H5922001_S_SOL057,0.16461090,brand_unit;legacy_block;semantic_topk,0.95347279
H5922001_S_SOL038,H5922001_S_SOL065,0.12310821,brand_unit;legacy_block;semantic_topk,0.95576334
H5922001_S_SOL038,H5922001_S_SOL066,0.06102529,brand_unit;legacy_block;semantic_topk,0.93942463
H5922001_S_SOL038,H5922001_S_SOL070,0.04895414,brand_unit;legacy_block;semantic_topk,0.96140295
H5922001_S_SOL038,H5922001_S_SOL072,0.12310821,brand_unit;legacy_block;semantic_topk,0.95526862
H5922001_S_SOL038,H5922001_S_SOL079,0.12310821,brand_unit;legacy_block;semantic_topk,0.95755798
H5922001_S_SOL038,H5922001_S_SOL093,,brand_unit;legacy_block;semantic_topk,0.94920099
H5922001_S_SOL038,H5922001_S_SOL106,0.04711919,brand_unit;legacy_block;semantic_topk,0.95556796
H5922001_S_SOL038,H5922001_S_SOL126,,brand_unit;legacy_block;semantic_topk,0.94791293
H5922001_S_SOL038,H5922001_S_SOL132,0.06458902,brand_unit;legacy_block;semantic_topk,0.93408626
H5922001_S_SOL047,H5922001_S_SOL050,0.77859293,brand_unit;legacy_block;semantic_topk,0.96767479
H5922001_S_SOL047,H5922001_S_SOL054,0.18843135,brand_unit;legacy_block;semantic_topk,0.95452821
H5922001_S_SOL047,H5922001_S_SOL056,0.18843135,brand_unit;legacy_block;semantic_topk,0.95767230
H5922001_S_SOL047,H5922001_S_SOL057,0.14823877,brand_unit;legacy_block;semantic_topk,0.95380116
H5922001_S_SOL047,H5922001_S_SOL065,0.18448352,brand_unit;legacy_block;semantic_topk,0.95608342
H5922001_S_SOL047,H5922001_S_SOL066,0.63195146,brand_unit;legacy_block;semantic_topk,0.94050598
H5922001_S_SOL047,H5922001_S_SOL070,0.65250668,brand_unit;legacy_block;semantic_topk,0.96173888
H5922001_S_SOL047,H5922001_S_SOL072,0.18448352,brand_unit;legacy_block;semantic_topk,0.95559907
H5922001_S_SOL047,H5922001_S_SOL079,0.18448352,brand_unit;legacy_block;semantic_topk,0.95788908
H5922001_S_SOL047,H5922001_S_SOL093,0.14823877,brand_unit;legacy_block;semantic_topk,0.94952118
H5922001_S_SOL047,H5922001_S_SOL106,0.65250668,brand_unit;legacy_block;semantic_topk,0.95589781
H5922001_S_SOL047,H5922001_S_SOL126,0.04721426,brand_unit;legacy_block;semantic_topk,0.94824100
H5922001_S_SOL047,H5922001_S_SOL132,0.72206056,brand_unit;legacy_block;semantic_topk,0.93438780
H5922001_S_SOL050,H5922001_S_SOL054,0.06963651,brand_unit;legacy_block;semantic_topk,0.95311171
H5922001_S_SOL050,H5922001_S_SOL056,0.06963651,brand_unit;legacy_block;semantic_topk,0.95625377
H5922001_S_SOL050,H5922001_S_SOL057,0.05258957,brand_unit;legacy_block;semantic_topk,0.95238811
H5922001_S_SOL050,H5922001_S_SOL065,0.06963651,brand_unit;legacy_block;semantic_topk,0.95466977
H5922001_S_SOL050,H5922001_S_SOL066,0.63195146,brand_unit;legacy_block;semantic_topk,0.93911684
H5922001_S_SOL050,H5922001_S_SOL070,0.65250668,brand_unit;legacy_block;semantic_topk,0.96031249
H5922001_S_SOL050,H5922001_S_SOL072,0.06963651,brand_unit;legacy_block;semantic_topk,0.95418262
H5922001_S_SOL050,H5922001_S_SOL079,0.06963651,brand_unit;legacy_block;semantic_topk,0.95646918
H5922001_S_SOL050,H5922001_S_SOL093,0.05258957,brand_unit;legacy_block;semantic_topk,0.94811642
H5922001_S_SOL050,H5922001_S_SOL106,0.60512449,brand_unit;legacy_block;semantic_topk,0.95448053
H5922001_S_SOL050,H5922001_S_SOL126,0.04721426,brand_unit;legacy_block;semantic_topk,0.94683558
H5922001_S_SOL050,H5922001_S_SOL132,0.72206056,brand_unit;legacy_block;semantic_topk,0.93300790
H5922001_S_SOL054,H5922001_S_SOL056,,brand_unit;legacy_block;semantic_topk,0.96443957
H5922001_S_SOL054,H5922001_S_SOL057,,brand_unit;legacy_block;semantic_topk,0.96054143
H5922001_S_SOL054,H5922001_S_SOL065,,brand_unit;legacy_block;semantic_topk,0.96284986
H5922001_S_SOL054,H5922001_S_SOL066,0.05460391,brand_unit;legacy_block;semantic_topk,0.94717306
H5922001_S_SOL054,H5922001_S_SOL070,0.08194418,brand_unit;legacy_block;semantic_topk,0.96853042
H5922001_S_SOL054,H5922001_S_SOL072,,brand_unit;legacy_block;semantic_topk,0.96234953
H5922001_S_SOL054,H5922001_S_SOL079,,brand_unit;legacy_block;semantic_topk,0.96465617
H5922001_S_SOL054,H5922001_S_SOL093,,brand_unit;legacy_block;semantic_topk,0.95623833
H5922001_S_SOL054,H5922001_S_SOL106,0.11794705,brand_unit;legacy_block;semantic_topk,0.96265203
H5922001_S_SOL054,H5922001_S_SOL126,,brand_unit;legacy_block;semantic_topk,0.95494026
H5922001_S_SOL054,H5922001_S_SOL132,0.09124316,brand_unit;legacy_block;semantic_topk,0.94101381
H5922001_S_SOL056,H5922001_S_SOL057,0.74684006,brand_unit;legacy_block;semantic_topk,0.97946846
H5922001_S_SOL056,H5922001_S_SOL065,,brand_unit;legacy_block;semantic_topk,0.96287006
H5922001_S_SOL056,H5922001_S_SOL066,0.05460391,brand_unit;legacy_block;semantic_topk,0.95029163
H5922001_S_SOL056,H5922001_S_SOL070,0.08194418,brand_unit;legacy_block;semantic_topk,0.97172880
H5922001_S_SOL056,H5922001_S_SOL072,,brand_unit;legacy_block;semantic_topk,0.96747100
H5922001_S_SOL056,H5922001_S_SOL079,,brand_unit;legacy_block;semantic_topk,0.96784073
H5922001_S_SOL056,H5922001_S_SOL093,,brand_unit;legacy_block;semantic_topk,0.95939183
H5922001_S_SOL056,H5922001_S_SOL106,0.11794705,brand_unit;legacy_block;semantic_topk,0.96582973
H5922001_S_SOL056,H5922001_S_SOL126,,brand_unit;legacy_block;semantic_topk,0.95809251
H5922001_S_SOL056,H5922001_S_SOL132,0.09124316,brand_unit;legacy_block;semantic_topk,0.94172907
H5922001_S_SOL057,H5922001_S_SOL065,,brand_unit;legacy_block;semantic_topk,0.95897812
H5922001_S_SOL057,H5922001_S_SOL066,0.06458902,brand_unit;legacy_block;semantic_topk,0.94644964
H5922001_S_SOL057,H5922001_S_SOL070,0.06710698,brand_unit;legacy_block;semantic_topk,0.96780068
H5922001_S_SOL057,H5922001_S_SOL072,,brand_unit;legacy_block;semantic_topk,0.96356070
H5922001_S_SOL057,H5922001_S_SOL079,,brand_unit;legacy_block;semantic_topk,0.96392816
H5922001_S_SOL057,H5922001_S_SOL093,,brand_unit;legacy_block;semantic_topk,0.95551336
H5922001_S_SOL057,H5922001_S_SOL106,0.04876981,brand_unit;legacy_block;semantic_topk,0.96192592
H5922001_S_SOL057,H5922001_S_SOL126,,brand_unit;legacy_block;semantic_topk,0.95421958
H5922001_S_SOL057,H5922001_S_SOL132,0.09124316,brand_unit;legacy_block;semantic_topk,0.94029349
H5922001_S_SOL065,H5922001_S_SOL066,0.06963651,brand_unit;legacy_block;semantic_topk,0.94871211
H5922001_S_SOL065,H5922001_S_SOL070,0.20992088,brand_unit;legacy_block;semantic_topk,0.97012472
H5922001_S_SOL065,H5922001_S_SOL072,,brand_unit;legacy_block;semantic_topk,0.96393269
H5922001_S_SOL065,H5922001_S_SOL079,,brand_unit;legacy_block;semantic_topk,0.96624184
H5922001_S_SOL065,H5922001_S_SOL093,,brand_unit;legacy_block;semantic_topk,0.95780379
H5922001_S_SOL065,H5922001_S_SOL106,0.06937998,brand_unit;legacy_block;semantic_topk,0.96423370
H5922001_S_SOL065,H5922001_S_SOL126,0.06034232,brand_unit;legacy_block;semantic_topk,0.95650983
H5922001_S_SOL065,H5922001_S_SOL132,0.12650673,brand_unit;legacy_block;semantic_topk,0.94254118
H5922001_S_SOL066,H5922001_S_SOL070,0.60512449,brand_unit;legacy_block;semantic_topk,0.95432717
H5922001_S_SOL066,H5922001_S_SOL072,0.06963651,brand_unit;legacy_block;semantic_topk,0.94823426
H5922001_S_SOL066,H5922001_S_SOL079,0.06963651,brand_unit;legacy_block;semantic_topk,0.95050687
H5922001_S_SOL066,H5922001_S_SOL093,0.06458902,brand_unit;legacy_block;semantic_topk,0.94220108
H5922001_S_SOL066,H5922001_S_SOL106,0.59910969,brand_unit;legacy_block;semantic_topk,0.94852918
H5922001_S_SOL066,H5922001_S_SOL126,0.05581642,brand_unit;legacy_block;semantic_topk,0.94093251
H5922001_S_SOL066,H5922001_S_SOL132,0.67079379,brand_unit;legacy_block;semantic_topk,0.92718011
H5922001_S_SOL070,H5922001_S_SOL072,0.20992088,brand_unit;legacy_block;semantic_topk,0.96962243
H5922001_S_SOL070,H5922001_S_SOL079,0.20992088,brand_unit;legacy_block;semantic_topk,0.97194707
H5922001_S_SOL070,H5922001_S_SOL093,0.06710698,brand_unit;legacy_block;semantic_topk,0.96346384
H5922001_S_SOL070,H5922001_S_SOL106,0.65160679,brand_unit;legacy_block;semantic_topk,0.96992689
H5922001_S_SOL070,H5922001_S_SOL126,0.06710698,brand_unit;legacy_block;semantic_topk,0.96215689
H5922001_S_SOL070,H5922001_S_SOL132,0.78811540,brand_unit;legacy_block;semantic_topk,0.94812125
H5922001_S_SOL072,H5922001_S_SOL079,,brand_unit;legacy_block;semantic_topk,0.96574390
H5922001_S_SOL072,H5922001_S_SOL093,0.18243278,brand_unit;legacy_block;semantic_topk,0.95731354
H5922001_S_SOL072,H5922001_S_SOL106,0.06937998,brand_unit;legacy_block;semantic_topk,0.96373761
H5922001_S_SOL072,H5922001_S_SOL126,0.06034232,brand_unit;legacy_block;semantic_topk,0.95601678
H5922001_S_SOL072,H5922001_S_SOL132,0.12650673,brand_unit;legacy_block;semantic_topk,0.94206667
H5922001_S_SOL079,H5922001_S_SOL093,0.18243278,brand_unit;legacy_block;semantic_topk,0.95960838
H5922001_S_SOL079,H5922001_S_SOL106,0.06937998,brand_unit;legacy_block;semantic_topk,0.96604693
H5922001_S_SOL079,H5922001_S_SOL126,,brand_unit;legacy_block;semantic_topk,0.95830774
H5922001_S_SOL079,H5922001_S_SOL132,0.12650673,brand_unit;legacy_block;semantic_topk,0.94432414
H5922001_S_SOL093,H5922001_S_SOL106,0.04876981,brand_unit;legacy_block;semantic_topk,0.95761371
H5922001_S_SOL093,H5922001_S_SOL126,,brand_unit;legacy_block;semantic_topk,0.94994247
H5922001_S_SOL093,H5922001_S_SOL132,0.07573476,brand_unit;legacy_block;semantic_topk,0.93607223
H5922001_S_SOL106,H5922001_S_SOL126,0.04376689,brand_unit;legacy_block;semantic_topk,0.95631647
H5922001_S_SOL106,H5922001_S_SOL132,0.72985588,brand_unit;legacy_block;semantic_topk,0.94236106
H5922001_S_SOL126,H5922001_S_SOL132,0.07573476,brand_unit;legacy_block;semantic_topk,0.93481284
H5977005_S_PRO01726,H5977005_S_PRO01727,0.79104800,brand_unit;legacy_block,
H5985001_S_018565_809280018565,H8976001_S_809280018565,0.99965348,brand_unit;legacy_block,
H5985001_S_018565_809280018565,H8976001_S_809280018572,,brand_unit;legacy_block,
H5985001_S_018565_809280018565,H8976001_S_809280018602,0.82049713,brand_unit;legacy_block,
H5985001_S_018565_809280018565,H8976001_S_809280018619,,brand_unit;legacy_block,
H5985001_S_781890_3253581781890,H5985003_S_781890-3253581781890,1.00000000,brand_unit;packfree_exact,
H5985001_S_781890_3253581781890,H5985004_S_781890_3253581781890,1.00000000,brand_unit;exact_ean;legacy_block;packfree_exact,
H5985001_S_781890_3253581781890,S6478001_S_781890_3253581781890,1.00000000,brand_unit;exact_ean;legacy_block,
H5985001_S_781890_3253581781890,S6478006_S_781890_3253581781890,1.00000000,brand_unit;exact_ean;legacy_block,
H5985003_S_781890-3253581781890,H5985004_S_781890_3253581781890,1.00000000,brand_unit;packfree_exact;semantic_topk,0.50867778
H5985003_S_781890-3253581781890,S6478001_S_781890_3253581781890,0.99150246,brand_unit;semantic_topk,0.98511267
H5985003_S_781890-3253581781890,S6478006_S_781890_3253581781890,0.99150246,brand_unit;semantic_topk,0.98511267
H5985004_S_481166_4976631481166,H6167001_S_4976631478272,0.99091757,brand_unit;legacy_block,
H5985004_S_481166_4976631481166,H6706001_S_cs168539,0.47870552,brand_unit,
H5985004_S_481166_4976631481166,H7096001_S_4976631478272,0.99091757,brand_unit;legacy_block,
H5985004_S_481166_4976631481166,H8424001_S_4976631478272,0.99636726,brand_unit;legacy_block,
H5985004_S_481166_4976631481166,H8424001_S_4976631481166,1.00000000,brand_unit;exact_ean;legacy_block;semantic_topk,0.43481293
H5985004_S_481166_4976631481166,H9125001_S_48200101,0.99661435,brand_unit,
H5985004_S_481166_4976631481166,H9125001_S_48200102,0.00856403,brand_unit,
H5985004_S_481166_4976631481166,H9125001_S_48200103,0.01259093,brand_unit,
H5985004_S_481166_4976631481166,H9990001_S_544,0.00569753,brand_unit,
H5985004_S_481166_4976631481166,S6478006_S_478272_4976631478272,0.99944556,brand_unit;legacy_block,
H5985004_S_481166_4976631481166,S6478006_S_481166_4976631481166,1.00000000,brand_unit;exact_ean;legacy_block;semantic_topk,0.40174097
H5985004_S_781890_3253581781890,S6478001_S_781890_3253581781890,1.00000000,brand_unit;exact_ean;legacy_block;semantic_topk,0.46357942
H5985004_S_781890_3253581781890,S6478006_S_781890_3253581781890,1.00000000,brand_unit;exact_ean;legacy_block;semantic_topk,0.46357942
H6011001_S_OLICAMEL,H6011001_S_OLIMARE,0.07508414,brand_unit;legacy_block;semantic_topk,0.83580160
H6011001_S_OLICAMEL,H9737001_S_natural_Olivos_milksoap_goat_150,0.06250249,brand_unit;legacy_block,
H6011001_S_OLICAMEL,H9737001_S_natural_Olivos_milksoap_wholemilk_150,0.86523948,brand_unit;legacy_block,
H6011001_S_OLIMARE,H9737001_S_natural_Olivos_milksoap_goat_150,0.03720307,brand_unit;legacy_block,
H6011001_S_OLIMARE,H9737001_S_natural_Olivos_milksoap_wholemilk_150,0.86523948,brand_unit;legacy_block,
H6141001_S_A076-100,H6141001_S_A076-12,0.52854743,brand_unit;legacy_block;semantic_topk,0.55023289
H6141001_S_A076-100,H6141001_S_A076-30,0.19749145,brand_unit;semantic_topk,0.50620365
H6141001_S_A076-100,H6141001_S_A076-40,0.21283179,brand_unit;semantic_topk,0.48615083
H6141001_S_A076-100,H6141001_S_A076-5,0.48200833,brand_unit;legacy_block;semantic_topk,0.54069149
H6141001_S_A076-100,H6173001_S_NAJEL-100,0.98711248,brand_unit;legacy_block,
H6141001_S_A076-100,H6300002_S_BWNJL-5A,,brand_unit,
H6141001_S_A076-100,H7517001_S_NAJ1017,,brand_unit;legacy_block,
H6141001_S_A076-100,H9653001_S_60888,,brand_unit;legacy_block,
H6141001_S_A076-100,S6324001_S_nj-aleppo12,,brand_unit,
H6141001_S_A076-100,S6324001_S_nj-aleppo40,,brand_unit,
H6141001_S_A076-12,H6141001_S_A076-30,0.52203187,brand_unit;semantic_topk,0.71964318
H6141001_S_A076-12,H6141001_S_A076-40,0.88095609,brand_unit;semantic_topk,0.74410301
H6141001_S_A076-12,H6141001_S_A076-5,0.99910689,brand_unit;legacy_block;semantic_topk,0.87520123
H6141001_S_A076-12,H6173001_S_NAJEL-100,0.99805139,brand_unit;legacy_block,
H6141001_S_A076-12,H6300002_S_BWNJL-5A,,brand_unit,
H6141001_S_A076-12,H7517001_S_NAJ1017,0.99002258,brand_unit;legacy_block,
H6141001_S_A076-12,H9653001_S_60888,,brand_unit;legacy_block,
H6141001_S_A076-12,S6324001_S_nj-aleppo12,,brand_unit,
H6141001_S_A076-12,S6324001_S_nj-aleppo40,,brand_unit,
H6141001_S_A076-12B,H6141001_S_A401,0.99698084,brand_unit;legacy_block,
H6141001_S_A076-12B,H6141001_S_A404,0.97717023,brand_unit;legacy_block,
H6141001_S_A076-12B,H6141001_S_A405,0.99651104,brand_unit;legacy_block,
H6141001_S_A076-12B,H6141001_S_A406,,brand_unit;legacy_block,
H6141001_S_A076-12B,H6141001_S_A407,0.97717023,brand_unit,
H6141001_S_A076-12B,H6141001_S_A408,0.99666362,brand_unit;legacy_block,
H6141001_S_A076-12B,H6141001_S_A409,,brand_unit;legacy_block,
H6141001_S_A076-12B,H6141001_S_A410,,brand_unit;legacy_block,
H6141001_S_A076-12B,H6141001_S_A463,0.91572207,brand_unit;legacy_block,
H6141001_S_A076-12B,H6173001_S_NAJEL-ARGAN,,brand_unit;legacy_block,
H6141001_S_A076-12B,H6173001_S_NAJEL-BK-CUMIN,0.93517970,brand_unit;legacy_block,
H6141001_S_A076-12B,H6173001_S_NAJEL-CHARCOAL,0.93972392,brand_unit;legacy_block,
H6141001_S_A076-12B,H6173001_S_NAJEL-DEAD-SEA-MUD,0.95625387,brand_unit;legacy_block,
H6141001_S_A076-12B,H6173001_S_NAJEL-HONEY,0.96492368,brand_unit;legacy_block,
H6141001_S_A076-12B,H6173001_S_NAJEL-JASMINE,,brand_unit;legacy_block,
H6141001_S_A076-12B,H6173001_S_NAJEL-LEMON,,brand_unit;legacy_block,
H6141001_S_A076-12B,H6173001_S_NAJEL-ORG,,brand_unit;legacy_block,
H6141001_S_A076-12B,H6173001_S_NAJEL-RD-CLAY,0.96150930,brand_unit;legacy_block,
H6141001_S_A076-12B,H6173001_S_NAJEL-ROSE,,brand_unit;legacy_block,
H6141001_S_A076-12B,H6300002_S_BWNJL-10,0.05642715,brand_unit;legacy_block,
H6141001_S_A076-12B,H6300002_S_BWNJL-7,,brand_unit,
H6141001_S_A076-12B,H6300002_S_BWNJL-8,,brand_unit,
H6141001_S_A076-12B,H6300002_S_BWNJL-9,0.61024746,brand_unit,
H6141001_S_A076-12B,H7517001_S_NAJ0058,,brand_unit;legacy_block,
H6141001_S_A076-12B,H7517001_S_NAJ0959,0.98845677,brand_unit;legacy_block,
H6141001_S_A076-12B,H7517001_S_NAJ5114,,brand_unit;legacy_block,
H6141001_S_A076-12B,S2188001_S_NAJLalepSOAPsea100g3820N,0.13163807,brand_unit;legacy_block,
H6141001_S_A076-30,H6141001_S_A076-40,0.81504089,brand_unit;legacy_block;semantic_topk,0.84083676
H6141001_S_A076-30,H6141001_S_A076-5,0.50896089,brand_unit;semantic_topk,0.72477376
H6141001_S_A076-30,H6173001_S_NAJEL-100,0.95549713,brand_unit,
H6141001_S_A076-30,H6300002_S_BWNJL-4,0.80626491,brand_unit,
H6141001_S_A076-30,H6300002_S_BWNJL-5A,,brand_unit,
H6141001_S_A076-30,H7517001_S_NAJ1017,0.83869381,brand_unit,
H6141001_S_A076-30,H9653001_S_60888,0.93122848,brand_unit,
H6141001_S_A076-30,S6324001_S_nj-aleppo12,,brand_unit;legacy_block,
H6141001_S_A076-30,S6324001_S_nj-aleppo40,,brand_unit;legacy_block,
H6141001_S_A076-40,H6141001_S_A076-5,0.82169155,brand_unit;semantic_topk,0.74758166
H6141001_S_A076-40,H6173001_S_NAJEL-100,0.95337208,brand_unit,
H6141001_S_A076-40,H6300002_S_BWNJL-4,0.75406225,brand_unit,
H6141001_S_A076-40,H6300002_S_BWNJL-5A,,brand_unit,
H6141001_S_A076-40,H7517001_S_NAJ1017,0.77398094,brand_unit,
H6141001_S_A076-40,H9653001_S_60888,,brand_unit,
H6141001_S_A076-40,S6324001_S_nj-aleppo12,,brand_unit;legacy_block,
H6141001_S_A076-40,S6324001_S_nj-aleppo40,,brand_unit;legacy_block,
H6141001_S_A076-5,H6173001_S_NAJEL-100,0.99793819,brand_unit;legacy_block,
H6141001_S_A076-5,H6300002_S_BWNJL-5A,,brand_unit,
H6141001_S_A076-5,H7517001_S_NAJ1017,0.99006228,brand_unit;legacy_block,
H6141001_S_A076-5,H9653001_S_60888,,brand_unit;legacy_block,
H6141001_S_A076-5,S6324001_S_nj-aleppo12,,brand_unit,
H6141001_S_A076-5,S6324001_S_nj-aleppo40,,brand_unit,
H6141001_S_A401,H6141001_S_A404,,brand_unit;legacy_block,
H6141001_S_A401,H6141001_S_A405,,brand_unit;legacy_block,
H6141001_S_A401,H6141001_S_A406,0.99299003,brand_unit;legacy_block,
H6141001_S_A401,H6141001_S_A407,,brand_unit,
H6141001_S_A401,H6141001_S_A408,0.98491817,brand_unit;legacy_block,
H6141001_S_A401,H6141001_S_A409,,brand_unit;legacy_block,
H6141001_S_A401,H6141001_S_A410,0.99800624,brand_unit;legacy_block,
H6141001_S_A401,H6141001_S_A463,0.99849981,brand_unit;legacy_block,
H6141001_S_A401,H6173001_S_NAJEL-ARGAN,0.99329529,brand_unit;legacy_block,
H6141001_S_A401,H6173001_S_NAJEL-BK-CUMIN,0.99891921,brand_unit;legacy_block,
H6141001_S_A401,H6173001_S_NAJEL-CHARCOAL,0.99247972,brand_unit;legacy_block,
H6141001_S_A401,H6173001_S_NAJEL-DEAD-SEA-MUD,,brand_unit;legacy_block,
H6141001_S_A401,H6173001_S_NAJEL-HONEY,,brand_unit;legacy_block,
H6141001_S_A401,H6173001_S_NAJEL-JASMINE,,brand_unit;legacy_block,
H6141001_S_A401,H6173001_S_NAJEL-LEMON,,brand_unit;legacy_block,
H6141001_S_A401,H6173001_S_NAJEL-ORG,0.99889490,brand_unit;legacy_block,
H6141001_S_A401,H6173001_S_NAJEL-RD-CLAY,,brand_unit;legacy_block,
H6141001_S_A401,H6173001_S_NAJEL-ROSE,0.93853651,brand_unit;legacy_block,
H6141001_S_A401,H6300002_S_BWNJL-10,,brand_unit;legacy_block,
H6141001_S_A401,H6300002_S_BWNJL-7,,brand_unit,
H6141001_S_A401,H6300002_S_BWNJL-8,,brand_unit,
H6141001_S_A401,H6300002_S_BWNJL-9,,brand_unit,
H6141001_S_A401,H7517001_S_NAJ0058,0.88494192,brand_unit;legacy_block,
H6141001_S_A401,H7517001_S_NAJ0959,0.96768272,brand_unit;legacy_block,
H6141001_S_A401,H7517001_S_NAJ5114,0.98616722,brand_unit;legacy_block,
H6141001_S_A401,S2188001_S_NAJLalepSOAPsea100g3820N,,brand_unit;legacy_block,
H6141001_S_A403,H6300002_S_BWNJL-8,,exact_ean,
H6141001_S_A404,H6141001_S_A405,,brand_unit;legacy_block;semantic_topk,0.50946325
H6141001_S_A404,H6141001_S_A406,0.66835500,brand_unit;legacy_block;semantic_topk,0.51210064
H6141001_S_A404,H6141001_S_A407,,brand_unit;semantic_topk,0.51316202
H6141001_S_A404,H6141001_S_A408,0.83217959,brand_unit;legacy_block;semantic_topk,0.44236532
H6141001_S_A404,H6141001_S_A409,,brand_unit;legacy_block;semantic_topk,0.46543089
H6141001_S_A404,H6141001_S_A410,0.92350146,brand_unit;legacy_block;semantic_topk,0.49563086
H6141001_S_A404,H6141001_S_A463,0.99475634,brand_unit;legacy_block,
H6141001_S_A404,H6173001_S_NAJEL-ARGAN,0.99789557,brand_unit;legacy_block,
H6141001_S_A404,H6173001_S_NAJEL-BK-CUMIN,,brand_unit;legacy_block,
H6141001_S_A404,H6173001_S_NAJEL-CHARCOAL,0.99451562,brand_unit;legacy_block,
H6141001_S_A404,H6173001_S_NAJEL-DEAD-SEA-MUD,,brand_unit;legacy_block,
H6141001_S_A404,H6173001_S_NAJEL-HONEY,,brand_unit;legacy_block,
H6141001_S_A404,H6173001_S_NAJEL-JASMINE,,brand_unit;legacy_block,
H6141001_S_A404,H6173001_S_NAJEL-LEMON,,brand_unit;legacy_block,
H6141001_S_A404,H6173001_S_NAJEL-ORG,0.99732451,brand_unit;legacy_block,
H6141001_S_A404,H6173001_S_NAJEL-RD-CLAY,0.99964691,brand_unit;legacy_block,
H6141001_S_A404,H6173001_S_NAJEL-ROSE,0.98924218,brand_unit;legacy_block,
H6141001_S_A404,H6300002_S_BWNJL-10,,brand_unit;legacy_block,
H6141001_S_A404,H6300002_S_BWNJL-7,,brand_unit,
H6141001_S_A404,H6300002_S_BWNJL-8,,brand_unit,
H6141001_S_A404,H6300002_S_BWNJL-9,,brand_unit,
H6141001_S_A404,H7517001_S_NAJ0058,0.99780950,brand_unit;legacy_block,
H6141001_S_A404,H7517001_S_NAJ0959,0.99193072,brand_unit;legacy_block,
H6141001_S_A404,H7517001_S_NAJ5114,0.99825727,brand_unit;legacy_block,
H6141001_S_A404,S2188001_S_NAJLalepSOAPsea100g3820N,,brand_unit;legacy_block,
H6141001_S_A405,H6141001_S_A406,0.75740113,brand_unit;legacy_block;semantic_topk,0.42163509
H6141001_S_A405,H6141001_S_A407,,brand_unit;semantic_topk,0.40504882
H6141001_S_A405,H6141001_S_A408,0.87564226,brand_unit;legacy_block,
H6141001_S_A405,H6141001_S_A409,,brand_unit;legacy_block,
H6141001_S_A405,H6141001_S_A410,0.94234916,brand_unit;legacy_block;semantic_topk,0.40812331
H6141001_S_A405,H6141001_S_A463,0.99160025,brand_unit;legacy_block,
H6141001_S_A405,H6173001_S_NAJEL-ARGAN,0.97968593,brand_unit;legacy_block,
H6141001_S_A405,H6173001_S_NAJEL-BK-CUMIN,,brand_unit;legacy_block,
H6141001_S_A405,H6173001_S_NAJEL-CHARCOAL,0.99243961,brand_unit;legacy_block,
H6141001_S_A405,H6173001_S_NAJEL-DEAD-SEA-MUD,0.99964691,brand_unit;legacy_block,
H6141001_S_A405,H6173001_S_NAJEL-HONEY,,brand_unit;legacy_block,
H6141001_S_A405,H6173001_S_NAJEL-JASMINE,,brand_unit;legacy_block,
H6141001_S_A405,H6173001_S_NAJEL-LEMON,,brand_unit;legacy_block,
H6141001_S_A405,H6173001_S_NAJEL-ORG,0.99611803,brand_unit;legacy_block,
H6141001_S_A405,H6173001_S_NAJEL-RD-CLAY,,brand_unit;legacy_block,
H6141001_S_A405,H6173001_S_NAJEL-ROSE,0.97072877,brand_unit;legacy_block,
H6141001_S_A405,H6300002_S_BWNJL-10,0.95843846,brand_unit;legacy_block,
H6141001_S_A405,H6300002_S_BWNJL-7,,brand_unit,
H6141001_S_A405,H6300002_S_BWNJL-8,,brand_unit,
H6141001_S_A405,H6300002_S_BWNJL-9,,brand_unit,
H6141001_S_A405,H7517001_S_NAJ0058,0.94200299,brand_unit;legacy_block,
H6141001_S_A405,H7517001_S_NAJ0959,0.98292546,brand_unit;legacy_block,
H6141001_S_A405,H7517001_S_NAJ5114,0.99177696,brand_unit;legacy_block,
H6141001_S_A405,S2188001_S_NAJLalepSOAPsea100g3820N,0.99560846,brand_unit;legacy_block,
H6141001_S_A406,H6141001_S_A407,0.75181531,brand_unit;semantic_topk,0.46070361
H6141001_S_A406,H6141001_S_A408,0.55879511,brand_unit;legacy_block;semantic_topk,0.42644110
H6141001_S_A406,H6141001_S_A409,,brand_unit;legacy_block;semantic_topk,0.42860135
H6141001_S_A406,H6141001_S_A410,,brand_unit;legacy_block;semantic_topk,0.46365511
H6141001_S_A406,H6141001_S_A463,0.95188560,brand_unit;legacy_block,
H6141001_S_A406,H6173001_S_NAJEL-ARGAN,0.99822365,brand_unit;legacy_block;semantic_topk,0.48115280
H6141001_S_A406,H6173001_S_NAJEL-BK-CUMIN,0.90451492,brand_unit;legacy_block,
H6141001_S_A406,H6173001_S_NAJEL-CHARCOAL,0.99306175,brand_unit;legacy_block,
H6141001_S_A406,H6173001_S_NAJEL-DEAD-SEA-MUD,0.99742529,brand_unit;legacy_block,
H6141001_S_A406,H6173001_S_NAJEL-HONEY,0.99757308,brand_unit;legacy_block,
H6141001_S_A406,H6173001_S_NAJEL-JASMINE,,brand_unit;legacy_block,
H6141001_S_A406,H6173001_S_NAJEL-LEMON,,brand_unit;legacy_block,
H6141001_S_A406,H6173001_S_NAJEL-ORG,,brand_unit;legacy_block,
H6141001_S_A406,H6173001_S_NAJEL-RD-CLAY,0.99777632,brand_unit;legacy_block,
H6141001_S_A406,H6173001_S_NAJEL-ROSE,,brand_unit;legacy_block,
H6141001_S_A406,H6300002_S_BWNJL-10,0.88407391,brand_unit;legacy_block,
H6141001_S_A406,H6300002_S_BWNJL-7,,brand_unit,
H6141001_S_A406,H6300002_S_BWNJL-8,,brand_unit,
H6141001_S_A406,H6300002_S_BWNJL-9,0.04924982,brand_unit,
H6141001_S_A406,H7517001_S_NAJ0058,,brand_unit;legacy_block,
H6141001_S_A406,H7517001_S_NAJ0959,0.97460050,brand_unit;legacy_block,
H6141001_S_A406,H7517001_S_NAJ5114,,brand_unit;legacy_block,
H6141001_S_A406,S2188001_S_NAJLalepSOAPsea100g3820N,0.03488106,brand_unit;legacy_block,
H6141001_S_A407,H6141001_S_A408,0.83217959,brand_unit;semantic_topk,0.43832672
H6141001_S_A407,H6141001_S_A409,,brand_unit;semantic_topk,0.42068058
H6141001_S_A407,H6141001_S_A410,0.94757243,brand_unit;semantic_topk,0.46445817
H6141001_S_A407,H6141001_S_A463,0.99475702,brand_unit,
H6141001_S_A407,H6173001_S_NAJEL-ARGAN,0.89539501,brand_unit,
H6141001_S_A407,H6173001_S_NAJEL-BK-CUMIN,,brand_unit,
H6141001_S_A407,H6173001_S_NAJEL-CHARCOAL,0.99681302,brand_unit,
H6141001_S_A407,H6173001_S_NAJEL-DEAD-SEA-MUD,,brand_unit,
H6141001_S_A407,H6173001_S_NAJEL-HONEY,0.99964358,brand_unit,
H6141001_S_A407,H6173001_S_NAJEL-JASMINE,,brand_unit,
H6141001_S_A407,H6173001_S_NAJEL-LEMON,,brand_unit,
H6141001_S_A407,H6173001_S_NAJEL-ORG,0.99904860,brand_unit,
H6141001_S_A407,H6173001_S_NAJEL-RD-CLAY,,brand_unit,
H6141001_S_A407,H6173001_S_NAJEL-ROSE,,brand_unit,
H6141001_S_A407,H6300002_S_BWNJL-10,,brand_unit,
H6141001_S_A407,H6300002_S_BWNJL-7,,brand_unit;legacy_block,
H6141001_S_A407,H6300002_S_BWNJL-8,,brand_unit;legacy_block,
H6141001_S_A407,H6300002_S_BWNJL-9,1.00000000,brand_unit;exact_ean;legacy_block,
H6141001_S_A407,H7517001_S_NAJ0058,,brand_unit,
H6141001_S_A407,H7517001_S_NAJ0959,0.97768756,brand_unit,
H6141001_S_A407,H7517001_S_NAJ5114,0.98734454,brand_unit,
H6141001_S_A407,S2188001_S_NAJLalepSOAPsea100g3820N,,brand_unit,
H6141001_S_A408,H6141001_S_A409,0.78674121,brand_unit;legacy_block;semantic_topk,0.41969731
H6141001_S_A408,H6141001_S_A410,0.66215283,brand_unit;legacy_block;semantic_topk,0.47065368
H6141001_S_A408,H6141001_S_A463,0.99736637,brand_unit;legacy_block,
H6141001_S_A408,H6173001_S_NAJEL-ARGAN,0.81510225,brand_unit;legacy_block,
H6141001_S_A408,H6173001_S_NAJEL-BK-CUMIN,0.99638845,brand_unit;legacy_block,
H6141001_S_A408,H6173001_S_NAJEL-CHARCOAL,0.99652774,brand_unit;legacy_block,
H6141001_S_A408,H6173001_S_NAJEL-DEAD-SEA-MUD,0.99162926,brand_unit;legacy_block,
H6141001_S_A408,H6173001_S_NAJEL-HONEY,0.99089487,brand_unit;legacy_block,
H6141001_S_A408,H6173001_S_NAJEL-JASMINE,0.99255357,brand_unit;legacy_block,
H6141001_S_A408,H6173001_S_NAJEL-LEMON,0.99386159,brand_unit;legacy_block,
H6141001_S_A408,H6173001_S_NAJEL-ORG,0.99320441,brand_unit;legacy_block,
H6141001_S_A408,H6173001_S_NAJEL-RD-CLAY,0.99116952,brand_unit;legacy_block,
H6141001_S_A408,H6173001_S_NAJEL-ROSE,0.88049756,brand_unit;legacy_block,
H6141001_S_A408,H6300002_S_BWNJL-10,0.03269454,brand_unit;legacy_block,
H6141001_S_A408,H6300002_S_BWNJL-7,,brand_unit,
H6141001_S_A408,H6300002_S_BWNJL-8,0.55397576,brand_unit,
H6141001_S_A408,H6300002_S_BWNJL-9,0.55060906,brand_unit,
H6141001_S_A408,H7517001_S_NAJ0058,0.98805917,brand_unit;legacy_block,
H6141001_S_A408,H7517001_S_NAJ0959,0.99852774,brand_unit;legacy_block,
H6141001_S_A408,H7517001_S_NAJ5114,0.99157592,brand_unit;legacy_block,
H6141001_S_A408,S2188001_S_NAJLalepSOAPsea100g3820N,0.95583610,brand_unit;legacy_block,
H6141001_S_A409,H6141001_S_A410,0.91244869,brand_unit;legacy_block;semantic_topk,0.43892094
H6141001_S_A409,H6141001_S_A463,0.98730292,brand_unit;legacy_block,
H6141001_S_A409,H6173001_S_NAJEL-ARGAN,,brand_unit;legacy_block,
H6141001_S_A409,H6173001_S_NAJEL-BK-CUMIN,,brand_unit;legacy_block,
H6141001_S_A409,H6173001_S_NAJEL-CHARCOAL,0.99346192,brand_unit;legacy_block,
H6141001_S_A409,H6173001_S_NAJEL-DEAD-SEA-MUD,,brand_unit;legacy_block,
H6141001_S_A409,H6173001_S_NAJEL-HONEY,,brand_unit;legacy_block,
H6141001_S_A409,H6173001_S_NAJEL-JASMINE,0.96740906,brand_unit;legacy_block,
H6141001_S_A409,H6173001_S_NAJEL-LEMON,0.99799310,brand_unit;legacy_block;semantic_topk,0.52041787
H6141001_S_A409,H6173001_S_NAJEL-ORG,0.99702747,brand_unit;legacy_block,
H6141001_S_A409,H6173001_S_NAJEL-RD-CLAY,,brand_unit;legacy_block,
H6141001_S_A409,H6173001_S_NAJEL-ROSE,,brand_unit;legacy_block,
H6141001_S_A409,H6300002_S_BWNJL-10,,brand_unit;legacy_block,
H6141001_S_A409,H6300002_S_BWNJL-7,,brand_unit,
H6141001_S_A409,H6300002_S_BWNJL-8,0.30970412,brand_unit,
H6141001_S_A409,H6300002_S_BWNJL-9,,brand_unit,
H6141001_S_A409,H7517001_S_NAJ0058,,brand_unit;legacy_block,
H6141001_S_A409,H7517001_S_NAJ0959,0.99269491,brand_unit;legacy_block,
H6141001_S_A409,H7517001_S_NAJ5114,0.99834040,brand_unit;legacy_block,
H6141001_S_A409,S2188001_S_NAJLalepSOAPsea100g3820N,,brand_unit;legacy_block,
H6141001_S_A410,H6141001_S_A463,0.99412958,brand_unit;legacy_block,
H6141001_S_A410,H6173001_S_NAJEL-ARGAN,,brand_unit;legacy_block,
H6141001_S_A410,H6173001_S_NAJEL-BK-CUMIN,0.99597520,brand_unit;legacy_block,
H6141001_S_A410,H6173001_S_NAJEL-CHARCOAL,0.99116596,brand_unit;legacy_block,
H6141001_S_A410,H6173001_S_NAJEL-DEAD-SEA-MUD,0.99585288,brand_unit;legacy_block,
H6141001_S_A410,H6173001_S_NAJEL-HONEY,0.99693405,brand_unit;legacy_block,
H6141001_S_A410,H6173001_S_NAJEL-JASMINE,,brand_unit;legacy_block,
H6141001_S_A410,H6173001_S_NAJEL-LEMON,0.99702747,brand_unit;legacy_block,
H6141001_S_A410,H6173001_S_NAJEL-ORG,0.99822365,brand_unit;legacy_block;semantic_topk,0.41574219
H6141001_S_A410,H6173001_S_NAJEL-RD-CLAY,0.99694875,brand_unit;legacy_block,
H6141001_S_A410,H6173001_S_NAJEL-ROSE,,brand_unit;legacy_block,
H6141001_S_A410,H6300002_S_BWNJL-10,,brand_unit;legacy_block,
H6141001_S_A410,H6300002_S_BWNJL-7,,brand_unit,
H6141001_S_A410,H6300002_S_BWNJL-8,,brand_unit,
H6141001_S_A410,H6300002_S_BWNJL-9,,brand_unit,
H6141001_S_A410,H7517001_S_NAJ0058,,brand_unit;legacy_block,
H6141001_S_A410,H7517001_S_NAJ0959,0.99124136,brand_unit;legacy_block,
H6141001_S_A410,H7517001_S_NAJ5114,0.99986693,brand_unit;legacy_block,
H6141001_S_A410,S2188001_S_NAJLalepSOAPsea100g3820N,0.90411840,brand_unit;legacy_block,
H6141001_S_A463,H6173001_S_NAJEL-ARGAN,0.97720292,brand_unit;legacy_block,
H6141001_S_A463,H6173001_S_NAJEL-BK-CUMIN,0.99863740,brand_unit;legacy_block,
H6141001_S_A463,H6173001_S_NAJEL-CHARCOAL,0.99897407,brand_unit;legacy_block,
H6141001_S_A463,H6173001_S_NAJEL-DEAD-SEA-MUD,0.99043018,brand_unit;legacy_block,
H6141001_S_A463,H6173001_S_NAJEL-HONEY,0.99742515,brand_unit;legacy_block,
H6141001_S_A463,H6173001_S_NAJEL-JASMINE,0.96702511,brand_unit;legacy_block,
H6141001_S_A463,H6173001_S_NAJEL-LEMON,0.99424637,brand_unit;legacy_block,
H6141001_S_A463,H6173001_S_NAJEL-ORG,0.99851556,brand_unit;legacy_block,
H6141001_S_A463,H6173001_S_NAJEL-RD-CLAY,0.99964111,brand_unit;legacy_block,
H6141001_S_A463,H6173001_S_NAJEL-ROSE,0.96971266,brand_unit;legacy_block,
H6141001_S_A463,H6300002_S_BWNJL-10,0.97110224,brand_unit;legacy_block,
H6141001_S_A463,H6300002_S_BWNJL-7,,brand_unit,
H6141001_S_A463,H6300002_S_BWNJL-8,0.73202622,brand_unit;semantic_topk,0.49526218
H6141001_S_A463,H6300002_S_BWNJL-9,0.98829170,brand_unit,
H6141001_S_A463,H7517001_S_NAJ0058,0.94427685,brand_unit;legacy_block,
H6141001_S_A463,H7517001_S_NAJ0959,0.99800696,brand_unit;legacy_block,
H6141001_S_A463,H7517001_S_NAJ5114,0.99807299,brand_unit;legacy_block,
H6141001_S_A463,S2188001_S_NAJLalepSOAPsea100g3820N,0.85778073,brand_unit;legacy_block,
H6167001_S_4976631478272,H6706001_S_cs168539,0.97481159,brand_unit,
H6167001_S_4976631478272,H7096001_S_4976631478272,1.00000000,brand_unit;exact_ean;legacy_block;packfree_exact;semantic_topk,0.99999988
H6167001_S_4976631478272,H8424001_S_4976631478272,1.00000000,brand_unit;exact_ean;legacy_block,
H6167001_S_4976631478272,H8424001_S_4976631481166,0.87224144,brand_unit;legacy_block;semantic_topk,0.53214544
H6167001_S_4976631478272,H9125001_S_48200101,0.99913559,brand_unit,
H6167001_S_4976631478272,H9125001_S_48200102,0.84738509,brand_unit,
H6167001_S_4976631478272,H9125001_S_48200103,0.91401272,brand_unit,
H6167001_S_4976631478272,H9990001_S_544,0.41543842,brand_unit,
H6167001_S_4976631478272,S6478006_S_478272_4976631478272,1.00000000,brand_unit;exact_ean;legacy_block,
H6167001_S_4976631478272,S6478006_S_481166_4976631481166,0.99980127,brand_unit;legacy_block,
H6167001_S_8901030025464,H6729001_S_P0141A,0.99892649,brand_unit,
H6167001_S_9312146006602,H7096001_S_9312146006602,1.00000000,brand_unit;exact_ean;legacy_block;packfree_exact;semantic_topk,1.00000012
H6167001_S_9312146006602,H7915001_S_9312146006602,1.00000000,brand_unit;exact_ean;legacy_block,
H6167001_S_9312146006602,H8427001_S_9312146006602,1.00000000,brand_unit;exact_ean;legacy_block;semantic_topk,0.62166721
H6167001_S_9312146006602,S2232001_S_TDP06602,0.97727124,brand_unit,
H6167001_S_9312146006602,S6375001_S_9312146006602,1.00000000,brand_unit;exact_ean;legacy_block;semantic_topk,0.62166721
H6167001_S_9349254002011,H6167001_S_9349254002028,,brand_unit;legacy_block;semantic_topk,0.76215780
H6167001_S_9349254002011,H6167001_S_9349254002035,,brand_unit;legacy_block;semantic_topk,0.76347291
H6167001_S_9349254002011,H6167001_S_9349254002042,,brand_unit;legacy_block;semantic_topk,0.75643271
H6167001_S_9349254002011,H6167001_S_9349254002059,,brand_unit;legacy_block;semantic_topk,0.71771646
H6167001_S_9349254002011,H6167001_S_9349254004053,0.01214415,brand_unit;legacy_block;semantic_topk,0.42663500
H6167001_S_9349254002011,H6167002_S_9349254002011,1.00000000,brand_unit;exact_ean;legacy_block;packfree_exact;semantic_topk,1.00000000
H6167001_S_9349254002011,H6167002_S_9349254002028,,brand_unit;legacy_block;semantic_topk,0.76215780
H6167001_S_9349254002011,H6167002_S_9349254002035,,brand_unit;legacy_block;semantic_topk,0.76347291
H6167001_S_9349254002011,H6167002_S_9349254002042,,brand_unit;legacy_block;semantic_topk,0.75643271
H6167001_S_9349254002011,H6167002_S_9349254002059,,brand_unit;legacy_block;semantic_topk,0.71771646
H6167001_S_9349254002011,H6167002_S_9349254004053,0.01214415,brand_unit;legacy_block;semantic_topk,0.42663500
H6167001_S_9349254002011,H6173001_S_GOAT-SOAP-COCONUT,,brand_unit,
H6167001_S_9349254002011,H7096001_S_9349254002011,1.00000000,brand_unit;exact_ean;legacy_block;packfree_exact;semantic_topk,1.00000000
H6167001_S_9349254002011,H7096001_S_9349254002028,,brand_unit;legacy_block;semantic_topk,0.76215780
H6167001_S_9349254002011,H7096001_S_9349254002035,,brand_unit;legacy_block;semantic_topk,0.76347291
H6167001_S_9349254002011,H8347001_S_GOAT-BP02,,brand_unit,
H6167001_S_9349254002011,H8347001_S_GOAT-BP04,1.00000000,brand_unit;exact_ean;legacy_block,
H6167001_S_9349254002011,H8347001_S_GOAT-BP05,,brand_unit,
H6167001_S_9349254002011,H8347001_S_GOAT-BP06,,brand_unit;legacy_block,
H6167001_S_9349254002011,H8347001_S_GOAT-BP08,0.31767677,brand_unit;legacy_block,
H6167001_S_9349254002011,H8427001_S_9349254002011,1.00000000,brand_unit;exact_ean;legacy_block,
H6167001_S_9349254002011,H8427001_S_9349254002028,,brand_unit;legacy_block,
H6167001_S_9349254002011,H8427001_S_9349254002035,,brand_unit;legacy_block,
H6167001_S_9349254002011,H8427001_S_9349254002042,0.14362271,brand_unit;legacy_block,
H6167001_S_9349254002011,H8427001_S_9349254002059,0.88948848,brand_unit;legacy_block,
H6167001_S_9349254002011,H8427001_S_9349254002066,,brand_unit;legacy_block,
H6167001_S_9349254002011,H8427001_S_9349254004053,0.05328162,brand_unit;legacy_block,
H6167001_S_9349254002011,H8427001_S_9349254006286,,brand_unit;legacy_block;semantic_topk,0.44129562
H6167001_S_9349254002011,H9250001_S_A9349254005005,0.19923680,brand_unit,
H6167001_S_9349254002011,S2232001_S_GOS2011X2,0.99824097,brand_unit,
H6167001_S_9349254002011,S2232001_S_GOS2028X2,,brand_unit,
H6167001_S_9349254002011,S2232001_S_GOS2042X2,,brand_unit,
H6167001_S_9349254002011,S2232001_S_GOS2053X2,,brand_unit,
H6167001_S_9349254002011,S2232001_S_GOS2059X2,0.78082274,brand_unit,
H6167001_S_9349254002011,S2232001_S_GOS2066X2,,brand_unit,
H6167001_S_9349254002011,S2232001_S_GOS4053X2,,brand_unit,
H6167001_S_9349254002011,S6258001_S_GOS2011X2,0.99454037,brand_unit,
H6167001_S_9349254002011,S6258001_S_GOS2028X2,,brand_unit,
H6167001_S_9349254002011,S6258001_S_GOS2042X2,,brand_unit,
H6167001_S_9349254002011,S6258001_S_GOS2059X2,0.01071732,brand_unit,
H6167001_S_9349254002011,S6375001_S_9349254004053,0.05479834,brand_unit;legacy_block,
H6167001_S_9349254002011,S6375001_S_9349254006286,,brand_unit;legacy_block,
H6167001_S_9349254002028,H6167001_S_9349254002035,,brand_unit;legacy_block;semantic_topk,0.74310809
H6167001_S_9349254002028,H6167001_S_9349254002042,,brand_unit;legacy_block;semantic_topk,0.73625553
H6167001_S_9349254002028,H6167001_S_9349254002059,,brand_unit;legacy_block;semantic_topk,0.69077927
H6167001_S_9349254002028,H6167001_S_9349254004053,,brand_unit;legacy_block;semantic_topk,0.41525483
H6167001_S_9349254002028,H6167002_S_9349254002011,,brand_unit;legacy_block;semantic_topk,0.76215780
H6167001_S_9349254002028,H6167002_S_9349254002028,1.00000000,brand_unit;exact_ean;legacy_block;packfree_exact;semantic_topk,0.99999982
H6167001_S_9349254002028,H6167002_S_9349254002035,,brand_unit;legacy_block;semantic_topk,0.74310809
H6167001_S_9349254002028,H6167002_S_9349254002042,,brand_unit;legacy_block;semantic_topk,0.73625553
H6167001_S_9349254002028,H6167002_S_9349254002059,,brand_unit;legacy_block;semantic_topk,0.69077927
H6167001_S_9349254002028,H6167002_S_9349254004053,,brand_unit;legacy_block;semantic_topk,0.41525483
H6167001_S_9349254002028,H6173001_S_GOAT-SOAP-COCONUT,,brand_unit,
H6167001_S_9349254002028,H7096001_S_9349254002011,,brand_unit;legacy_block;semantic_topk,0.76215780
H6167001_S_9349254002028,H7096001_S_9349254002028,1.00000000,brand_unit;exact_ean;legacy_block;packfree_exact;semantic_topk,0.99999982
H6167001_S_9349254002028,H7096001_S_9349254002035,,brand_unit;legacy_block;semantic_topk,0.74310809
H6167001_S_9349254002028,H8347001_S_GOAT-BP02,,brand_unit,
H6167001_S_9349254002028,H8347001_S_GOAT-BP04,,brand_unit;legacy_block,
H6167001_S_9349254002028,H8347001_S_GOAT-BP05,0.99692662,brand_unit,
H6167001_S_9349254002028,H8347001_S_GOAT-BP06,,brand_unit;legacy_block,
H6167001_S_9349254002028,H8347001_S_GOAT-BP08,,brand_unit;legacy_block,
H6167001_S_9349254002028,H8427001_S_9349254002011,,brand_unit;legacy_block,
H6167001_S_9349254002028,H8427001_S_9349254002028,1.00000000,brand_unit;exact_ean;legacy_block,
H6167001_S_9349254002028,H8427001_S_9349254002035,,brand_unit;legacy_block,
H6167001_S_9349254002028,H8427001_S_9349254002042,,brand_unit;legacy_block,
H6167001_S_9349254002028,H8427001_S_9349254002059,,brand_unit;legacy_block,
H6167001_S_9349254002028,H8427001_S_9349254002066,,brand_unit;legacy_block,
H6167001_S_9349254002028,H8427001_S_9349254004053,,brand_unit;legacy_block,
H6167001_S_9349254002028,H8427001_S_9349254006286,,brand_unit;legacy_block;semantic_topk,0.42952442
H6167001_S_9349254002028,H9250001_S_A9349254005005,,brand_unit,
H6167001_S_9349254002028,S2232001_S_GOS2011X2,,brand_unit,
H6167001_S_9349254002028,S2232001_S_GOS2028X2,0.69263364,brand_unit,
H6167001_S_9349254002028,S2232001_S_GOS2042X2,,brand_unit,
H6167001_S_9349254002028,S2232001_S_GOS2053X2,,brand_unit,
H6167001_S_9349254002028,S2232001_S_GOS2059X2,,brand_unit,
H6167001_S_9349254002028,S2232001_S_GOS2066X2,,brand_unit,
H6167001_S_9349254002028,S2232001_S_GOS4053X2,,brand_unit,
H6167001_S_9349254002028,S6258001_S_GOS2011X2,,brand_unit,
H6167001_S_9349254002028,S6258001_S_GOS2028X2,0.69263364,brand_unit,
H6167001_S_9349254002028,S6258001_S_GOS2042X2,,brand_unit,
H6167001_S_9349254002028,S6258001_S_GOS2059X2,,brand_unit,
H6167001_S_9349254002028,S6375001_S_9349254004053,,brand_unit;legacy_block,
H6167001_S_9349254002028,S6375001_S_9349254006286,,brand_unit;legacy_block,
H6167001_S_9349254002035,H6167001_S_9349254002042,,brand_unit;legacy_block;semantic_topk,0.72319263
H6167001_S_9349254002035,H6167001_S_9349254002059,,brand_unit;legacy_block;semantic_topk,0.67904717
H6167001_S_9349254002035,H6167001_S_9349254004053,0.01010068,brand_unit;legacy_block;semantic_topk,0.41597119
H6167001_S_9349254002035,H6167002_S_9349254002011,,brand_unit;legacy_block;semantic_topk,0.76347291
H6167001_S_9349254002035,H6167002_S_9349254002028,,brand_unit;legacy_block;semantic_topk,0.74310809
H6167001_S_9349254002035,H6167002_S_9349254002035,1.00000000,brand_unit;exact_ean;legacy_block;packfree_exact;semantic_topk,1.00000024
H6167001_S_9349254002035,H6167002_S_9349254002042,,brand_unit;legacy_block;semantic_topk,0.72319263
H6167001_S_9349254002035,H6167002_S_9349254002059,,brand_unit;legacy_block;semantic_topk,0.67904717
H6167001_S_9349254002035,H6167002_S_9349254004053,0.01010068,brand_unit;legacy_block;semantic_topk,0.41597119
H6167001_S_9349254002035,H6173001_S_GOAT-SOAP-COCONUT,,brand_unit,
H6167001_S_9349254002035,H7096001_S_9349254002011,,brand_unit;legacy_block;semantic_topk,0.76347291
H6167001_S_9349254002035,H7096001_S_9349254002028,,brand_unit;legacy_block;semantic_topk,0.74310809
H6167001_S_9349254002035,H7096001_S_9349254002035,1.00000000,brand_unit;exact_ean;legacy_block;packfree_exact;semantic_topk,1.00000024
H6167001_S_9349254002035,H8347001_S_GOAT-BP02,0.99836624,brand_unit,
H6167001_S_9349254002035,H8347001_S_GOAT-BP04,,brand_unit;legacy_block,
H6167001_S_9349254002035,H8347001_S_GOAT-BP05,,brand_unit,
H6167001_S_9349254002035,H8347001_S_GOAT-BP06,,brand_unit;legacy_block,
H6167001_S_9349254002035,H8347001_S_GOAT-BP08,0.37360788,brand_unit;legacy_block,
H6167001_S_9349254002035,H8427001_S_9349254002011,,brand_unit;legacy_block,
H6167001_S_9349254002035,H8427001_S_9349254002028,,brand_unit;legacy_block,
H6167001_S_9349254002035,H8427001_S_9349254002035,1.00000000,brand_unit;exact_ean;legacy_block,
H6167001_S_9349254002035,H8427001_S_9349254002042,0.13118735,brand_unit;legacy_block,
H6167001_S_9349254002035,H8427001_S_9349254002059,0.16391066,brand_unit;legacy_block,
H6167001_S_9349254002035,H8427001_S_9349254002066,,brand_unit;legacy_block,
H6167001_S_9349254002035,H8427001_S_9349254004053,0.09567446,brand_unit;legacy_block,
H6167001_S_9349254002035,H8427001_S_9349254006286,,brand_unit;legacy_block;semantic_topk,0.43026552
H6167001_S_9349254002035,H9250001_S_A9349254005005,,brand_unit,
H6167001_S_9349254002035,S2232001_S_GOS2011X2,,brand_unit,
H6167001_S_9349254002035,S2232001_S_GOS2028X2,,brand_unit,
H6167001_S_9349254002035,S2232001_S_GOS2042X2,,brand_unit,
H6167001_S_9349254002035,S2232001_S_GOS2053X2,0.99800802,brand_unit,
H6167001_S_9349254002035,S2232001_S_GOS2059X2,0.82798658,brand_unit,
H6167001_S_9349254002035,S2232001_S_GOS2066X2,,brand_unit,
H6167001_S_9349254002035,S2232001_S_GOS4053X2,,brand_unit,
H6167001_S_9349254002035,S6258001_S_GOS2011X2,,brand_unit,
H6167001_S_9349254002035,S6258001_S_GOS2028X2,,brand_unit,
H6167001_S_9349254002035,S6258001_S_GOS2042X2,,brand_unit,
H6167001_S_9349254002035,S6258001_S_GOS2059X2,0.01732533,brand_unit,
H6167001_S_9349254002035,S6375001_S_9349254004053,0.07159830,brand_unit;legacy_block,
H6167001_S_9349254002035,S6375001_S_9349254006286,,brand_unit;legacy_block,
H6167001_S_9349254002042,H6167001_S_9349254002059,,brand_unit;legacy_block;semantic_topk,0.68403316
H6167001_S_9349254002042,H6167001_S_9349254004053,,brand_unit;legacy_block;semantic_topk,0.41213527
H6167001_S_9349254002042,H6167002_S_9349254002011,,brand_unit;legacy_block;semantic_topk,0.75643271
H6167001_S_9349254002042,H6167002_S_9349254002028,,brand_unit;legacy_block;semantic_topk,0.73625553
H6167001_S_9349254002042,H6167002_S_9349254002035,,brand_unit;legacy_block;semantic_topk,0.72319263
H6167001_S_9349254002042,H6167002_S_9349254002042,1.00000000,brand_unit;exact_ean;legacy_block;packfree_exact;semantic_topk,1.00000000
H6167001_S_9349254002042,H6167002_S_9349254002059,,brand_unit;legacy_block;semantic_topk,0.68403316
H6167001_S_9349254002042,H6167002_S_9349254004053,,brand_unit;legacy_block;semantic_topk,0.41213527
H6167001_S_9349254002042,H6173001_S_GOAT-SOAP-COCONUT,,brand_unit,
H6167001_S_9349254002042,H7096001_S_9349254002011,,brand_unit;legacy_block;semantic_topk,0.75643271
H6167001_S_9349254002042,H7096001_S_9349254002028,,brand_unit;legacy_block;semantic_topk,0.73625553
H6167001_S_9349254002042,H7096001_S_9349254002035,,brand_unit;legacy_block;semantic_topk,0.72319263
H6167001_S_9349254002042,H8347001_S_GOAT-BP02,,brand_unit,
H6167001_S_9349254002042,H8347001_S_GOAT-BP04,,brand_unit;legacy_block,
H6167001_S_9349254002042,H8347001_S_GOAT-BP05,,brand_unit,
H6167001_S_9349254002042,H8347001_S_GOAT-BP06,1.00000000,brand_unit;exact_ean;legacy_block,
H6167001_S_9349254002042,H8347001_S_GOAT-BP08,,brand_unit;legacy_block,
H6167001_S_9349254002042,H8427001_S_9349254002011,,brand_unit;legacy_block,
H6167001_S_9349254002042,H8427001_S_9349254002028,,brand_unit;legacy_block,
H6167001_S_9349254002042,H8427001_S_9349254002035,,brand_unit;legacy_block,
H6167001_S_9349254002042,H8427001_S_9349254002042,1.00000000,brand_unit;exact_ean;legacy_block,
H6167001_S_9349254002042,H8427001_S_9349254002059,,brand_unit;legacy_block,
H6167001_S_9349254002042,H8427001_S_9349254002066,,brand_unit;legacy_block,
H6167001_S_9349254002042,H8427001_S_9349254004053,,brand_unit;legacy_block,
H6167001_S_9349254002042,H8427001_S_9349254006286,0.12531252,brand_unit;legacy_block;semantic_topk,0.42629775
H6167001_S_9349254002042,H9250001_S_A9349254005005,,brand_unit,
H6167001_S_9349254002042,S2232001_S_GOS2011X2,,brand_unit,
H6167001_S_9349254002042,S2232001_S_GOS2028X2,,brand_unit,
H6167001_S_9349254002042,S2232001_S_GOS2042X2,0.99730049,brand_unit,
H6167001_S_9349254002042,S2232001_S_GOS2053X2,,brand_unit,
H6167001_S_9349254002042,S2232001_S_GOS2059X2,,brand_unit,
H6167001_S_9349254002042,S2232001_S_GOS2066X2,,brand_unit,
H6167001_S_9349254002042,S2232001_S_GOS4053X2,,brand_unit,
H6167001_S_9349254002042,S6258001_S_GOS2011X2,,brand_unit,
H6167001_S_9349254002042,S6258001_S_GOS2028X2,,brand_unit,
H6167001_S_9349254002042,S6258001_S_GOS2042X2,0.96776786,brand_unit,
H6167001_S_9349254002042,S6258001_S_GOS2059X2,,brand_unit,
H6167001_S_9349254002042,S6375001_S_9349254004053,,brand_unit;legacy_block,
H6167001_S_9349254002042,S6375001_S_9349254006286,0.30383525,brand_unit;legacy_block,
H6167001_S_9349254002059,H6167001_S_9349254004053,0.01082864,brand_unit;legacy_block;semantic_topk,0.41132969
H6167001_S_9349254002059,H6167002_S_9349254002011,,brand_unit;legacy_block;semantic_topk,0.71771646
H6167001_S_9349254002059,H6167002_S_9349254002028,,brand_unit;legacy_block;semantic_topk,0.69077927
H6167001_S_9349254002059,H6167002_S_9349254002035,,brand_unit;legacy_block;semantic_topk,0.67904717
H6167001_S_9349254002059,H6167002_S_9349254002042,,brand_unit;legacy_block;semantic_topk,0.68403316
H6167001_S_9349254002059,H6167002_S_9349254002059,1.00000000,brand_unit;exact_ean;legacy_block;packfree_exact;semantic_topk,0.99999994
H6167001_S_9349254002059,H6167002_S_9349254004053,0.01082864,brand_unit;legacy_block;semantic_topk,0.41132969
H6167001_S_9349254002059,H6173001_S_GOAT-SOAP-COCONUT,0.00138528,brand_unit,
H6167001_S_9349254002059,H7096001_S_9349254002011,,brand_unit;legacy_block;semantic_topk,0.71771646
H6167001_S_9349254002059,H7096001_S_9349254002028,,brand_unit;legacy_block;semantic_topk,0.69077927
H6167001_S_9349254002059,H7096001_S_9349254002035,,brand_unit;legacy_block;semantic_topk,0.67904717
H6167001_S_9349254002059,H8347001_S_GOAT-BP02,,brand_unit,
H6167001_S_9349254002059,H8347001_S_GOAT-BP04,,brand_unit;legacy_block,
H6167001_S_9349254002059,H8347001_S_GOAT-BP05,0.90671646,brand_unit,
H6167001_S_9349254002059,H8347001_S_GOAT-BP06,,brand_unit;legacy_block,
H6167001_S_9349254002059,H8347001_S_GOAT-BP08,1.00000000,brand_unit;exact_ean;legacy_block,
H6167001_S_9349254002059,H8427001_S_9349254002011,,brand_unit;legacy_block,
H6167001_S_9349254002059,H8427001_S_9349254002028,0.75537223,brand_unit;legacy_block,
H6167001_S_9349254002059,H8427001_S_9349254002035,0.73272178,brand_unit;legacy_block,
H6167001_S_9349254002059,H8427001_S_9349254002042,0.83897753,brand_unit;legacy_block,
H6167001_S_9349254002059,H8427001_S_9349254002059,1.00000000,brand_unit;exact_ean;legacy_block,
H6167001_S_9349254002059,H8427001_S_9349254002066,0.71122669,brand_unit;legacy_block,
H6167001_S_9349254002059,H8427001_S_9349254004053,0.89471291,brand_unit;legacy_block,
H6167001_S_9349254002059,H8427001_S_9349254006286,0.11180759,brand_unit;legacy_block,
H6167001_S_9349254002059,H9250001_S_A9349254005005,,brand_unit,
H6167001_S_9349254002059,S2232001_S_GOS2011X2,,brand_unit,
H6167001_S_9349254002059,S2232001_S_GOS2028X2,0.09694635,brand_unit,
H6167001_S_9349254002059,S2232001_S_GOS2042X2,,brand_unit,
H6167001_S_9349254002059,S2232001_S_GOS2053X2,,brand_unit,
H6167001_S_9349254002059,S2232001_S_GOS2059X2,0.99651325,brand_unit,
H6167001_S_9349254002059,S2232001_S_GOS2066X2,0.84384716,brand_unit,
H6167001_S_9349254002059,S2232001_S_GOS4053X2,,brand_unit,
H6167001_S_9349254002059,S6258001_S_GOS2011X2,,brand_unit,
H6167001_S_9349254002059,S6258001_S_GOS2028X2,0.09694635,brand_unit,
H6167001_S_9349254002059,S6258001_S_GOS2042X2,,brand_unit,
H6167001_S_9349254002059,S6258001_S_GOS2059X2,0.99664712,brand_unit,
H6167001_S_9349254002059,S6375001_S_9349254004053,0.91423261,brand_unit;legacy_block,
H6167001_S_9349254002059,S6375001_S_9349254006286,0.73140655,brand_unit;legacy_block,
H6167001_S_9349254004053,H6167002_S_9349254002011,0.01214415,brand_unit;legacy_block;semantic_topk,0.42663500
H6167001_S_9349254004053,H6167002_S_9349254002028,,brand_unit;legacy_block;semantic_topk,0.41525483
H6167001_S_9349254004053,H6167002_S_9349254002035,0.01010068,brand_unit;legacy_block;semantic_topk,0.41597119
H6167001_S_9349254004053,H6167002_S_9349254002042,,brand_unit;legacy_block;semantic_topk,0.41213527
H6167001_S_9349254004053,H6167002_S_9349254002059,0.01082864,brand_unit;legacy_block;semantic_topk,0.41132969
H6167001_S_9349254004053,H6167002_S_9349254004053,1.00000000,brand_unit;exact_ean;legacy_block;packfree_exact;semantic_topk,0.99999994
H6167001_S_9349254004053,H6173001_S_GOAT-SOAP-COCONUT,0.27430739,brand_unit,
H6167001_S_9349254004053,H7096001_S_9349254002011,0.01214415,brand_unit;legacy_block;semantic_topk,0.42663500
H6167001_S_9349254004053,H7096001_S_9349254002028,,brand_unit;legacy_block;semantic_topk,0.41525483
H6167001_S_9349254004053,H7096001_S_9349254002035,0.01010068,brand_unit;legacy_block;semantic_topk,0.41597119
H6167001_S_9349254004053,H8347001_S_GOAT-BP02,0.99585141,brand_unit,
H6167001_S_9349254004053,H8347001_S_GOAT-BP04,0.99381788,brand_unit;legacy_block,
H6167001_S_9349254004053,H8347001_S_GOAT-BP05,0.99576580,brand_unit,
H6167001_S_9349254004053,H8347001_S_GOAT-BP06,0.99540495,brand_unit;legacy_block,
H6167001_S_9349254004053,H8347001_S_GOAT-BP08,0.95452520,brand_unit;legacy_block,
H6167001_S_9349254004053,H8427001_S_9349254002011,0.99748025,brand_unit;legacy_block,
H6167001_S_9349254004053,H8427001_S_9349254002028,0.98378491,brand_unit;legacy_block,
H6167001_S_9349254004053,H8427001_S_9349254002035,0.99748025,brand_unit;legacy_block,
H6167001_S_9349254004053,H8427001_S_9349254002042,0.99288563,brand_unit;legacy_block,
H6167001_S_9349254004053,H8427001_S_9349254002059,0.99092294,brand_unit;legacy_block,
H6167001_S_9349254004053,H8427001_S_9349254002066,0.99581144,brand_unit;legacy_block,
H6167001_S_9349254004053,H8427001_S_9349254004053,1.00000000,brand_unit;exact_ean;legacy_block,
H6167001_S_9349254004053,H8427001_S_9349254006286,0.98408120,brand_unit;legacy_block,
H6167001_S_9349254004053,H9250001_S_A9349254005005,0.60798738,brand_unit,
H6167001_S_9349254004053,S2232001_S_GOS2011X2,0.99665524,brand_unit,
H6167001_S_9349254004053,S2232001_S_GOS2028X2,,brand_unit,
H6167001_S_9349254004053,S2232001_S_GOS2042X2,0.99446151,brand_unit,
H6167001_S_9349254004053,S2232001_S_GOS2053X2,0.99487652,brand_unit,
H6167001_S_9349254004053,S2232001_S_GOS2059X2,0.98904429,brand_unit,
H6167001_S_9349254004053,S2232001_S_GOS2066X2,0.99546422,brand_unit,
H6167001_S_9349254004053,S2232001_S_GOS4053X2,,brand_unit,
H6167001_S_9349254004053,S6258001_S_GOS2011X2,0.99675775,brand_unit,
H6167001_S_9349254004053,S6258001_S_GOS2028X2,,brand_unit,
H6167001_S_9349254004053,S6258001_S_GOS2042X2,0.99390858,brand_unit,
H6167001_S_9349254004053,S6258001_S_GOS2059X2,0.98965303,brand_unit,
H6167001_S_9349254004053,S6375001_S_9349254004053,1.00000000,brand_unit;exact_ean;legacy_block,
H6167001_S_9349254004053,S6375001_S_9349254006286,0.99082468,brand_unit;legacy_block,
H6167001_S_H195001,H7096001_S_H195001,1.00000000,brand_unit;legacy_block;packfree_exact;semantic_topk,1.00000024
H6167002_S_9349254002011,H6167002_S_9349254002028,,brand_unit;legacy_block;semantic_topk,0.76215780
H6167002_S_9349254002011,H6167002_S_9349254002035,,brand_unit;legacy_block;semantic_topk,0.76347291
H6167002_S_9349254002011,H6167002_S_9349254002042,,brand_unit;legacy_block;semantic_topk,0.75643271
H6167002_S_9349254002011,H6167002_S_9349254002059,,brand_unit;legacy_block;semantic_topk,0.71771646
H6167002_S_9349254002011,H6167002_S_9349254004053,0.01214415,brand_unit;legacy_block;semantic_topk,0.42663500
H6167002_S_9349254002011,H6173001_S_GOAT-SOAP-COCONUT,,brand_unit,
H6167002_S_9349254002011,H7096001_S_9349254002011,1.00000000,brand_unit;exact_ean;legacy_block;packfree_exact;semantic_topk,1.00000000
H6167002_S_9349254002011,H7096001_S_9349254002028,,brand_unit;legacy_block;semantic_topk,0.76215780
H6167002_S_9349254002011,H7096001_S_9349254002035,,brand_unit;legacy_block;semantic_topk,0.76347291
H6167002_S_9349254002011,H8347001_S_GOAT-BP02,,brand_unit,
H6167002_S_9349254002011,H8347001_S_GOAT-BP04,1.00000000,brand_unit;exact_ean;legacy_block,
H6167002_S_9349254002011,H8347001_S_GOAT-BP05,,brand_unit,
H6167002_S_9349254002011,H8347001_S_GOAT-BP06,,brand_unit;legacy_block,
H6167002_S_9349254002011,H8347001_S_GOAT-BP08,0.31767677,brand_unit;legacy_block,
H6167002_S_9349254002011,H8427001_S_9349254002011,1.00000000,brand_unit;exact_ean;legacy_block,
H6167002_S_9349254002011,H8427001_S_9349254002028,,brand_unit;legacy_block,
H6167002_S_9349254002011,H8427001_S_9349254002035,,brand_unit;legacy_block,
H6167002_S_9349254002011,H8427001_S_9349254002042,0.14362271,brand_unit;legacy_block,
H6167002_S_9349254002011,H8427001_S_9349254002059,0.88948848,brand_unit;legacy_block,
H6167002_S_9349254002011,H8427001_S_9349254002066,,brand_unit;legacy_block,
H6167002_S_9349254002011,H8427001_S_9349254004053,0.05328162,brand_unit;legacy_block,
H6167002_S_9349254002011,H8427001_S_9349254006286,,brand_unit;legacy_block;semantic_topk,0.44129562
H6167002_S_9349254002011,H9250001_S_A9349254005005,0.19923680,brand_unit,
H6167002_S_9349254002011,S2232001_S_GOS2011X2,0.99824097,brand_unit,
H6167002_S_9349254002011,S2232001_S_GOS2028X2,,brand_unit,
H6167002_S_9349254002011,S2232001_S_GOS2042X2,,brand_unit,
H6167002_S_9349254002011,S2232001_S_GOS2053X2,,brand_unit,
H6167002_S_9349254002011,S2232001_S_GOS2059X2,0.78082274,brand_unit,
H6167002_S_9349254002011,S2232001_S_GOS2066X2,,brand_unit,
H6167002_S_9349254002011,S2232001_S_GOS4053X2,,brand_unit,
H6167002_S_9349254002011,S6258001_S_GOS2011X2,0.99454037,brand_unit,
H6167002_S_9349254002011,S6258001_S_GOS2028X2,,brand_unit,
H6167002_S_9349254002011,S6258001_S_GOS2042X2,,brand_unit,
H6167002_S_9349254002011,S6258001_S_GOS2059X2,0.01071732,brand_unit,
H6167002_S_9349254002011,S6375001_S_9349254004053,0.05479834,brand_unit;legacy_block,
H6167002_S_9349254002011,S6375001_S_9349254006286,,brand_unit;legacy_block,
H6167002_S_9349254002028,H6167002_S_9349254002035,,brand_unit;legacy_block;semantic_topk,0.74310809
H6167002_S_9349254002028,H6167002_S_9349254002042,,brand_unit;legacy_block;semantic_topk,0.73625553
H6167002_S_9349254002028,H6167002_S_9349254002059,,brand_unit;legacy_block;semantic_topk,0.69077927
H6167002_S_9349254002028,H6167002_S_9349254004053,,brand_unit;legacy_block;semantic_topk,0.41525483
H6167002_S_9349254002028,H6173001_S_GOAT-SOAP-COCONUT,,brand_unit,
H6167002_S_9349254002028,H7096001_S_9349254002011,,brand_unit;legacy_block;semantic_topk,0.76215780
H6167002_S_9349254002028,H7096001_S_9349254002028,1.00000000,brand_unit;exact_ean;legacy_block;packfree_exact;semantic_topk,0.99999982
H6167002_S_9349254002028,H7096001_S_9349254002035,,brand_unit;legacy_block;semantic_topk,0.74310809
H6167002_S_9349254002028,H8347001_S_GOAT-BP02,,brand_unit,
H6167002_S_9349254002028,H8347001_S_GOAT-BP04,,brand_unit;legacy_block,
H6167002_S_9349254002028,H8347001_S_GOAT-BP05,0.99692662,brand_unit,
H6167002_S_9349254002028,H8347001_S_GOAT-BP06,,brand_unit;legacy_block,
H6167002_S_9349254002028,H8347001_S_GOAT-BP08,,brand_unit;legacy_block,
H6167002_S_9349254002028,H8427001_S_9349254002011,,brand_unit;legacy_block,
H6167002_S_9349254002028,H8427001_S_9349254002028,1.00000000,brand_unit;exact_ean;legacy_block,
H6167002_S_9349254002028,H8427001_S_9349254002035,,brand_unit;legacy_block,
H6167002_S_9349254002028,H8427001_S_9349254002042,,brand_unit;legacy_block,
H6167002_S_9349254002028,H8427001_S_9349254002059,,brand_unit;legacy_block,
H6167002_S_9349254002028,H8427001_S_9349254002066,,brand_unit;legacy_block,
H6167002_S_9349254002028,H8427001_S_9349254004053,,brand_unit;legacy_block,
H6167002_S_9349254002028,H8427001_S_9349254006286,,brand_unit;legacy_block;semantic_topk,0.42952442
H6167002_S_9349254002028,H9250001_S_A9349254005005,,brand_unit,
H6167002_S_9349254002028,S2232001_S_GOS2011X2,,brand_unit,
H6167002_S_9349254002028,S2232001_S_GOS2028X2,0.69263364,brand_unit,
H6167002_S_9349254002028,S2232001_S_GOS2042X2,,brand_unit,
H6167002_S_9349254002028,S2232001_S_GOS2053X2,,brand_unit,
H6167002_S_9349254002028,S2232001_S_GOS2059X2,,brand_unit,
H6167002_S_9349254002028,S2232001_S_GOS2066X2,,brand_unit,
H6167002_S_9349254002028,S2232001_S_GOS4053X2,,brand_unit,
H6167002_S_9349254002028,S6258001_S_GOS2011X2,,brand_unit,
H6167002_S_9349254002028,S6258001_S_GOS2028X2,0.69263364,brand_unit,
H6167002_S_9349254002028,S6258001_S_GOS2042X2,,brand_unit,
H6167002_S_9349254002028,S6258001_S_GOS2059X2,,brand_unit,
H6167002_S_9349254002028,S6375001_S_9349254004053,,brand_unit;legacy_block,
H6167002_S_9349254002028,S6375001_S_9349254006286,,brand_unit;legacy_block,
H6167002_S_9349254002035,H6167002_S_9349254002042,,brand_unit;legacy_block;semantic_topk,0.72319263
H6167002_S_9349254002035,H6167002_S_9349254002059,,brand_unit;legacy_block;semantic_topk,0.67904717
H6167002_S_9349254002035,H6167002_S_9349254004053,0.01010068,brand_unit;legacy_block;semantic_topk,0.41597119
H6167002_S_9349254002035,H6173001_S_GOAT-SOAP-COCONUT,,brand_unit,
H6167002_S_9349254002035,H7096001_S_9349254002011,,brand_unit;legacy_block;semantic_topk,0.76347291
H6167002_S_9349254002035,H7096001_S_9349254002028,,brand_unit;legacy_block;semantic_topk,0.74310809
H6167002_S_9349254002035,H7096001_S_9349254002035,1.00000000,brand_unit;exact_ean;legacy_block;packfree_exact;semantic_topk,1.00000024
H6167002_S_9349254002035,H8347001_S_GOAT-BP02,0.99836624,brand_unit,
H6167002_S_9349254002035,H8347001_S_GOAT-BP04,,brand_unit;legacy_block,
H6167002_S_9349254002035,H8347001_S_GOAT-BP05,,brand_unit,
H6167002_S_9349254002035,H8347001_S_GOAT-BP06,,brand_unit;legacy_block,
H6167002_S_9349254002035,H8347001_S_GOAT-BP08,0.37360788,brand_unit;legacy_block,
H6167002_S_9349254002035,H8427001_S_9349254002011,,brand_unit;legacy_block,
H6167002_S_9349254002035,H8427001_S_9349254002028,,brand_unit;legacy_block,
H6167002_S_9349254002035,H8427001_S_9349254002035,1.00000000,brand_unit;exact_ean;legacy_block,
H6167002_S_9349254002035,H8427001_S_9349254002042,0.13118735,brand_unit;legacy_block,
H6167002_S_9349254002035,H8427001_S_9349254002059,0.16391066,brand_unit;legacy_block,
H6167002_S_9349254002035,H8427001_S_9349254002066,,brand_unit;legacy_block,
H6167002_S_9349254002035,H8427001_S_9349254004053,0.09567446,brand_unit;legacy_block,
H6167002_S_9349254002035,H8427001_S_9349254006286,,brand_unit;legacy_block;semantic_topk,0.43026552
H6167002_S_9349254002035,H9250001_S_A9349254005005,,brand_unit,
H6167002_S_9349254002035,S2232001_S_GOS2011X2,,brand_unit,
H6167002_S_9349254002035,S2232001_S_GOS2028X2,,brand_unit,
H6167002_S_9349254002035,S2232001_S_GOS2042X2,,brand_unit,
H6167002_S_9349254002035,S2232001_S_GOS2053X2,0.99800802,brand_unit,
H6167002_S_9349254002035,S2232001_S_GOS2059X2,0.82798658,brand_unit,
H6167002_S_9349254002035,S2232001_S_GOS2066X2,,brand_unit,
H6167002_S_9349254002035,S2232001_S_GOS4053X2,,brand_unit,
H6167002_S_9349254002035,S6258001_S_GOS2011X2,,brand_unit,
H6167002_S_9349254002035,S6258001_S_GOS2028X2,,brand_unit,
H6167002_S_9349254002035,S6258001_S_GOS2042X2,,brand_unit,
H6167002_S_9349254002035,S6258001_S_GOS2059X2,0.01732533,brand_unit,
H6167002_S_9349254002035,S6375001_S_9349254004053,0.07159830,brand_unit;legacy_block,
H6167002_S_9349254002035,S6375001_S_9349254006286,,brand_unit;legacy_block,
H6167002_S_9349254002042,H6167002_S_9349254002059,,brand_unit;legacy_block;semantic_topk,0.68403316
H6167002_S_9349254002042,H6167002_S_9349254004053,,brand_unit;legacy_block;semantic_topk,0.41213527
H6167002_S_9349254002042,H6173001_S_GOAT-SOAP-COCONUT,,brand_unit,
H6167002_S_9349254002042,H7096001_S_9349254002011,,brand_unit;legacy_block;semantic_topk,0.75643271
H6167002_S_9349254002042,H7096001_S_9349254002028,,brand_unit;legacy_block;semantic_topk,0.73625553
H6167002_S_9349254002042,H7096001_S_9349254002035,,brand_unit;legacy_block;semantic_topk,0.72319263
H6167002_S_9349254002042,H8347001_S_GOAT-BP02,,brand_unit,
H6167002_S_9349254002042,H8347001_S_GOAT-BP04,,brand_unit;legacy_block,
H6167002_S_9349254002042,H8347001_S_GOAT-BP05,,brand_unit,
H6167002_S_9349254002042,H8347001_S_GOAT-BP06,1.00000000,brand_unit;exact_ean;legacy_block,
H6167002_S_9349254002042,H8347001_S_GOAT-BP08,,brand_unit;legacy_block,
H6167002_S_9349254002042,H8427001_S_9349254002011,,brand_unit;legacy_block,
H6167002_S_9349254002042,H8427001_S_9349254002028,,brand_unit;legacy_block,
H6167002_S_9349254002042,H8427001_S_9349254002035,,brand_unit;legacy_block,
H6167002_S_9349254002042,H8427001_S_9349254002042,1.00000000,brand_unit;exact_ean;legacy_block,
H6167002_S_9349254002042,H8427001_S_9349254002059,,brand_unit;legacy_block,
H6167002_S_9349254002042,H8427001_S_9349254002066,,brand_unit;legacy_block,
H6167002_S_9349254002042,H8427001_S_9349254004053,,brand_unit;legacy_block,
H6167002_S_9349254002042,H8427001_S_9349254006286,0.12531252,brand_unit;legacy_block;semantic_topk,0.42629775
H6167002_S_9349254002042,H9250001_S_A9349254005005,,brand_unit,
H6167002_S_9349254002042,S2232001_S_GOS2011X2,,brand_unit,
H6167002_S_9349254002042,S2232001_S_GOS2028X2,,brand_unit,
H6167002_S_9349254002042,S2232001_S_GOS2042X2,0.99730049,brand_unit,
H6167002_S_9349254002042,S2232001_S_GOS2053X2,,brand_unit,
H6167002_S_9349254002042,S2232001_S_GOS2059X2,,brand_unit,
H6167002_S_9349254002042,S2232001_S_GOS2066X2,,brand_unit,
H6167002_S_9349254002042,S2232001_S_GOS4053X2,,brand_unit,
H6167002_S_9349254002042,S6258001_S_GOS2011X2,,brand_unit,
H6167002_S_9349254002042,S6258001_S_GOS2028X2,,brand_unit,
H6167002_S_9349254002042,S6258001_S_GOS2042X2,0.96776786,brand_unit,
H6167002_S_9349254002042,S6258001_S_GOS2059X2,,brand_unit,
H6167002_S_9349254002042,S6375001_S_9349254004053,,brand_unit;legacy_block,
H6167002_S_9349254002042,S6375001_S_9349254006286,0.30383525,brand_unit;legacy_block,
H6167002_S_9349254002059,H6167002_S_9349254004053,0.01082864,brand_unit;legacy_block;semantic_topk,0.41132969
H6167002_S_9349254002059,H6173001_S_GOAT-SOAP-COCONUT,0.00138528,brand_unit,
H6167002_S_9349254002059,H7096001_S_9349254002011,,brand_unit;legacy_block;semantic_topk,0.71771646
H6167002_S_9349254002059,H7096001_S_9349254002028,,brand_unit;legacy_block;semantic_topk,0.69077927
H6167002_S_9349254002059,H7096001_S_9349254002035,,brand_unit;legacy_block;semantic_topk,0.67904717
H6167002_S_9349254002059,H8347001_S_GOAT-BP02,,brand_unit,
H6167002_S_9349254002059,H8347001_S_GOAT-BP04,,brand_unit;legacy_block,
H6167002_S_9349254002059,H8347001_S_GOAT-BP05,0.90671646,brand_unit,
H6167002_S_9349254002059,H8347001_S_GOAT-BP06,,brand_unit;legacy_block,
H6167002_S_9349254002059,H8347001_S_GOAT-BP08,1.00000000,brand_unit;exact_ean;legacy_block,
H6167002_S_9349254002059,H8427001_S_9349254002011,,brand_unit;legacy_block,
H6167002_S_9349254002059,H8427001_S_9349254002028,0.75537223,brand_unit;legacy_block,
H6167002_S_9349254002059,H8427001_S_9349254002035,0.73272178,brand_unit;legacy_block,
H6167002_S_9349254002059,H8427001_S_9349254002042,0.83897753,brand_unit;legacy_block,
H6167002_S_9349254002059,H8427001_S_9349254002059,1.00000000,brand_unit;exact_ean;legacy_block,
H6167002_S_9349254002059,H8427001_S_9349254002066,0.71122669,brand_unit;legacy_block,
H6167002_S_9349254002059,H8427001_S_9349254004053,0.89471291,brand_unit;legacy_block,
H6167002_S_9349254002059,H8427001_S_9349254006286,0.11180759,brand_unit;legacy_block,
H6167002_S_9349254002059,H9250001_S_A9349254005005,,brand_unit,
H6167002_S_9349254002059,S2232001_S_GOS2011X2,,brand_unit,
H6167002_S_9349254002059,S2232001_S_GOS2028X2,0.09694635,brand_unit,
H6167002_S_9349254002059,S2232001_S_GOS2042X2,,brand_unit,
H6167002_S_9349254002059,S2232001_S_GOS2053X2,,brand_unit,
H6167002_S_9349254002059,S2232001_S_GOS2059X2,0.99651325,brand_unit,
H6167002_S_9349254002059,S2232001_S_GOS2066X2,0.84384716,brand_unit,
H6167002_S_9349254002059,S2232001_S_GOS4053X2,,brand_unit,
H6167002_S_9349254002059,S6258001_S_GOS2011X2,,brand_unit,
H6167002_S_9349254002059,S6258001_S_GOS2028X2,0.09694635,brand_unit,
H6167002_S_9349254002059,S6258001_S_GOS2042X2,,brand_unit,
H6167002_S_9349254002059,S6258001_S_GOS2059X2,0.99664712,brand_unit,
H6167002_S_9349254002059,S6375001_S_9349254004053,0.91423261,brand_unit;legacy_block,
H6167002_S_9349254002059,S6375001_S_9349254006286,0.73140655,brand_unit;legacy_block,
H6167002_S_9349254004053,H6173001_S_GOAT-SOAP-COCONUT,0.27430739,brand_unit,
H6167002_S_9349254004053,H7096001_S_9349254002011,0.01214415,brand_unit;legacy_block;semantic_topk,0.42663500
H6167002_S_9349254004053,H7096001_S_9349254002028,,brand_unit;legacy_block;semantic_topk,0.41525483
H6167002_S_9349254004053,H7096001_S_9349254002035,0.01010068,brand_unit;legacy_block;semantic_topk,0.41597119
H6167002_S_9349254004053,H8347001_S_GOAT-BP02,0.99585141,brand_unit,
H6167002_S_9349254004053,H8347001_S_GOAT-BP04,0.99381788,brand_unit;legacy_block,
H6167002_S_9349254004053,H8347001_S_GOAT-BP05,0.99576580,brand_unit,
H6167002_S_9349254004053,H8347001_S_GOAT-BP06,0.99540495,brand_unit;legacy_block,
H6167002_S_9349254004053,H8347001_S_GOAT-BP08,0.95452520,brand_unit;legacy_block,
H6167002_S_9349254004053,H8427001_S_9349254002011,0.99748025,brand_unit;legacy_block,
H6167002_S_9349254004053,H8427001_S_9349254002028,0.98378491,brand_unit;legacy_block,
H6167002_S_9349254004053,H8427001_S_9349254002035,0.99748025,brand_unit;legacy_block,
H6167002_S_9349254004053,H8427001_S_9349254002042,0.99288563,brand_unit;legacy_block,
H6167002_S_9349254004053,H8427001_S_9349254002059,0.99092294,brand_unit;legacy_block,
H6167002_S_9349254004053,H8427001_S_9349254002066,0.99581144,brand_unit;legacy_block,
H6167002_S_9349254004053,H8427001_S_9349254004053,1.00000000,brand_unit;exact_ean;legacy_block,
H6167002_S_9349254004053,H8427001_S_9349254006286,0.98408120,brand_unit;legacy_block,
H6167002_S_9349254004053,H9250001_S_A9349254005005,0.60798738,brand_unit,
H6167002_S_9349254004053,S2232001_S_GOS2011X2,0.99665524,brand_unit,
H6167002_S_9349254004053,S2232001_S_GOS2028X2,,brand_unit,
H6167002_S_9349254004053,S2232001_S_GOS2042X2,0.99446151,brand_unit,
H6167002_S_9349254004053,S2232001_S_GOS2053X2,0.99487652,brand_unit,
H6167002_S_9349254004053,S2232001_S_GOS2059X2,0.98904429,brand_unit,
H6167002_S_9349254004053,S2232001_S_GOS2066X2,0.99546422,brand_unit,
H6167002_S_9349254004053,S2232001_S_GOS4053X2,,brand_unit,
H6167002_S_9349254004053,S6258001_S_GOS2011X2,0.99675775,brand_unit,
H6167002_S_9349254004053,S6258001_S_GOS2028X2,,brand_unit,
H6167002_S_9349254004053,S6258001_S_GOS2042X2,0.99390858,brand_unit,
H6167002_S_9349254004053,S6258001_S_GOS2059X2,0.98965303,brand_unit,
H6167002_S_9349254004053,S6375001_S_9349254004053,1.00000000,brand_unit;exact_ean;legacy_block,
H6167002_S_9349254004053,S6375001_S_9349254006286,0.99082468,brand_unit;legacy_block,
H6173001_S_GOAT-SOAP-COCONUT,H7096001_S_9349254002011,,brand_unit,
H6173001_S_GOAT-SOAP-COCONUT,H7096001_S_9349254002028,,brand_unit,
H6173001_S_GOAT-SOAP-COCONUT,H7096001_S_9349254002035,,brand_unit,
H6173001_S_GOAT-SOAP-COCONUT,H8347001_S_GOAT-BP02,,brand_unit,
H6173001_S_GOAT-SOAP-COCONUT,H8347001_S_GOAT-BP04,,brand_unit,
H6173001_S_GOAT-SOAP-COCONUT,H8347001_S_GOAT-BP05,,brand_unit,
H6173001_S_GOAT-SOAP-COCONUT,H8347001_S_GOAT-BP06,,brand_unit,
H6173001_S_GOAT-SOAP-COCONUT,H8347001_S_GOAT-BP08,0.01134886,brand_unit,
H6173001_S_GOAT-SOAP-COCONUT,H8427001_S_9349254002011,,brand_unit,
H6173001_S_GOAT-SOAP-COCONUT,H8427001_S_9349254002011-01,,brand_unit,
H6173001_S_GOAT-SOAP-COCONUT,H8427001_S_9349254002028,,brand_unit,
H6173001_S_GOAT-SOAP-COCONUT,H8427001_S_9349254002028-01,,brand_unit,
H6173001_S_GOAT-SOAP-COCONUT,H8427001_S_9349254002035,,brand_unit,
H6173001_S_GOAT-SOAP-COCONUT,H8427001_S_9349254002035-01,,brand_unit,
H6173001_S_GOAT-SOAP-COCONUT,H8427001_S_9349254002042,,brand_unit,
H6173001_S_GOAT-SOAP-COCONUT,H8427001_S_9349254002042-01,,brand_unit,
H6173001_S_GOAT-SOAP-COCONUT,H8427001_S_9349254002059,0.06317179,brand_unit,
H6173001_S_GOAT-SOAP-COCONUT,H8427001_S_9349254002059-01,0.28477840,brand_unit,
H6173001_S_GOAT-SOAP-COCONUT,H8427001_S_9349254002066,1.00000000,brand_unit;packfree_exact,
H6173001_S_GOAT-SOAP-COCONUT,H8427001_S_9349254002066-01,1.00000000,brand_unit;packfree_exact,
H6173001_S_GOAT-SOAP-COCONUT,H8427001_S_9349254004053,0.04008580,brand_unit,
H6173001_S_GOAT-SOAP-COCONUT,H8427001_S_9349254006286,,brand_unit,
H6173001_S_GOAT-SOAP-COCONUT,H9250001_S_A9349254005005,0.02148322,brand_unit,
H6173001_S_GOAT-SOAP-COCONUT,S2232001_S_GOS2011X2,,brand_unit,
H6173001_S_GOAT-SOAP-COCONUT,S2232001_S_GOS2028X2,,brand_unit,
H6173001_S_GOAT-SOAP-COCONUT,S2232001_S_GOS2042X2,,brand_unit,
H6173001_S_GOAT-SOAP-COCONUT,S2232001_S_GOS2053X2,,brand_unit,
H6173001_S_GOAT-SOAP-COCONUT,S2232001_S_GOS2059X2,0.00634783,brand_unit,
H6173001_S_GOAT-SOAP-COCONUT,S2232001_S_GOS2066X2,1.00000000,brand_unit,
H6173001_S_GOAT-SOAP-COCONUT,S2232001_S_GOS4053X2,,brand_unit,
H6173001_S_GOAT-SOAP-COCONUT,S6258001_S_GOS2011X2,,brand_unit,
H6173001_S_GOAT-SOAP-COCONUT,S6258001_S_GOS2028X2,,brand_unit,
H6173001_S_GOAT-SOAP-COCONUT,S6258001_S_GOS2042X2,,brand_unit,
H6173001_S_GOAT-SOAP-COCONUT,S6258001_S_GOS2059X2,0.00634783,brand_unit,
H6173001_S_GOAT-SOAP-COCONUT,S6375001_S_9349254004053,0.20375055,brand_unit,
H6173001_S_GOAT-SOAP-COCONUT,S6375001_S_9349254006286,,brand_unit,
H6173001_S_NAJEL-100,H6300002_S_BWNJL-5A,,brand_unit,
H6173001_S_NAJEL-100,H7517001_S_NAJ1017,,brand_unit;legacy_block,
H6173001_S_NAJEL-100,H9653001_S_60888,,brand_unit;legacy_block,
H6173001_S_NAJEL-100,S6324001_S_nj-aleppo12,,brand_unit,
H6173001_S_NAJEL-100,S6324001_S_nj-aleppo40,,brand_unit,
H6173001_S_NAJEL-ARGAN,H6173001_S_NAJEL-BK-CUMIN,0.67577936,brand_unit;legacy_block;semantic_topk,0.63489020
H6173001_S_NAJEL-ARGAN,H6173001_S_NAJEL-CHARCOAL,0.99274531,brand_unit;legacy_block,
H6173001_S_NAJEL-ARGAN,H6173001_S_NAJEL-DEAD-SEA-MUD,0.66649182,brand_unit;legacy_block;semantic_topk,0.78531277
H6173001_S_NAJEL-ARGAN,H6173001_S_NAJEL-HONEY,0.77515874,brand_unit;legacy_block;semantic_topk,0.61288822
H6173001_S_NAJEL-ARGAN,H6173001_S_NAJEL-JASMINE,,brand_unit;legacy_block;semantic_topk,0.67432511
H6173001_S_NAJEL-ARGAN,H6173001_S_NAJEL-LEMON,,brand_unit;legacy_block;semantic_topk,0.69159544
H6173001_S_NAJEL-ARGAN,H6173001_S_NAJEL-ORG,,brand_unit;legacy_block;semantic_topk,0.67438865
H6173001_S_NAJEL-ARGAN,H6173001_S_NAJEL-RD-CLAY,0.76332156,brand_unit;legacy_block;semantic_topk,0.68639696
H6173001_S_NAJEL-ARGAN,H6173001_S_NAJEL-ROSE,,brand_unit;legacy_block;semantic_topk,0.62094253
H6173001_S_NAJEL-ARGAN,H6300002_S_BWNJL-10,0.75988004,brand_unit;legacy_block,
H6173001_S_NAJEL-ARGAN,H6300002_S_BWNJL-7,,brand_unit,
H6173001_S_NAJEL-ARGAN,H6300002_S_BWNJL-8,,brand_unit,
H6173001_S_NAJEL-ARGAN,H6300002_S_BWNJL-9,0.02893149,brand_unit,
H6173001_S_NAJEL-ARGAN,H7517001_S_NAJ0058,,brand_unit;legacy_block,
H6173001_S_NAJEL-ARGAN,H7517001_S_NAJ0959,0.46686993,brand_unit;legacy_block,
H6173001_S_NAJEL-ARGAN,H7517001_S_NAJ5114,,brand_unit;legacy_block,
H6173001_S_NAJEL-ARGAN,S2188001_S_NAJLalepSOAPsea100g3820N,0.01469089,brand_unit;legacy_block,
H6173001_S_NAJEL-BK-CUMIN,H6173001_S_NAJEL-CHARCOAL,0.99574889,brand_unit;legacy_block,
H6173001_S_NAJEL-BK-CUMIN,H6173001_S_NAJEL-DEAD-SEA-MUD,,brand_unit;legacy_block;semantic_topk,0.64988768
H6173001_S_NAJEL-BK-CUMIN,H6173001_S_NAJEL-HONEY,,brand_unit;legacy_block;semantic_topk,0.63542283
H6173001_S_NAJEL-BK-CUMIN,H6173001_S_NAJEL-JASMINE,,brand_unit;legacy_block;semantic_topk,0.66521794
H6173001_S_NAJEL-BK-CUMIN,H6173001_S_NAJEL-LEMON,,brand_unit;legacy_block;semantic_topk,0.69230616
H6173001_S_NAJEL-BK-CUMIN,H6173001_S_NAJEL-ORG,0.88418521,brand_unit;legacy_block;semantic_topk,0.64774805
H6173001_S_NAJEL-BK-CUMIN,H6173001_S_NAJEL-RD-CLAY,,brand_unit;legacy_block;semantic_topk,0.66267997
H6173001_S_NAJEL-BK-CUMIN,H6173001_S_NAJEL-ROSE,0.75967215,brand_unit;legacy_block;semantic_topk,0.63590312
H6173001_S_NAJEL-BK-CUMIN,H6300002_S_BWNJL-10,,brand_unit;legacy_block,
H6173001_S_NAJEL-BK-CUMIN,H6300002_S_BWNJL-7,,brand_unit,
H6173001_S_NAJEL-BK-CUMIN,H6300002_S_BWNJL-8,,brand_unit,
H6173001_S_NAJEL-BK-CUMIN,H6300002_S_BWNJL-9,,brand_unit,
H6173001_S_NAJEL-BK-CUMIN,H7517001_S_NAJ0058,0.79013781,brand_unit;legacy_block,
H6173001_S_NAJEL-BK-CUMIN,H7517001_S_NAJ0959,0.94509153,brand_unit;legacy_block,
H6173001_S_NAJEL-BK-CUMIN,H7517001_S_NAJ5114,0.96929798,brand_unit;legacy_block,
H6173001_S_NAJEL-BK-CUMIN,S2188001_S_NAJLalepSOAPsea100g3820N,,brand_unit;legacy_block,
H6173001_S_NAJEL-CHARCOAL,H6173001_S_NAJEL-DEAD-SEA-MUD,0.99631656,brand_unit;legacy_block,
H6173001_S_NAJEL-CHARCOAL,H6173001_S_NAJEL-HONEY,0.99606454,brand_unit;legacy_block,
H6173001_S_NAJEL-CHARCOAL,H6173001_S_NAJEL-JASMINE,0.99574889,brand_unit;legacy_block,
H6173001_S_NAJEL-CHARCOAL,H6173001_S_NAJEL-LEMON,0.99574889,brand_unit;legacy_block,
H6173001_S_NAJEL-CHARCOAL,H6173001_S_NAJEL-ORG,0.99341850,brand_unit;legacy_block,
H6173001_S_NAJEL-CHARCOAL,H6173001_S_NAJEL-RD-CLAY,0.99640164,brand_unit;legacy_block,
H6173001_S_NAJEL-CHARCOAL,H6173001_S_NAJEL-ROSE,0.98036289,brand_unit;legacy_block,
H6173001_S_NAJEL-CHARCOAL,H6300002_S_BWNJL-10,0.17297322,brand_unit;legacy_block,
H6173001_S_NAJEL-CHARCOAL,H6300002_S_BWNJL-7,,brand_unit,
H6173001_S_NAJEL-CHARCOAL,H6300002_S_BWNJL-8,0.82872040,brand_unit,
H6173001_S_NAJEL-CHARCOAL,H6300002_S_BWNJL-9,0.48298689,brand_unit,
H6173001_S_NAJEL-CHARCOAL,H7517001_S_NAJ0058,0.85960900,brand_unit;legacy_block,
H6173001_S_NAJEL-CHARCOAL,H7517001_S_NAJ0959,0.99496291,brand_unit;legacy_block,
H6173001_S_NAJEL-CHARCOAL,H7517001_S_NAJ5114,0.96787991,brand_unit;legacy_block,
H6173001_S_NAJEL-CHARCOAL,S2188001_S_NAJLalepSOAPsea100g3820N,0.12783022,brand_unit;legacy_block,
H6173001_S_NAJEL-DEAD-SEA-MUD,H6173001_S_NAJEL-HONEY,,brand_unit;legacy_block;semantic_topk,0.62339485
H6173001_S_NAJEL-DEAD-SEA-MUD,H6173001_S_NAJEL-JASMINE,,brand_unit;legacy_block;semantic_topk,0.72127599
H6173001_S_NAJEL-DEAD-SEA-MUD,H6173001_S_NAJEL-LEMON,,brand_unit;legacy_block;semantic_topk,0.71571273
H6173001_S_NAJEL-DEAD-SEA-MUD,H6173001_S_NAJEL-ORG,0.90829990,brand_unit;legacy_block;semantic_topk,0.68057215
H6173001_S_NAJEL-DEAD-SEA-MUD,H6173001_S_NAJEL-RD-CLAY,,brand_unit;legacy_block;semantic_topk,0.71490055
H6173001_S_NAJEL-DEAD-SEA-MUD,H6173001_S_NAJEL-ROSE,0.77761256,brand_unit;legacy_block;semantic_topk,0.63699621
H6173001_S_NAJEL-DEAD-SEA-MUD,H6300002_S_BWNJL-10,0.74749994,brand_unit;legacy_block,
H6173001_S_NAJEL-DEAD-SEA-MUD,H6300002_S_BWNJL-7,,brand_unit,
H6173001_S_NAJEL-DEAD-SEA-MUD,H6300002_S_BWNJL-8,,brand_unit,
H6173001_S_NAJEL-DEAD-SEA-MUD,H6300002_S_BWNJL-9,,brand_unit,
H6173001_S_NAJEL-DEAD-SEA-MUD,H7517001_S_NAJ0058,0.88880750,brand_unit;legacy_block,
H6173001_S_NAJEL-DEAD-SEA-MUD,H7517001_S_NAJ0959,0.92519018,brand_unit;legacy_block,
H6173001_S_NAJEL-DEAD-SEA-MUD,H7517001_S_NAJ5114,0.97326379,brand_unit;legacy_block,
H6173001_S_NAJEL-DEAD-SEA-MUD,S2188001_S_NAJLalepSOAPsea100g3820N,0.96434831,brand_unit;legacy_block,
H6173001_S_NAJEL-HONEY,H6173001_S_NAJEL-JASMINE,,brand_unit;legacy_block;semantic_topk,0.62005424
H6173001_S_NAJEL-HONEY,H6173001_S_NAJEL-LEMON,,brand_unit;legacy_block;semantic_topk,0.62629908
H6173001_S_NAJEL-HONEY,H6173001_S_NAJEL-ORG,0.96843252,brand_unit;legacy_block;semantic_topk,0.63989025
H6173001_S_NAJEL-HONEY,H6173001_S_NAJEL-RD-CLAY,,brand_unit;legacy_block;semantic_topk,0.62077934
H6173001_S_NAJEL-HONEY,H6173001_S_NAJEL-ROSE,,brand_unit;legacy_block;semantic_topk,0.59008390
H6173001_S_NAJEL-HONEY,H6300002_S_BWNJL-10,,brand_unit;legacy_block,
H6173001_S_NAJEL-HONEY,H6300002_S_BWNJL-7,,brand_unit,
H6173001_S_NAJEL-HONEY,H6300002_S_BWNJL-8,,brand_unit,
H6173001_S_NAJEL-HONEY,H6300002_S_BWNJL-9,0.97991448,brand_unit,
H6173001_S_NAJEL-HONEY,H7517001_S_NAJ0058,,brand_unit;legacy_block,
H6173001_S_NAJEL-HONEY,H7517001_S_NAJ0959,0.93941719,brand_unit;legacy_block,
H6173001_S_NAJEL-HONEY,H7517001_S_NAJ5114,0.98184723,brand_unit;legacy_block,
H6173001_S_NAJEL-HONEY,S2188001_S_NAJLalepSOAPsea100g3820N,,brand_unit;legacy_block,
H6173001_S_NAJEL-JASMINE,H6173001_S_NAJEL-LEMON,0.21154002,brand_unit;legacy_block;semantic_topk,0.72920966
H6173001_S_NAJEL-JASMINE,H6173001_S_NAJEL-ORG,,brand_unit;legacy_block;semantic_topk,0.70812398
H6173001_S_NAJEL-JASMINE,H6173001_S_NAJEL-RD-CLAY,,brand_unit;legacy_block;semantic_topk,0.66375822
H6173001_S_NAJEL-JASMINE,H6173001_S_NAJEL-ROSE,,brand_unit;legacy_block;semantic_topk,0.64685118
H6173001_S_NAJEL-JASMINE,H6300002_S_BWNJL-10,,brand_unit;legacy_block,
H6173001_S_NAJEL-JASMINE,H6300002_S_BWNJL-7,,brand_unit,
H6173001_S_NAJEL-JASMINE,H6300002_S_BWNJL-8,0.99863065,brand_unit,
H6173001_S_NAJEL-JASMINE,H6300002_S_BWNJL-9,,brand_unit,
H6173001_S_NAJEL-JASMINE,H7517001_S_NAJ0058,,brand_unit;legacy_block,
H6173001_S_NAJEL-JASMINE,H7517001_S_NAJ0959,0.94509153,brand_unit;legacy_block,
H6173001_S_NAJEL-JASMINE,H7517001_S_NAJ5114,,brand_unit;legacy_block,
H6173001_S_NAJEL-JASMINE,S2188001_S_NAJLalepSOAPsea100g3820N,,brand_unit;legacy_block,
H6173001_S_NAJEL-LEMON,H6173001_S_NAJEL-ORG,0.87779869,brand_unit;legacy_block;semantic_topk,0.69379324
H6173001_S_NAJEL-LEMON,H6173001_S_NAJEL-RD-CLAY,,brand_unit;legacy_block;semantic_topk,0.68755645
H6173001_S_NAJEL-LEMON,H6173001_S_NAJEL-ROSE,,brand_unit;legacy_block;semantic_topk,0.64066827
H6173001_S_NAJEL-LEMON,H6300002_S_BWNJL-10,,brand_unit;legacy_block,
H6173001_S_NAJEL-LEMON,H6300002_S_BWNJL-7,,brand_unit,
H6173001_S_NAJEL-LEMON,H6300002_S_BWNJL-8,0.46447160,brand_unit,
H6173001_S_NAJEL-LEMON,H6300002_S_BWNJL-9,,brand_unit,
H6173001_S_NAJEL-LEMON,H7517001_S_NAJ0058,,brand_unit;legacy_block,
H6173001_S_NAJEL-LEMON,H7517001_S_NAJ0959,0.94509153,brand_unit;legacy_block,
H6173001_S_NAJEL-LEMON,H7517001_S_NAJ5114,0.96509675,brand_unit;legacy_block,
H6173001_S_NAJEL-LEMON,S2188001_S_NAJLalepSOAPsea100g3820N,,brand_unit;legacy_block,
H6173001_S_NAJEL-ORG,H6173001_S_NAJEL-RD-CLAY,0.94177485,brand_unit;legacy_block;semantic_topk,0.64558065
H6173001_S_NAJEL-ORG,H6173001_S_NAJEL-ROSE,,brand_unit;legacy_block;semantic_topk,0.63538861
H6173001_S_NAJEL-ORG,H6300002_S_BWNJL-10,,brand_unit;legacy_block,
H6173001_S_NAJEL-ORG,H6300002_S_BWNJL-7,,brand_unit,
H6173001_S_NAJEL-ORG,H6300002_S_BWNJL-8,,brand_unit,
H6173001_S_NAJEL-ORG,H6300002_S_BWNJL-9,,brand_unit,
H6173001_S_NAJEL-ORG,H7517001_S_NAJ0058,,brand_unit;legacy_block,
H6173001_S_NAJEL-ORG,H7517001_S_NAJ0959,0.94638339,brand_unit;legacy_block,
H6173001_S_NAJEL-ORG,H7517001_S_NAJ5114,0.99966125,brand_unit;legacy_block,
H6173001_S_NAJEL-ORG,S2188001_S_NAJLalepSOAPsea100g3820N,0.06164980,brand_unit;legacy_block,
H6173001_S_NAJEL-RD-CLAY,H6173001_S_NAJEL-ROSE,0.76546583,brand_unit;legacy_block;semantic_topk,0.67141759
H6173001_S_NAJEL-RD-CLAY,H6300002_S_BWNJL-10,,brand_unit;legacy_block,
H6173001_S_NAJEL-RD-CLAY,H6300002_S_BWNJL-7,,brand_unit,
H6173001_S_NAJEL-RD-CLAY,H6300002_S_BWNJL-8,,brand_unit,
H6173001_S_NAJEL-RD-CLAY,H6300002_S_BWNJL-9,,brand_unit,
H6173001_S_NAJEL-RD-CLAY,H7517001_S_NAJ0058,0.93663083,brand_unit;legacy_block,
H6173001_S_NAJEL-RD-CLAY,H7517001_S_NAJ0959,0.93771817,brand_unit;legacy_block,
H6173001_S_NAJEL-RD-CLAY,H7517001_S_NAJ5114,0.97577502,brand_unit;legacy_block,
H6173001_S_NAJEL-RD-CLAY,S2188001_S_NAJLalepSOAPsea100g3820N,,brand_unit;legacy_block,
H6173001_S_NAJEL-ROSE,H6300002_S_BWNJL-10,0.02288192,brand_unit;legacy_block,
H6173001_S_NAJEL-ROSE,H6300002_S_BWNJL-7,0.97504876,brand_unit,
H6173001_S_NAJEL-ROSE,H6300002_S_BWNJL-8,,brand_unit,
H6173001_S_NAJEL-ROSE,H6300002_S_BWNJL-9,,brand_unit,
H6173001_S_NAJEL-ROSE,H7517001_S_NAJ0058,0.99985847,brand_unit;legacy_block,
H6173001_S_NAJEL-ROSE,H7517001_S_NAJ0959,0.67750458,brand_unit;legacy_block,
H6173001_S_NAJEL-ROSE,H7517001_S_NAJ5114,,brand_unit;legacy_block,
H6173001_S_NAJEL-ROSE,S2188001_S_NAJLalepSOAPsea100g3820N,0.01655033,brand_unit;legacy_block,
H6173001_S_VW8507,H7064001_S_GR8201,0.01488364,brand_unit;legacy_block,
H6173001_S_VW8507,H7064001_S_GR8203,,brand_unit;legacy_block,
H6214001_S_Soap_YL_Jasmine_3pc_set,H6214001_S_Soap_YL_redrose_1pc_100g,,brand_unit;legacy_block;semantic_topk,0.92761725
H6214001_S_Soap_YL_Jasmine_3pc_set,H6214001_S_Soap_YT_Engrose_3pc_100g_set,,brand_unit;legacy_block;semantic_topk,0.94415581
H6214001_S_Soap_YL_Jasmine_3pc_set,H6214001_S_Soap_YT_Sandalwood_3pc_set,0.67503939,brand_unit;legacy_block;semantic_topk,0.93526196
H6214001_S_Soap_YL_redrose_1pc_100g,H6214001_S_Soap_YT_Engrose_3pc_100g_set,0.80584926,brand_unit;legacy_block;semantic_topk,0.94654375
H6214001_S_Soap_YL_redrose_1pc_100g,H6214001_S_Soap_YT_Sandalwood_3pc_set,0.26500908,brand_unit;legacy_block;semantic_topk,0.93985587
H6214001_S_Soap_YT_Engrose_3pc_100g_set,H6214001_S_Soap_YT_Sandalwood_3pc_set,0.63039890,brand_unit;legacy_block;semantic_topk,0.95963222
H6280001_S_N235JSBS56045,H6280001_S_N235JSBS56152,0.20358999,brand_unit;legacy_block;semantic_topk,0.81757134
H6280001_S_N235JSBS56045,H6280001_S_N235JSBS56232,0.26314232,brand_unit;legacy_block;semantic_topk,0.70468730
H6280001_S_N235JSBS56152,H6280001_S_N235JSBS56232,,brand_unit;legacy_block;semantic_topk,0.69786251
H6280001_S_N235LUBS52756X6,H6280001_S_N235LUBS52767X6,,brand_unit;legacy_block;semantic_topk,0.43332130
H6280001_S_N235LUBS52756X6,H6280001_S_N235LUBS52769X6,,brand_unit;legacy_block,
H6280001_S_N235LUBS52756X6,H6280001_S_N235LUBS52770X6,0.98791250,brand_unit;legacy_block,
H6280001_S_N235LUBS52756X6,H6280001_S_N235LUBS52771X6,0.70499229,brand_unit;legacy_block,
H6280001_S_N235LUBS52756X6,H6401001_S_luxsoap,0.00120821,brand_unit,
H6280001_S_N235LUBS52756X6,H6729001_S_L0311,0.00323698,brand_unit;legacy_block,
H6280001_S_N235LUBS52756X6,H6729001_S_L0312,0.00764398,brand_unit;legacy_block,
H6280001_S_N235LUBS52756X6,H6729001_S_L0313,0.00574065,brand_unit;legacy_block,
H6280001_S_N235LUBS52756X6,H6729001_S_L0324,0.00616419,brand_unit;legacy_block,
H6280001_S_N235LUBS52756X6,H6729001_S_L0325,0.00298669,brand_unit;legacy_block,
H6280001_S_N235LUBS52756X6,H9564001_S_KU05SB06,0.00141560,brand_unit,
H6280001_S_N235LUBS52756X6,S2090001_S_4NO5A,0.00030782,brand_unit,
H6280001_S_N235LUBS52756X6,S6136001_S_4NO5A,0.00030782,brand_unit,
H6280001_S_N235LUBS52767X6,H6280001_S_N235LUBS52769X6,0.98429126,brand_unit;legacy_block,
H6280001_S_N235LUBS52767X6,H6280001_S_N235LUBS52770X6,0.99217358,brand_unit;legacy_block,
H6280001_S_N235LUBS52767X6,H6280001_S_N235LUBS52771X6,0.70570383,brand_unit;legacy_block,
H6280001_S_N235LUBS52767X6,H6401001_S_luxsoap,0.00120821,brand_unit,
H6280001_S_N235LUBS52767X6,H6729001_S_L0311,0.00764398,brand_unit;legacy_block,
H6280001_S_N235LUBS52767X6,H6729001_S_L0312,0.00764398,brand_unit;legacy_block,
H6280001_S_N235LUBS52767X6,H6729001_S_L0313,0.01625185,brand_unit;legacy_block,
H6280001_S_N235LUBS52767X6,H6729001_S_L0324,0.00298669,brand_unit;legacy_block,
H6280001_S_N235LUBS52767X6,H6729001_S_L0325,0.00298669,brand_unit;legacy_block,
H6280001_S_N235LUBS52767X6,H9564001_S_KU05SB06,0.00033149,brand_unit,
H6280001_S_N235LUBS52767X6,S2090001_S_4NO5A,0.00021633,brand_unit,
H6280001_S_N235LUBS52767X6,S6136001_S_4NO5A,0.00021633,brand_unit,
H6280001_S_N235LUBS52769X6,H6280001_S_N235LUBS52770X6,0.89720014,brand_unit;legacy_block,
H6280001_S_N235LUBS52769X6,H6280001_S_N235LUBS52771X6,0.95923756,brand_unit;legacy_block,
H6280001_S_N235LUBS52769X6,H6401001_S_luxsoap,0.00297122,brand_unit,
H6280001_S_N235LUBS52769X6,H6729001_S_L0311,0.02898195,brand_unit;legacy_block,
H6280001_S_N235LUBS52769X6,H6729001_S_L0312,0.02898195,brand_unit;legacy_block,
H6280001_S_N235LUBS52769X6,H6729001_S_L0313,0.00721720,brand_unit;legacy_block,
H6280001_S_N235LUBS52769X6,H6729001_S_L0324,0.00766366,brand_unit;legacy_block,
H6280001_S_N235LUBS52769X6,H6729001_S_L0325,0.00760024,brand_unit;legacy_block,
H6280001_S_N235LUBS52769X6,H9564001_S_KU05SB06,0.05626773,brand_unit,
H6280001_S_N235LUBS52769X6,S2090001_S_4NO5A,0.00086707,brand_unit,
H6280001_S_N235LUBS52769X6,S6136001_S_4NO5A,0.00086707,brand_unit,
H6280001_S_N235LUBS52770X6,H6280001_S_N235LUBS52771X6,0.85963775,brand_unit;legacy_block,
H6280001_S_N235LUBS52770X6,H6401001_S_luxsoap,0.00162358,brand_unit,
H6280001_S_N235LUBS52770X6,H6729001_S_L0311,0.00559871,brand_unit;legacy_block,
H6280001_S_N235LUBS52770X6,H6729001_S_L0312,0.00394091,brand_unit;legacy_block,
H6280001_S_N235LUBS52770X6,H6729001_S_L0313,0.00323320,brand_unit;legacy_block,
H6280001_S_N235LUBS52770X6,H6729001_S_L0324,0.00616419,brand_unit;legacy_block,
H6280001_S_N235LUBS52770X6,H6729001_S_L0325,0.00298669,brand_unit;legacy_block,
H6280001_S_N235LUBS52770X6,H9564001_S_KU05SB06,0.00144517,brand_unit,
H6280001_S_N235LUBS52770X6,S2090001_S_4NO5A,0.00053356,brand_unit,
H6280001_S_N235LUBS52770X6,S6136001_S_4NO5A,0.00053356,brand_unit,
H6280001_S_N235LUBS52771X6,H6401001_S_luxsoap,0.00539515,brand_unit,
H6280001_S_N235LUBS52771X6,H6729001_S_L0311,0.64845154,brand_unit;legacy_block,
H6280001_S_N235LUBS52771X6,H6729001_S_L0312,0.00946664,brand_unit;legacy_block,
H6280001_S_N235LUBS52771X6,H6729001_S_L0313,0.00946664,brand_unit;legacy_block,
H6280001_S_N235LUBS52771X6,H6729001_S_L0324,0.00574065,brand_unit;legacy_block,
H6280001_S_N235LUBS52771X6,H6729001_S_L0325,0.00265535,brand_unit;legacy_block,
H6280001_S_N235LUBS52771X6,H9564001_S_KU05SB06,0.09198543,brand_unit,
H6280001_S_N235LUBS52771X6,S2090001_S_4NO5A,0.00045616,brand_unit,
H6280001_S_N235LUBS52771X6,S6136001_S_4NO5A,0.00045616,brand_unit,
H6300002_S_BWCOW-25A,H9990001_S_529,0.00662082,brand_unit,
H6300002_S_BWCOW-25A,H9990001_S_557,0.00145091,brand_unit,
H6300002_S_BWCOW-25A,S2214001_S_RW383035,0.39446256,brand_unit,
H6300002_S_BWNJL-10,H6300002_S_BWNJL-7,0.89426559,brand_unit,
H6300002_S_BWNJL-10,H6300002_S_BWNJL-8,,brand_unit,
H6300002_S_BWNJL-10,H6300002_S_BWNJL-9,,brand_unit,
H6300002_S_BWNJL-10,H7517001_S_NAJ0058,0.04833002,brand_unit;legacy_block,
H6300002_S_BWNJL-10,H7517001_S_NAJ0959,0.12720326,brand_unit;legacy_block,
H6300002_S_BWNJL-10,H7517001_S_NAJ5114,,brand_unit;legacy_block,
H6300002_S_BWNJL-10,S2188001_S_NAJLalepSOAPsea100g3820N,0.63425293,brand_unit;legacy_block,
H6300002_S_BWNJL-4,H6300002_S_BWNJL-5A,0.13016070,brand_unit;semantic_topk,0.60928226
H6300002_S_BWNJL-4,S6324001_S_nj-aleppo12,0.00547837,brand_unit,
H6300002_S_BWNJL-4,S6324001_S_nj-aleppo40,0.00547837,brand_unit,
H6300002_S_BWNJL-5A,H7517001_S_NAJ1017,0.30509312,brand_unit,
H6300002_S_BWNJL-5A,H9653001_S_60888,0.78231302,brand_unit,
H6300002_S_BWNJL-5A,S6324001_S_nj-aleppo12,0.96011344,brand_unit,
H6300002_S_BWNJL-5A,S6324001_S_nj-aleppo40,0.95481430,brand_unit,
H6300002_S_BWNJL-6,H9653001_S_60019,0.94520250,brand_unit,
H6300002_S_BWNJL-7,H6300002_S_BWNJL-8,,brand_unit;legacy_block,
H6300002_S_BWNJL-7,H6300002_S_BWNJL-9,,brand_unit;legacy_block,
H6300002_S_BWNJL-7,H7517001_S_NAJ0058,0.99442416,brand_unit,
H6300002_S_BWNJL-7,H7517001_S_NAJ0959,,brand_unit,
H6300002_S_BWNJL-7,H7517001_S_NAJ5114,,brand_unit,
H6300002_S_BWNJL-7,S2188001_S_NAJLalepSOAPsea100g3820N,0.01984294,brand_unit,
H6300002_S_BWNJL-8,H6300002_S_BWNJL-9,,brand_unit;legacy_block,
H6300002_S_BWNJL-8,H7517001_S_NAJ0058,,brand_unit,
H6300002_S_BWNJL-8,H7517001_S_NAJ0959,0.72552063,brand_unit,
H6300002_S_BWNJL-8,H7517001_S_NAJ5114,,brand_unit,
H6300002_S_BWNJL-8,S2188001_S_NAJLalepSOAPsea100g3820N,,brand_unit,
H6300002_S_BWNJL-9,H7517001_S_NAJ0058,,brand_unit,
H6300002_S_BWNJL-9,H7517001_S_NAJ0959,0.79460159,brand_unit,
H6300002_S_BWNJL-9,H7517001_S_NAJ5114,,brand_unit,
H6300002_S_BWNJL-9,S2188001_S_NAJLalepSOAPsea100g3820N,,brand_unit,
H6401001_S_25568C2,H8424001_S_6297000323060,0.98892083,brand_unit,
H6401001_S_25568C2,S2802001_S_CussonsBathSoap,0.05007068,brand_unit;semantic_topk,0.41466665
H6401001_S_25568C2,S6136001_S_4NO5,0.98759249,brand_unit;legacy_block,
H6401001_S_dettolsoap,H6729001_S_D0457,0.02368495,brand_unit;legacy_block,
H6401001_S_dettolsoap,H6729001_S_D0460A,0.02802065,brand_unit;legacy_block,
H6401001_S_dettolsoap,H6729001_S_D0462,0.02802065,brand_unit;legacy_block,
H6401001_S_dettolsoap,H6729001_S_D0463,0.01041764,brand_unit;legacy_block,
H6401001_S_dettolsoap,H8728001_S_8993560024987,0.99894309,brand_unit;semantic_topk,0.80591685
H6401001_S_dettolsoap,H9564001_S_DE05BS04G,0.99973981,brand_unit,
H6401001_S_dettolsoap,S2090001_S_4NO5B1,,brand_unit;legacy_block,
H6401001_S_dettolsoap,S6136001_S_4NO5B1,,brand_unit;legacy_block,
H6401001_S_dovesoap,H6729001_S_D0522,0.51919695,brand_unit;legacy_block,
H6401001_S_dovesoap,H8728001_S_8720182256362,0.99947723,brand_unit,
H6401001_S_dovesoap,H9357001_S_8718114047249,0.99933007,brand_unit;semantic_topk,0.46476138
H6401001_S_dovesoap,H9357001_S_8720182256362-1,0.99979512,brand_unit,
H6401001_S_dovesoap,H9564001_S_DO06CB06,0.99964943,brand_unit;semantic_topk,0.41440153
H6401001_S_dovesoap,S2090001_S_4NO5C,,brand_unit;legacy_block,
H6401001_S_dovesoap,S2552001_S_10091DOV_BAR_SOA_MD,0.99963440,brand_unit;legacy_block;semantic_topk,0.41453454
H6401001_S_dovesoap,S2552002_S_10091_HHL,0.99963440,brand_unit;legacy_block;semantic_topk,0.41453454
H6401001_S_dovesoap,S6136001_S_4NO5C,,brand_unit;legacy_block,
H6401001_S_luxsoap,H6706001_S_cs169865,0.28866984,brand_unit,
H6401001_S_luxsoap,H6706001_S_cs169867,0.00414780,brand_unit,
H6401001_S_luxsoap,H6729001_S_L0311,0.26312654,brand_unit,
H6401001_S_luxsoap,H6729001_S_L0312,0.15456207,brand_unit,
H6401001_S_luxsoap,H6729001_S_L0313,0.18205340,brand_unit,
H6401001_S_luxsoap,H6729001_S_L0324,0.37946500,brand_unit,
H6401001_S_luxsoap,H6729001_S_L0325,0.36460291,brand_unit,
H6401001_S_luxsoap,H9564001_S_KU05SB06,0.63057427,brand_unit;legacy_block;semantic_topk,0.52209508
H6401001_S_luxsoap,S2090001_S_4NO5A,0.16182513,brand_unit;legacy_block,
H6401001_S_luxsoap,S6136001_S_4NO5A,0.16182513,brand_unit;legacy_block,
H6522001_S_7973_New,H6522001_S_7977_New,,brand_unit;legacy_block;semantic_topk,0.62357503
H6522001_S_7973_New,H6522001_S_DN_7975,,brand_unit;legacy_block;semantic_topk,0.53047150
H6522001_S_7977_New,H6522001_S_DN_7975,,brand_unit;legacy_block;semantic_topk,0.72966087
H6522001_S_SAVBAD150_New,H6522001_S_SAVBKAR150_2nd,0.03544013,brand_unit;legacy_block;semantic_topk,0.67186260
H6522001_S_SAVBAD150_New,H6522001_S_SAVBOL150_New,0.00551366,brand_unit;legacy_block;semantic_topk,0.72370803
H6522001_S_SAVBAD150_New,H7058001_S_PC152-1,0.67281445,brand_unit;legacy_block,
H6522001_S_SAVBKAR150_2nd,H6522001_S_SAVBOL150_New,,brand_unit;legacy_block;semantic_topk,0.68835801
H6522001_S_SAVBKAR150_2nd,H7058001_S_PC152-1,0.00728952,brand_unit;legacy_block,
H6522001_S_SAVBOL150_New,H7058001_S_PC152-1,0.64786835,brand_unit;legacy_block,
H6592001_S_8938508416011-Cinnamon,H6592001_S_8938508416011-Honey,0.98089450,brand_unit;legacy_block,
H6592001_S_8938508416011-Cinnamon,H6592001_S_8938508416011-Peppermint,0.97641716,brand_unit;legacy_block,
H6592001_S_8938508416011-Cinnamon,H6592001_S_8938508416011-Rice,0.97893561,brand_unit;legacy_block,
H6592001_S_8938508416011-Cinnamon,H6592001_S_8938508416011-Rose,0.98027510,brand_unit;legacy_block,
H6592001_S_8938508416011-Cinnamon,H6592001_S_8938508416790,0.50720913,brand_unit,
H6592001_S_8938508416011-Honey,H6592001_S_8938508416011-Peppermint,0.97784237,brand_unit;legacy_block,
H6592001_S_8938508416011-Honey,H6592001_S_8938508416011-Rice,0.98087506,brand_unit;legacy_block,
H6592001_S_8938508416011-Honey,H6592001_S_8938508416011-Rose,,brand_unit;legacy_block,
H6592001_S_8938508416011-Honey,H6592001_S_8938508416790,0.65250170,brand_unit,
H6592001_S_8938508416011-Peppermint,H6592001_S_8938508416011-Rice,0.99043125,brand_unit;legacy_block,
H6592001_S_8938508416011-Peppermint,H6592001_S_8938508416011-Rose,,brand_unit;legacy_block,
H6592001_S_8938508416011-Peppermint,H6592001_S_8938508416790,,brand_unit,
H6592001_S_8938508416011-Rice,H6592001_S_8938508416011-Rose,0.97791158,brand_unit;legacy_block,
H6592001_S_8938508416011-Rice,H6592001_S_8938508416790,0.43224763,brand_unit,
H6592001_S_8938508416011-Rose,H6592001_S_8938508416790,,brand_unit,
H6706001_S_cs168539,H7096001_S_4976631478272,0.97481159,brand_unit,
H6706001_S_cs168539,H8424001_S_4976631478272,0.97656656,brand_unit,
H6706001_S_cs168539,H8424001_S_4976631481166,0.97693029,brand_unit,
H6706001_S_cs168539,H9125001_S_48200101,0.89665331,brand_unit;legacy_block,
H6706001_S_cs168539,H9125001_S_48200102,0.03213089,brand_unit;legacy_block,
H6706001_S_cs168539,H9125001_S_48200103,0.00331560,brand_unit;legacy_block,
H6706001_S_cs168539,H9990001_S_544,0.00470771,brand_unit;legacy_block,
H6706001_S_cs168539,S6478006_S_478272_4976631478272,0.99761637,brand_unit,
H6706001_S_cs168539,S6478006_S_481166_4976631481166,0.99409002,brand_unit,
H6706001_S_cs169530,H9564001_S_DO06CB06,1.00000000,brand_unit;semantic_topk,0.88617176
H6706001_S_cs169531,H6706001_S_cs169532,0.25518315,brand_unit;legacy_block;semantic_topk,0.68040067
H6706001_S_cs169531,H6706001_S_cs169533,,brand_unit;legacy_block;semantic_topk,0.53806710
H6706001_S_cs169531,H6729001_S_P0025,0.05599853,brand_unit;legacy_block,
H6706001_S_cs169531,H7285001_S_SM-134,0.11780795,brand_unit;legacy_block,
H6706001_S_cs169531,H8115001_S_KY-C00077,0.17464156,brand_unit,
H6706001_S_cs169531,H9357001_S_5017306008321,0.07017351,brand_unit,
H6706001_S_cs169531,S2232001_S_PEA05176X2,,brand_unit;legacy_block,
H6706001_S_cs169531,S2232001_S_PEA08321X2,0.01666918,brand_unit;legacy_block,
H6706001_S_cs169531,S2232001_S_PEA24023X2,0.42742385,brand_unit;legacy_block,
H6706001_S_cs169532,H6706001_S_cs169533,0.34189976,brand_unit;legacy_block;semantic_topk,0.60564101
H6706001_S_cs169532,H6729001_S_P0025,0.42893905,brand_unit;legacy_block,
H6706001_S_cs169532,H7285001_S_SM-134,0.05131513,brand_unit;legacy_block,
H6706001_S_cs169532,H8115001_S_KY-C00077,0.93950881,brand_unit,
H6706001_S_cs169532,H9357001_S_5017306008321,0.99994697,brand_unit,
H6706001_S_cs169532,S2232001_S_PEA05176X2,,brand_unit;legacy_block,
H6706001_S_cs169532,S2232001_S_PEA08321X2,0.68325857,brand_unit;legacy_block,
H6706001_S_cs169532,S2232001_S_PEA24023X2,0.01110868,brand_unit;legacy_block,
H6706001_S_cs169533,H6729001_S_P0025,0.01250552,brand_unit;legacy_block,
H6706001_S_cs169533,H7285001_S_SM-134,0.14345031,brand_unit;legacy_block,
H6706001_S_cs169533,H8115001_S_KY-C00077,0.27031186,brand_unit,
H6706001_S_cs169533,H9357001_S_5017306008321,0.20125673,brand_unit,
H6706001_S_cs169533,S2232001_S_PEA05176X2,0.91772821,brand_unit;legacy_block,
H6706001_S_cs169533,S2232001_S_PEA08321X2,0.00545706,brand_unit;legacy_block,
H6706001_S_cs169533,S2232001_S_PEA24023X2,,brand_unit;legacy_block,
H6706001_S_cs169865,H6706001_S_cs169867,0.95115556,brand_unit;legacy_block,
H6706001_S_cs169865,H9564001_S_KU05SB06,0.10267050,brand_unit,
H6706001_S_cs169865,S2090001_S_4NO5A,0.00123230,brand_unit,
H6706001_S_cs169865,S6136001_S_4NO5A,0.00123230,brand_unit,
H6706001_S_cs169867,H9564001_S_KU05SB06,0.00319174,brand_unit,
H6706001_S_cs169867,S2090001_S_4NO5A,0.00094013,brand_unit,
H6706001_S_cs169867,S6136001_S_4NO5A,0.00094013,brand_unit,
H6706001_S_cs169962,H8424001_S_9556155017017,0.87188112,brand_unit;semantic_topk,0.46937764
H6706001_S_cs169963,H6706001_S_cs169964,,brand_unit;legacy_block;semantic_topk,0.52402020
H6706001_S_cs169963,H6706001_S_cs169965,0.10576368,brand_unit;legacy_block;semantic_topk,0.54265761
H6706001_S_cs169963,H9299001_S_6901404712534,0.35424022,brand_unit,
H6706001_S_cs169963,H9299001_S_6901404812548,0.29602489,brand_unit,
H6706001_S_cs169963,H9299001_S_6901404912514,0.28738704,brand_unit,
H6706001_S_cs169963,H9357001_S_6901404601258,0.93661049,brand_unit,
H6706001_S_cs169964,H6706001_S_cs169965,0.10576368,brand_unit;legacy_block;semantic_topk,0.54909033
H6706001_S_cs169964,H9299001_S_6901404712534,0.33328386,brand_unit,
H6706001_S_cs169964,H9299001_S_6901404812548,0.27703499,brand_unit,
H6706001_S_cs169964,H9299001_S_6901404912514,0.26873974,brand_unit,
H6706001_S_cs169964,H9357001_S_6901404601258,0.87638257,brand_unit,
H6706001_S_cs169965,H9299001_S_6901404712534,0.56928626,brand_unit,
H6706001_S_cs169965,H9299001_S_6901404812548,0.56928626,brand_unit,
H6706001_S_cs169965,H9299001_S_6901404912514,0.50327309,brand_unit,
H6706001_S_cs169965,H9357001_S_6901404601258,0.85019274,brand_unit;semantic_topk,0.45088112
H6706001_S_cs169985,H7343002_S_HK230502JJQT07214RMN05,0.00326881,legacy_block,
H6706001_S_cs169985,H7343003_S_HK230502JJQT07214RMN05,0.00326881,legacy_block,
H6706001_S_cs169985,H7343013_S_HK230502JJQT07214RMN05,0.00326881,legacy_block,
H6706001_S_cs169985,H7343015_S_HK230502JJQT07214RMN05,0.00326881,legacy_block,
H6706001_S_cs169985,H7420001_S_MASKHOME-485,0.00264830,legacy_block,
H6706001_S_cs169985,S1061001_S_MON-748-027-0000,0.00086866,legacy_block,
H6706001_S_cs169985,S6429001_S_CC8809338505032,0.00167789,legacy_block,
H6729001_S_D0457,H6729001_S_D0460A,0.16624844,brand_unit;legacy_block;semantic_topk,0.59309876
H6729001_S_D0457,H6729001_S_D0462,,brand_unit;legacy_block,
H6729001_S_D0457,H6729001_S_D0463,0.21790742,brand_unit;legacy_block;semantic_topk,0.45182368
H6729001_S_D0457,H8728001_S_8993560024987,0.02128247,brand_unit,
H6729001_S_D0457,H9564001_S_DE05BS04G,0.00707362,brand_unit,
H6729001_S_D0457,S2090001_S_4NO5B1,0.12417000,brand_unit;legacy_block,
H6729001_S_D0457,S6136001_S_4NO5B1,0.12417000,brand_unit;legacy_block,
H6729001_S_D0460A,H6729001_S_D0462,0.86076140,brand_unit;legacy_block,
H6729001_S_D0460A,H6729001_S_D0463,0.40585870,brand_unit;legacy_block;semantic_topk,0.59329033
H6729001_S_D0460A,H8728001_S_8993560024987,0.01621474,brand_unit,
H6729001_S_D0460A,H9564001_S_DE05BS04G,0.01148123,brand_unit,
H6729001_S_D0460A,S2090001_S_4NO5B1,0.00763517,brand_unit;legacy_block,
H6729001_S_D0460A,S6136001_S_4NO5B1,0.00763517,brand_unit;legacy_block,
H6729001_S_D0462,H6729001_S_D0463,0.78754213,brand_unit;legacy_block,
H6729001_S_D0462,H8728001_S_8993560024987,0.04904861,brand_unit,
H6729001_S_D0462,H9564001_S_DE05BS04G,0.01003597,brand_unit,
H6729001_S_D0462,S2090001_S_4NO5B1,,brand_unit;legacy_block,
H6729001_S_D0462,S6136001_S_4NO5B1,,brand_unit;legacy_block,
H6729001_S_D0463,H8728001_S_8993560024987,0.01668179,brand_unit,
H6729001_S_D0463,H9564001_S_DE05BS04G,0.01181357,brand_unit,
H6729001_S_D0463,S2090001_S_4NO5B1,0.00763517,brand_unit;legacy_block,
H6729001_S_D0463,S6136001_S_4NO5B1,0.00763517,brand_unit;legacy_block,
H6729001_S_D0522,H8728001_S_8720182256362,0.10381101,brand_unit,
H6729001_S_D0522,H9357001_S_8718114047249,0.00634401,brand_unit,
H6729001_S_D0522,H9357001_S_8720182256362-1,0.00264282,brand_unit,
H6729001_S_D0522,H9564001_S_DO06CB06,0.03945919,brand_unit,
H6729001_S_D0522,S2090001_S_4NO5C,0.32946092,brand_unit;legacy_block,
H6729001_S_D0522,S2552001_S_10091DOV_BAR_SOA_MD,0.00899622,brand_unit;legacy_block,
H6729001_S_D0522,S2552002_S_10091_HHL,0.00899622,brand_unit;legacy_block,
H6729001_S_D0522,S6136001_S_4NO5C,0.32946092,brand_unit;legacy_block,
H6729001_S_L0311,H6729001_S_L0312,0.97643000,brand_unit;legacy_block,
H6729001_S_L0311,H6729001_S_L0313,0.98245964,brand_unit;legacy_block,
H6729001_S_L0311,H6729001_S_L0324,0.06272067,brand_unit;legacy_block,
H6729001_S_L0311,H6729001_S_L0325,0.18890624,brand_unit;legacy_block,
H6729001_S_L0311,H9564001_S_KU05SB06,0.46275800,brand_unit,
H6729001_S_L0311,S2090001_S_4NO5A,0.17767518,brand_unit,
H6729001_S_L0311,S6136001_S_4NO5A,0.17767518,brand_unit,
H6729001_S_L0312,H6729001_S_L0313,0.88782129,brand_unit;legacy_block;semantic_topk,0.40291518
H6729001_S_L0312,H6729001_S_L0324,0.06272067,brand_unit;legacy_block,
H6729001_S_L0312,H6729001_S_L0325,0.09462698,brand_unit;legacy_block,
H6729001_S_L0312,H9564001_S_KU05SB06,0.45300725,brand_unit,
H6729001_S_L0312,S2090001_S_4NO5A,0.23359073,brand_unit,
H6729001_S_L0312,S6136001_S_4NO5A,0.23359073,brand_unit,
H6729001_S_L0313,H6729001_S_L0324,0.05034436,brand_unit;legacy_block,
H6729001_S_L0313,H6729001_S_L0325,0.92950414,brand_unit;legacy_block,
H6729001_S_L0313,H9564001_S_KU05SB06,0.39685360,brand_unit,
H6729001_S_L0313,S2090001_S_4NO5A,0.16593206,brand_unit,
H6729001_S_L0313,S6136001_S_4NO5A,0.16593206,brand_unit,
H6729001_S_L0324,H6729001_S_L0325,0.58365620,brand_unit;legacy_block,
H6729001_S_L0324,H9564001_S_KU05SB06,0.21428813,brand_unit,
H6729001_S_L0324,S2090001_S_4NO5A,0.10935152,brand_unit,
H6729001_S_L0324,S6136001_S_4NO5A,0.10935152,brand_unit,
H6729001_S_L0325,H9564001_S_KU05SB06,0.20346346,brand_unit,
H6729001_S_L0325,S2090001_S_4NO5A,0.11949901,brand_unit,
H6729001_S_L0325,S6136001_S_4NO5A,0.11949901,brand_unit,
H6729001_S_P0025,H7285001_S_SM-134,0.03848855,brand_unit;legacy_block,
H6729001_S_P0025,H8115001_S_KY-C00077,0.05073472,brand_unit,
H6729001_S_P0025,H9357001_S_5017306008321,0.04811229,brand_unit,
H6729001_S_P0025,S2232001_S_PEA05176X2,0.69524929,brand_unit;legacy_block,
H6729001_S_P0025,S2232001_S_PEA08321X2,0.99002770,brand_unit;legacy_block,
H6729001_S_P0025,S2232001_S_PEA24023X2,0.75046863,brand_unit;legacy_block,
H6729001_S_S0343,H6729001_S_S0374,0.41127254,brand_unit;legacy_block,
H6729001_S_V0087,H7616001_S_HS_00994,0.97541818,brand_unit;legacy_block,
H6869001_S_ALEPIA-001,H6869001_S_ALEPIA-002,0.98820436,brand_unit;legacy_block;semantic_topk,0.80291134
H6869001_S_ALEPIA-001,H6869001_S_ALEPIA-004,0.98979108,brand_unit;legacy_block;semantic_topk,0.94517720
H6869001_S_ALEPIA-001,H6869001_S_ALEPIA-005,0.98322238,brand_unit;legacy_block;semantic_topk,0.94266289
H6869001_S_ALEPIA-001,H7114002_S_Alepia-1,,brand_unit;legacy_block,
H6869001_S_ALEPIA-001,H7114002_S_Alepia-25,,brand_unit;legacy_block,
H6869001_S_ALEPIA-001,H7114002_S_Alepia-40,,brand_unit;legacy_block,
H6869001_S_ALEPIA-001,H7542001_S_AL002,0.63631665,brand_unit;legacy_block,
H6869001_S_ALEPIA-001,H9737001_S_nm_alepia_aleppo_soap_25,,brand_unit;legacy_block,
H6869001_S_ALEPIA-001,S6114001_S_ALEPIA-001,,brand_unit;legacy_block,
H6869001_S_ALEPIA-001,S6114001_S_ALEPIA-002,,brand_unit;legacy_block,
H6869001_S_ALEPIA-001,S6114001_S_ALEPIA-005,,brand_unit;legacy_block,
H6869001_S_ALEPIA-001,S6114001_S_ALEPIA-107,0.86678994,brand_unit;legacy_block,
H6869001_S_ALEPIA-002,H6869001_S_ALEPIA-004,0.98998009,brand_unit;legacy_block;semantic_topk,0.81245136
H6869001_S_ALEPIA-002,H6869001_S_ALEPIA-005,0.98322638,brand_unit;legacy_block;semantic_topk,0.80428696
H6869001_S_ALEPIA-002,H7114002_S_Alepia-1,,brand_unit;legacy_block,
H6869001_S_ALEPIA-002,H7114002_S_Alepia-25,,brand_unit;legacy_block,
H6869001_S_ALEPIA-002,H7114002_S_Alepia-40,,brand_unit;legacy_block,
H6869001_S_ALEPIA-002,H7542001_S_AL002,0.62237748,brand_unit;legacy_block,
H6869001_S_ALEPIA-002,H9737001_S_nm_alepia_aleppo_soap_25,,brand_unit;legacy_block,
H6869001_S_ALEPIA-002,S6114001_S_ALEPIA-001,,brand_unit;legacy_block,
H6869001_S_ALEPIA-002,S6114001_S_ALEPIA-002,,brand_unit;legacy_block,
H6869001_S_ALEPIA-002,S6114001_S_ALEPIA-005,,brand_unit;legacy_block,
H6869001_S_ALEPIA-002,S6114001_S_ALEPIA-107,0.87942791,brand_unit;legacy_block,
H6869001_S_ALEPIA-003,H7114002_S_Alepia-16,,brand_unit;legacy_block,
H6869001_S_ALEPIA-003,S6114001_S_ALEPIA-003,,brand_unit;legacy_block,
H6869001_S_ALEPIA-003,S6114001_S_ALEPIA-006,0.66277619,brand_unit;legacy_block,
H6869001_S_ALEPIA-003,S6114001_S_ALEPIA-007,0.68860660,brand_unit;legacy_block,
H6869001_S_ALEPIA-004,H6869001_S_ALEPIA-005,0.98998009,brand_unit;legacy_block;semantic_topk,0.94891465
H6869001_S_ALEPIA-004,H7114002_S_Alepia-1,,brand_unit;legacy_block,
H6869001_S_ALEPIA-004,H7114002_S_Alepia-25,,brand_unit;legacy_block,
H6869001_S_ALEPIA-004,H7114002_S_Alepia-40,,brand_unit;legacy_block,
H6869001_S_ALEPIA-004,H7542001_S_AL002,0.43660816,brand_unit;legacy_block,
H6869001_S_ALEPIA-004,H9737001_S_nm_alepia_aleppo_soap_25,,brand_unit;legacy_block,
H6869001_S_ALEPIA-004,S6114001_S_ALEPIA-001,,brand_unit;legacy_block,
H6869001_S_ALEPIA-004,S6114001_S_ALEPIA-002,,brand_unit;legacy_block,
H6869001_S_ALEPIA-004,S6114001_S_ALEPIA-005,,brand_unit;legacy_block,
H6869001_S_ALEPIA-004,S6114001_S_ALEPIA-107,0.85541610,brand_unit;legacy_block,
H6869001_S_ALEPIA-005,H7114002_S_Alepia-1,,brand_unit;legacy_block,
H6869001_S_ALEPIA-005,H7114002_S_Alepia-25,,brand_unit;legacy_block,
H6869001_S_ALEPIA-005,H7114002_S_Alepia-40,,brand_unit;legacy_block,
H6869001_S_ALEPIA-005,H7542001_S_AL002,0.63631665,brand_unit;legacy_block,
H6869001_S_ALEPIA-005,H9737001_S_nm_alepia_aleppo_soap_25,,brand_unit;legacy_block,
H6869001_S_ALEPIA-005,S6114001_S_ALEPIA-001,,brand_unit;legacy_block,
H6869001_S_ALEPIA-005,S6114001_S_ALEPIA-002,,brand_unit;legacy_block,
H6869001_S_ALEPIA-005,S6114001_S_ALEPIA-005,,brand_unit;legacy_block,
H6869001_S_ALEPIA-005,S6114001_S_ALEPIA-107,0.85541610,brand_unit;legacy_block,
H6869001_S_ALEPIA-026,H6869001_S_ALEPIA-027,0.99437959,brand_unit;legacy_block;semantic_topk,0.65408713
H6952001_S_980261955,H6952001_S_9802619551,1.00000000,brand_unit;legacy_block;packfree_exact;semantic_topk,0.99999982
H6952001_S_980261955,H6952001_S_980261956,1.00000000,brand_unit;legacy_block;packfree_exact;semantic_topk,0.99999982
H6952001_S_980261955,H8347001_S_DOVE-005,0.01040730,brand_unit;legacy_block,
H6952001_S_9802619551,H6952001_S_980261956,1.00000000,brand_unit;legacy_block;packfree_exact;semantic_topk,0.99999982
H6952001_S_9802619551,H8347001_S_DOVE-005,0.01900412,brand_unit;legacy_block,
H6952001_S_980261956,H8347001_S_DOVE-005,0.01900412,brand_unit;legacy_block,
H6974001_S_AE5300,H6974001_S_AE5362,0.51328202,brand_unit;legacy_block,
H6974001_S_AE5300,H6974001_S_AE5363,,brand_unit;legacy_block,
H6974001_S_AE5300,H6974001_S_SA1578,,brand_unit;legacy_block,
H6974001_S_AE5300,H6974001_S_SA1587,,brand_unit;legacy_block,
H6974001_S_AE5362,H6974001_S_AE5363,0.95057515,brand_unit;legacy_block,
H6974001_S_AE5362,H6974001_S_SA1578,0.86194776,brand_unit;legacy_block,
H6974001_S_AE5362,H6974001_S_SA1587,0.48291178,brand_unit;legacy_block,
H6974001_S_AE5363,H6974001_S_SA1578,,brand_unit;legacy_block,
H6974001_S_AE5363,H6974001_S_SA1587,,brand_unit;legacy_block,
H6974001_S_SA1578,H6974001_S_SA1587,,brand_unit;legacy_block,
H6974002_S_SA1782,H7343015_S_3PLHK230223JJQT05858RMN01,0.15523868,legacy_block,
H6974002_S_SA1782,H8782002_S_8858891600715,0.73301842,legacy_block,
H6974002_S_SA1784,H9357001_S_4897025527393,0.03566430,legacy_block,
H6974002_S_SA1784,H9564001_S_YH05SS100,0.07235938,legacy_block,
H6974002_S_SA1784,S1061001_S_MON-624-581-0000,0.02509848,legacy_block,
H7064001_S_GR8201,H7064001_S_GR8203,0.00078502,brand_unit;legacy_block;semantic_topk,0.96858937
H7080001_S_CBBS,H9071001_S_SKN5022026590001,0.58039008,brand_unit;legacy_block,
H7096001_S_4976631478272,H8424001_S_4976631478272,1.00000000,brand_unit;exact_ean;legacy_block,
H7096001_S_4976631478272,H8424001_S_4976631481166,0.87224144,brand_unit;legacy_block;semantic_topk,0.53214544
H7096001_S_4976631478272,H9125001_S_48200101,0.99913559,brand_unit,
H7096001_S_4976631478272,H9125001_S_48200102,0.84738509,brand_unit,
H7096001_S_4976631478272,H9125001_S_48200103,0.91401272,brand_unit,
H7096001_S_4976631478272,H9990001_S_544,0.41543842,brand_unit,
H7096001_S_4976631478272,S6478006_S_478272_4976631478272,1.00000000,brand_unit;exact_ean;legacy_block,
H7096001_S_4976631478272,S6478006_S_481166_4976631481166,0.99980127,brand_unit;legacy_block,
H7096001_S_9312146006602,H7915001_S_9312146006602,1.00000000,brand_unit;exact_ean;legacy_block,
H7096001_S_9312146006602,H8427001_S_9312146006602,1.00000000,brand_unit;exact_ean;legacy_block;semantic_topk,0.62166721
H7096001_S_9312146006602,S2232001_S_TDP06602,0.97727124,brand_unit,
H7096001_S_9312146006602,S6375001_S_9312146006602,1.00000000,brand_unit;exact_ean;legacy_block;semantic_topk,0.62166721
H7096001_S_9349254002011,H7096001_S_9349254002028,,brand_unit;legacy_block;semantic_topk,0.76215780
H7096001_S_9349254002011,H7096001_S_9349254002035,,brand_unit;legacy_block;semantic_topk,0.76347291
H7096001_S_9349254002011,H8347001_S_GOAT-BP02,,brand_unit,
H7096001_S_9349254002011,H8347001_S_GOAT-BP04,1.00000000,brand_unit;exact_ean;legacy_block,
H7096001_S_9349254002011,H8347001_S_GOAT-BP05,,brand_unit,
H7096001_S_9349254002011,H8347001_S_GOAT-BP06,,brand_unit;legacy_block,
H7096001_S_9349254002011,H8347001_S_GOAT-BP08,0.31767677,brand_unit;legacy_block,
H7096001_S_9349254002011,H8427001_S_9349254002011,1.00000000,brand_unit;exact_ean;legacy_block,
H7096001_S_9349254002011,H8427001_S_9349254002028,,brand_unit;legacy_block,
H7096001_S_9349254002011,H8427001_S_9349254002035,,brand_unit;legacy_block,
H7096001_S_9349254002011,H8427001_S_9349254002042,0.14362271,brand_unit;legacy_block,
H7096001_S_9349254002011,H8427001_S_9349254002059,0.88948848,brand_unit;legacy_block,
H7096001_S_9349254002011,H8427001_S_9349254002066,,brand_unit;legacy_block,
H7096001_S_9349254002011,H8427001_S_9349254004053,0.05328162,brand_unit;legacy_block,
H7096001_S_9349254002011,H8427001_S_9349254006286,,brand_unit;legacy_block;semantic_topk,0.44129562
H7096001_S_9349254002011,H9250001_S_A9349254005005,0.19923680,brand_unit,
H7096001_S_9349254002011,S2232001_S_GOS2011X2,0.99824097,brand_unit,
H7096001_S_9349254002011,S2232001_S_GOS2028X2,,brand_unit,
H7096001_S_9349254002011,S2232001_S_GOS2042X2,,brand_unit,
H7096001_S_9349254002011,S2232001_S_GOS2053X2,,brand_unit,
H7096001_S_9349254002011,S2232001_S_GOS2059X2,0.78082274,brand_unit,
H7096001_S_9349254002011,S2232001_S_GOS2066X2,,brand_unit,
H7096001_S_9349254002011,S2232001_S_GOS4053X2,,brand_unit,
H7096001_S_9349254002011,S6258001_S_GOS2011X2,0.99454037,brand_unit,
H7096001_S_9349254002011,S6258001_S_GOS2028X2,,brand_unit,
H7096001_S_9349254002011,S6258001_S_GOS2042X2,,brand_unit,
H7096001_S_9349254002011,S6258001_S_GOS2059X2,0.01071732,brand_unit,
H7096001_S_9349254002011,S6375001_S_9349254004053,0.05479834,brand_unit;legacy_block,
H7096001_S_9349254002011,S6375001_S_9349254006286,,brand_unit;legacy_block,
H7096001_S_9349254002028,H7096001_S_9349254002035,,brand_unit;legacy_block;semantic_topk,0.74310809
H7096001_S_9349254002028,H8347001_S_GOAT-BP02,,brand_unit,
H7096001_S_9349254002028,H8347001_S_GOAT-BP04,,brand_unit;legacy_block,
H7096001_S_9349254002028,H8347001_S_GOAT-BP05,0.99692662,brand_unit,
H7096001_S_9349254002028,H8347001_S_GOAT-BP06,,brand_unit;legacy_block,
H7096001_S_9349254002028,H8347001_S_GOAT-BP08,,brand_unit;legacy_block,
H7096001_S_9349254002028,H8427001_S_9349254002011,,brand_unit;legacy_block,
H7096001_S_9349254002028,H8427001_S_9349254002028,1.00000000,brand_unit;exact_ean;legacy_block,
H7096001_S_9349254002028,H8427001_S_9349254002035,,brand_unit;legacy_block,
H7096001_S_9349254002028,H8427001_S_9349254002042,,brand_unit;legacy_block,
H7096001_S_9349254002028,H8427001_S_9349254002059,,brand_unit;legacy_block,
H7096001_S_9349254002028,H8427001_S_9349254002066,,brand_unit;legacy_block,
H7096001_S_9349254002028,H8427001_S_9349254004053,,brand_unit;legacy_block,
H7096001_S_9349254002028,H8427001_S_9349254006286,,brand_unit;legacy_block;semantic_topk,0.42952442
H7096001_S_9349254002028,H9250001_S_A9349254005005,,brand_unit,
H7096001_S_9349254002028,S2232001_S_GOS2011X2,,brand_unit,
H7096001_S_9349254002028,S2232001_S_GOS2028X2,0.69263364,brand_unit,
H7096001_S_9349254002028,S2232001_S_GOS2042X2,,brand_unit,
H7096001_S_9349254002028,S2232001_S_GOS2053X2,,brand_unit,
H7096001_S_9349254002028,S2232001_S_GOS2059X2,,brand_unit,
H7096001_S_9349254002028,S2232001_S_GOS2066X2,,brand_unit,
H7096001_S_9349254002028,S2232001_S_GOS4053X2,,brand_unit,
H7096001_S_9349254002028,S6258001_S_GOS2011X2,,brand_unit,
H7096001_S_9349254002028,S6258001_S_GOS2028X2,0.69263364,brand_unit,
H7096001_S_9349254002028,S6258001_S_GOS2042X2,,brand_unit,
H7096001_S_9349254002028,S6258001_S_GOS2059X2,,brand_unit,
H7096001_S_9349254002028,S6375001_S_9349254004053,,brand_unit;legacy_block,
H7096001_S_9349254002028,S6375001_S_9349254006286,,brand_unit;legacy_block,
H7096001_S_9349254002035,H8347001_S_GOAT-BP02,0.99836624,brand_unit,
H7096001_S_9349254002035,H8347001_S_GOAT-BP04,,brand_unit;legacy_block,
H7096001_S_9349254002035,H8347001_S_GOAT-BP05,,brand_unit,
H7096001_S_9349254002035,H8347001_S_GOAT-BP06,,brand_unit;legacy_block,
H7096001_S_9349254002035,H8347001_S_GOAT-BP08,0.37360788,brand_unit;legacy_block,
H7096001_S_9349254002035,H8427001_S_9349254002011,,brand_unit;legacy_block,
H7096001_S_9349254002035,H8427001_S_9349254002028,,brand_unit;legacy_block,
H7096001_S_9349254002035,H8427001_S_9349254002035,1.00000000,brand_unit;exact_ean;legacy_block,
H7096001_S_9349254002035,H8427001_S_9349254002042,0.13118735,brand_unit;legacy_block,
H7096001_S_9349254002035,H8427001_S_9349254002059,0.16391066,brand_unit;legacy_block,
H7096001_S_9349254002035,H8427001_S_9349254002066,,brand_unit;legacy_block,
H7096001_S_9349254002035,H8427001_S_9349254004053,0.09567446,brand_unit;legacy_block,
H7096001_S_9349254002035,H8427001_S_9349254006286,,brand_unit;legacy_block;semantic_topk,0.43026552
H7096001_S_9349254002035,H9250001_S_A9349254005005,,brand_unit,
H7096001_S_9349254002035,S2232001_S_GOS2011X2,,brand_unit,
H7096001_S_9349254002035,S2232001_S_GOS2028X2,,brand_unit,
H7096001_S_9349254002035,S2232001_S_GOS2042X2,,brand_unit,
H7096001_S_9349254002035,S2232001_S_GOS2053X2,0.99800802,brand_unit,
H7096001_S_9349254002035,S2232001_S_GOS2059X2,0.82798658,brand_unit,
H7096001_S_9349254002035,S2232001_S_GOS2066X2,,brand_unit,
H7096001_S_9349254002035,S2232001_S_GOS4053X2,,brand_unit,
H7096001_S_9349254002035,S6258001_S_GOS2011X2,,brand_unit,
H7096001_S_9349254002035,S6258001_S_GOS2028X2,,brand_unit,
H7096001_S_9349254002035,S6258001_S_GOS2042X2,,brand_unit,
H7096001_S_9349254002035,S6258001_S_GOS2059X2,0.01732533,brand_unit,
H7096001_S_9349254002035,S6375001_S_9349254004053,0.07159830,brand_unit;legacy_block,
H7096001_S_9349254002035,S6375001_S_9349254006286,,brand_unit;legacy_block,
H7114002_S_Alepia-1,H7114002_S_Alepia-25,0.99929983,brand_unit;legacy_block;semantic_topk,0.98929739
H7114002_S_Alepia-1,H7114002_S_Alepia-40,0.99929983,brand_unit;legacy_block;semantic_topk,0.98942012
H7114002_S_Alepia-1,H7542001_S_AL002,,brand_unit;legacy_block,
H7114002_S_Alepia-1,H9737001_S_nm_alepia_aleppo_soap_25,,brand_unit;legacy_block,
H7114002_S_Alepia-1,S6114001_S_ALEPIA-001,,brand_unit;legacy_block,
H7114002_S_Alepia-1,S6114001_S_ALEPIA-002,,brand_unit;legacy_block,
H7114002_S_Alepia-1,S6114001_S_ALEPIA-005,,brand_unit;legacy_block,
H7114002_S_Alepia-1,S6114001_S_ALEPIA-107,,brand_unit;legacy_block,
H7114002_S_Alepia-16,S6114001_S_ALEPIA-003,,brand_unit;legacy_block,
H7114002_S_Alepia-16,S6114001_S_ALEPIA-006,0.72766198,brand_unit;legacy_block,
H7114002_S_Alepia-16,S6114001_S_ALEPIA-007,0.61031816,brand_unit;legacy_block,
H7114002_S_Alepia-25,H7114002_S_Alepia-40,0.99929983,brand_unit;legacy_block;semantic_topk,0.98812139
H7114002_S_Alepia-25,H7542001_S_AL002,,brand_unit;legacy_block,
H7114002_S_Alepia-25,H9737001_S_nm_alepia_aleppo_soap_25,,brand_unit;legacy_block,
H7114002_S_Alepia-25,S6114001_S_ALEPIA-001,,brand_unit;legacy_block,
H7114002_S_Alepia-25,S6114001_S_ALEPIA-002,,brand_unit;legacy_block,
H7114002_S_Alepia-25,S6114001_S_ALEPIA-005,,brand_unit;legacy_block,
H7114002_S_Alepia-25,S6114001_S_ALEPIA-107,,brand_unit;legacy_block,
H7114002_S_Alepia-40,H7542001_S_AL002,,brand_unit;legacy_block,
H7114002_S_Alepia-40,H9737001_S_nm_alepia_aleppo_soap_25,,brand_unit;legacy_block,
H7114002_S_Alepia-40,S6114001_S_ALEPIA-001,,brand_unit;legacy_block,
H7114002_S_Alepia-40,S6114001_S_ALEPIA-002,,brand_unit;legacy_block,
H7114002_S_Alepia-40,S6114001_S_ALEPIA-005,,brand_unit;legacy_block,
H7114002_S_Alepia-40,S6114001_S_ALEPIA-107,,brand_unit;legacy_block,
H7115001_S_4711401486121,H7115001_S_4711401486138,0.80221094,brand_unit;legacy_block,
H7115001_S_4711401486121,H7115001_S_4711401486152,0.96521668,brand_unit;legacy_block,
H7115001_S_4711401486138,H7115001_S_4711401486152,0.34857477,brand_unit;legacy_block,
H7115001_S_4718022187536,H7115001_S_4718022187543,0.00171655,brand_unit;legacy_block;semantic_topk,0.70997357
H7115001_S_4718022187536,H7115001_S_4718022187550,0.29010662,brand_unit;legacy_block,
H7115001_S_4718022187536,H7115001_S_4718022187574,0.01003568,brand_unit;legacy_block;semantic_topk,0.68368506
H7115001_S_4718022187536,H7115001_S_4718022187581,0.00418029,brand_unit;legacy_block;semantic_topk,0.69440162
H7115001_S_4718022187536,H7115001_S_4718022187604,0.04757042,brand_unit;legacy_block;semantic_topk,0.69039220
H7115001_S_4718022187536,H7115001_S_4718022187611,0.01600650,brand_unit;legacy_block;semantic_topk,0.70934069
H7115001_S_4718022187536,H7115001_S_4718022187628,0.01427345,brand_unit;legacy_block;semantic_topk,0.71420401
H7115001_S_4718022187536,H7115001_S_4718022187635,0.01003568,brand_unit;legacy_block;semantic_topk,0.68604434
H7115001_S_4718022187536,H7115001_S_4718022187642,0.01003568,brand_unit;legacy_block;semantic_topk,0.69586712
H7115001_S_4718022187536,H7115001_S_4718022187666,0.01600650,brand_unit;legacy_block;semantic_topk,0.70485765
H7115001_S_4718022187536,H7115001_S_4718022187673,0.01721683,brand_unit;legacy_block;semantic_topk,0.69264716
H7115001_S_4718022187536,H7115001_S_4718022187680,0.52289514,brand_unit;legacy_block;semantic_topk,0.72939837
H7115001_S_4718022187536,H7115001_S_4718022187703,0.01600650,brand_unit;legacy_block;semantic_topk,0.70641571
H7115001_S_4718022187536,H7115001_S_4718022187710,0.03165276,brand_unit;legacy_block;semantic_topk,0.71788424
H7115001_S_4718022187543,H7115001_S_4718022187550,0.62157279,brand_unit;legacy_block,
H7115001_S_4718022187543,H7115001_S_4718022187574,0.00199351,brand_unit;legacy_block;semantic_topk,0.82504064
H7115001_S_4718022187543,H7115001_S_4718022187581,0.00084366,brand_unit;legacy_block;semantic_topk,0.84061873
H7115001_S_4718022187543,H7115001_S_4718022187604,0.00199351,brand_unit;legacy_block;semantic_topk,0.82980543
H7115001_S_4718022187543,H7115001_S_4718022187611,0.00084366,brand_unit;legacy_block;semantic_topk,0.84995067
H7115001_S_4718022187543,H7115001_S_4718022187628,0.00078898,brand_unit;legacy_block;semantic_topk,0.84953845
H7115001_S_4718022187543,H7115001_S_4718022187635,0.00229549,brand_unit;legacy_block;semantic_topk,0.82728612
H7115001_S_4718022187543,H7115001_S_4718022187642,0.00199351,brand_unit;legacy_block;semantic_topk,0.82640284
H7115001_S_4718022187543,H7115001_S_4718022187666,0.00151163,brand_unit;legacy_block;semantic_topk,0.84456152
H7115001_S_4718022187543,H7115001_S_4718022187673,0.00421285,brand_unit;legacy_block;semantic_topk,0.82986611
H7115001_S_4718022187543,H7115001_S_4718022187680,0.00421285,brand_unit;legacy_block;semantic_topk,0.84711230
H7115001_S_4718022187543,H7115001_S_4718022187703,0.00151163,brand_unit;legacy_block;semantic_topk,0.84634995
H7115001_S_4718022187543,H7115001_S_4718022187710,0.00546216,brand_unit;legacy_block;semantic_topk,0.84193212
H7115001_S_4718022187550,H7115001_S_4718022187574,0.32719613,brand_unit;legacy_block,
H7115001_S_4718022187550,H7115001_S_4718022187581,,brand_unit;legacy_block,
H7115001_S_4718022187550,H7115001_S_4718022187604,0.32719613,brand_unit;legacy_block,
H7115001_S_4718022187550,H7115001_S_4718022187611,0.35072263,brand_unit;legacy_block,
H7115001_S_4718022187550,H7115001_S_4718022187628,0.31020726,brand_unit;legacy_block,
H7115001_S_4718022187550,H7115001_S_4718022187635,0.77033206,brand_unit;legacy_block,
H7115001_S_4718022187550,H7115001_S_4718022187642,0.32719613,brand_unit;legacy_block,
H7115001_S_4718022187550,H7115001_S_4718022187666,0.78015545,brand_unit;legacy_block,
H7115001_S_4718022187550,H7115001_S_4718022187673,0.59745831,brand_unit;legacy_block,
H7115001_S_4718022187550,H7115001_S_4718022187680,0.59745831,brand_unit;legacy_block,
H7115001_S_4718022187550,H7115001_S_4718022187703,0.31020726,brand_unit;legacy_block,
H7115001_S_4718022187550,H7115001_S_4718022187710,0.65126699,brand_unit;legacy_block,
H7115001_S_4718022187574,H7115001_S_4718022187581,0.00207784,brand_unit;legacy_block;semantic_topk,0.82078952
H7115001_S_4718022187574,H7115001_S_4718022187604,0.02513493,brand_unit;legacy_block;semantic_topk,0.81023097
H7115001_S_4718022187574,H7115001_S_4718022187611,0.00938378,brand_unit;legacy_block;semantic_topk,0.82989687
H7115001_S_4718022187574,H7115001_S_4718022187628,0.00807127,brand_unit;legacy_block;semantic_topk,0.82950771
H7115001_S_4718022187574,H7115001_S_4718022187635,0.02513493,brand_unit;legacy_block;semantic_topk,0.81169611
H7115001_S_4718022187574,H7115001_S_4718022187642,0.02513493,brand_unit;legacy_block;semantic_topk,0.81343943
H7115001_S_4718022187574,H7115001_S_4718022187666,0.00807127,brand_unit;legacy_block;semantic_topk,0.83062333
H7115001_S_4718022187574,H7115001_S_4718022187673,0.01098763,brand_unit;legacy_block;semantic_topk,0.80392987
H7115001_S_4718022187574,H7115001_S_4718022187680,0.01098763,brand_unit;legacy_block;semantic_topk,0.82712084
H7115001_S_4718022187574,H7115001_S_4718022187703,0.00807127,brand_unit;legacy_block;semantic_topk,0.82640278
H7115001_S_4718022187574,H7115001_S_4718022187710,0.00900561,brand_unit;legacy_block;semantic_topk,0.82207251
H7115001_S_4718022187581,H7115001_S_4718022187604,0.00207784,brand_unit;legacy_block;semantic_topk,0.82553029
H7115001_S_4718022187581,H7115001_S_4718022187611,0.00163721,brand_unit;legacy_block;semantic_topk,0.84556705
H7115001_S_4718022187581,H7115001_S_4718022187628,0.00153117,brand_unit;legacy_block;semantic_topk,0.84517062
H7115001_S_4718022187581,H7115001_S_4718022187635,0.00239257,brand_unit;legacy_block;semantic_topk,0.82303417
H7115001_S_4718022187581,H7115001_S_4718022187642,0.00207784,brand_unit;legacy_block;semantic_topk,0.82214254
H7115001_S_4718022187581,H7115001_S_4718022187666,0.00384674,brand_unit;legacy_block;semantic_topk,0.84020972
H7115001_S_4718022187581,H7115001_S_4718022187673,0.00151163,brand_unit;legacy_block;semantic_topk,0.82560515
H7115001_S_4718022187581,H7115001_S_4718022187680,0.00151163,brand_unit;legacy_block;semantic_topk,0.84273857
H7115001_S_4718022187581,H7115001_S_4718022187703,0.00384674,brand_unit;legacy_block;semantic_topk,0.84200710
H7115001_S_4718022187581,H7115001_S_4718022187710,0.00212861,brand_unit;legacy_block;semantic_topk,0.83759487
H7115001_S_4718022187604,H7115001_S_4718022187611,0.00938378,brand_unit;legacy_block;semantic_topk,0.83469009
H7115001_S_4718022187604,H7115001_S_4718022187628,0.00807127,brand_unit;legacy_block;semantic_topk,0.83429855
H7115001_S_4718022187604,H7115001_S_4718022187635,0.02513493,brand_unit;legacy_block;semantic_topk,0.80620265
H7115001_S_4718022187604,H7115001_S_4718022187642,0.84269148,brand_unit;legacy_block;semantic_topk,0.84356195
H7115001_S_4718022187604,H7115001_S_4718022187666,0.00807127,brand_unit;legacy_block;semantic_topk,0.82940137
H7115001_S_4718022187604,H7115001_S_4718022187673,0.01755556,brand_unit;legacy_block;semantic_topk,0.81498516
H7115001_S_4718022187604,H7115001_S_4718022187680,0.03014479,brand_unit;legacy_block;semantic_topk,0.83653140
H7115001_S_4718022187604,H7115001_S_4718022187703,0.02571197,brand_unit;legacy_block;semantic_topk,0.83117598
H7115001_S_4718022187604,H7115001_S_4718022187710,0.00900561,brand_unit;legacy_block;semantic_topk,0.82682019
H7115001_S_4718022187611,H7115001_S_4718022187628,0.00321913,brand_unit;legacy_block;semantic_topk,0.85457009
H7115001_S_4718022187611,H7115001_S_4718022187635,0.00938378,brand_unit;legacy_block;semantic_topk,0.83219212
H7115001_S_4718022187611,H7115001_S_4718022187642,0.00938378,brand_unit;legacy_block;semantic_topk,0.83126146
H7115001_S_4718022187611,H7115001_S_4718022187666,0.01427345,brand_unit;legacy_block;semantic_topk,0.84953266
H7115001_S_4718022187611,H7115001_S_4718022187673,0.00564480,brand_unit;legacy_block;semantic_topk,0.83480012
H7115001_S_4718022187611,H7115001_S_4718022187680,0.00564480,brand_unit;legacy_block;semantic_topk,0.85206890
H7115001_S_4718022187611,H7115001_S_4718022187703,0.01427345,brand_unit;legacy_block;semantic_topk,0.85139138
H7115001_S_4718022187611,H7115001_S_4718022187710,0.00961134,brand_unit;legacy_block;semantic_topk,0.84689045
H7115001_S_4718022187628,H7115001_S_4718022187635,0.00807127,brand_unit;legacy_block;semantic_topk,0.83171952
H7115001_S_4718022187628,H7115001_S_4718022187642,0.00807127,brand_unit;legacy_block;semantic_topk,0.83088434
H7115001_S_4718022187628,H7115001_S_4718022187666,0.01427345,brand_unit;legacy_block;semantic_topk,0.84913450
H7115001_S_4718022187628,H7115001_S_4718022187673,0.00564480,brand_unit;legacy_block;semantic_topk,0.83429772
H7115001_S_4718022187628,H7115001_S_4718022187680,0.00564480,brand_unit;legacy_block;semantic_topk,0.85173577
H7115001_S_4718022187628,H7115001_S_4718022187703,0.01173241,brand_unit;legacy_block;semantic_topk,0.85761821
H7115001_S_4718022187628,H7115001_S_4718022187710,0.00564480,brand_unit;legacy_block;semantic_topk,0.84648705
H7115001_S_4718022187635,H7115001_S_4718022187642,0.02513493,brand_unit;legacy_block;semantic_topk,0.80912405
H7115001_S_4718022187635,H7115001_S_4718022187666,0.01734517,brand_unit;legacy_block;semantic_topk,0.82689434
H7115001_S_4718022187635,H7115001_S_4718022187673,0.00774558,brand_unit;legacy_block;semantic_topk,0.81243026
H7115001_S_4718022187635,H7115001_S_4718022187680,0.01098763,brand_unit;legacy_block;semantic_topk,0.82943666
H7115001_S_4718022187635,H7115001_S_4718022187703,0.00807127,brand_unit;legacy_block;semantic_topk,0.82855409
H7115001_S_4718022187635,H7115001_S_4718022187710,0.00900561,brand_unit;legacy_block;semantic_topk,0.82431549
H7115001_S_4718022187642,H7115001_S_4718022187666,0.00807127,brand_unit;legacy_block;semantic_topk,0.82599902
H7115001_S_4718022187642,H7115001_S_4718022187673,0.02843712,brand_unit;legacy_block;semantic_topk,0.81165463
H7115001_S_4718022187642,H7115001_S_4718022187680,0.01098763,brand_unit;legacy_block;semantic_topk,0.82847673
H7115001_S_4718022187642,H7115001_S_4718022187703,0.02571197,brand_unit;legacy_block;semantic_topk,0.83523804
H7115001_S_4718022187642,H7115001_S_4718022187710,0.00900561,brand_unit;legacy_block;semantic_topk,0.82342911
H7115001_S_4718022187666,H7115001_S_4718022187673,0.00564480,brand_unit;legacy_block;semantic_topk,0.83584064
H7115001_S_4718022187666,H7115001_S_4718022187680,0.00564480,brand_unit;legacy_block;semantic_topk,0.84669107
H7115001_S_4718022187666,H7115001_S_4718022187703,0.01153870,brand_unit;legacy_block;semantic_topk,0.85896075
H7115001_S_4718022187666,H7115001_S_4718022187710,0.00564480,brand_unit;legacy_block;semantic_topk,0.84152305
H7115001_S_4718022187673,H7115001_S_4718022187680,0.04032925,brand_unit;legacy_block;semantic_topk,0.82624894
H7115001_S_4718022187673,H7115001_S_4718022187703,0.01863382,brand_unit;legacy_block;semantic_topk,0.83110482
H7115001_S_4718022187673,H7115001_S_4718022187710,0.01561635,brand_unit;legacy_block;semantic_topk,0.82688862
H7115001_S_4718022187680,H7115001_S_4718022187703,0.00564480,brand_unit;legacy_block;semantic_topk,0.84858900
H7115001_S_4718022187680,H7115001_S_4718022187710,0.02960530,brand_unit;legacy_block;semantic_topk,0.86574948
H7115001_S_4718022187703,H7115001_S_4718022187710,0.00564480,brand_unit;legacy_block;semantic_topk,0.84899879
H7138001_S_Y350100067,H7138001_S_Y350100227,0.07312799,brand_unit;semantic_topk,0.76866990
H7138001_S_Y350100067,H7138001_S_Y35010074,0.07336695,brand_unit;semantic_topk,0.78304547
H7138001_S_Y350100067,H7138001_S_Y35016021-2,0.02751730,brand_unit,
H7138001_S_Y350100067,H8867001_S_lzn0003,0.01584620,brand_unit,
H7138001_S_Y350100067,H8999001_S_LZ_soap_4710942103153,0.60959377,brand_unit,
H7138001_S_Y350100067,H8999001_S_LZ_soap_4710942103160,0.06340274,brand_unit,
H7138001_S_Y350100067,H8999001_S_LZ_soap_4710942103184,0.09169548,brand_unit,
H7138001_S_Y350100067,H8999001_S_LZ_soap_4710942103191,0.77584686,brand_unit,
H7138001_S_Y350100227,H7138001_S_Y35010074,,brand_unit;legacy_block;semantic_topk,0.84515035
H7138001_S_Y350100227,H7138001_S_Y35016021-2,,brand_unit;legacy_block,
H7138001_S_Y350100227,H8867001_S_lzn0003,,brand_unit;legacy_block,
H7138001_S_Y350100227,H8999001_S_LZ_soap_4710942103153,0.97474237,brand_unit,
H7138001_S_Y350100227,H8999001_S_LZ_soap_4710942103160,,brand_unit,
H7138001_S_Y350100227,H8999001_S_LZ_soap_4710942103184,0.00129666,brand_unit,
H7138001_S_Y350100227,H8999001_S_LZ_soap_4710942103191,,brand_unit,
H7138001_S_Y35010074,H7138001_S_Y35016021-2,0.08985119,brand_unit;legacy_block,
H7138001_S_Y35010074,H8867001_S_lzn0003,1.00000000,brand_unit;legacy_block,
H7138001_S_Y35010074,H8999001_S_LZ_soap_4710942103153,0.97598041,brand_unit,
H7138001_S_Y35010074,H8999001_S_LZ_soap_4710942103160,1.00000000,brand_unit,
H7138001_S_Y35010074,H8999001_S_LZ_soap_4710942103184,0.00061734,brand_unit,
H7138001_S_Y35010074,H8999001_S_LZ_soap_4710942103191,0.06056375,brand_unit,
H7138001_S_Y35016021-2,H8867001_S_lzn0003,0.81427552,brand_unit;legacy_block,
H7138001_S_Y35016021-2,H8999001_S_LZ_soap_4710942103153,0.03800218,brand_unit,
H7138001_S_Y35016021-2,H8999001_S_LZ_soap_4710942103160,0.00154754,brand_unit,
H7138001_S_Y35016021-2,H8999001_S_LZ_soap_4710942103184,,brand_unit,
H7138001_S_Y35016021-2,H8999001_S_LZ_soap_4710942103191,1.00000000,brand_unit,
H7142001_S_196491,H7142002_S_196491,1.00000000,brand_unit;legacy_block;packfree_exact;semantic_topk,0.74104542
H7142001_S_196491,H7142003_S_196491,1.00000000,brand_unit;legacy_block;packfree_exact;semantic_topk,0.50222671
H7142001_S_196491,H7273001_S_8852086002780,0.08379476,brand_unit,
H7142001_S_196491,H7273001_S_8852086002797,0.99234049,brand_unit,
H7142001_S_196491,H8196001_S_8852086922385,,brand_unit,
H7142001_S_196491,H8196001_S_885208692239,0.96918525,brand_unit,
H7142001_S_196491,H8424001_S_8852086922385,,brand_unit,
H7142001_S_196491,H8424001_S_8852086922392,0.99051535,brand_unit,
H7142001_S_196491,H8765001_S_25392,0.82001650,brand_unit,
H7142002_S_196491,H7142003_S_196491,1.00000000,brand_unit;legacy_block;packfree_exact;semantic_topk,0.66944170
H7142002_S_196491,H7273001_S_8852086002780,0.08379476,brand_unit,
H7142002_S_196491,H7273001_S_8852086002797,0.98272464,brand_unit,
H7142002_S_196491,H8196001_S_8852086922385,,brand_unit,
H7142002_S_196491,H8196001_S_885208692239,0.96918525,brand_unit,
H7142002_S_196491,H8424001_S_8852086922385,,brand_unit,
H7142002_S_196491,H8424001_S_8852086922392,0.99007023,brand_unit,
H7142002_S_196491,H8765001_S_25392,0.97690644,brand_unit,
H7142003_S_196491,H7273001_S_8852086002780,0.08379476,brand_unit,
H7142003_S_196491,H7273001_S_8852086002797,0.99865040,brand_unit,
H7142003_S_196491,H8196001_S_8852086922385,,brand_unit,
H7142003_S_196491,H8196001_S_885208692239,0.97110598,brand_unit,
H7142003_S_196491,H8424001_S_8852086922385,,brand_unit,
H7142003_S_196491,H8424001_S_8852086922392,0.99794342,brand_unit,
H7142003_S_196491,H8765001_S_25392,0.97334884,brand_unit,
H7148001_S_20110556,S2188001_S_AVNbarXERACALM100g0684,0.22446797,brand_unit;legacy_block,
H7148001_S_20110556,S2188001_S_AVNcleananceSOLID100g8021,0.00757933,brand_unit;legacy_block,
H7148001_S_20110556,S2188001_S_AVNcoldBARsoap100g8992,0.97424138,brand_unit;legacy_block,
H7148001_S_20110556,S2188001_S_AVNxeraADultracleansBar100g8472,0.93237954,brand_unit;legacy_block,
H7148001_S_20110815,S2188001_S_LRPlipikarSURGRAS150g4533,0.87054192,brand_unit;legacy_block;semantic_topk,0.95591527
H7273001_S_8852086002780,H7273001_S_8852086002797,0.99135170,brand_unit;legacy_block,
H7273001_S_8852086002780,H8196001_S_8852086922385,1.00000000,brand_unit;exact_ean;legacy_block,
H7273001_S_8852086002780,H8196001_S_885208692239,0.97003823,brand_unit;legacy_block,
H7273001_S_8852086002780,H8424001_S_8852086922385,0.98535014,brand_unit;legacy_block,
H7273001_S_8852086002780,H8424001_S_8852086922392,0.03751257,brand_unit;legacy_block,
H7273001_S_8852086002780,H8765001_S_25392,0.03129117,brand_unit;legacy_block,
H7273001_S_8852086002797,H8196001_S_8852086922385,,brand_unit;legacy_block,
H7273001_S_8852086002797,H8196001_S_885208692239,1.00000000,brand_unit;exact_ean;legacy_block,
H7273001_S_8852086002797,H8424001_S_8852086922385,,brand_unit;legacy_block,
H7273001_S_8852086002797,H8424001_S_8852086922392,1.00000000,brand_unit;legacy_block,
H7273001_S_8852086002797,H8765001_S_25392,1.00000000,brand_unit;exact_ean;legacy_block,
H7285001_S_AS-113,H7285001_S_M002,0.01763462,brand_unit,
H7285001_S_AS-113,H7285001_S_M035,0.00669994,brand_unit,
H7285001_S_AS-113,H8116001_S_TW22-MED-001,0.01171507,brand_unit,
H7285001_S_AS-113,H8116001_S_TW22-MED-002,0.00847027,brand_unit,
H7285001_S_AS-113,H8116001_S_TW22-MED-003,0.00794609,brand_unit,
H7285001_S_AS-113,H8116001_S_TW22-MED-004,0.00064156,brand_unit,
H7285001_S_M002,H7285001_S_M035,0.28414802,brand_unit;legacy_block,
H7285001_S_M002,H8116001_S_TW22-MED-001,0.03234830,brand_unit;legacy_block,
H7285001_S_M002,H8116001_S_TW22-MED-002,0.01648219,brand_unit;legacy_block,
H7285001_S_M002,H8116001_S_TW22-MED-003,0.03761729,brand_unit;legacy_block,
H7285001_S_M002,H8116001_S_TW22-MED-004,0.00841305,brand_unit;legacy_block,
H7285001_S_M035,H8116001_S_TW22-MED-001,0.56471996,brand_unit;legacy_block,
H7285001_S_M035,H8116001_S_TW22-MED-002,0.51951430,brand_unit;legacy_block,
H7285001_S_M035,H8116001_S_TW22-MED-003,0.70182413,brand_unit;legacy_block,
H7285001_S_M035,H8116001_S_TW22-MED-004,0.47053061,brand_unit;legacy_block,
H7285001_S_SM-134,H8115001_S_KY-C00077,0.01709104,brand_unit,
H7285001_S_SM-134,S2232001_S_PEA05176X2,0.00758926,brand_unit;legacy_block,
H7285001_S_SM-134,S2232001_S_PEA08321X2,0.01697135,brand_unit;legacy_block,
H7285001_S_SM-134,S2232001_S_PEA24023X2,0.03539003,brand_unit;legacy_block,
H7322001_S_KHESP001LAV90,H7322001_S_KHESP002ALO90,,brand_unit;legacy_block;semantic_topk,0.78507674
H7343002_S_HK230223JJQT05858RMN01,H7343003_S_HK230223JJQT05858RMN01,1.00000000,legacy_block;packfree_exact;semantic_topk,0.99999976
H7343002_S_HK230223JJQT05858RMN01,H7343013_S_HK230223JJQT05858RMN01,0.87884456,legacy_block;semantic_topk,0.93513715
H7343002_S_HK230329JJQT06511RMN02,H7343003_S_HK230329JJQT06511RMN02,1.00000000,packfree_exact;semantic_topk,0.97868270
H7343002_S_HK230329JJQT06511RMN02,H7343013_S_HK230329JJQT06511RMN02,0.90752155,semantic_topk,0.91585153
H7343002_S_HK230329JJQT06511RMN02,H7343015_S_HK230329JJQT06511RMN02,1.00000000,packfree_exact;semantic_topk,0.97868270
H7343002_S_HK230502JJQT07214RMN05,H7343003_S_HK230502JJQT07214RMN05,1.00000000,legacy_block;packfree_exact;semantic_topk,0.99999988
H7343002_S_HK230502JJQT07214RMN05,H7343013_S_HK230502JJQT07214RMN05,1.00000000,legacy_block;packfree_exact;semantic_topk,0.99999988
H7343002_S_HK230502JJQT07214RMN05,H7343015_S_HK230502JJQT07214RMN05,1.00000000,legacy_block;packfree_exact;semantic_topk,0.99999988
H7343002_S_HK230502JJQT07214RMN05,H7420001_S_MASKHOME-485,0.00092292,legacy_block,
H7343002_S_HK230502JJQT07214RMN05,S1061001_S_MON-748-027-0000,0.00186249,legacy_block,
H7343002_S_HK231214JJQT10097RMN01,H7343002_S_HK260107JJQT15884RMN01,,legacy_block,
H7343002_S_HK231214JJQT10097RMN01,H7343003_S_HK230329JJQT06511RMN02,0.97090440,legacy_block,
H7343002_S_HK231214JJQT10097RMN01,H7343003_S_HK231214JJQT10097RMN01,1.00000000,legacy_block;packfree_exact;semantic_topk,1.00000012
H7343002_S_HK231214JJQT10097RMN01,H7343003_S_HK260107JJQT15884RMN01,,legacy_block,
H7343002_S_HK231214JJQT10097RMN01,H7343013_S_HK230329JJQT06511RMN02,0.97323566,legacy_block,
H7343002_S_HK231214JJQT10097RMN01,H7343013_S_HK231214JJQT10097RMN01,0.84503437,legacy_block;semantic_topk,0.90831494
H7343002_S_HK231214JJQT10097RMN01,H7343013_S_HK260107JJQT15884RMN01,,legacy_block,
H7343002_S_HK231214JJQT10097RMN01,H7343015_S_HK230329JJQT06511RMN02,0.97090440,legacy_block,
H7343002_S_HK231214JJQT10097RMN01,H7343015_S_HK231214JJQT10097RMN01,1.00000000,legacy_block;packfree_exact;semantic_topk,1.00000012
H7343002_S_HK231214JJQT10097RMN01,H7343015_S_HK260107JJQT15884RMN01,,legacy_block,
H7343002_S_HK231214JJQT10097RMN01,H8513001_S_Ehome-0008,,legacy_block,
H7343002_S_HK231214JJQT10097RMN01,H8513001_S_Ehome-0009,,legacy_block,
H7343002_S_HK231214JJQT10097RMN01,H8513001_S_Ehome-0010,,legacy_block,
H7343002_S_HK231214JJQT10097RMN01,H8513001_S_Ehome-0011,,legacy_block,
H7343002_S_HK231214JJQT10097RMN01,H8513001_S_Ehome-0012,,legacy_block,
H7343002_S_HK231214JJQT10097RMN01,H8513001_S_Ehome-0158,,legacy_block,
H7343002_S_HK231214JJQT10097RMN01,H8513003_S_Ehome-0008,,legacy_block,
H7343002_S_HK231214JJQT10097RMN01,H8513003_S_Ehome-0009,,legacy_block,
H7343002_S_HK231214JJQT10097RMN01,H8513003_S_Ehome-0010,,legacy_block,
H7343002_S_HK231214JJQT10097RMN01,H8513003_S_Ehome-0011,,legacy_block,
H7343002_S_HK231214JJQT10097RMN01,H8513003_S_Ehome-0012,,legacy_block,
H7343002_S_HK231214JJQT10097RMN01,H8513003_S_Ehome-0158,,legacy_block,
H7343002_S_HK240123JJQT10779RMN01,H7343003_S_HK240123JJQT10779RMN01,1.00000000,legacy_block;packfree_exact;semantic_topk,0.99999976
H7343002_S_HK240123JJQT10779RMN01,H7343013_S_HK240123JJQT10779RMN01,1.00000000,legacy_block;packfree_exact;semantic_topk,0.99999976
H7343002_S_HK240123JJQT10779RMN01,H7343015_S_HK240123JJQT10779RMN01,1.00000000,legacy_block;packfree_exact;semantic_topk,0.99999976
H7343002_S_HK250827JJQT15362RMN01,H7343003_S_HK250827JJQT15362RMN01,1.00000000,legacy_block;packfree_exact;semantic_topk,1.00000048
H7343002_S_HK250827JJQT15362RMN01,H7343013_S_HK250827JJQT15362RMN01,1.00000000,legacy_block;packfree_exact;semantic_topk,1.00000048
H7343002_S_HK250827JJQT15362RMN01,H7343015_S_HK250827JJQT15362RMN01,1.00000000,legacy_block;packfree_exact;semantic_topk,1.00000048
H7343002_S_HK250827JJQT15362RMN01,H8708001_S_HK0748,0.99664551,legacy_block,
H7343002_S_HK250827JJQT15362RMN01,H9822001_S_WW084-MiteSulfurSoap,0.99937186,legacy_block,
H7343002_S_HK250827JJQT15362RMN01,S1061001_S_MON-624-153-0000,0.07171531,legacy_block,
H7343002_S_HK260107JJQT15884RMN01,H7343003_S_HK230329JJQT06511RMN02,,legacy_block,
H7343002_S_HK260107JJQT15884RMN01,H7343003_S_HK231214JJQT10097RMN01,,legacy_block,
H7343002_S_HK260107JJQT15884RMN01,H7343003_S_HK260107JJQT15884RMN01,1.00000000,legacy_block;packfree_exact;semantic_topk,0.99999970
H7343002_S_HK260107JJQT15884RMN01,H7343013_S_HK230329JJQT06511RMN02,,legacy_block,
H7343002_S_HK260107JJQT15884RMN01,H7343013_S_HK231214JJQT10097RMN01,,legacy_block,
H7343002_S_HK260107JJQT15884RMN01,H7343013_S_HK260107JJQT15884RMN01,0.64478555,legacy_block;semantic_topk,0.92661726
H7343002_S_HK260107JJQT15884RMN01,H7343015_S_HK230329JJQT06511RMN02,,legacy_block,
H7343002_S_HK260107JJQT15884RMN01,H7343015_S_HK231214JJQT10097RMN01,,legacy_block,
H7343002_S_HK260107JJQT15884RMN01,H7343015_S_HK260107JJQT15884RMN01,1.00000000,legacy_block;packfree_exact;semantic_topk,0.99999970
H7343002_S_HK260107JJQT15884RMN01,H8513001_S_Ehome-0008,1.00000000,legacy_block;packfree_exact;semantic_topk,0.98603159
H7343002_S_HK260107JJQT15884RMN01,H8513001_S_Ehome-0009,,legacy_block;semantic_topk,0.94216198
H7343002_S_HK260107JJQT15884RMN01,H8513001_S_Ehome-0010,,legacy_block;semantic_topk,0.94065362
H7343002_S_HK260107JJQT15884RMN01,H8513001_S_Ehome-0011,,legacy_block;semantic_topk,0.94255042
H7343002_S_HK260107JJQT15884RMN01,H8513001_S_Ehome-0012,,legacy_block;semantic_topk,0.94244337
H7343002_S_HK260107JJQT15884RMN01,H8513001_S_Ehome-0158,,legacy_block;semantic_topk,0.92632717
H7343002_S_HK260107JJQT15884RMN01,H8513003_S_Ehome-0008,1.00000000,legacy_block;packfree_exact;semantic_topk,0.98603159
H7343002_S_HK260107JJQT15884RMN01,H8513003_S_Ehome-0009,,legacy_block;semantic_topk,0.94216198
H7343002_S_HK260107JJQT15884RMN01,H8513003_S_Ehome-0010,,legacy_block;semantic_topk,0.94065362
H7343002_S_HK260107JJQT15884RMN01,H8513003_S_Ehome-0011,,legacy_block;semantic_topk,0.94255042
H7343002_S_HK260107JJQT15884RMN01,H8513003_S_Ehome-0012,,legacy_block;semantic_topk,0.94244337
H7343002_S_HK260107JJQT15884RMN01,H8513003_S_Ehome-0158,,legacy_block;semantic_topk,0.92632717
H7343002_S_S023PLHK230221JJQT05820RMN02,H7343003_S_HK230221JJQT05820RMN02,0.05580244,semantic_topk,0.88121724
H7343002_S_S023PLHK230221JJQT05820RMN02,H7343013_S_HK230221JJQT05820RMN02,0.03977659,semantic_topk,0.79461592
H7343002_S_S023PLHK230221JJQT05820RMN02,H7343015_S_3PLHK230221JJQT05820RMN02,1.00000000,legacy_block;packfree_exact;semantic_topk,0.97450060
H7343002_S_S023PLHK230221JJQT05820RMN02,S1061001_S_MON-748-027-0000,0.00170129,legacy_block,
H7343003_S_HK230221JJQT05820RMN02,H7343013_S_HK230221JJQT05820RMN02,0.75491158,legacy_block;semantic_topk,0.91892153
H7343003_S_HK230221JJQT05820RMN02,H7343015_S_3PLHK230221JJQT05820RMN02,0.05580244,semantic_topk,0.86258882
H7343003_S_HK230221JJQT05820RMN02,H9357001_S_4897025527393,0.01130119,legacy_block,
H7343003_S_HK230223JJQT05858RMN01,H7343013_S_HK230223JJQT05858RMN01,0.87884456,legacy_block;semantic_topk,0.93513715
H7343003_S_HK230329JJQT06511RMN02,H7343003_S_HK231214JJQT10097RMN01,0.97090440,legacy_block,
H7343003_S_HK230329JJQT06511RMN02,H7343003_S_HK260107JJQT15884RMN01,,legacy_block,
H7343003_S_HK230329JJQT06511RMN02,H7343013_S_HK230329JJQT06511RMN02,0.91790858,legacy_block;semantic_topk,0.93343472
H7343003_S_HK230329JJQT06511RMN02,H7343013_S_HK231214JJQT10097RMN01,0.98088656,legacy_block,
H7343003_S_HK230329JJQT06511RMN02,H7343013_S_HK260107JJQT15884RMN01,,legacy_block,
H7343003_S_HK230329JJQT06511RMN02,H7343015_S_HK230329JJQT06511RMN02,1.00000000,legacy_block;packfree_exact;semantic_topk,0.99999994
H7343003_S_HK230329JJQT06511RMN02,H7343015_S_HK231214JJQT10097RMN01,0.97090440,legacy_block,
H7343003_S_HK230329JJQT06511RMN02,H7343015_S_HK260107JJQT15884RMN01,,legacy_block,
H7343003_S_HK230329JJQT06511RMN02,H8513001_S_Ehome-0008,,legacy_block,
H7343003_S_HK230329JJQT06511RMN02,H8513001_S_Ehome-0009,,legacy_block,
H7343003_S_HK230329JJQT06511RMN02,H8513001_S_Ehome-0010,,legacy_block,
H7343003_S_HK230329JJQT06511RMN02,H8513001_S_Ehome-0011,,legacy_block,
H7343003_S_HK230329JJQT06511RMN02,H8513001_S_Ehome-0012,,legacy_block,
H7343003_S_HK230329JJQT06511RMN02,H8513001_S_Ehome-0158,,legacy_block,
H7343003_S_HK230329JJQT06511RMN02,H8513003_S_Ehome-0008,,legacy_block,
H7343003_S_HK230329JJQT06511RMN02,H8513003_S_Ehome-0009,,legacy_block,
H7343003_S_HK230329JJQT06511RMN02,H8513003_S_Ehome-0010,,legacy_block,
H7343003_S_HK230329JJQT06511RMN02,H8513003_S_Ehome-0011,,legacy_block,
H7343003_S_HK230329JJQT06511RMN02,H8513003_S_Ehome-0012,,legacy_block,
H7343003_S_HK230329JJQT06511RMN02,H8513003_S_Ehome-0158,,legacy_block,
H7343003_S_HK230502JJQT07214RMN05,H7343013_S_HK230502JJQT07214RMN05,1.00000000,legacy_block;packfree_exact;semantic_topk,0.99999988
H7343003_S_HK230502JJQT07214RMN05,H7343015_S_HK230502JJQT07214RMN05,1.00000000,legacy_block;packfree_exact;semantic_topk,0.99999988
H7343003_S_HK230502JJQT07214RMN05,H7420001_S_MASKHOME-485,0.00092292,legacy_block,
H7343003_S_HK230502JJQT07214RMN05,S1061001_S_MON-748-027-0000,0.00186249,legacy_block,
H7343003_S_HK231214JJQT10097RMN01,H7343003_S_HK260107JJQT15884RMN01,,legacy_block,
H7343003_S_HK231214JJQT10097RMN01,H7343013_S_HK230329JJQT06511RMN02,0.97323566,legacy_block,
H7343003_S_HK231214JJQT10097RMN01,H7343013_S_HK231214JJQT10097RMN01,0.84503437,legacy_block;semantic_topk,0.90831494
H7343003_S_HK231214JJQT10097RMN01,H7343013_S_HK260107JJQT15884RMN01,,legacy_block,
H7343003_S_HK231214JJQT10097RMN01,H7343015_S_HK230329JJQT06511RMN02,0.97090440,legacy_block,
H7343003_S_HK231214JJQT10097RMN01,H7343015_S_HK231214JJQT10097RMN01,1.00000000,legacy_block;packfree_exact;semantic_topk,1.00000012
H7343003_S_HK231214JJQT10097RMN01,H7343015_S_HK260107JJQT15884RMN01,,legacy_block,
H7343003_S_HK231214JJQT10097RMN01,H8513001_S_Ehome-0008,,legacy_block,
H7343003_S_HK231214JJQT10097RMN01,H8513001_S_Ehome-0009,,legacy_block,
H7343003_S_HK231214JJQT10097RMN01,H8513001_S_Ehome-0010,,legacy_block,
H7343003_S_HK231214JJQT10097RMN01,H8513001_S_Ehome-0011,,legacy_block,
H7343003_S_HK231214JJQT10097RMN01,H8513001_S_Ehome-0012,,legacy_block,
H7343003_S_HK231214JJQT10097RMN01,H8513001_S_Ehome-0158,,legacy_block,
H7343003_S_HK231214JJQT10097RMN01,H8513003_S_Ehome-0008,,legacy_block,
H7343003_S_HK231214JJQT10097RMN01,H8513003_S_Ehome-0009,,legacy_block,
H7343003_S_HK231214JJQT10097RMN01,H8513003_S_Ehome-0010,,legacy_block,
H7343003_S_HK231214JJQT10097RMN01,H8513003_S_Ehome-0011,,legacy_block,
H7343003_S_HK231214JJQT10097RMN01,H8513003_S_Ehome-0012,,legacy_block,
H7343003_S_HK231214JJQT10097RMN01,H8513003_S_Ehome-0158,,legacy_block,
H7343003_S_HK240123JJQT10779RMN01,H7343013_S_HK240123JJQT10779RMN01,1.00000000,legacy_block;packfree_exact;semantic_topk,0.99999976
H7343003_S_HK240123JJQT10779RMN01,H7343015_S_HK240123JJQT10779RMN01,1.00000000,legacy_block;packfree_exact;semantic_topk,0.99999976
H7343003_S_HK240529JJQT11687RMN01,H7343013_S_HK240529JJQT11687RMN01,0.25580910,legacy_block;semantic_topk,0.87587118
H7343003_S_HK240529JJQT11687RMN01,H7343015_S_HK240529JJQT11687RMN01,1.00000000,legacy_block;packfree_exact;semantic_topk,1.00000012
H7343003_S_HK250827JJQT15362RMN01,H7343013_S_HK250827JJQT15362RMN01,1.00000000,legacy_block;packfree_exact;semantic_topk,1.00000048
H7343003_S_HK250827JJQT15362RMN01,H7343015_S_HK250827JJQT15362RMN01,1.00000000,legacy_block;packfree_exact;semantic_topk,1.00000048
H7343003_S_HK250827JJQT15362RMN01,H8708001_S_HK0748,0.99664551,legacy_block,
H7343003_S_HK250827JJQT15362RMN01,H9822001_S_WW084-MiteSulfurSoap,0.99937186,legacy_block,
H7343003_S_HK250827JJQT15362RMN01,S1061001_S_MON-624-153-0000,0.07171531,legacy_block,
H7343003_S_HK260107JJQT15884RMN01,H7343013_S_HK230329JJQT06511RMN02,,legacy_block,
H7343003_S_HK260107JJQT15884RMN01,H7343013_S_HK231214JJQT10097RMN01,,legacy_block,
H7343003_S_HK260107JJQT15884RMN01,H7343013_S_HK260107JJQT15884RMN01,0.64478555,legacy_block;semantic_topk,0.92661726
H7343003_S_HK260107JJQT15884RMN01,H7343015_S_HK230329JJQT06511RMN02,,legacy_block,
H7343003_S_HK260107JJQT15884RMN01,H7343015_S_HK231214JJQT10097RMN01,,legacy_block,
H7343003_S_HK260107JJQT15884RMN01,H7343015_S_HK260107JJQT15884RMN01,1.00000000,legacy_block;packfree_exact;semantic_topk,0.99999970
H7343003_S_HK260107JJQT15884RMN01,H8513001_S_Ehome-0008,1.00000000,legacy_block;packfree_exact;semantic_topk,0.98603159
H7343003_S_HK260107JJQT15884RMN01,H8513001_S_Ehome-0009,,legacy_block;semantic_topk,0.94216198
H7343003_S_HK260107JJQT15884RMN01,H8513001_S_Ehome-0010,,legacy_block;semantic_topk,0.94065362
H7343003_S_HK260107JJQT15884RMN01,H8513001_S_Ehome-0011,,legacy_block;semantic_topk,0.94255042
H7343003_S_HK260107JJQT15884RMN01,H8513001_S_Ehome-0012,,legacy_block;semantic_topk,0.94244337
H7343003_S_HK260107JJQT15884RMN01,H8513001_S_Ehome-0158,,legacy_block;semantic_topk,0.92632717
H7343003_S_HK260107JJQT15884RMN01,H8513003_S_Ehome-0008,1.00000000,legacy_block;packfree_exact;semantic_topk,0.98603159
H7343003_S_HK260107JJQT15884RMN01,H8513003_S_Ehome-0009,,legacy_block;semantic_topk,0.94216198
H7343003_S_HK260107JJQT15884RMN01,H8513003_S_Ehome-0010,,legacy_block;semantic_topk,0.94065362
H7343003_S_HK260107JJQT15884RMN01,H8513003_S_Ehome-0011,,legacy_block;semantic_topk,0.94255042
H7343003_S_HK260107JJQT15884RMN01,H8513003_S_Ehome-0012,,legacy_block;semantic_topk,0.94244337
H7343003_S_HK260107JJQT15884RMN01,H8513003_S_Ehome-0158,,legacy_block;semantic_topk,0.92632717
H7343013_S_HK230221JJQT05820RMN02,H7343015_S_3PLHK230221JJQT05820RMN02,0.08669033,semantic_topk,0.77633768
H7343013_S_HK230221JJQT05820RMN02,H9357001_S_4897025527393,0.03561114,legacy_block,
H7343013_S_HK230329JJQT06511RMN02,H7343013_S_HK231214JJQT10097RMN01,0.99786573,legacy_block,
H7343013_S_HK230329JJQT06511RMN02,H7343013_S_HK260107JJQT15884RMN01,,legacy_block,
H7343013_S_HK230329JJQT06511RMN02,H7343015_S_HK230329JJQT06511RMN02,0.91790858,legacy_block;semantic_topk,0.93343472
H7343013_S_HK230329JJQT06511RMN02,H7343015_S_HK231214JJQT10097RMN01,0.97323566,legacy_block,
H7343013_S_HK230329JJQT06511RMN02,H7343015_S_HK260107JJQT15884RMN01,,legacy_block,
H7343013_S_HK230329JJQT06511RMN02,H8513001_S_Ehome-0008,,legacy_block,
H7343013_S_HK230329JJQT06511RMN02,H8513001_S_Ehome-0009,,legacy_block,
H7343013_S_HK230329JJQT06511RMN02,H8513001_S_Ehome-0010,,legacy_block,
H7343013_S_HK230329JJQT06511RMN02,H8513001_S_Ehome-0011,,legacy_block,
H7343013_S_HK230329JJQT06511RMN02,H8513001_S_Ehome-0012,,legacy_block,
H7343013_S_HK230329JJQT06511RMN02,H8513001_S_Ehome-0158,,legacy_block,
H7343013_S_HK230329JJQT06511RMN02,H8513003_S_Ehome-0008,,legacy_block,
H7343013_S_HK230329JJQT06511RMN02,H8513003_S_Ehome-0009,,legacy_block,
H7343013_S_HK230329JJQT06511RMN02,H8513003_S_Ehome-0010,,legacy_block,
H7343013_S_HK230329JJQT06511RMN02,H8513003_S_Ehome-0011,,legacy_block,
H7343013_S_HK230329JJQT06511RMN02,H8513003_S_Ehome-0012,,legacy_block,
H7343013_S_HK230329JJQT06511RMN02,H8513003_S_Ehome-0158,,legacy_block,
H7343013_S_HK230502JJQT07214RMN05,H7343015_S_HK230502JJQT07214RMN05,1.00000000,legacy_block;packfree_exact;semantic_topk,0.99999988
H7343013_S_HK230502JJQT07214RMN05,H7420001_S_MASKHOME-485,0.00092292,legacy_block,
H7343013_S_HK230502JJQT07214RMN05,S1061001_S_MON-748-027-0000,0.00186249,legacy_block,
H7343013_S_HK231214JJQT10097RMN01,H7343013_S_HK260107JJQT15884RMN01,,legacy_block,
H7343013_S_HK231214JJQT10097RMN01,H7343015_S_HK230329JJQT06511RMN02,0.98088656,legacy_block,
H7343013_S_HK231214JJQT10097RMN01,H7343015_S_HK231214JJQT10097RMN01,0.84503437,legacy_block;semantic_topk,0.90831494
H7343013_S_HK231214JJQT10097RMN01,H7343015_S_HK260107JJQT15884RMN01,,legacy_block,
H7343013_S_HK231214JJQT10097RMN01,H8513001_S_Ehome-0008,,legacy_block,
H7343013_S_HK231214JJQT10097RMN01,H8513001_S_Ehome-0009,,legacy_block,
H7343013_S_HK231214JJQT10097RMN01,H8513001_S_Ehome-0010,,legacy_block,
H7343013_S_HK231214JJQT10097RMN01,H8513001_S_Ehome-0011,,legacy_block,
H7343013_S_HK231214JJQT10097RMN01,H8513001_S_Ehome-0012,,legacy_block,
H7343013_S_HK231214JJQT10097RMN01,H8513001_S_Ehome-0158,,legacy_block,
H7343013_S_HK231214JJQT10097RMN01,H8513003_S_Ehome-0008,,legacy_block,
H7343013_S_HK231214JJQT10097RMN01,H8513003_S_Ehome-0009,,legacy_block,
H7343013_S_HK231214JJQT10097RMN01,H8513003_S_Ehome-0010,,legacy_block,
H7343013_S_HK231214JJQT10097RMN01,H8513003_S_Ehome-0011,,legacy_block,
H7343013_S_HK231214JJQT10097RMN01,H8513003_S_Ehome-0012,,legacy_block,
H7343013_S_HK231214JJQT10097RMN01,H8513003_S_Ehome-0158,,legacy_block,
H7343013_S_HK240123JJQT10779RMN01,H7343015_S_HK240123JJQT10779RMN01,1.00000000,legacy_block;packfree_exact;semantic_topk,0.99999976
H7343013_S_HK240529JJQT11687RMN01,H7343015_S_HK240529JJQT11687RMN01,0.25580910,legacy_block;semantic_topk,0.87587118
H7343013_S_HK250827JJQT15362RMN01,H7343015_S_HK250827JJQT15362RMN01,1.00000000,legacy_block;packfree_exact;semantic_topk,1.00000048
H7343013_S_HK250827JJQT15362RMN01,H8708001_S_HK0748,0.99772975,legacy_block,
H7343013_S_HK250827JJQT15362RMN01,H9822001_S_WW084-MiteSulfurSoap,0.99933532,legacy_block,
H7343013_S_HK250827JJQT15362RMN01,S1061001_S_MON-624-153-0000,0.07159200,legacy_block,
H7343013_S_HK260107JJQT15884RMN01,H7343015_S_HK230329JJQT06511RMN02,,legacy_block,
H7343013_S_HK260107JJQT15884RMN01,H7343015_S_HK231214JJQT10097RMN01,,legacy_block,
H7343013_S_HK260107JJQT15884RMN01,H7343015_S_HK260107JJQT15884RMN01,0.64478555,legacy_block;semantic_topk,0.92661726
H7343013_S_HK260107JJQT15884RMN01,H8513001_S_Ehome-0008,0.64478555,legacy_block;semantic_topk,0.91512215
H7343013_S_HK260107JJQT15884RMN01,H8513001_S_Ehome-0009,,legacy_block;semantic_topk,0.87310666
H7343013_S_HK260107JJQT15884RMN01,H8513001_S_Ehome-0010,,legacy_block;semantic_topk,0.87172210
H7343013_S_HK260107JJQT15884RMN01,H8513001_S_Ehome-0011,,legacy_block;semantic_topk,0.87349683
H7343013_S_HK260107JJQT15884RMN01,H8513001_S_Ehome-0012,,legacy_block;semantic_topk,0.87339121
H7343013_S_HK260107JJQT15884RMN01,H8513001_S_Ehome-0158,,legacy_block,
H7343013_S_HK260107JJQT15884RMN01,H8513003_S_Ehome-0008,0.64478555,legacy_block;semantic_topk,0.91512215
H7343013_S_HK260107JJQT15884RMN01,H8513003_S_Ehome-0009,,legacy_block;semantic_topk,0.87310666
H7343013_S_HK260107JJQT15884RMN01,H8513003_S_Ehome-0010,,legacy_block;semantic_topk,0.87172210
H7343013_S_HK260107JJQT15884RMN01,H8513003_S_Ehome-0011,,legacy_block;semantic_topk,0.87349683
H7343013_S_HK260107JJQT15884RMN01,H8513003_S_Ehome-0012,,legacy_block;semantic_topk,0.87339121
H7343013_S_HK260107JJQT15884RMN01,H8513003_S_Ehome-0158,,legacy_block;semantic_topk,0.85834563
H7343015_S_3PLHK230221JJQT05820RMN02,S1061001_S_MON-748-027-0000,0.00216304,legacy_block,
H7343015_S_3PLHK230223JJQT05858RMN01,H8782002_S_8858891600715,0.98905882,legacy_block,
H7343015_S_HK230329JJQT06511RMN02,H7343015_S_HK231214JJQT10097RMN01,0.97090440,legacy_block,
H7343015_S_HK230329JJQT06511RMN02,H7343015_S_HK260107JJQT15884RMN01,,legacy_block,
H7343015_S_HK230329JJQT06511RMN02,H8513001_S_Ehome-0008,,legacy_block,
H7343015_S_HK230329JJQT06511RMN02,H8513001_S_Ehome-0009,,legacy_block,
H7343015_S_HK230329JJQT06511RMN02,H8513001_S_Ehome-0010,,legacy_block,
H7343015_S_HK230329JJQT06511RMN02,H8513001_S_Ehome-0011,,legacy_block,
H7343015_S_HK230329JJQT06511RMN02,H8513001_S_Ehome-0012,,legacy_block,
H7343015_S_HK230329JJQT06511RMN02,H8513001_S_Ehome-0158,,legacy_block,
H7343015_S_HK230329JJQT06511RMN02,H8513003_S_Ehome-0008,,legacy_block,
H7343015_S_HK230329JJQT06511RMN02,H8513003_S_Ehome-0009,,legacy_block,
H7343015_S_HK230329JJQT06511RMN02,H8513003_S_Ehome-0010,,legacy_block,
H7343015_S_HK230329JJQT06511RMN02,H8513003_S_Ehome-0011,,legacy_block,
H7343015_S_HK230329JJQT06511RMN02,H8513003_S_Ehome-0012,,legacy_block,
H7343015_S_HK230329JJQT06511RMN02,H8513003_S_Ehome-0158,,legacy_block,
H7343015_S_HK230502JJQT07214RMN05,H7420001_S_MASKHOME-485,0.00092292,legacy_block,
H7343015_S_HK230502JJQT07214RMN05,S1061001_S_MON-748-027-0000,0.00186249,legacy_block,
H7343015_S_HK231214JJQT10097RMN01,H7343015_S_HK260107JJQT15884RMN01,,legacy_block,
H7343015_S_HK231214JJQT10097RMN01,H8513001_S_Ehome-0008,,legacy_block,
H7343015_S_HK231214JJQT10097RMN01,H8513001_S_Ehome-0009,,legacy_block,
H7343015_S_HK231214JJQT10097RMN01,H8513001_S_Ehome-0010,,legacy_block,
H7343015_S_HK231214JJQT10097RMN01,H8513001_S_Ehome-0011,,legacy_block,
H7343015_S_HK231214JJQT10097RMN01,H8513001_S_Ehome-0012,,legacy_block,
H7343015_S_HK231214JJQT10097RMN01,H8513001_S_Ehome-0158,,legacy_block,
H7343015_S_HK231214JJQT10097RMN01,H8513003_S_Ehome-0008,,legacy_block,
H7343015_S_HK231214JJQT10097RMN01,H8513003_S_Ehome-0009,,legacy_block,
H7343015_S_HK231214JJQT10097RMN01,H8513003_S_Ehome-0010,,legacy_block,
H7343015_S_HK231214JJQT10097RMN01,H8513003_S_Ehome-0011,,legacy_block,
H7343015_S_HK231214JJQT10097RMN01,H8513003_S_Ehome-0012,,legacy_block,
H7343015_S_HK231214JJQT10097RMN01,H8513003_S_Ehome-0158,,legacy_block,
H7343015_S_HK250827JJQT15362RMN01,H8708001_S_HK0748,0.99664551,legacy_block,
H7343015_S_HK250827JJQT15362RMN01,H9822001_S_WW084-MiteSulfurSoap,0.99937186,legacy_block,
H7343015_S_HK250827JJQT15362RMN01,S1061001_S_MON-624-153-0000,0.07171531,legacy_block,
H7343015_S_HK260107JJQT15884RMN01,H8513001_S_Ehome-0008,1.00000000,legacy_block;packfree_exact;semantic_topk,0.98603159
H7343015_S_HK260107JJQT15884RMN01,H8513001_S_Ehome-0009,,legacy_block;semantic_topk,0.94216198
H7343015_S_HK260107JJQT15884RMN01,H8513001_S_Ehome-0010,,legacy_block;semantic_topk,0.94065362
H7343015_S_HK260107JJQT15884RMN01,H8513001_S_Ehome-0011,,legacy_block;semantic_topk,0.94255042
H7343015_S_HK260107JJQT15884RMN01,H8513001_S_Ehome-0012,,legacy_block;semantic_topk,0.94244337
H7343015_S_HK260107JJQT15884RMN01,H8513001_S_Ehome-0158,,legacy_block;semantic_topk,0.92632717
H7343015_S_HK260107JJQT15884RMN01,H8513003_S_Ehome-0008,1.00000000,legacy_block;packfree_exact;semantic_topk,0.98603159
H7343015_S_HK260107JJQT15884RMN01,H8513003_S_Ehome-0009,,legacy_block;semantic_topk,0.94216198
H7343015_S_HK260107JJQT15884RMN01,H8513003_S_Ehome-0010,,legacy_block;semantic_topk,0.94065362
H7343015_S_HK260107JJQT15884RMN01,H8513003_S_Ehome-0011,,legacy_block;semantic_topk,0.94255042
H7343015_S_HK260107JJQT15884RMN01,H8513003_S_Ehome-0012,,legacy_block;semantic_topk,0.94244337
H7343015_S_HK260107JJQT15884RMN01,H8513003_S_Ehome-0158,,legacy_block;semantic_topk,0.92632717
H7416001_S_010486007004Damaged_,H7416001_S_010486007004_TheGrandpas_Soap3p25oz,0.99850659,brand_unit;legacy_block;semantic_topk,0.65211123
H7416001_S_010486007004Damaged_,H7416002_S_010486007004_TheGrandpas_Soap3p25oz,0.99850659,brand_unit;legacy_block;semantic_topk,0.65211123
H7416001_S_010486007004Damaged_,H7517001_S_GDP-7004,0.27539301,brand_unit;legacy_block,
H7416001_S_010486007004_TheGrandpas_Soap3p25oz,H7416002_S_010486007004_TheGrandpas_Soap3p25oz,1.00000000,brand_unit;legacy_block;packfree_exact;semantic_topk,0.99999952
H7416001_S_010486007004_TheGrandpas_Soap3p25oz,H7517001_S_GDP-7004,0.27539301,brand_unit;legacy_block,
H7416001_S_663204210813_ZumBar_GoatsMilkSoap3oz,H7416002_S_663204210813_ZumBar_GoatsMilkSoap3oz,1.00000000,brand_unit;legacy_block;packfree_exact;semantic_topk,0.99999958
H7416001_S_718334312088_DesertEssence_LemongrassSoapBar142g,H7416001_S_718334312095_DesertEssence_CoconutSoapBar142g,,brand_unit;legacy_block;semantic_topk,0.53081018
H7416001_S_718334312088_DesertEssence_LemongrassSoapBar142g,H7416001_S_718334312149_DesertEssence_CharcoalSoapBar142g,,brand_unit;legacy_block;semantic_topk,0.47777137
H7416001_S_718334312088_DesertEssence_LemongrassSoapBar142g,H7416002_S_718334312088_DesertEssence_LemongrassSo,1.00000000,brand_unit;legacy_block;packfree_exact;semantic_topk,1.00000012
H7416001_S_718334312088_DesertEssence_LemongrassSoapBar142g,H7416002_S_718334312095_DesertEssence_CoconutSoapB,,brand_unit;legacy_block;semantic_topk,0.53081018
H7416001_S_718334312088_DesertEssence_LemongrassSoapBar142g,H7416002_S_718334312149_DesertEssence_CharcoalSoap,,brand_unit;legacy_block;semantic_topk,0.47777137
H7416001_S_718334312088_DesertEssence_LemongrassSoapBar142g,H8026001_S_57287,,brand_unit;legacy_block,
H7416001_S_718334312095_DesertEssence_CoconutSoapBar142g,H7416001_S_718334312149_DesertEssence_CharcoalSoapBar142g,0.00823638,brand_unit;legacy_block;semantic_topk,0.57678163
H7416001_S_718334312095_DesertEssence_CoconutSoapBar142g,H7416002_S_718334312088_DesertEssence_LemongrassSo,,brand_unit;legacy_block;semantic_topk,0.53081018
H7416001_S_718334312095_DesertEssence_CoconutSoapBar142g,H7416002_S_718334312095_DesertEssence_CoconutSoapB,1.00000000,brand_unit;legacy_block;packfree_exact;semantic_topk,0.99999994
H7416001_S_718334312095_DesertEssence_CoconutSoapBar142g,H7416002_S_718334312149_DesertEssence_CharcoalSoap,0.00823638,brand_unit;legacy_block;semantic_topk,0.57678163
H7416001_S_718334312095_DesertEssence_CoconutSoapBar142g,H8026001_S_57287,0.77143708,brand_unit;legacy_block,
H7416001_S_718334312149_DesertEssence_CharcoalSoapBar142g,H7416002_S_718334312088_DesertEssence_LemongrassSo,,brand_unit;legacy_block;semantic_topk,0.47777137
H7416001_S_718334312149_DesertEssence_CharcoalSoapBar142g,H7416002_S_718334312095_DesertEssence_CoconutSoapB,0.00823638,brand_unit;legacy_block;semantic_topk,0.57678163
H7416001_S_718334312149_DesertEssence_CharcoalSoapBar142g,H7416002_S_718334312149_DesertEssence_CharcoalSoap,1.00000000,brand_unit;legacy_block;packfree_exact;semantic_topk,1.00000012
H7416001_S_718334312149_DesertEssence_CharcoalSoapBar142g,H8026001_S_57287,0.58039008,brand_unit;legacy_block,
H7416001_S_893455000332_OneWithNature_SheaButter_Soap_198g,H7445001_S_onewithnatureSandalwood198g,0.73896273,brand_unit;legacy_block,
H7416001_S_893455000332_OneWithNature_SheaButter_Soap_198g,H7445001_S_onewithnatureTurmericHoney198g,0.63177456,brand_unit;legacy_block,
H7416001_S_893455000332_OneWithNature_SheaButter_Soap_198g,H7517001_S_OOWN-0490,0.86968626,brand_unit,
H7416001_S_893455000332_OneWithNature_SheaButter_Soap_198g,H7517001_S_OWN-0004,,brand_unit,
H7416001_S_893455000332_OneWithNature_SheaButter_Soap_198g,H7517001_S_OWN-0073,,brand_unit,
H7416001_S_893455000332_OneWithNature_SheaButter_Soap_198g,H7517001_S_OWN-0332,0.87201214,brand_unit,
H7416001_S_893455000332_OneWithNature_SheaButter_Soap_198g,H7517001_S_OWN-0773,,brand_unit,
H7416001_S_893455000332_OneWithNature_SheaButter_Soap_198g,H9422001_S_WISHMI-0974,,brand_unit;legacy_block,
H7416001_S_893455000332_OneWithNature_SheaButter_Soap_198g,H9422001_S_WISHMI-0977,,brand_unit,
H7416001_S_893455000332_OneWithNature_SheaButter_Soap_198g,H9422001_S_WISHMI-0980,,brand_unit;legacy_block,
H7416002_S_010486007004_TheGrandpas_Soap3p25oz,H7517001_S_GDP-7004,0.27539301,brand_unit;legacy_block,
H7416002_S_718334312088_DesertEssence_LemongrassSo,H7416002_S_718334312095_DesertEssence_CoconutSoapB,,brand_unit;legacy_block;semantic_topk,0.53081018
H7416002_S_718334312088_DesertEssence_LemongrassSo,H7416002_S_718334312149_DesertEssence_CharcoalSoap,,brand_unit;legacy_block;semantic_topk,0.47777137
H7416002_S_718334312088_DesertEssence_LemongrassSo,H8026001_S_57287,,brand_unit;legacy_block,
H7416002_S_718334312095_DesertEssence_CoconutSoapB,H7416002_S_718334312149_DesertEssence_CharcoalSoap,0.00823638,brand_unit;legacy_block;semantic_topk,0.57678163
H7416002_S_718334312095_DesertEssence_CoconutSoapB,H8026001_S_57287,0.77143708,brand_unit;legacy_block,
H7416002_S_718334312149_DesertEssence_CharcoalSoap,H8026001_S_57287,0.58039008,brand_unit;legacy_block,
H7420001_S_MASKHOME-485,S1061001_S_MON-748-027-0000,0.00229931,legacy_block,
H7445001_S_drwoodscoconutsoap,H7445001_S_drwoodsrawblacksoap,0.21638725,brand_unit;legacy_block;semantic_topk,0.61547142
H7445001_S_mildAfricanBlackSoap141,H7445001_S_mildMangoTurmericSoap141,,brand_unit;legacy_block,
H7445001_S_mildAfricanBlackSoap141,H7445001_S_mildbynatureexfoliatingsoap141,,brand_unit;legacy_block,
H7445001_S_mildMangoTurmericSoap141,H7445001_S_mildbynatureexfoliatingsoap141,,brand_unit;legacy_block,
H7445001_S_onewithnatureSandalwood198g,H7445001_S_onewithnatureTurmericHoney198g,0.38698953,brand_unit;legacy_block;semantic_topk,0.76248062
H7445001_S_onewithnatureSandalwood198g,H7517001_S_OOWN-0490,0.89555069,brand_unit,
H7445001_S_onewithnatureSandalwood198g,H7517001_S_OWN-0004,,brand_unit,
H7445001_S_onewithnatureSandalwood198g,H7517001_S_OWN-0073,,brand_unit,
H7445001_S_onewithnatureSandalwood198g,H7517001_S_OWN-0332,0.96800292,brand_unit,
H7445001_S_onewithnatureSandalwood198g,H7517001_S_OWN-0773,,brand_unit,
H7445001_S_onewithnatureSandalwood198g,H9422001_S_WISHMI-0974,,brand_unit;legacy_block,
H7445001_S_onewithnatureSandalwood198g,H9422001_S_WISHMI-0977,,brand_unit,
H7445001_S_onewithnatureSandalwood198g,H9422001_S_WISHMI-0980,,brand_unit;legacy_block,
H7445001_S_onewithnatureTurmericHoney198g,H7517001_S_OOWN-0490,,brand_unit,
H7445001_S_onewithnatureTurmericHoney198g,H7517001_S_OWN-0004,,brand_unit,
H7445001_S_onewithnatureTurmericHoney198g,H7517001_S_OWN-0073,,brand_unit,
H7445001_S_onewithnatureTurmericHoney198g,H7517001_S_OWN-0332,0.96631562,brand_unit,
H7445001_S_onewithnatureTurmericHoney198g,H7517001_S_OWN-0773,,brand_unit,
H7445001_S_onewithnatureTurmericHoney198g,H9422001_S_WISHMI-0974,,brand_unit;legacy_block,
H7445001_S_onewithnatureTurmericHoney198g,H9422001_S_WISHMI-0977,,brand_unit,
H7445001_S_onewithnatureTurmericHoney198g,H9422001_S_WISHMI-0980,,brand_unit;legacy_block,
H7473001_S_DHBL0003K,H7473001_S_DHBS1004,,brand_unit,
H7473001_S_DHBL0003K,H7473001_S_DHBS1004K,,brand_unit,
H7473001_S_DHBL0003K,H7473001_S_DHBS1011,,brand_unit,
H7473001_S_DHBL0003K,H7473001_S_DHBS1011K,,brand_unit,
H7473001_S_DHBL0003K,H7473001_S_DHBS1013,,brand_unit,
H7473001_S_DHBL0003K,H7473001_S_DHBS1013K,,brand_unit,
H7473001_S_DHBL0003K,H7473001_S_DHBS1015,0.08986400,brand_unit,
H7473001_S_DHBL0003K,H7473001_S_DHBS1015K,0.08986400,brand_unit,
H7473001_S_DHBL0003K,H7473001_S_DHBS1017,,brand_unit,
H7473001_S_DHBL0003K,H7473001_S_DHBS1017K,,brand_unit,
H7473001_S_DHBL0003K,H7473001_S_DHBS1020,,brand_unit,
H7473001_S_DHBL0003K,H7473001_S_DHBS1020K,,brand_unit,
H7473001_S_DHBL0003K,H7473001_S_DHBS1022,,brand_unit,
H7473001_S_DHBL0003K,H7473001_S_DHBS1022K,,brand_unit,
H7473001_S_DHBL0003K,H7473001_S_DHBS1026,,brand_unit,
H7473001_S_DHBL0003K,H7473001_S_DHBS1026K,,brand_unit,
H7473001_S_DHBL0003K,H7473001_S_DHBS1028,,brand_unit,
H7473001_S_DHBL0003K,H7473001_S_DHBS1028K,,brand_unit,
H7473001_S_DHBL0003K,H7473001_S_DHBS1030,0.00061089,brand_unit,
H7473001_S_DHBL0003K,H7473001_S_DHBS1030K,0.00127983,brand_unit,
H7473001_S_DHBL0003K,H7473001_S_DHBS1036,,brand_unit,
H7473001_S_DHBL0003K,H7473001_S_DHBS1036K,,brand_unit,
H7473001_S_DHBL0003K,H7473001_S_DHBS1048,,brand_unit,
H7473001_S_DHBL0003K,H7473001_S_DHBS1048K,,brand_unit,
H7473001_S_DHBL0003K,H7473001_S_DHBS1051,0.61059571,brand_unit;legacy_block,
H7473001_S_DHBL0003K,H7473001_S_DHBS1051K,0.64944515,brand_unit;legacy_block,
H7473001_S_DHBS1004,H7473001_S_DHBS1004K,1.00000000,brand_unit;legacy_block;semantic_topk,0.95785505
H7473001_S_DHBS1004,H7473001_S_DHBS1011,,brand_unit;legacy_block;semantic_topk,0.45778501
H7473001_S_DHBS1004,H7473001_S_DHBS1011K,,brand_unit;legacy_block;semantic_topk,0.45258158
H7473001_S_DHBS1004,H7473001_S_DHBS1013,,brand_unit;legacy_block;semantic_topk,0.44735265
H7473001_S_DHBS1004,H7473001_S_DHBS1013K,,brand_unit;legacy_block;semantic_topk,0.44154695
H7473001_S_DHBS1004,H7473001_S_DHBS1015,,brand_unit;legacy_block,
H7473001_S_DHBS1004,H7473001_S_DHBS1015K,,brand_unit;legacy_block,
H7473001_S_DHBS1004,H7473001_S_DHBS1017,,brand_unit;legacy_block;semantic_topk,0.44420254
H7473001_S_DHBS1004,H7473001_S_DHBS1017K,,brand_unit;legacy_block;semantic_topk,0.43936318
H7473001_S_DHBS1004,H7473001_S_DHBS1020,,brand_unit;legacy_block;semantic_topk,0.43337116
H7473001_S_DHBS1004,H7473001_S_DHBS1020K,,brand_unit;legacy_block;semantic_topk,0.42878729
H7473001_S_DHBS1004,H7473001_S_DHBS1022,,brand_unit;legacy_block;semantic_topk,0.41760167
H7473001_S_DHBS1004,H7473001_S_DHBS1022K,,brand_unit;legacy_block;semantic_topk,0.40818197
H7473001_S_DHBS1004,H7473001_S_DHBS1026,,brand_unit;legacy_block;semantic_topk,0.45603159
H7473001_S_DHBS1004,H7473001_S_DHBS1026K,,brand_unit;legacy_block;semantic_topk,0.44884720
H7473001_S_DHBS1004,H7473001_S_DHBS1028,,brand_unit;legacy_block;semantic_topk,0.45151392
H7473001_S_DHBS1004,H7473001_S_DHBS1028K,,brand_unit;legacy_block;semantic_topk,0.44384092
H7473001_S_DHBS1004,H7473001_S_DHBS1030,,brand_unit;legacy_block;semantic_topk,0.60699487
H7473001_S_DHBS1004,H7473001_S_DHBS1030K,,brand_unit;legacy_block;semantic_topk,0.59930044
H7473001_S_DHBS1004,H7473001_S_DHBS1036,,brand_unit;legacy_block;semantic_topk,0.48516876
H7473001_S_DHBS1004,H7473001_S_DHBS1036K,,brand_unit;legacy_block;semantic_topk,0.47235245
H7473001_S_DHBS1004,H7473001_S_DHBS1048,,brand_unit;legacy_block;semantic_topk,0.47218743
H7473001_S_DHBS1004,H7473001_S_DHBS1048K,,brand_unit;legacy_block;semantic_topk,0.46811846
H7473001_S_DHBS1004,H7473001_S_DHBS1051,,brand_unit,
H7473001_S_DHBS1004,H7473001_S_DHBS1051K,,brand_unit,
H7473001_S_DHBS1004K,H7473001_S_DHBS1011,,brand_unit;legacy_block;semantic_topk,0.45165434
H7473001_S_DHBS1004K,H7473001_S_DHBS1011K,,brand_unit;legacy_block;semantic_topk,0.47200903
H7473001_S_DHBS1004K,H7473001_S_DHBS1013,,brand_unit;legacy_block;semantic_topk,0.44061005
H7473001_S_DHBS1004K,H7473001_S_DHBS1013K,,brand_unit;legacy_block;semantic_topk,0.46105257
H7473001_S_DHBS1004K,H7473001_S_DHBS1015,,brand_unit;legacy_block,
H7473001_S_DHBS1004K,H7473001_S_DHBS1015K,,brand_unit;legacy_block,
H7473001_S_DHBS1004K,H7473001_S_DHBS1017,,brand_unit;legacy_block;semantic_topk,0.44040006
H7473001_S_DHBS1004K,H7473001_S_DHBS1017K,,brand_unit;legacy_block;semantic_topk,0.46186799
H7473001_S_DHBS1004K,H7473001_S_DHBS1020,,brand_unit;legacy_block;semantic_topk,0.42960536
H7473001_S_DHBS1004K,H7473001_S_DHBS1020K,,brand_unit;legacy_block;semantic_topk,0.44994938
H7473001_S_DHBS1004K,H7473001_S_DHBS1022,,brand_unit;legacy_block;semantic_topk,0.41462946
H7473001_S_DHBS1004K,H7473001_S_DHBS1022K,,brand_unit;legacy_block;semantic_topk,0.42974308
H7473001_S_DHBS1004K,H7473001_S_DHBS1026,,brand_unit;legacy_block;semantic_topk,0.45180511
H7473001_S_DHBS1004K,H7473001_S_DHBS1026K,,brand_unit;legacy_block;semantic_topk,0.47038719
H7473001_S_DHBS1004K,H7473001_S_DHBS1028,,brand_unit;legacy_block;semantic_topk,0.44763818
H7473001_S_DHBS1004K,H7473001_S_DHBS1028K,,brand_unit;legacy_block;semantic_topk,0.46666375
H7473001_S_DHBS1004K,H7473001_S_DHBS1030,,brand_unit;legacy_block;semantic_topk,0.59324002
H7473001_S_DHBS1004K,H7473001_S_DHBS1030K,,brand_unit;legacy_block;semantic_topk,0.61310643
H7473001_S_DHBS1004K,H7473001_S_DHBS1036,,brand_unit;legacy_block;semantic_topk,0.48096225
H7473001_S_DHBS1004K,H7473001_S_DHBS1036K,,brand_unit;legacy_block;semantic_topk,0.49619603
H7473001_S_DHBS1004K,H7473001_S_DHBS1048,,brand_unit;legacy_block;semantic_topk,0.46583894
H7473001_S_DHBS1004K,H7473001_S_DHBS1048K,,brand_unit;legacy_block;semantic_topk,0.48504192
H7473001_S_DHBS1004K,H7473001_S_DHBS1051,,brand_unit,
H7473001_S_DHBS1004K,H7473001_S_DHBS1051K,,brand_unit,
H7473001_S_DHBS1011,H7473001_S_DHBS1011K,1.00000000,brand_unit;legacy_block;semantic_topk,0.96519154
H7473001_S_DHBS1011,H7473001_S_DHBS1013,,brand_unit;legacy_block;semantic_topk,0.43473598
H7473001_S_DHBS1011,H7473001_S_DHBS1013K,,brand_unit;legacy_block;semantic_topk,0.42530984
H7473001_S_DHBS1011,H7473001_S_DHBS1015,0.41152145,brand_unit;legacy_block,
H7473001_S_DHBS1011,H7473001_S_DHBS1015K,0.53152415,brand_unit;legacy_block,
H7473001_S_DHBS1011,H7473001_S_DHBS1017,0.73661222,brand_unit;legacy_block;semantic_topk,0.46116489
H7473001_S_DHBS1011,H7473001_S_DHBS1017K,0.81066332,brand_unit;legacy_block;semantic_topk,0.45940676
H7473001_S_DHBS1011,H7473001_S_DHBS1020,,brand_unit;legacy_block,
H7473001_S_DHBS1011,H7473001_S_DHBS1020K,,brand_unit;legacy_block,
H7473001_S_DHBS1011,H7473001_S_DHBS1022,,brand_unit;legacy_block,
H7473001_S_DHBS1011,H7473001_S_DHBS1022K,,brand_unit;legacy_block,
H7473001_S_DHBS1011,H7473001_S_DHBS1026,,brand_unit;legacy_block;semantic_topk,0.42670649
H7473001_S_DHBS1011,H7473001_S_DHBS1026K,,brand_unit;legacy_block;semantic_topk,0.41671330
H7473001_S_DHBS1011,H7473001_S_DHBS1028,0.20014900,brand_unit;legacy_block;semantic_topk,0.43971592
H7473001_S_DHBS1011,H7473001_S_DHBS1028K,0.21984825,brand_unit;legacy_block;semantic_topk,0.43012851
H7473001_S_DHBS1011,H7473001_S_DHBS1030,0.20014900,brand_unit;legacy_block;semantic_topk,0.42099985
H7473001_S_DHBS1011,H7473001_S_DHBS1030K,0.21984825,brand_unit;legacy_block;semantic_topk,0.41927519
H7473001_S_DHBS1011,H7473001_S_DHBS1036,,brand_unit;legacy_block;semantic_topk,0.45620200
H7473001_S_DHBS1011,H7473001_S_DHBS1036K,,brand_unit;legacy_block;semantic_topk,0.45298207
H7473001_S_DHBS1011,H7473001_S_DHBS1048,,brand_unit;legacy_block;semantic_topk,0.42019269
H7473001_S_DHBS1011,H7473001_S_DHBS1048K,,brand_unit;legacy_block;semantic_topk,0.41841939
H7473001_S_DHBS1011,H7473001_S_DHBS1051,,brand_unit,
H7473001_S_DHBS1011,H7473001_S_DHBS1051K,,brand_unit,
H7473001_S_DHBS1011K,H7473001_S_DHBS1013,,brand_unit;legacy_block;semantic_topk,0.42978540
H7473001_S_DHBS1011K,H7473001_S_DHBS1013K,,brand_unit;legacy_block;semantic_topk,0.44596779
H7473001_S_DHBS1011K,H7473001_S_DHBS1015,0.33833241,brand_unit;legacy_block,
H7473001_S_DHBS1011K,H7473001_S_DHBS1015K,0.16458261,brand_unit;legacy_block,
H7473001_S_DHBS1011K,H7473001_S_DHBS1017,0.78775167,brand_unit;legacy_block;semantic_topk,0.45794934
H7473001_S_DHBS1011K,H7473001_S_DHBS1017K,0.68554392,brand_unit;legacy_block;semantic_topk,0.47883317
H7473001_S_DHBS1011K,H7473001_S_DHBS1020,,brand_unit;legacy_block,
H7473001_S_DHBS1011K,H7473001_S_DHBS1020K,,brand_unit;legacy_block;semantic_topk,0.41613027
H7473001_S_DHBS1011K,H7473001_S_DHBS1022,,brand_unit;legacy_block,
H7473001_S_DHBS1011K,H7473001_S_DHBS1022K,,brand_unit;legacy_block;semantic_topk,0.41258213
H7473001_S_DHBS1011K,H7473001_S_DHBS1026,,brand_unit;legacy_block;semantic_topk,0.42545703
H7473001_S_DHBS1011K,H7473001_S_DHBS1026K,,brand_unit;legacy_block;semantic_topk,0.43821383
H7473001_S_DHBS1011K,H7473001_S_DHBS1028,0.19632066,brand_unit;legacy_block;semantic_topk,0.42937642
H7473001_S_DHBS1011K,H7473001_S_DHBS1028K,0.13338031,brand_unit;legacy_block;semantic_topk,0.44591337
H7473001_S_DHBS1011K,H7473001_S_DHBS1030,0.19632066,brand_unit;legacy_block;semantic_topk,0.41483095
H7473001_S_DHBS1011K,H7473001_S_DHBS1030K,0.13338031,brand_unit;legacy_block;semantic_topk,0.43848193
H7473001_S_DHBS1011K,H7473001_S_DHBS1036,,brand_unit;legacy_block;semantic_topk,0.45100501
H7473001_S_DHBS1011K,H7473001_S_DHBS1036K,,brand_unit;legacy_block;semantic_topk,0.47504297
H7473001_S_DHBS1011K,H7473001_S_DHBS1048,,brand_unit;legacy_block;semantic_topk,0.41114211
H7473001_S_DHBS1011K,H7473001_S_DHBS1048K,,brand_unit;legacy_block;semantic_topk,0.43206012
H7473001_S_DHBS1011K,H7473001_S_DHBS1051,,brand_unit,
H7473001_S_DHBS1011K,H7473001_S_DHBS1051K,,brand_unit,
H7473001_S_DHBS1013,H7473001_S_DHBS1013K,1.00000000,brand_unit;legacy_block;semantic_topk,0.95880336
H7473001_S_DHBS1013,H7473001_S_DHBS1015,0.64320886,brand_unit;legacy_block,
H7473001_S_DHBS1013,H7473001_S_DHBS1015K,0.48039058,brand_unit;legacy_block,
H7473001_S_DHBS1013,H7473001_S_DHBS1017,,brand_unit;legacy_block;semantic_topk,0.44689903
H7473001_S_DHBS1013,H7473001_S_DHBS1017K,,brand_unit;legacy_block;semantic_topk,0.44535926
H7473001_S_DHBS1013,H7473001_S_DHBS1020,0.18516971,brand_unit;legacy_block;semantic_topk,0.47986746
H7473001_S_DHBS1013,H7473001_S_DHBS1020K,0.21854567,brand_unit;legacy_block;semantic_topk,0.47097936
H7473001_S_DHBS1013,H7473001_S_DHBS1022,,brand_unit;legacy_block;semantic_topk,0.42914671
H7473001_S_DHBS1013,H7473001_S_DHBS1022K,,brand_unit;legacy_block;semantic_topk,0.42518803
H7473001_S_DHBS1013,H7473001_S_DHBS1026,,brand_unit;legacy_block;semantic_topk,0.54305297
H7473001_S_DHBS1013,H7473001_S_DHBS1026K,,brand_unit;legacy_block;semantic_topk,0.54144770
H7473001_S_DHBS1013,H7473001_S_DHBS1028,,brand_unit;legacy_block;semantic_topk,0.46381032
H7473001_S_DHBS1013,H7473001_S_DHBS1028K,,brand_unit;legacy_block;semantic_topk,0.45798820
H7473001_S_DHBS1013,H7473001_S_DHBS1030,,brand_unit;legacy_block;semantic_topk,0.42477900
H7473001_S_DHBS1013,H7473001_S_DHBS1030K,,brand_unit;legacy_block;semantic_topk,0.42016736
H7473001_S_DHBS1013,H7473001_S_DHBS1036,,brand_unit;legacy_block;semantic_topk,0.48680383
H7473001_S_DHBS1013,H7473001_S_DHBS1036K,,brand_unit;legacy_block;semantic_topk,0.47682026
H7473001_S_DHBS1013,H7473001_S_DHBS1048,,brand_unit;legacy_block;semantic_topk,0.41198125
H7473001_S_DHBS1013,H7473001_S_DHBS1048K,,brand_unit;legacy_block;semantic_topk,0.40837941
H7473001_S_DHBS1013,H7473001_S_DHBS1051,,brand_unit,
H7473001_S_DHBS1013,H7473001_S_DHBS1051K,,brand_unit,
H7473001_S_DHBS1013K,H7473001_S_DHBS1015,0.32576176,brand_unit;legacy_block,
H7473001_S_DHBS1013K,H7473001_S_DHBS1015K,0.09559858,brand_unit;legacy_block,
H7473001_S_DHBS1013K,H7473001_S_DHBS1017,,brand_unit;legacy_block;semantic_topk,0.43582806
H7473001_S_DHBS1013K,H7473001_S_DHBS1017K,,brand_unit;legacy_block;semantic_topk,0.46063629
H7473001_S_DHBS1013K,H7473001_S_DHBS1020,0.14574570,brand_unit;legacy_block;semantic_topk,0.47788379
H7473001_S_DHBS1013K,H7473001_S_DHBS1020K,0.20128640,brand_unit;legacy_block;semantic_topk,0.49079242
H7473001_S_DHBS1013K,H7473001_S_DHBS1022,,brand_unit;legacy_block;semantic_topk,0.42140377
H7473001_S_DHBS1013K,H7473001_S_DHBS1022K,,brand_unit;legacy_block;semantic_topk,0.44196829
H7473001_S_DHBS1013K,H7473001_S_DHBS1026,,brand_unit;legacy_block;semantic_topk,0.53010833
H7473001_S_DHBS1013K,H7473001_S_DHBS1026K,,brand_unit;legacy_block;semantic_topk,0.55187619
H7473001_S_DHBS1013K,H7473001_S_DHBS1028,,brand_unit;legacy_block;semantic_topk,0.45773345
H7473001_S_DHBS1013K,H7473001_S_DHBS1028K,,brand_unit;legacy_block;semantic_topk,0.47636542
H7473001_S_DHBS1013K,H7473001_S_DHBS1030,,brand_unit;legacy_block;semantic_topk,0.41472727
H7473001_S_DHBS1013K,H7473001_S_DHBS1030K,,brand_unit;legacy_block;semantic_topk,0.45055553
H7473001_S_DHBS1013K,H7473001_S_DHBS1036,,brand_unit;legacy_block;semantic_topk,0.47473958
H7473001_S_DHBS1013K,H7473001_S_DHBS1036K,,brand_unit;legacy_block;semantic_topk,0.49292257
H7473001_S_DHBS1013K,H7473001_S_DHBS1048,,brand_unit;legacy_block;semantic_topk,0.40304637
H7473001_S_DHBS1013K,H7473001_S_DHBS1048K,,brand_unit;legacy_block;semantic_topk,0.42275116
H7473001_S_DHBS1013K,H7473001_S_DHBS1051,,brand_unit,
H7473001_S_DHBS1013K,H7473001_S_DHBS1051K,,brand_unit,
H7473001_S_DHBS1015,H7473001_S_DHBS1015K,1.00000000,brand_unit;legacy_block;semantic_topk,0.94920141
H7473001_S_DHBS1015,H7473001_S_DHBS1017,0.34218155,brand_unit;legacy_block,
H7473001_S_DHBS1015,H7473001_S_DHBS1017K,0.19759017,brand_unit;legacy_block,
H7473001_S_DHBS1015,H7473001_S_DHBS1020,0.38772183,brand_unit;legacy_block,
H7473001_S_DHBS1015,H7473001_S_DHBS1020K,0.36521227,brand_unit;legacy_block,
H7473001_S_DHBS1015,H7473001_S_DHBS1022,,brand_unit;legacy_block,
H7473001_S_DHBS1015,H7473001_S_DHBS1022K,,brand_unit;legacy_block,
H7473001_S_DHBS1015,H7473001_S_DHBS1026,,brand_unit;legacy_block,
H7473001_S_DHBS1015,H7473001_S_DHBS1026K,,brand_unit;legacy_block,
H7473001_S_DHBS1015,H7473001_S_DHBS1028,,brand_unit;legacy_block;semantic_topk,0.40392610
H7473001_S_DHBS1015,H7473001_S_DHBS1028K,,brand_unit;legacy_block,
H7473001_S_DHBS1015,H7473001_S_DHBS1030,0.30163228,brand_unit;legacy_block,
H7473001_S_DHBS1015,H7473001_S_DHBS1030K,0.19759017,brand_unit;legacy_block,
H7473001_S_DHBS1015,H7473001_S_DHBS1036,0.43501679,brand_unit;legacy_block;semantic_topk,0.40693569
H7473001_S_DHBS1015,H7473001_S_DHBS1036K,0.35675322,brand_unit;legacy_block,
H7473001_S_DHBS1015,H7473001_S_DHBS1048,,brand_unit;legacy_block,
H7473001_S_DHBS1015,H7473001_S_DHBS1048K,,brand_unit;legacy_block,
H7473001_S_DHBS1015,H7473001_S_DHBS1051,,brand_unit;semantic_topk,0.68737978
H7473001_S_DHBS1015,H7473001_S_DHBS1051K,,brand_unit;semantic_topk,0.66605192
H7473001_S_DHBS1015K,H7473001_S_DHBS1017,0.31981752,brand_unit;legacy_block,
H7473001_S_DHBS1015K,H7473001_S_DHBS1017K,0.17963413,brand_unit;legacy_block,
H7473001_S_DHBS1015K,H7473001_S_DHBS1020,0.55480368,brand_unit;legacy_block,
H7473001_S_DHBS1015K,H7473001_S_DHBS1020K,0.18194571,brand_unit;legacy_block,
H7473001_S_DHBS1015K,H7473001_S_DHBS1022,,brand_unit;legacy_block,
H7473001_S_DHBS1015K,H7473001_S_DHBS1022K,,brand_unit;legacy_block,
H7473001_S_DHBS1015K,H7473001_S_DHBS1026,,brand_unit;legacy_block,
H7473001_S_DHBS1015K,H7473001_S_DHBS1026K,,brand_unit;legacy_block,
H7473001_S_DHBS1015K,H7473001_S_DHBS1028,,brand_unit;legacy_block,
H7473001_S_DHBS1015K,H7473001_S_DHBS1028K,,brand_unit;legacy_block;semantic_topk,0.41488376
H7473001_S_DHBS1015K,H7473001_S_DHBS1030,0.52552191,brand_unit;legacy_block,
H7473001_S_DHBS1015K,H7473001_S_DHBS1030K,0.16769443,brand_unit;legacy_block,
H7473001_S_DHBS1015K,H7473001_S_DHBS1036,0.43468348,brand_unit;legacy_block;semantic_topk,0.40158486
H7473001_S_DHBS1015K,H7473001_S_DHBS1036K,0.32250652,brand_unit;legacy_block;semantic_topk,0.41969180
H7473001_S_DHBS1015K,H7473001_S_DHBS1048,,brand_unit;legacy_block,
H7473001_S_DHBS1015K,H7473001_S_DHBS1048K,,brand_unit;legacy_block,
H7473001_S_DHBS1015K,H7473001_S_DHBS1051,,brand_unit;semantic_topk,0.64908451
H7473001_S_DHBS1015K,H7473001_S_DHBS1051K,,brand_unit;semantic_topk,0.67203778
H7473001_S_DHBS1017,H7473001_S_DHBS1017K,1.00000000,brand_unit;legacy_block;semantic_topk,0.95815682
H7473001_S_DHBS1017,H7473001_S_DHBS1020,,brand_unit;legacy_block;semantic_topk,0.46166918
H7473001_S_DHBS1017,H7473001_S_DHBS1020K,,brand_unit;legacy_block;semantic_topk,0.45546836
H7473001_S_DHBS1017,H7473001_S_DHBS1022,,brand_unit;legacy_block;semantic_topk,0.41748413
H7473001_S_DHBS1017,H7473001_S_DHBS1022K,,brand_unit;legacy_block;semantic_topk,0.40423283
H7473001_S_DHBS1017,H7473001_S_DHBS1026,,brand_unit;legacy_block;semantic_topk,0.43798438
H7473001_S_DHBS1017,H7473001_S_DHBS1026K,,brand_unit;legacy_block;semantic_topk,0.43374991
H7473001_S_DHBS1017,H7473001_S_DHBS1028,0.30456400,brand_unit;legacy_block;semantic_topk,0.44577140
H7473001_S_DHBS1017,H7473001_S_DHBS1028K,0.19632066,brand_unit;legacy_block;semantic_topk,0.43784970
H7473001_S_DHBS1017,H7473001_S_DHBS1030,,brand_unit;legacy_block;semantic_topk,0.42168510
H7473001_S_DHBS1017,H7473001_S_DHBS1030K,,brand_unit;legacy_block;semantic_topk,0.41785654
H7473001_S_DHBS1017,H7473001_S_DHBS1036,,brand_unit;legacy_block;semantic_topk,0.46341509
H7473001_S_DHBS1017,H7473001_S_DHBS1036K,,brand_unit;legacy_block;semantic_topk,0.45920911
H7473001_S_DHBS1017,H7473001_S_DHBS1048,0.62506139,brand_unit;legacy_block;semantic_topk,0.46685916
H7473001_S_DHBS1017,H7473001_S_DHBS1048K,0.68255897,brand_unit;legacy_block;semantic_topk,0.44553596
H7473001_S_DHBS1017,H7473001_S_DHBS1051,,brand_unit,
H7473001_S_DHBS1017,H7473001_S_DHBS1051K,,brand_unit,
H7473001_S_DHBS1017K,H7473001_S_DHBS1020,,brand_unit;legacy_block;semantic_topk,0.45795509
H7473001_S_DHBS1017K,H7473001_S_DHBS1020K,,brand_unit;legacy_block;semantic_topk,0.47682229
H7473001_S_DHBS1017K,H7473001_S_DHBS1022,,brand_unit;legacy_block,
H7473001_S_DHBS1017K,H7473001_S_DHBS1022K,,brand_unit;legacy_block;semantic_topk,0.42918345
H7473001_S_DHBS1017K,H7473001_S_DHBS1026,,brand_unit;legacy_block;semantic_topk,0.43545994
H7473001_S_DHBS1017K,H7473001_S_DHBS1026K,,brand_unit;legacy_block;semantic_topk,0.45462084
H7473001_S_DHBS1017K,H7473001_S_DHBS1028,0.19632066,brand_unit;legacy_block;semantic_topk,0.44093087
H7473001_S_DHBS1017K,H7473001_S_DHBS1028K,0.25394433,brand_unit;legacy_block;semantic_topk,0.45985839
H7473001_S_DHBS1017K,H7473001_S_DHBS1030,,brand_unit;legacy_block;semantic_topk,0.41284722
H7473001_S_DHBS1017K,H7473001_S_DHBS1030K,,brand_unit;legacy_block;semantic_topk,0.43661028
H7473001_S_DHBS1017K,H7473001_S_DHBS1036,,brand_unit;legacy_block;semantic_topk,0.45404601
H7473001_S_DHBS1017K,H7473001_S_DHBS1036K,,brand_unit;legacy_block;semantic_topk,0.47800213
H7473001_S_DHBS1017K,H7473001_S_DHBS1048,0.60405144,brand_unit;legacy_block;semantic_topk,0.44084018
H7473001_S_DHBS1017K,H7473001_S_DHBS1048K,0.56815867,brand_unit;legacy_block;semantic_topk,0.47014847
H7473001_S_DHBS1017K,H7473001_S_DHBS1051,,brand_unit,
H7473001_S_DHBS1017K,H7473001_S_DHBS1051K,,brand_unit,
H7473001_S_DHBS1020,H7473001_S_DHBS1020K,1.00000000,brand_unit;legacy_block;semantic_topk,0.96408665
H7473001_S_DHBS1020,H7473001_S_DHBS1022,,brand_unit;legacy_block,
H7473001_S_DHBS1020,H7473001_S_DHBS1022K,,brand_unit;legacy_block,
H7473001_S_DHBS1020,H7473001_S_DHBS1026,0.20633427,brand_unit;legacy_block;semantic_topk,0.46482795
H7473001_S_DHBS1020,H7473001_S_DHBS1026K,0.13134085,brand_unit;legacy_block;semantic_topk,0.45742294
H7473001_S_DHBS1020,H7473001_S_DHBS1028,,brand_unit;legacy_block;semantic_topk,0.43327668
H7473001_S_DHBS1020,H7473001_S_DHBS1028K,,brand_unit;legacy_block;semantic_topk,0.42565018
H7473001_S_DHBS1020,H7473001_S_DHBS1030,,brand_unit;legacy_block;semantic_topk,0.41085926
H7473001_S_DHBS1020,H7473001_S_DHBS1030K,,brand_unit;legacy_block;semantic_topk,0.40152311
H7473001_S_DHBS1020,H7473001_S_DHBS1036,,brand_unit;legacy_block;semantic_topk,0.44100136
H7473001_S_DHBS1020,H7473001_S_DHBS1036K,,brand_unit;legacy_block;semantic_topk,0.43630013
H7473001_S_DHBS1020,H7473001_S_DHBS1048,,brand_unit;legacy_block,
H7473001_S_DHBS1020,H7473001_S_DHBS1048K,,brand_unit;legacy_block,
H7473001_S_DHBS1020,H7473001_S_DHBS1051,,brand_unit,
H7473001_S_DHBS1020,H7473001_S_DHBS1051K,,brand_unit,
H7473001_S_DHBS1020K,H7473001_S_DHBS1022,,brand_unit;legacy_block,
H7473001_S_DHBS1020K,H7473001_S_DHBS1022K,,brand_unit;legacy_block;semantic_topk,0.41944087
H7473001_S_DHBS1020K,H7473001_S_DHBS1026,0.10025049,brand_unit;legacy_block;semantic_topk,0.46818504
H7473001_S_DHBS1020K,H7473001_S_DHBS1026K,0.22221216,brand_unit;legacy_block;semantic_topk,0.48287663
H7473001_S_DHBS1020K,H7473001_S_DHBS1028,,brand_unit;legacy_block;semantic_topk,0.42606330
H7473001_S_DHBS1020K,H7473001_S_DHBS1028K,,brand_unit;legacy_block;semantic_topk,0.44390437
H7473001_S_DHBS1020K,H7473001_S_DHBS1030,,brand_unit;legacy_block;semantic_topk,0.40507305
H7473001_S_DHBS1020K,H7473001_S_DHBS1030K,,brand_unit;legacy_block;semantic_topk,0.42190138
H7473001_S_DHBS1020K,H7473001_S_DHBS1036,,brand_unit;legacy_block;semantic_topk,0.43639353
H7473001_S_DHBS1020K,H7473001_S_DHBS1036K,,brand_unit;legacy_block;semantic_topk,0.45831949
H7473001_S_DHBS1020K,H7473001_S_DHBS1048,,brand_unit;legacy_block,
H7473001_S_DHBS1020K,H7473001_S_DHBS1048K,,brand_unit;legacy_block,
H7473001_S_DHBS1020K,H7473001_S_DHBS1051,,brand_unit,
H7473001_S_DHBS1020K,H7473001_S_DHBS1051K,,brand_unit,
H7473001_S_DHBS1022,H7473001_S_DHBS1022K,1.00000000,brand_unit;legacy_block;semantic_topk,0.96320730
H7473001_S_DHBS1022,H7473001_S_DHBS1026,,brand_unit;legacy_block;semantic_topk,0.45032841
H7473001_S_DHBS1022,H7473001_S_DHBS1026K,,brand_unit;legacy_block;semantic_topk,0.43660468
H7473001_S_DHBS1022,H7473001_S_DHBS1028,,brand_unit;legacy_block;semantic_topk,0.42101017
H7473001_S_DHBS1022,H7473001_S_DHBS1028K,,brand_unit;legacy_block;semantic_topk,0.41144559
H7473001_S_DHBS1022,H7473001_S_DHBS1030,,brand_unit;legacy_block,
H7473001_S_DHBS1022,H7473001_S_DHBS1030K,,brand_unit;legacy_block,
H7473001_S_DHBS1022,H7473001_S_DHBS1036,0.96224842,brand_unit;legacy_block;semantic_topk,0.53830302
H7473001_S_DHBS1022,H7473001_S_DHBS1036K,0.85784464,brand_unit;legacy_block;semantic_topk,0.51386279
H7473001_S_DHBS1022,H7473001_S_DHBS1048,,brand_unit;legacy_block;semantic_topk,0.43483993
H7473001_S_DHBS1022,H7473001_S_DHBS1048K,,brand_unit;legacy_block;semantic_topk,0.42704335
H7473001_S_DHBS1022,H7473001_S_DHBS1051,,brand_unit,
H7473001_S_DHBS1022,H7473001_S_DHBS1051K,,brand_unit,
H7473001_S_DHBS1022K,H7473001_S_DHBS1026,,brand_unit;legacy_block;semantic_topk,0.44601655
H7473001_S_DHBS1022K,H7473001_S_DHBS1026K,,brand_unit;legacy_block;semantic_topk,0.45420694
H7473001_S_DHBS1022K,H7473001_S_DHBS1028,,brand_unit;legacy_block;semantic_topk,0.41579807
H7473001_S_DHBS1022K,H7473001_S_DHBS1028K,,brand_unit;legacy_block;semantic_topk,0.43123922
H7473001_S_DHBS1022K,H7473001_S_DHBS1030,,brand_unit;legacy_block,
H7473001_S_DHBS1022K,H7473001_S_DHBS1030K,,brand_unit;legacy_block;semantic_topk,0.40762463
H7473001_S_DHBS1022K,H7473001_S_DHBS1036,0.90552337,brand_unit;legacy_block;semantic_topk,0.51667249
H7473001_S_DHBS1022K,H7473001_S_DHBS1036K,0.90382458,brand_unit;legacy_block;semantic_topk,0.54846078
H7473001_S_DHBS1022K,H7473001_S_DHBS1048,,brand_unit;legacy_block;semantic_topk,0.42627928
H7473001_S_DHBS1022K,H7473001_S_DHBS1048K,,brand_unit;legacy_block;semantic_topk,0.44030875
H7473001_S_DHBS1022K,H7473001_S_DHBS1051,,brand_unit,
H7473001_S_DHBS1022K,H7473001_S_DHBS1051K,,brand_unit,
H7473001_S_DHBS1026,H7473001_S_DHBS1026K,1.00000000,brand_unit;legacy_block;semantic_topk,0.96263611
H7473001_S_DHBS1026,H7473001_S_DHBS1028,,brand_unit;legacy_block;semantic_topk,0.43946257
H7473001_S_DHBS1026,H7473001_S_DHBS1028K,,brand_unit;legacy_block;semantic_topk,0.43396997
H7473001_S_DHBS1026,H7473001_S_DHBS1030,,brand_unit;legacy_block;semantic_topk,0.44329384
H7473001_S_DHBS1026,H7473001_S_DHBS1030K,,brand_unit;legacy_block;semantic_topk,0.44108996
H7473001_S_DHBS1026,H7473001_S_DHBS1036,,brand_unit;legacy_block;semantic_topk,0.46855104
H7473001_S_DHBS1026,H7473001_S_DHBS1036K,,brand_unit;legacy_block;semantic_topk,0.46227810
H7473001_S_DHBS1026,H7473001_S_DHBS1048,,brand_unit;legacy_block;semantic_topk,0.42476928
H7473001_S_DHBS1026,H7473001_S_DHBS1048K,,brand_unit;legacy_block;semantic_topk,0.42317954
H7473001_S_DHBS1026,H7473001_S_DHBS1051,,brand_unit,
H7473001_S_DHBS1026,H7473001_S_DHBS1051K,,brand_unit,
H7473001_S_DHBS1026K,H7473001_S_DHBS1028,,brand_unit;legacy_block;semantic_topk,0.43282685
H7473001_S_DHBS1026K,H7473001_S_DHBS1028K,,brand_unit;legacy_block;semantic_topk,0.45113197
H7473001_S_DHBS1026K,H7473001_S_DHBS1030,,brand_unit;legacy_block;semantic_topk,0.43107370
H7473001_S_DHBS1026K,H7473001_S_DHBS1030K,,brand_unit;legacy_block;semantic_topk,0.45349407
H7473001_S_DHBS1026K,H7473001_S_DHBS1036,,brand_unit;legacy_block;semantic_topk,0.45731354
H7473001_S_DHBS1026K,H7473001_S_DHBS1036K,,brand_unit;legacy_block;semantic_topk,0.47606421
H7473001_S_DHBS1026K,H7473001_S_DHBS1048,,brand_unit;legacy_block;semantic_topk,0.41392392
H7473001_S_DHBS1026K,H7473001_S_DHBS1048K,,brand_unit;legacy_block;semantic_topk,0.43296042
H7473001_S_DHBS1026K,H7473001_S_DHBS1051,,brand_unit,
H7473001_S_DHBS1026K,H7473001_S_DHBS1051K,,brand_unit,
H7473001_S_DHBS1028,H7473001_S_DHBS1028K,1.00000000,brand_unit;legacy_block;semantic_topk,0.95829874
H7473001_S_DHBS1028,H7473001_S_DHBS1030,0.30456400,brand_unit;legacy_block;semantic_topk,0.43312988
H7473001_S_DHBS1028,H7473001_S_DHBS1030K,0.19632066,brand_unit;legacy_block;semantic_topk,0.43344373
H7473001_S_DHBS1028,H7473001_S_DHBS1036,0.06130803,brand_unit;legacy_block;semantic_topk,0.51150012
H7473001_S_DHBS1028,H7473001_S_DHBS1036K,0.17637148,brand_unit;legacy_block;semantic_topk,0.50311780
H7473001_S_DHBS1028,H7473001_S_DHBS1048,,brand_unit;legacy_block;semantic_topk,0.44091073
H7473001_S_DHBS1028,H7473001_S_DHBS1048K,,brand_unit;legacy_block;semantic_topk,0.43707946
H7473001_S_DHBS1028,H7473001_S_DHBS1051,0.06860907,brand_unit,
H7473001_S_DHBS1028,H7473001_S_DHBS1051K,0.11944664,brand_unit,
H7473001_S_DHBS1028K,H7473001_S_DHBS1030,0.19632066,brand_unit;legacy_block;semantic_topk,0.42105854
H7473001_S_DHBS1028K,H7473001_S_DHBS1030K,0.23388369,brand_unit;legacy_block;semantic_topk,0.44935983
H7473001_S_DHBS1028K,H7473001_S_DHBS1036,0.15018366,brand_unit;legacy_block;semantic_topk,0.50265050
H7473001_S_DHBS1028K,H7473001_S_DHBS1036K,0.05785328,brand_unit;legacy_block;semantic_topk,0.52284133
H7473001_S_DHBS1028K,H7473001_S_DHBS1048,,brand_unit;legacy_block;semantic_topk,0.43075129
H7473001_S_DHBS1028K,H7473001_S_DHBS1048K,,brand_unit;legacy_block;semantic_topk,0.45064762
H7473001_S_DHBS1028K,H7473001_S_DHBS1051,0.15310313,brand_unit,
H7473001_S_DHBS1028K,H7473001_S_DHBS1051K,0.08860826,brand_unit,
H7473001_S_DHBS1030,H7473001_S_DHBS1030K,1.00000000,brand_unit;legacy_block;semantic_topk,0.96018642
H7473001_S_DHBS1030,H7473001_S_DHBS1036,0.18418889,brand_unit;legacy_block;semantic_topk,0.46717513
H7473001_S_DHBS1030,H7473001_S_DHBS1036K,0.28590550,brand_unit;legacy_block;semantic_topk,0.45659733
H7473001_S_DHBS1030,H7473001_S_DHBS1048,,brand_unit;legacy_block;semantic_topk,0.44779778
H7473001_S_DHBS1030,H7473001_S_DHBS1048K,,brand_unit;legacy_block;semantic_topk,0.44037014
H7473001_S_DHBS1030,H7473001_S_DHBS1051,0.35458927,brand_unit,
H7473001_S_DHBS1030,H7473001_S_DHBS1051K,0.41372684,brand_unit,
H7473001_S_DHBS1030K,H7473001_S_DHBS1036,0.24932490,brand_unit;legacy_block;semantic_topk,0.46272320
H7473001_S_DHBS1030K,H7473001_S_DHBS1036K,0.07410941,brand_unit;legacy_block;semantic_topk,0.48147747
H7473001_S_DHBS1030K,H7473001_S_DHBS1048,,brand_unit;legacy_block;semantic_topk,0.43743169
H7473001_S_DHBS1030K,H7473001_S_DHBS1048K,,brand_unit;legacy_block;semantic_topk,0.45266703
H7473001_S_DHBS1030K,H7473001_S_DHBS1051,0.19967747,brand_unit,
H7473001_S_DHBS1030K,H7473001_S_DHBS1051K,0.21439968,brand_unit,
H7473001_S_DHBS1036,H7473001_S_DHBS1036K,1.00000000,brand_unit;legacy_block;semantic_topk,0.94946957
H7473001_S_DHBS1036,H7473001_S_DHBS1048,,brand_unit;legacy_block;semantic_topk,0.43678084
H7473001_S_DHBS1036,H7473001_S_DHBS1048K,,brand_unit;legacy_block;semantic_topk,0.43296096
H7473001_S_DHBS1036,H7473001_S_DHBS1051,,brand_unit,
H7473001_S_DHBS1036,H7473001_S_DHBS1051K,,brand_unit,
H7473001_S_DHBS1036K,H7473001_S_DHBS1048,,brand_unit;legacy_block;semantic_topk,0.42595068
H7473001_S_DHBS1036K,H7473001_S_DHBS1048K,,brand_unit;legacy_block;semantic_topk,0.44701597
H7473001_S_DHBS1036K,H7473001_S_DHBS1051,,brand_unit,
H7473001_S_DHBS1036K,H7473001_S_DHBS1051K,,brand_unit,
H7473001_S_DHBS1048,H7473001_S_DHBS1048K,1.00000000,brand_unit;legacy_block;semantic_topk,0.96599358
H7473001_S_DHBS1048,H7473001_S_DHBS1051,,brand_unit,
H7473001_S_DHBS1048,H7473001_S_DHBS1051K,,brand_unit,
H7473001_S_DHBS1048K,H7473001_S_DHBS1051,,brand_unit,
H7473001_S_DHBS1048K,H7473001_S_DHBS1051K,,brand_unit,
H7473001_S_DHBS1051,H7473001_S_DHBS1051K,1.00000000,brand_unit;legacy_block;semantic_topk,0.97752714
H7517001_S_GDP-7011,H7517001_S_GDP-8087,0.00340448,brand_unit;legacy_block;semantic_topk,0.82780665
H7517001_S_NAJ0058,H7517001_S_NAJ0959,0.00569509,brand_unit;legacy_block;semantic_topk,0.94241118
H7517001_S_NAJ0058,H7517001_S_NAJ5114,,brand_unit;legacy_block;semantic_topk,0.95265877
H7517001_S_NAJ0058,S2188001_S_NAJLalepSOAPsea100g3820N,0.01444706,brand_unit;legacy_block,
H7517001_S_NAJ0959,H7517001_S_NAJ5114,0.03195316,brand_unit;legacy_block;semantic_topk,0.95895696
H7517001_S_NAJ0959,S2188001_S_NAJLalepSOAPsea100g3820N,0.07512139,brand_unit;legacy_block,
H7517001_S_NAJ1017,H9653001_S_60888,,brand_unit;legacy_block,
H7517001_S_NAJ1017,S6324001_S_nj-aleppo12,0.03900823,brand_unit,
H7517001_S_NAJ1017,S6324001_S_nj-aleppo40,0.01921382,brand_unit,
H7517001_S_NAJ5114,S2188001_S_NAJLalepSOAPsea100g3820N,0.07044317,brand_unit;legacy_block,
H7517001_S_OOWN-0490,H7517001_S_OWN-0004,,brand_unit;legacy_block;semantic_topk,0.88459194
H7517001_S_OOWN-0490,H7517001_S_OWN-0073,0.00229428,brand_unit;legacy_block;semantic_topk,0.88903558
H7517001_S_OOWN-0490,H7517001_S_OWN-0332,0.00488431,brand_unit;legacy_block;semantic_topk,0.88746154
H7517001_S_OOWN-0490,H7517001_S_OWN-0773,,brand_unit;legacy_block;semantic_topk,0.88280416
H7517001_S_OOWN-0490,H9422001_S_WISHMI-0974,0.80096363,brand_unit,
H7517001_S_OOWN-0490,H9422001_S_WISHMI-0977,,brand_unit;legacy_block,
H7517001_S_OOWN-0490,H9422001_S_WISHMI-0980,0.68695317,brand_unit,
H7517001_S_OWN-0004,H7517001_S_OWN-0073,,brand_unit;legacy_block;semantic_topk,0.97496277
H7517001_S_OWN-0004,H7517001_S_OWN-0332,,brand_unit;legacy_block;semantic_topk,0.97380364
H7517001_S_OWN-0004,H7517001_S_OWN-0773,,brand_unit;legacy_block;semantic_topk,0.97327328
H7517001_S_OWN-0004,H9422001_S_WISHMI-0974,,brand_unit,
H7517001_S_OWN-0004,H9422001_S_WISHMI-0977,,brand_unit;legacy_block,
H7517001_S_OWN-0004,H9422001_S_WISHMI-0980,,brand_unit,
H7517001_S_OWN-0073,H7517001_S_OWN-0332,,brand_unit;legacy_block;semantic_topk,0.97356749
H7517001_S_OWN-0073,H7517001_S_OWN-0773,,brand_unit;legacy_block;semantic_topk,0.97304815
H7517001_S_OWN-0073,H9422001_S_WISHMI-0974,0.84802437,brand_unit,
H7517001_S_OWN-0073,H9422001_S_WISHMI-0977,0.75077535,brand_unit;legacy_block,
H7517001_S_OWN-0073,H9422001_S_WISHMI-0980,0.31756095,brand_unit,
H7517001_S_OWN-0332,H7517001_S_OWN-0773,,brand_unit;legacy_block;semantic_topk,0.97189134
H7517001_S_OWN-0332,H9422001_S_WISHMI-0974,,brand_unit,
H7517001_S_OWN-0332,H9422001_S_WISHMI-0977,,brand_unit;legacy_block,
H7517001_S_OWN-0332,H9422001_S_WISHMI-0980,,brand_unit,
H7517001_S_OWN-0773,H9422001_S_WISHMI-0974,,brand_unit,
H7517001_S_OWN-0773,H9422001_S_WISHMI-0977,0.75077535,brand_unit;legacy_block,
H7517001_S_OWN-0773,H9422001_S_WISHMI-0980,,brand_unit,
H7517001_S_SLG-0135,H7517001_S_SLG-SSLV100G,,brand_unit;semantic_topk,0.43230960
H7542001_S_AL002,H9737001_S_nm_alepia_aleppo_soap_25,,brand_unit;legacy_block,
H7542001_S_AL002,S6114001_S_ALEPIA-001,0.99804832,brand_unit;legacy_block,
H7542001_S_AL002,S6114001_S_ALEPIA-002,0.99644303,brand_unit;legacy_block,
H7542001_S_AL002,S6114001_S_ALEPIA-005,0.99610832,brand_unit;legacy_block,
H7542001_S_AL002,S6114001_S_ALEPIA-107,0.99875275,brand_unit;legacy_block,
H7616001_S_HS_00981,H7616001_S_HS_00982,,brand_unit;legacy_block;semantic_topk,0.72997713
H7880001_S_BT-003,H7880001_S_BT-004,0.49352879,legacy_block;semantic_topk,0.59659427
H7880001_S_BT-003,H7880001_S_BT-005,0.37863126,legacy_block;semantic_topk,0.58174497
H7880001_S_BT-003,H9357001_S_4897025527393,0.03566430,legacy_block,
H7880001_S_BT-003,H9564001_S_YH05SS100,0.03566430,legacy_block,
H7880001_S_BT-003,S1061001_S_MON-624-581-0000,0.03777472,legacy_block,
H7880001_S_BT-004,H7880001_S_BT-005,0.57146665,legacy_block;semantic_topk,0.58732384
H7880001_S_BT-004,H9357001_S_4897025527393,0.03207962,legacy_block,
H7880001_S_BT-004,H9564001_S_YH05SS100,0.03207962,legacy_block,
H7880001_S_BT-004,S1061001_S_MON-624-581-0000,0.02938007,legacy_block,
H7880001_S_BT-005,H9357001_S_4897025527393,0.03207962,legacy_block,
H7880001_S_BT-005,H9564001_S_YH05SS100,0.03207962,legacy_block,
H7880001_S_BT-005,S1061001_S_MON-624-581-0000,0.02938007,legacy_block,
H7911001_S_soratinex_soap,H7911001_S_soratinex_soap_shampoo_set_A,0.01399815,brand_unit;legacy_block;semantic_topk,0.56868839
H7915001_S_4103040000422,H8765001_S_25309,1.00000000,brand_unit;exact_ean;legacy_block,
H7915001_S_9312146006602,H8427001_S_9312146006602,1.00000000,brand_unit;exact_ean;legacy_block,
H7915001_S_9312146006602,S2232001_S_TDP06602,0.08432542,brand_unit,
H7915001_S_9312146006602,S6375001_S_9312146006602,1.00000000,brand_unit;exact_ean;legacy_block,
H8115001_S_KY-C00077,S2232001_S_PEA05176X2,,brand_unit,
H8115001_S_KY-C00077,S2232001_S_PEA08321X2,0.84689220,brand_unit,
H8115001_S_KY-C00077,S2232001_S_PEA24023X2,0.57386015,brand_unit,
H8115001_S_KY-C00088,H9340001_S_5797,1.00000000,brand_unit;exact_ean;legacy_block,
H8115001_S_KY-C00088,H9564001_S_WA06HS85,1.00000000,brand_unit;exact_ean;legacy_block;packfree_exact;semantic_topk,0.50475150
H8116001_S_TW22-MED-001,H8116001_S_TW22-MED-002,0.99156883,brand_unit;legacy_block,
H8116001_S_TW22-MED-001,H8116001_S_TW22-MED-003,0.97808914,brand_unit;legacy_block;semantic_topk,0.43744811
H8116001_S_TW22-MED-001,H8116001_S_TW22-MED-004,0.49772802,brand_unit;legacy_block;semantic_topk,0.42742845
H8116001_S_TW22-MED-002,H8116001_S_TW22-MED-003,0.99098073,brand_unit;legacy_block,
H8116001_S_TW22-MED-002,H8116001_S_TW22-MED-004,0.72212746,brand_unit;legacy_block;semantic_topk,0.40056577
H8116001_S_TW22-MED-003,H8116001_S_TW22-MED-004,0.25906142,brand_unit;legacy_block;semantic_topk,0.48029837
H8196001_S_3182612701043,H8196001_S_3182612701074,0.07117386,legacy_block;semantic_topk,0.83255482
H8196001_S_3182612701043,H8196001_S_3182612701098,,legacy_block;semantic_topk,0.77575141
H8196001_S_3182612701043,H8196001_S_3182612701142,,legacy_block;semantic_topk,0.87905842
H8196001_S_3182612701043,H8196001_S_3182612701166,0.23195062,legacy_block;semantic_topk,0.81097710
H8196001_S_3182612701043,H8196001_S_3182612707229,,legacy_block;semantic_topk,0.58744889
H8196001_S_3182612701043,H9357001_S_4897025527393,0.05892025,legacy_block,
H8196001_S_3182612701043,H9564001_S_YH05SS100,0.05500626,legacy_block,
H8196001_S_3182612701043,S1061001_S_MON-624-581-0000,0.03710631,legacy_block,
H8196001_S_3182612701074,H8196001_S_3182612701098,0.02054294,legacy_block;semantic_topk,0.75743198
H8196001_S_3182612701074,H8196001_S_3182612701142,0.11545600,legacy_block;semantic_topk,0.82371724
H8196001_S_3182612701074,H8196001_S_3182612701166,0.03051277,legacy_block;semantic_topk,0.79182583
H8196001_S_3182612701074,H8196001_S_3182612707229,0.06240437,legacy_block;semantic_topk,0.53997546
H8196001_S_3182612701074,H9357001_S_4897025527393,0.05892025,legacy_block,
H8196001_S_3182612701074,H9564001_S_YH05SS100,0.04310274,legacy_block,
H8196001_S_3182612701074,S1061001_S_MON-624-581-0000,0.03710631,legacy_block,
H8196001_S_3182612701098,H8196001_S_3182612701142,0.01254496,legacy_block;semantic_topk,0.76751685
H8196001_S_3182612701098,H8196001_S_3182612701166,0.00813828,legacy_block;semantic_topk,0.75767535
H8196001_S_3182612701098,H8196001_S_3182612707229,0.00595769,legacy_block;semantic_topk,0.50105906
H8196001_S_3182612701098,H9357001_S_4897025527393,0.04194116,legacy_block,
H8196001_S_3182612701098,H9564001_S_YH05SS100,0.05400187,legacy_block,
H8196001_S_3182612701098,S1061001_S_MON-624-581-0000,0.03561114,legacy_block,
H8196001_S_3182612701142,H8196001_S_3182612701166,0.09105070,legacy_block;semantic_topk,0.80236876
H8196001_S_3182612701142,H8196001_S_3182612707229,0.88532915,legacy_block;semantic_topk,0.66071218
H8196001_S_3182612701142,H9357001_S_4897025527393,,legacy_block,
H8196001_S_3182612701142,H9564001_S_YH05SS100,0.05500626,legacy_block,
H8196001_S_3182612701142,S1061001_S_MON-624-581-0000,0.03528912,legacy_block,
H8196001_S_3182612701166,H8196001_S_3182612707229,0.02671427,legacy_block;semantic_topk,0.51924902
H8196001_S_3182612701166,H9357001_S_4897025527393,0.05892025,legacy_block,
H8196001_S_3182612701166,H9564001_S_YH05SS100,0.07805029,legacy_block,
H8196001_S_3182612701166,S1061001_S_MON-624-581-0000,0.03777472,legacy_block,
H8196001_S_3182612707229,H9357001_S_4897025527393,,legacy_block,
H8196001_S_3182612707229,H9564001_S_YH05SS100,0.05373565,legacy_block,
H8196001_S_3182612707229,S1061001_S_MON-624-581-0000,0.03554753,legacy_block,
H8196001_S_8852086922385,H8196001_S_885208692239,,brand_unit;legacy_block;semantic_topk,0.95265573
H8196001_S_8852086922385,H8424001_S_8852086922385,1.00000000,brand_unit;exact_ean;legacy_block,
H8196001_S_8852086922385,H8424001_S_8852086922392,,brand_unit;legacy_block,
H8196001_S_8852086922385,H8765001_S_25392,,brand_unit;legacy_block,
H8196001_S_885208692239,H8424001_S_8852086922385,,brand_unit;legacy_block,
H8196001_S_885208692239,H8424001_S_8852086922392,1.00000000,brand_unit;legacy_block,
H8196001_S_885208692239,H8765001_S_25392,1.00000000,brand_unit;exact_ean;legacy_block,
H8203001_S_gm419,H9481001_S_H3808,0.06973968,brand_unit,
H8222001_S_Banaban-kava,H8222001_S_Banaban-pure,0.94119511,brand_unit;legacy_block;semantic_topk,0.59551209
H8257001_S_hm0641_0160,H9357001_S_4897025527393,0.03938618,legacy_block,
H8257001_S_hm0641_0160,H9564001_S_YH05SS100,0.03519585,legacy_block,
H8257001_S_hm0641_0160,H9990001_S_344,0.00827082,legacy_block,
H8257001_S_hm0641_0160,H9990001_S_355,0.00797988,legacy_block,
H8257001_S_hm0641_0160,H9990001_S_406,0.00719961,legacy_block,
H8257001_S_hm0641_0160,H9990001_S_438,0.00424469,legacy_block,
H8257001_S_hm0641_0160,H9990001_S_471,0.00592687,legacy_block,
H8257001_S_hm0641_0160,H9990001_S_486,0.00654069,legacy_block,
H8257001_S_hm0641_0160,H9990001_S_545,0.01007719,legacy_block,
H8257001_S_hm0641_0160,H9990001_S_546,0.00654069,legacy_block,
H8257001_S_hm0641_0160,H9990001_S_551,0.01233395,legacy_block,
H8257001_S_hm0641_0160,H9990001_S_552,0.00869926,legacy_block,
H8257001_S_hm0641_0160,H9990001_S_553,0.00869926,legacy_block,
H8257001_S_hm0641_0160,H9990001_S_554,0.01607561,legacy_block,
H8257001_S_hm0641_0160,S1061001_S_MON-624-581-0000,0.05892025,legacy_block,
H8347001_S_CAPR-006,H8347001_S_CAPR-006X4,1.00000000,brand_unit;legacy_block;packfree_exact;semantic_topk,0.99999982
H8347001_S_GOAT-BP02,H8347001_S_GOAT-BP04,,brand_unit,
H8347001_S_GOAT-BP02,H8347001_S_GOAT-BP05,,brand_unit;legacy_block,
H8347001_S_GOAT-BP02,H8347001_S_GOAT-BP06,,brand_unit,
H8347001_S_GOAT-BP02,H8347001_S_GOAT-BP08,0.91537736,brand_unit,
H8347001_S_GOAT-BP02,H8427001_S_9349254002011,,brand_unit,
H8347001_S_GOAT-BP02,H8427001_S_9349254002028,,brand_unit,
H8347001_S_GOAT-BP02,H8427001_S_9349254002035,0.99826690,brand_unit,
H8347001_S_GOAT-BP02,H8427001_S_9349254002042,0.49010496,brand_unit,
H8347001_S_GOAT-BP02,H8427001_S_9349254002059,0.52453062,brand_unit,
H8347001_S_GOAT-BP02,H8427001_S_9349254002066,,brand_unit,
H8347001_S_GOAT-BP02,H8427001_S_9349254004053,0.96702815,brand_unit,
H8347001_S_GOAT-BP02,H8427001_S_9349254006286,,brand_unit,
H8347001_S_GOAT-BP02,H9250001_S_A9349254005005,,brand_unit;legacy_block,
H8347001_S_GOAT-BP02,S2232001_S_GOS2011X2,,brand_unit;legacy_block,
H8347001_S_GOAT-BP02,S2232001_S_GOS2028X2,,brand_unit;legacy_block,
H8347001_S_GOAT-BP02,S2232001_S_GOS2042X2,,brand_unit;legacy_block,
H8347001_S_GOAT-BP02,S2232001_S_GOS2053X2,0.99933994,brand_unit;legacy_block,
H8347001_S_GOAT-BP02,S2232001_S_GOS2059X2,0.79585957,brand_unit;legacy_block,
H8347001_S_GOAT-BP02,S2232001_S_GOS2066X2,,brand_unit;legacy_block,
H8347001_S_GOAT-BP02,S2232001_S_GOS4053X2,,brand_unit;legacy_block,
H8347001_S_GOAT-BP02,S6258001_S_GOS2011X2,,brand_unit;legacy_block,
H8347001_S_GOAT-BP02,S6258001_S_GOS2028X2,,brand_unit;legacy_block,
H8347001_S_GOAT-BP02,S6258001_S_GOS2042X2,,brand_unit;legacy_block,
H8347001_S_GOAT-BP02,S6258001_S_GOS2059X2,0.68048668,brand_unit;legacy_block,
H8347001_S_GOAT-BP02,S6375001_S_9349254004053,0.94928729,brand_unit,
H8347001_S_GOAT-BP02,S6375001_S_9349254006286,,brand_unit,
H8347001_S_GOAT-BP04,H8347001_S_GOAT-BP05,,brand_unit;semantic_topk,0.93779445
H8347001_S_GOAT-BP04,H8347001_S_GOAT-BP06,,brand_unit;legacy_block;semantic_topk,0.93453997
H8347001_S_GOAT-BP04,H8347001_S_GOAT-BP08,0.03693195,brand_unit;legacy_block;semantic_topk,0.90327471
H8347001_S_GOAT-BP04,H8427001_S_9349254002011,1.00000000,brand_unit;exact_ean;legacy_block;semantic_topk,0.94900137
H8347001_S_GOAT-BP04,H8427001_S_9349254002028,,brand_unit;legacy_block;semantic_topk,0.93966419
H8347001_S_GOAT-BP04,H8427001_S_9349254002035,,brand_unit;legacy_block;semantic_topk,0.94530606
H8347001_S_GOAT-BP04,H8427001_S_9349254002042,0.21154007,brand_unit;legacy_block;semantic_topk,0.93582392
H8347001_S_GOAT-BP04,H8427001_S_9349254002059,0.20858920,brand_unit;legacy_block;semantic_topk,0.93788654
H8347001_S_GOAT-BP04,H8427001_S_9349254002066,,brand_unit;legacy_block;semantic_topk,0.94404817
H8347001_S_GOAT-BP04,H8427001_S_9349254004053,0.37460699,brand_unit;legacy_block;semantic_topk,0.93161315
H8347001_S_GOAT-BP04,H8427001_S_9349254006286,,brand_unit;legacy_block,
H8347001_S_GOAT-BP04,H9250001_S_A9349254005005,0.03050015,brand_unit,
H8347001_S_GOAT-BP04,S2232001_S_GOS2011X2,0.99838525,brand_unit,
H8347001_S_GOAT-BP04,S2232001_S_GOS2028X2,,brand_unit;semantic_topk,0.47912830
H8347001_S_GOAT-BP04,S2232001_S_GOS2042X2,,brand_unit,
H8347001_S_GOAT-BP04,S2232001_S_GOS2053X2,,brand_unit,
H8347001_S_GOAT-BP04,S2232001_S_GOS2059X2,0.98415976,brand_unit,
H8347001_S_GOAT-BP04,S2232001_S_GOS2066X2,,brand_unit,
H8347001_S_GOAT-BP04,S2232001_S_GOS4053X2,,brand_unit,
H8347001_S_GOAT-BP04,S6258001_S_GOS2011X2,0.99813016,brand_unit,
H8347001_S_GOAT-BP04,S6258001_S_GOS2028X2,,brand_unit;semantic_topk,0.47912830
H8347001_S_GOAT-BP04,S6258001_S_GOS2042X2,,brand_unit,
H8347001_S_GOAT-BP04,S6258001_S_GOS2059X2,0.98605708,brand_unit,
H8347001_S_GOAT-BP04,S6375001_S_9349254004053,0.29707122,brand_unit;legacy_block;semantic_topk,0.93161315
H8347001_S_GOAT-BP04,S6375001_S_9349254006286,,brand_unit;legacy_block,
H8347001_S_GOAT-BP05,H8347001_S_GOAT-BP06,0.03397926,brand_unit;semantic_topk,0.93812931
H8347001_S_GOAT-BP05,H8347001_S_GOAT-BP08,,brand_unit;semantic_topk,0.87762773
H8347001_S_GOAT-BP05,H8427001_S_9349254002011,,brand_unit;semantic_topk,0.95001251
H8347001_S_GOAT-BP05,H8427001_S_9349254002028,0.81910462,brand_unit;semantic_topk,0.95751590
H8347001_S_GOAT-BP05,H8427001_S_9349254002035,,brand_unit;semantic_topk,0.95200664
H8347001_S_GOAT-BP05,H8427001_S_9349254002042,0.05206419,brand_unit;semantic_topk,0.94337797
H8347001_S_GOAT-BP05,H8427001_S_9349254002059,,brand_unit;semantic_topk,0.94448650
H8347001_S_GOAT-BP05,H8427001_S_9349254002066,,brand_unit;semantic_topk,0.95073712
H8347001_S_GOAT-BP05,H8427001_S_9349254004053,0.11587265,brand_unit;semantic_topk,0.93821061
H8347001_S_GOAT-BP05,H8427001_S_9349254006286,,brand_unit,
H8347001_S_GOAT-BP05,H9250001_S_A9349254005005,,brand_unit;legacy_block,
H8347001_S_GOAT-BP05,S2232001_S_GOS2011X2,,brand_unit;legacy_block,
H8347001_S_GOAT-BP05,S2232001_S_GOS2028X2,0.63782686,brand_unit;legacy_block;semantic_topk,0.50111669
H8347001_S_GOAT-BP05,S2232001_S_GOS2042X2,0.98431011,brand_unit;legacy_block,
H8347001_S_GOAT-BP05,S2232001_S_GOS2053X2,,brand_unit;legacy_block,
H8347001_S_GOAT-BP05,S2232001_S_GOS2059X2,,brand_unit;legacy_block,
H8347001_S_GOAT-BP05,S2232001_S_GOS2066X2,,brand_unit;legacy_block,
H8347001_S_GOAT-BP05,S2232001_S_GOS4053X2,,brand_unit;legacy_block,
H8347001_S_GOAT-BP05,S6258001_S_GOS2011X2,,brand_unit;legacy_block,
H8347001_S_GOAT-BP05,S6258001_S_GOS2028X2,0.63782686,brand_unit;legacy_block;semantic_topk,0.50111669
H8347001_S_GOAT-BP05,S6258001_S_GOS2042X2,0.98187189,brand_unit;legacy_block,
H8347001_S_GOAT-BP05,S6258001_S_GOS2059X2,,brand_unit;legacy_block,
H8347001_S_GOAT-BP05,S6375001_S_9349254004053,0.05379910,brand_unit;semantic_topk,0.93821061
H8347001_S_GOAT-BP05,S6375001_S_9349254006286,,brand_unit,
H8347001_S_GOAT-BP06,H8347001_S_GOAT-BP08,0.07121384,brand_unit;legacy_block;semantic_topk,0.87086523
H8347001_S_GOAT-BP06,H8427001_S_9349254002011,,brand_unit;legacy_block;semantic_topk,0.94472116
H8347001_S_GOAT-BP06,H8427001_S_9349254002028,0.06333976,brand_unit;legacy_block;semantic_topk,0.94003749
H8347001_S_GOAT-BP06,H8427001_S_9349254002035,0.06876820,brand_unit;legacy_block;semantic_topk,0.94568747
H8347001_S_GOAT-BP06,H8427001_S_9349254002042,1.00000000,brand_unit;exact_ean;legacy_block;semantic_topk,0.94454068
H8347001_S_GOAT-BP06,H8427001_S_9349254002059,0.01795813,brand_unit;legacy_block;semantic_topk,0.93821174
H8347001_S_GOAT-BP06,H8427001_S_9349254002066,,brand_unit;legacy_block;semantic_topk,0.94442403
H8347001_S_GOAT-BP06,H8427001_S_9349254004053,0.04968423,brand_unit;legacy_block;semantic_topk,0.93197501
H8347001_S_GOAT-BP06,H8427001_S_9349254006286,0.01564809,brand_unit;legacy_block,
H8347001_S_GOAT-BP06,H9250001_S_A9349254005005,,brand_unit,
H8347001_S_GOAT-BP06,S2232001_S_GOS2011X2,,brand_unit,
H8347001_S_GOAT-BP06,S2232001_S_GOS2028X2,0.18249544,brand_unit;semantic_topk,0.47213924
H8347001_S_GOAT-BP06,S2232001_S_GOS2042X2,1.00000000,brand_unit,
H8347001_S_GOAT-BP06,S2232001_S_GOS2053X2,,brand_unit,
H8347001_S_GOAT-BP06,S2232001_S_GOS2059X2,0.93467361,brand_unit,
H8347001_S_GOAT-BP06,S2232001_S_GOS2066X2,,brand_unit,
H8347001_S_GOAT-BP06,S2232001_S_GOS4053X2,,brand_unit,
H8347001_S_GOAT-BP06,S6258001_S_GOS2011X2,,brand_unit,
H8347001_S_GOAT-BP06,S6258001_S_GOS2028X2,0.18249544,brand_unit;semantic_topk,0.47213924
H8347001_S_GOAT-BP06,S6258001_S_GOS2042X2,1.00000000,brand_unit,
H8347001_S_GOAT-BP06,S6258001_S_GOS2059X2,0.93858014,brand_unit,
H8347001_S_GOAT-BP06,S6375001_S_9349254004053,0.03674949,brand_unit;legacy_block;semantic_topk,0.93197501
H8347001_S_GOAT-BP06,S6375001_S_9349254006286,0.00665742,brand_unit;legacy_block,
H8347001_S_GOAT-BP08,H8427001_S_9349254002011,0.06796245,brand_unit;legacy_block;semantic_topk,0.88148457
H8347001_S_GOAT-BP08,H8427001_S_9349254002028,,brand_unit;legacy_block;semantic_topk,0.87789333
H8347001_S_GOAT-BP08,H8427001_S_9349254002035,0.06796245,brand_unit;legacy_block;semantic_topk,0.88650608
H8347001_S_GOAT-BP08,H8427001_S_9349254002042,0.03369387,brand_unit;legacy_block;semantic_topk,0.87460256
H8347001_S_GOAT-BP08,H8427001_S_9349254002059,1.00000000,brand_unit;exact_ean;legacy_block;semantic_topk,0.90069747
H8347001_S_GOAT-BP08,H8427001_S_9349254002066,0.06641727,brand_unit;legacy_block;semantic_topk,0.88201070
H8347001_S_GOAT-BP08,H8427001_S_9349254004053,0.13848075,brand_unit;legacy_block;semantic_topk,0.86944675
H8347001_S_GOAT-BP08,H8427001_S_9349254006286,0.45794240,brand_unit;legacy_block,
H8347001_S_GOAT-BP08,H9250001_S_A9349254005005,0.76642226,brand_unit,
H8347001_S_GOAT-BP08,S2232001_S_GOS2011X2,0.98802631,brand_unit,
H8347001_S_GOAT-BP08,S2232001_S_GOS2028X2,,brand_unit;semantic_topk,0.47694978
H8347001_S_GOAT-BP08,S2232001_S_GOS2042X2,0.96682606,brand_unit,
H8347001_S_GOAT-BP08,S2232001_S_GOS2053X2,0.98844610,brand_unit,
H8347001_S_GOAT-BP08,S2232001_S_GOS2059X2,0.99881193,brand_unit,
H8347001_S_GOAT-BP08,S2232001_S_GOS2066X2,0.98900448,brand_unit,
H8347001_S_GOAT-BP08,S2232001_S_GOS4053X2,,brand_unit,
H8347001_S_GOAT-BP08,S6258001_S_GOS2011X2,0.98802631,brand_unit,
H8347001_S_GOAT-BP08,S6258001_S_GOS2028X2,,brand_unit;semantic_topk,0.47694978
H8347001_S_GOAT-BP08,S6258001_S_GOS2042X2,0.96629126,brand_unit,
H8347001_S_GOAT-BP08,S6258001_S_GOS2059X2,0.99875241,brand_unit,
H8347001_S_GOAT-BP08,S6375001_S_9349254004053,0.13828065,brand_unit;legacy_block;semantic_topk,0.86944675
H8347001_S_GOAT-BP08,S6375001_S_9349254006286,0.00381354,brand_unit;legacy_block,
H8374001_S_WD_10085,H8374001_S_WD_10085-2,1.00000000,brand_unit;legacy_block,
H8391001_S_AW0117,H8391001_S_OE0111,0.01716809,brand_unit;legacy_block;semantic_topk,0.82411778
H8391001_S_AW0117,H8391001_S_RC0106,0.97574818,brand_unit;legacy_block,
H8391001_S_OE0111,H8391001_S_RC0106,0.98966383,brand_unit;legacy_block,
H8424001_S_4891392106755,S2802001_S_DettolOriginalSoap,0.56397299,brand_unit;semantic_topk,0.45871815
H8424001_S_4891392106755,S2802001_S_DettolSkinCareSoap,0.45889757,brand_unit;semantic_topk,0.40359202
H8424001_S_4976631478272,H8424001_S_4976631481166,0.98104618,brand_unit;legacy_block,
H8424001_S_4976631478272,H9125001_S_48200101,0.97884196,brand_unit,
H8424001_S_4976631478272,H9125001_S_48200102,0.53649066,brand_unit,
H8424001_S_4976631478272,H9125001_S_48200103,0.45700516,brand_unit,
H8424001_S_4976631478272,H9990001_S_544,0.02393802,brand_unit,
H8424001_S_4976631478272,S6478006_S_478272_4976631478272,1.00000000,brand_unit;exact_ean;legacy_block;semantic_topk,0.81905782
H8424001_S_4976631478272,S6478006_S_481166_4976631481166,0.92437717,brand_unit;legacy_block;semantic_topk,0.80462593
H8424001_S_4976631481166,H9125001_S_48200101,0.99665876,brand_unit,
H8424001_S_4976631481166,H9125001_S_48200102,0.13609376,brand_unit,
H8424001_S_4976631481166,H9125001_S_48200103,0.01063656,brand_unit,
H8424001_S_4976631481166,H9990001_S_544,0.00510980,brand_unit,
H8424001_S_4976631481166,S6478006_S_478272_4976631478272,0.99961532,brand_unit;legacy_block,
H8424001_S_4976631481166,S6478006_S_481166_4976631481166,1.00000000,brand_unit;exact_ean;legacy_block,
H8424001_S_6297000323060,H9357001_S_6297000323060,,exact_ean,
H8424001_S_6297000323060,S2802001_S_CussonsBathSoap,0.91817926,brand_unit,
H8424001_S_8852086922385,H8424001_S_8852086922392,,brand_unit;legacy_block,
H8424001_S_8852086922385,H8765001_S_25392,,brand_unit;legacy_block,
H8424001_S_8852086922392,H8765001_S_25392,1.00000000,brand_unit;legacy_block,
H8424001_S_9556155017017,H9357001_S_9556155017017,1.00000000,exact_ean;legacy_block,
H8424001_S_9556155017017,H9564001_S_KA05KS03,1.00000000,exact_ean;legacy_block;semantic_topk,0.81797868
H8427001_S_4066447452778,H8427001_S_4066447674880,0.70540432,brand_unit;legacy_block;semantic_topk,0.85587204
H8427001_S_4066447452778,H8867001_S_BAL0094,0.70342525,brand_unit;semantic_topk,0.74027091
H8427001_S_4066447452778,S6375001_S_4066447452778,1.00000000,brand_unit;exact_ean;legacy_block;packfree_exact;semantic_topk,0.99999994
H8427001_S_4066447452778,S6375001_S_4066447674880,0.70540432,brand_unit;legacy_block;semantic_topk,0.85587204
H8427001_S_4066447674880,H8867001_S_BAL0094,0.97704930,brand_unit;semantic_topk,0.85183191
H8427001_S_4066447674880,S6375001_S_4066447452778,0.70540432,brand_unit;legacy_block;semantic_topk,0.85587204
H8427001_S_4066447674880,S6375001_S_4066447674880,1.00000000,brand_unit;exact_ean;legacy_block;packfree_exact;semantic_topk,1.00000012
H8427001_S_9312146006602,S2232001_S_TDP06602,0.96938902,brand_unit,
H8427001_S_9312146006602,S6375001_S_9312146006602,1.00000000,brand_unit;exact_ean;legacy_block;packfree_exact;semantic_topk,1.00000012
H8427001_S_9329401000107,H8427001_S_9329401000107-01,1.00000000,brand_unit;semantic_topk,0.84669566
H8427001_S_9329401000107,H8427001_S_9329401000169,,brand_unit;legacy_block;semantic_topk,0.73772532
H8427001_S_9329401000107,H8427001_S_9329401000169-01,,brand_unit;semantic_topk,0.58418012
H8427001_S_9329401000107,H8427001_S_9329401000183,,brand_unit;legacy_block;semantic_topk,0.73832428
H8427001_S_9329401000107,H8427001_S_9329401000183-01,,brand_unit;semantic_topk,0.67831546
H8427001_S_9329401000107,H8427001_S_9329401000428,0.03138211,brand_unit;legacy_block;semantic_topk,0.55435520
H8427001_S_9329401000107,H8427001_S_9329401000435,0.04197078,brand_unit;legacy_block;semantic_topk,0.67896920
H8427001_S_9329401000107,H8427001_S_9329401000435-01,0.64948332,brand_unit;semantic_topk,0.54232955
H8427001_S_9329401000107,H8427001_S_9329401000800,,brand_unit;legacy_block;semantic_topk,0.75515646
H8427001_S_9329401000107,H8427001_S_9329401000800-01,,brand_unit;semantic_topk,0.68108547
H8427001_S_9329401000107,H8427001_S_9329401000817,,brand_unit;legacy_block;semantic_topk,0.74298412
H8427001_S_9329401000107,H8427001_S_9329401000817-01,,brand_unit;semantic_topk,0.66777438
H8427001_S_9329401000107,S6375001_S_9329401000107,1.00000000,brand_unit;exact_ean;legacy_block;packfree_exact;semantic_topk,0.99999976
H8427001_S_9329401000107,S6375001_S_9329401000107-01,1.00000000,brand_unit;semantic_topk,0.63353628
H8427001_S_9329401000107,S6375001_S_9329401000169,,brand_unit;legacy_block;semantic_topk,0.73772532
H8427001_S_9329401000107,S6375001_S_9329401000169-01,,brand_unit;semantic_topk,0.53933960
H8427001_S_9329401000107,S6375001_S_9329401000183,,brand_unit;legacy_block;semantic_topk,0.73832428
H8427001_S_9329401000107,S6375001_S_9329401000183-01,,brand_unit;semantic_topk,0.56708217
H8427001_S_9329401000107,S6375001_S_9329401000435,0.04197078,brand_unit;legacy_block;semantic_topk,0.67896920
H8427001_S_9329401000107,S6375001_S_9329401000435-01,0.64948332,brand_unit;semantic_topk,0.54232955
H8427001_S_9329401000107,S6375001_S_9329401000800,,brand_unit;legacy_block;semantic_topk,0.75515646
H8427001_S_9329401000107,S6375001_S_9329401000800-01,,brand_unit;semantic_topk,0.54079849
H8427001_S_9329401000107,S6375001_S_9329401000817,,brand_unit;legacy_block;semantic_topk,0.74298412
H8427001_S_9329401000107,S6375001_S_9329401000817-01,,brand_unit;semantic_topk,0.53256887
H8427001_S_9329401000107-01,H8427001_S_9329401000169,,brand_unit;semantic_topk,0.67439544
H8427001_S_9329401000107-01,H8427001_S_9329401000169-01,,brand_unit;legacy_block;semantic_topk,0.69529366
H8427001_S_9329401000107-01,H8427001_S_9329401000183,,brand_unit;semantic_topk,0.66182292
H8427001_S_9329401000107-01,H8427001_S_9329401000183-01,,brand_unit;legacy_block;semantic_topk,0.76210588
H8427001_S_9329401000107-01,H8427001_S_9329401000428,0.44570044,brand_unit;semantic_topk,0.49613222
H8427001_S_9329401000107-01,H8427001_S_9329401000435,0.29735327,brand_unit;semantic_topk,0.62068290
H8427001_S_9329401000107-01,H8427001_S_9329401000435-01,0.27329633,brand_unit;legacy_block;semantic_topk,0.64396185
H8427001_S_9329401000107-01,H8427001_S_9329401000800,,brand_unit;semantic_topk,0.69023848
H8427001_S_9329401000107-01,H8427001_S_9329401000800-01,,brand_unit;legacy_block;semantic_topk,0.78231949
H8427001_S_9329401000107-01,H8427001_S_9329401000817,,brand_unit;semantic_topk,0.67897058
H8427001_S_9329401000107-01,H8427001_S_9329401000817-01,,brand_unit;legacy_block;semantic_topk,0.76706207
H8427001_S_9329401000107-01,S6375001_S_9329401000107,1.00000000,brand_unit;semantic_topk,0.84669566
H8427001_S_9329401000107-01,S6375001_S_9329401000107-01,1.00000000,brand_unit;legacy_block;packfree_exact;semantic_topk,0.84191364
H8427001_S_9329401000107-01,S6375001_S_9329401000169,,brand_unit;semantic_topk,0.67439544
H8427001_S_9329401000107-01,S6375001_S_9329401000169-01,,brand_unit;legacy_block;semantic_topk,0.64192414
H8427001_S_9329401000107-01,S6375001_S_9329401000183,,brand_unit;semantic_topk,0.66182292
H8427001_S_9329401000107-01,S6375001_S_9329401000183-01,,brand_unit;legacy_block;semantic_topk,0.65660626
H8427001_S_9329401000107-01,S6375001_S_9329401000435,0.29735327,brand_unit;semantic_topk,0.62068290
H8427001_S_9329401000107-01,S6375001_S_9329401000435-01,0.27329633,brand_unit;legacy_block;semantic_topk,0.64396185
H8427001_S_9329401000107-01,S6375001_S_9329401000800,,brand_unit;semantic_topk,0.69023848
H8427001_S_9329401000107-01,S6375001_S_9329401000800-01,,brand_unit;legacy_block;semantic_topk,0.64366049
H8427001_S_9329401000107-01,S6375001_S_9329401000817,,brand_unit;semantic_topk,0.67897058
H8427001_S_9329401000107-01,S6375001_S_9329401000817-01,,brand_unit;legacy_block;semantic_topk,0.63386536
H8427001_S_9329401000169,H8427001_S_9329401000169-01,1.00000000,brand_unit;semantic_topk,0.63827538
H8427001_S_9329401000169,H8427001_S_9329401000183,,brand_unit;legacy_block;semantic_topk,0.70932442
H8427001_S_9329401000169,H8427001_S_9329401000183-01,,brand_unit;semantic_topk,0.65167266
H8427001_S_9329401000169,H8427001_S_9329401000428,,brand_unit;legacy_block;semantic_topk,0.53258121
H8427001_S_9329401000169,H8427001_S_9329401000435,,brand_unit;legacy_block;semantic_topk,0.65230060
H8427001_S_9329401000169,H8427001_S_9329401000435-01,,brand_unit,
H8427001_S_9329401000169,H8427001_S_9329401000800,,brand_unit;legacy_block;semantic_topk,0.72549510
H8427001_S_9329401000169,H8427001_S_9329401000800-01,,brand_unit;semantic_topk,0.65433383
H8427001_S_9329401000169,H8427001_S_9329401000817,,brand_unit;legacy_block;semantic_topk,0.71380115
H8427001_S_9329401000169,H8427001_S_9329401000817-01,,brand_unit;semantic_topk,0.64154541
H8427001_S_9329401000169,S6375001_S_9329401000107,,brand_unit;legacy_block;semantic_topk,0.73772532
H8427001_S_9329401000169,S6375001_S_9329401000107-01,,brand_unit;semantic_topk,0.58248967
H8427001_S_9329401000169,S6375001_S_9329401000169,1.00000000,brand_unit;exact_ean;legacy_block;packfree_exact;semantic_topk,1.00000024
H8427001_S_9329401000169,S6375001_S_9329401000169-01,1.00000000,brand_unit;semantic_topk,0.58928245
H8427001_S_9329401000169,S6375001_S_9329401000183,,brand_unit;legacy_block;semantic_topk,0.70932442
H8427001_S_9329401000169,S6375001_S_9329401000183-01,,brand_unit;semantic_topk,0.55606544
H8427001_S_9329401000169,S6375001_S_9329401000435,,brand_unit;legacy_block;semantic_topk,0.65230060
H8427001_S_9329401000169,S6375001_S_9329401000435-01,,brand_unit;semantic_topk,0.52102804
H8427001_S_9329401000169,S6375001_S_9329401000800,,brand_unit;legacy_block;semantic_topk,0.72549510
H8427001_S_9329401000169,S6375001_S_9329401000800-01,,brand_unit;semantic_topk,0.51955700
H8427001_S_9329401000169,S6375001_S_9329401000817,,brand_unit;legacy_block;semantic_topk,0.71380115
H8427001_S_9329401000169,S6375001_S_9329401000817-01,,brand_unit;semantic_topk,0.51165062
H8427001_S_9329401000169-01,H8427001_S_9329401000183,,brand_unit;semantic_topk,0.54189235
H8427001_S_9329401000169-01,H8427001_S_9329401000183-01,,brand_unit;legacy_block;semantic_topk,0.64630425
H8427001_S_9329401000169-01,H8427001_S_9329401000428,,brand_unit;semantic_topk,0.47633943
H8427001_S_9329401000169-01,H8427001_S_9329401000435,,brand_unit;semantic_topk,0.51653528
H8427001_S_9329401000169-01,H8427001_S_9329401000435-01,,brand_unit;legacy_block;semantic_topk,0.68385464
H8427001_S_9329401000169-01,H8427001_S_9329401000800,,brand_unit;semantic_topk,0.57431316
H8427001_S_9329401000169-01,H8427001_S_9329401000800-01,,brand_unit;legacy_block;semantic_topk,0.67459679
H8427001_S_9329401000169-01,H8427001_S_9329401000817,,brand_unit;semantic_topk,0.56477195
H8427001_S_9329401000169-01,H8427001_S_9329401000817-01,,brand_unit;legacy_block;semantic_topk,0.66141748
H8427001_S_9329401000169-01,S6375001_S_9329401000107,,brand_unit;semantic_topk,0.58418012
H8427001_S_9329401000169-01,S6375001_S_9329401000107-01,,brand_unit;legacy_block;semantic_topk,0.75936276
H8427001_S_9329401000169-01,S6375001_S_9329401000169,1.00000000,brand_unit;semantic_topk,0.63827538
H8427001_S_9329401000169-01,S6375001_S_9329401000169-01,1.00000000,brand_unit;legacy_block;packfree_exact;semantic_topk,0.88201725
H8427001_S_9329401000169-01,S6375001_S_9329401000183,,brand_unit;semantic_topk,0.54189235
H8427001_S_9329401000169-01,S6375001_S_9329401000183-01,,brand_unit;legacy_block;semantic_topk,0.59307522
H8427001_S_9329401000169-01,S6375001_S_9329401000435,,brand_unit;semantic_topk,0.51653528
H8427001_S_9329401000169-01,S6375001_S_9329401000435-01,,brand_unit;legacy_block;semantic_topk,0.68385464
H8427001_S_9329401000169-01,S6375001_S_9329401000800,,brand_unit;semantic_topk,0.57431316
H8427001_S_9329401000169-01,S6375001_S_9329401000800-01,,brand_unit;legacy_block;semantic_topk,0.67692500
H8427001_S_9329401000169-01,S6375001_S_9329401000817,,brand_unit;semantic_topk,0.56477195
H8427001_S_9329401000169-01,S6375001_S_9329401000817-01,,brand_unit;legacy_block;semantic_topk,0.66662395
H8427001_S_9329401000183,H8427001_S_9329401000183-01,1.00000000,brand_unit;semantic_topk,0.85155237
H8427001_S_9329401000183,H8427001_S_9329401000428,0.03170167,brand_unit;legacy_block;semantic_topk,0.54871559
H8427001_S_9329401000183,H8427001_S_9329401000435,0.03377048,brand_unit;legacy_block;semantic_topk,0.65282995
H8427001_S_9329401000183,H8427001_S_9329401000435-01,0.75722806,brand_unit,
H8427001_S_9329401000183,H8427001_S_9329401000800,,brand_unit;legacy_block;semantic_topk,0.72608459
H8427001_S_9329401000183,H8427001_S_9329401000800-01,,brand_unit;semantic_topk,0.64214760
H8427001_S_9329401000183,H8427001_S_9329401000817,,brand_unit;legacy_block;semantic_topk,0.71438080
H8427001_S_9329401000183,H8427001_S_9329401000817-01,,brand_unit;semantic_topk,0.62959278
H8427001_S_9329401000183,S6375001_S_9329401000107,,brand_unit;legacy_block;semantic_topk,0.73832428
H8427001_S_9329401000183,S6375001_S_9329401000107-01,,brand_unit;semantic_topk,0.56236136
H8427001_S_9329401000183,S6375001_S_9329401000169,,brand_unit;legacy_block;semantic_topk,0.70932442
H8427001_S_9329401000183,S6375001_S_9329401000169-01,,brand_unit,
H8427001_S_9329401000183,S6375001_S_9329401000183,1.00000000,brand_unit;exact_ean;legacy_block;packfree_exact;semantic_topk,1.00000000
H8427001_S_9329401000183,S6375001_S_9329401000183-01,1.00000000,brand_unit;semantic_topk,0.74439508
H8427001_S_9329401000183,S6375001_S_9329401000435,0.03377048,brand_unit;legacy_block;semantic_topk,0.65282995
H8427001_S_9329401000183,S6375001_S_9329401000435-01,0.75722806,brand_unit;semantic_topk,0.50337255
H8427001_S_9329401000183,S6375001_S_9329401000800,,brand_unit;legacy_block;semantic_topk,0.72608459
H8427001_S_9329401000183,S6375001_S_9329401000800-01,,brand_unit,
H8427001_S_9329401000183,S6375001_S_9329401000817,,brand_unit;legacy_block;semantic_topk,0.71438080
H8427001_S_9329401000183,S6375001_S_9329401000817-01,,brand_unit;semantic_topk,0.49401683
H8427001_S_9329401000183-01,H8427001_S_9329401000428,0.43206197,brand_unit;semantic_topk,0.48975849
H8427001_S_9329401000183-01,H8427001_S_9329401000435,0.22711320,brand_unit;semantic_topk,0.61767799
H8427001_S_9329401000183-01,H8427001_S_9329401000435-01,0.31742386,brand_unit;legacy_block;semantic_topk,0.61684841
H8427001_S_9329401000183-01,H8427001_S_9329401000800,,brand_unit;semantic_topk,0.66698372
H8427001_S_9329401000183-01,H8427001_S_9329401000800-01,,brand_unit;legacy_block;semantic_topk,0.73936641
H8427001_S_9329401000183-01,H8427001_S_9329401000817,,brand_unit;semantic_topk,0.65609854
H8427001_S_9329401000183-01,H8427001_S_9329401000817-01,,brand_unit;legacy_block;semantic_topk,0.72494167
H8427001_S_9329401000183-01,S6375001_S_9329401000107,,brand_unit;semantic_topk,0.67831546
H8427001_S_9329401000183-01,S6375001_S_9329401000107-01,,brand_unit;legacy_block;semantic_topk,0.67097545
H8427001_S_9329401000183-01,S6375001_S_9329401000169,,brand_unit;semantic_topk,0.65167266
H8427001_S_9329401000183-01,S6375001_S_9329401000169-01,,brand_unit;legacy_block;semantic_topk,0.59669495
H8427001_S_9329401000183-01,S6375001_S_9329401000183,1.00000000,brand_unit;semantic_topk,0.85155237
H8427001_S_9329401000183-01,S6375001_S_9329401000183-01,1.00000000,brand_unit;legacy_block;packfree_exact;semantic_topk,0.88302064
H8427001_S_9329401000183-01,S6375001_S_9329401000435,0.22711320,brand_unit;semantic_topk,0.61767799
H8427001_S_9329401000183-01,S6375001_S_9329401000435-01,0.31742386,brand_unit;legacy_block;semantic_topk,0.61684841
H8427001_S_9329401000183-01,S6375001_S_9329401000800,,brand_unit;semantic_topk,0.66698372
H8427001_S_9329401000183-01,S6375001_S_9329401000800-01,,brand_unit;legacy_block;semantic_topk,0.59830898
H8427001_S_9329401000183-01,S6375001_S_9329401000817,,brand_unit;semantic_topk,0.65609854
H8427001_S_9329401000183-01,S6375001_S_9329401000817-01,,brand_unit;legacy_block;semantic_topk,0.58920425
H8427001_S_9329401000428,H8427001_S_9329401000435,0.07771448,brand_unit;legacy_block;semantic_topk,0.49016356
H8427001_S_9329401000428,H8427001_S_9329401000435-01,0.55514637,brand_unit,
H8427001_S_9329401000428,H8427001_S_9329401000800,0.03170167,brand_unit;legacy_block;semantic_topk,0.54505420
H8427001_S_9329401000428,H8427001_S_9329401000800-01,0.43206197,brand_unit;semantic_topk,0.48146826
H8427001_S_9329401000428,H8427001_S_9329401000817,0.09976255,brand_unit;legacy_block;semantic_topk,0.53609610
H8427001_S_9329401000428,H8427001_S_9329401000817-01,0.45731176,brand_unit;semantic_topk,0.47202334
H8427001_S_9329401000428,S6375001_S_9329401000107,0.03138211,brand_unit;legacy_block;semantic_topk,0.55435520
H8427001_S_9329401000428,S6375001_S_9329401000107-01,0.44570044,brand_unit;semantic_topk,0.48504189
H8427001_S_9329401000428,S6375001_S_9329401000169,,brand_unit;legacy_block;semantic_topk,0.53258121
H8427001_S_9329401000428,S6375001_S_9329401000169-01,,brand_unit;semantic_topk,0.43977639
H8427001_S_9329401000428,S6375001_S_9329401000183,0.03170167,brand_unit;legacy_block;semantic_topk,0.54871559
H8427001_S_9329401000428,S6375001_S_9329401000183-01,0.53347980,brand_unit;semantic_topk,0.45704454
H8427001_S_9329401000428,S6375001_S_9329401000435,0.07771448,brand_unit;legacy_block;semantic_topk,0.49016356
H8427001_S_9329401000428,S6375001_S_9329401000435-01,0.55514637,brand_unit,
H8427001_S_9329401000428,S6375001_S_9329401000800,0.03170167,brand_unit;legacy_block;semantic_topk,0.54505420
H8427001_S_9329401000428,S6375001_S_9329401000800-01,0.56534425,brand_unit,
H8427001_S_9329401000428,S6375001_S_9329401000817,0.09976255,brand_unit;legacy_block;semantic_topk,0.53609610
H8427001_S_9329401000428,S6375001_S_9329401000817-01,0.56534425,brand_unit,
H8427001_S_9329401000435,H8427001_S_9329401000435-01,1.00000000,brand_unit;semantic_topk,0.69244331
H8427001_S_9329401000435,H8427001_S_9329401000800,,brand_unit;legacy_block;semantic_topk,0.66771311
H8427001_S_9329401000435,H8427001_S_9329401000800-01,,brand_unit;semantic_topk,0.60221899
H8427001_S_9329401000435,H8427001_S_9329401000817,0.03377048,brand_unit;legacy_block;semantic_topk,0.65695047
H8427001_S_9329401000435,H8427001_S_9329401000817-01,0.25904347,brand_unit;semantic_topk,0.59044921
H8427001_S_9329401000435,S6375001_S_9329401000107,0.04197078,brand_unit;legacy_block;semantic_topk,0.67896920
H8427001_S_9329401000435,S6375001_S_9329401000107-01,0.51527309,brand_unit;semantic_topk,0.53609729
H8427001_S_9329401000435,S6375001_S_9329401000169,,brand_unit;legacy_block;semantic_topk,0.65230060
H8427001_S_9329401000435,S6375001_S_9329401000169-01,,brand_unit,
H8427001_S_9329401000435,S6375001_S_9329401000183,0.03377048,brand_unit;legacy_block;semantic_topk,0.65282995
H8427001_S_9329401000435,S6375001_S_9329401000183-01,0.42466807,brand_unit;semantic_topk,0.51829427
H8427001_S_9329401000435,S6375001_S_9329401000435,1.00000000,brand_unit;exact_ean;legacy_block;packfree_exact;semantic_topk,0.99999994
H8427001_S_9329401000435,S6375001_S_9329401000435-01,1.00000000,brand_unit;semantic_topk,0.69244331
H8427001_S_9329401000435,S6375001_S_9329401000800,,brand_unit;legacy_block;semantic_topk,0.66771311
H8427001_S_9329401000435,S6375001_S_9329401000800-01,,brand_unit,
H8427001_S_9329401000435,S6375001_S_9329401000817,0.03377048,brand_unit;legacy_block;semantic_topk,0.65695047
H8427001_S_9329401000435,S6375001_S_9329401000817-01,0.56316301,brand_unit,
H8427001_S_9329401000435-01,H8427001_S_9329401000800,,brand_unit;semantic_topk,0.53318232
H8427001_S_9329401000435-01,H8427001_S_9329401000800-01,,brand_unit;legacy_block;semantic_topk,0.62478459
H8427001_S_9329401000435-01,H8427001_S_9329401000817,0.66422225,brand_unit;semantic_topk,0.52434433
H8427001_S_9329401000435-01,H8427001_S_9329401000817-01,0.31742386,brand_unit;legacy_block;semantic_topk,0.61258155
H8427001_S_9329401000435-01,S6375001_S_9329401000107,0.64948332,brand_unit;semantic_topk,0.54232955
H8427001_S_9329401000435-01,S6375001_S_9329401000107-01,0.27329633,brand_unit;legacy_block;semantic_topk,0.70238125
H8427001_S_9329401000435-01,S6375001_S_9329401000169,,brand_unit;semantic_topk,0.52102804
H8427001_S_9329401000435-01,S6375001_S_9329401000169-01,,brand_unit;legacy_block;semantic_topk,0.63136286
H8427001_S_9329401000435-01,S6375001_S_9329401000183,0.75722806,brand_unit;semantic_topk,0.50337255
H8427001_S_9329401000435-01,S6375001_S_9329401000183-01,0.49829798,brand_unit;legacy_block;semantic_topk,0.55847037
H8427001_S_9329401000435-01,S6375001_S_9329401000435,1.00000000,brand_unit;semantic_topk,0.69244331
H8427001_S_9329401000435-01,S6375001_S_9329401000435-01,1.00000000,brand_unit;legacy_block;packfree_exact;semantic_topk,1.00000012
H8427001_S_9329401000435-01,S6375001_S_9329401000800,,brand_unit;semantic_topk,0.53318232
H8427001_S_9329401000435-01,S6375001_S_9329401000800-01,,brand_unit;legacy_block;semantic_topk,0.62611365
H8427001_S_9329401000435-01,S6375001_S_9329401000817,0.66422225,brand_unit;semantic_topk,0.52434433
H8427001_S_9329401000435-01,S6375001_S_9329401000817-01,0.31742386,brand_unit;legacy_block;semantic_topk,0.61658567
H8427001_S_9329401000800,H8427001_S_9329401000800-01,1.00000000,brand_unit;semantic_topk,0.84377480
H8427001_S_9329401000800,H8427001_S_9329401000817,,brand_unit;legacy_block;semantic_topk,0.73066425
H8427001_S_9329401000800,H8427001_S_9329401000817-01,,brand_unit;semantic_topk,0.65661728
H8427001_S_9329401000800,S6375001_S_9329401000107,,brand_unit;legacy_block;semantic_topk,0.75515646
H8427001_S_9329401000800,S6375001_S_9329401000107-01,,brand_unit;semantic_topk,0.59606123
H8427001_S_9329401000800,S6375001_S_9329401000169,,brand_unit;legacy_block;semantic_topk,0.72549510
H8427001_S_9329401000800,S6375001_S_9329401000169-01,,brand_unit;semantic_topk,0.53022987
H8427001_S_9329401000800,S6375001_S_9329401000183,,brand_unit;legacy_block;semantic_topk,0.72608459
H8427001_S_9329401000800,S6375001_S_9329401000183-01,,brand_unit;semantic_topk,0.56905425
H8427001_S_9329401000800,S6375001_S_9329401000435,,brand_unit;legacy_block;semantic_topk,0.66771311
H8427001_S_9329401000800,S6375001_S_9329401000435-01,,brand_unit;semantic_topk,0.53318232
H8427001_S_9329401000800,S6375001_S_9329401000800,1.00000000,brand_unit;exact_ean;legacy_block;packfree_exact;semantic_topk,0.99999994
H8427001_S_9329401000800,S6375001_S_9329401000800-01,1.00000000,brand_unit;semantic_topk,0.58846718
H8427001_S_9329401000800,S6375001_S_9329401000817,,brand_unit;legacy_block;semantic_topk,0.73066425
H8427001_S_9329401000800,S6375001_S_9329401000817-01,,brand_unit;semantic_topk,0.52357346
H8427001_S_9329401000800-01,H8427001_S_9329401000817,,brand_unit;semantic_topk,0.65877467
H8427001_S_9329401000800-01,H8427001_S_9329401000817-01,,brand_unit;legacy_block;semantic_topk,0.74416101
H8427001_S_9329401000800-01,S6375001_S_9329401000107,,brand_unit;semantic_topk,0.68108547
H8427001_S_9329401000800-01,S6375001_S_9329401000107-01,,brand_unit;legacy_block;semantic_topk,0.70040774
H8427001_S_9329401000800-01,S6375001_S_9329401000169,,brand_unit;semantic_topk,0.65433383
H8427001_S_9329401000800-01,S6375001_S_9329401000169-01,,brand_unit;legacy_block;semantic_topk,0.62281579
H8427001_S_9329401000800-01,S6375001_S_9329401000183,,brand_unit;semantic_topk,0.64214760
H8427001_S_9329401000800-01,S6375001_S_9329401000183-01,,brand_unit;legacy_block;semantic_topk,0.63706768
H8427001_S_9329401000800-01,S6375001_S_9329401000435,,brand_unit;semantic_topk,0.60221899
H8427001_S_9329401000800-01,S6375001_S_9329401000435-01,,brand_unit;legacy_block;semantic_topk,0.62478459
H8427001_S_9329401000800-01,S6375001_S_9329401000800,1.00000000,brand_unit;semantic_topk,0.84377480
H8427001_S_9329401000800-01,S6375001_S_9329401000800-01,1.00000000,brand_unit;legacy_block;packfree_exact;semantic_topk,0.80688328
H8427001_S_9329401000800-01,S6375001_S_9329401000817,,brand_unit;semantic_topk,0.65877467
H8427001_S_9329401000800-01,S6375001_S_9329401000817-01,,brand_unit;legacy_block;semantic_topk,0.61499721
H8427001_S_9329401000817,H8427001_S_9329401000817-01,1.00000000,brand_unit;semantic_topk,0.84746128
H8427001_S_9329401000817,S6375001_S_9329401000107,,brand_unit;legacy_block;semantic_topk,0.74298412
H8427001_S_9329401000817,S6375001_S_9329401000107-01,,brand_unit;semantic_topk,0.58615512
H8427001_S_9329401000817,S6375001_S_9329401000169,,brand_unit;legacy_block;semantic_topk,0.71380115
H8427001_S_9329401000817,S6375001_S_9329401000169-01,,brand_unit;semantic_topk,0.52142096
H8427001_S_9329401000817,S6375001_S_9329401000183,,brand_unit;legacy_block;semantic_topk,0.71438080
H8427001_S_9329401000817,S6375001_S_9329401000183-01,,brand_unit;semantic_topk,0.55964816
H8427001_S_9329401000817,S6375001_S_9329401000435,0.03377048,brand_unit;legacy_block;semantic_topk,0.65695047
H8427001_S_9329401000817,S6375001_S_9329401000435-01,0.66422225,brand_unit;semantic_topk,0.52434433
H8427001_S_9329401000817,S6375001_S_9329401000800,,brand_unit;legacy_block;semantic_topk,0.73066425
H8427001_S_9329401000817,S6375001_S_9329401000800-01,,brand_unit;semantic_topk,0.52283138
H8427001_S_9329401000817,S6375001_S_9329401000817,1.00000000,brand_unit;exact_ean;legacy_block;packfree_exact;semantic_topk,1.00000036
H8427001_S_9329401000817,S6375001_S_9329401000817-01,1.00000000,brand_unit;semantic_topk,0.58976448
H8427001_S_9329401000817-01,S6375001_S_9329401000107,,brand_unit;semantic_topk,0.66777438
H8427001_S_9329401000817-01,S6375001_S_9329401000107-01,,brand_unit;legacy_block;semantic_topk,0.68672341
H8427001_S_9329401000817-01,S6375001_S_9329401000169,,brand_unit;semantic_topk,0.64154541
H8427001_S_9329401000817-01,S6375001_S_9329401000169-01,,brand_unit;legacy_block;semantic_topk,0.61064798
H8427001_S_9329401000817-01,S6375001_S_9329401000183,,brand_unit;semantic_topk,0.62959278
H8427001_S_9329401000817-01,S6375001_S_9329401000183-01,,brand_unit;legacy_block;semantic_topk,0.62461901
H8427001_S_9329401000817-01,S6375001_S_9329401000435,0.25904347,brand_unit;semantic_topk,0.59044921
H8427001_S_9329401000817-01,S6375001_S_9329401000435-01,0.31742386,brand_unit;legacy_block;semantic_topk,0.61258155
H8427001_S_9329401000817-01,S6375001_S_9329401000800,,brand_unit;semantic_topk,0.65661728
H8427001_S_9329401000817-01,S6375001_S_9329401000800-01,,brand_unit;legacy_block;semantic_topk,0.61229980
H8427001_S_9329401000817-01,S6375001_S_9329401000817,1.00000000,brand_unit;semantic_topk,0.84746128
H8427001_S_9329401000817-01,S6375001_S_9329401000817-01,1.00000000,brand_unit;legacy_block;packfree_exact;semantic_topk,0.80059963
H8427001_S_9349254002011,H8427001_S_9349254002028,,brand_unit;legacy_block;semantic_topk,0.97229004
H8427001_S_9349254002011,H8427001_S_9349254002035,,brand_unit;legacy_block;semantic_topk,0.97813547
H8427001_S_9349254002011,H8427001_S_9349254002042,0.02764406,brand_unit;legacy_block;semantic_topk,0.96830297
H8427001_S_9349254002011,H8427001_S_9349254002059,0.02872228,brand_unit;legacy_block;semantic_topk,0.97021955
H8427001_S_9349254002011,H8427001_S_9349254002066,,brand_unit;legacy_block;semantic_topk,0.97664791
H8427001_S_9349254002011,H8427001_S_9349254004053,0.07963105,brand_unit;legacy_block;semantic_topk,0.96394503
H8427001_S_9349254002011,H8427001_S_9349254006286,,brand_unit;legacy_block,
H8427001_S_9349254002011,H9250001_S_A9349254005005,0.02364915,brand_unit,
H8427001_S_9349254002011,S2232001_S_GOS2011X2,0.99899851,brand_unit,
H8427001_S_9349254002011,S2232001_S_GOS2028X2,,brand_unit;semantic_topk,0.47846153
H8427001_S_9349254002011,S2232001_S_GOS2042X2,,brand_unit,
H8427001_S_9349254002011,S2232001_S_GOS2053X2,,brand_unit,
H8427001_S_9349254002011,S2232001_S_GOS2059X2,0.97868760,brand_unit,
H8427001_S_9349254002011,S2232001_S_GOS2066X2,,brand_unit,
H8427001_S_9349254002011,S2232001_S_GOS4053X2,,brand_unit,
H8427001_S_9349254002011,S6258001_S_GOS2011X2,0.99880344,brand_unit,
H8427001_S_9349254002011,S6258001_S_GOS2028X2,,brand_unit;semantic_topk,0.47846153
H8427001_S_9349254002011,S6258001_S_GOS2042X2,,brand_unit,
H8427001_S_9349254002011,S6258001_S_GOS2059X2,0.96874716,brand_unit,
H8427001_S_9349254002011,S6375001_S_9349254004053,0.05002796,brand_unit;legacy_block;semantic_topk,0.96394503
H8427001_S_9349254002011,S6375001_S_9349254006286,,brand_unit;legacy_block,
H8427001_S_9349254002011-01,H8427001_S_9349254002028-01,,brand_unit;legacy_block;semantic_topk,0.64342034
H8427001_S_9349254002011-01,H8427001_S_9349254002035-01,,brand_unit;legacy_block;semantic_topk,0.67517263
H8427001_S_9349254002011-01,H8427001_S_9349254002042-01,0.05666810,brand_unit;legacy_block;semantic_topk,0.61764538
H8427001_S_9349254002011-01,H8427001_S_9349254002059-01,0.02631170,brand_unit;legacy_block;semantic_topk,0.71431029
H8427001_S_9349254002011-01,H8427001_S_9349254002066-01,,brand_unit;legacy_block;semantic_topk,0.67811352
H8427001_S_9349254002028,H8427001_S_9349254002035,,brand_unit;legacy_block;semantic_topk,0.97433311
H8427001_S_9349254002028,H8427001_S_9349254002042,0.02501710,brand_unit;legacy_block;semantic_topk,0.96455091
H8427001_S_9349254002028,H8427001_S_9349254002059,,brand_unit;legacy_block;semantic_topk,0.96645892
H8427001_S_9349254002028,H8427001_S_9349254002066,,brand_unit;legacy_block;semantic_topk,0.97285533
H8427001_S_9349254002028,H8427001_S_9349254004053,0.06814095,brand_unit;legacy_block;semantic_topk,0.95818394
H8427001_S_9349254002028,H8427001_S_9349254006286,,brand_unit;legacy_block,
H8427001_S_9349254002028,H9250001_S_A9349254005005,0.09512731,brand_unit,
H8427001_S_9349254002028,S2232001_S_GOS2011X2,,brand_unit,
H8427001_S_9349254002028,S2232001_S_GOS2028X2,0.64633686,brand_unit;semantic_topk,0.48840708
H8427001_S_9349254002028,S2232001_S_GOS2042X2,0.99009719,brand_unit,
H8427001_S_9349254002028,S2232001_S_GOS2053X2,,brand_unit,
H8427001_S_9349254002028,S2232001_S_GOS2059X2,,brand_unit,
H8427001_S_9349254002028,S2232001_S_GOS2066X2,,brand_unit,
H8427001_S_9349254002028,S2232001_S_GOS4053X2,,brand_unit,
H8427001_S_9349254002028,S6258001_S_GOS2011X2,,brand_unit,
H8427001_S_9349254002028,S6258001_S_GOS2028X2,0.64633686,brand_unit;semantic_topk,0.48840708
H8427001_S_9349254002028,S6258001_S_GOS2042X2,0.98916940,brand_unit,
H8427001_S_9349254002028,S6258001_S_GOS2059X2,,brand_unit,
H8427001_S_9349254002028,S6375001_S_9349254004053,0.03650945,brand_unit;legacy_block;semantic_topk,0.95818394
H8427001_S_9349254002028,S6375001_S_9349254006286,,brand_unit;legacy_block,
H8427001_S_9349254002028-01,H8427001_S_9349254002035-01,,brand_unit;legacy_block;semantic_topk,0.73152268
H8427001_S_9349254002028-01,H8427001_S_9349254002042-01,0.03617313,brand_unit;legacy_block;semantic_topk,0.66098076
H8427001_S_9349254002028-01,H8427001_S_9349254002059-01,,brand_unit;legacy_block;semantic_topk,0.59707725
H8427001_S_9349254002028-01,H8427001_S_9349254002066-01,,brand_unit;legacy_block;semantic_topk,0.71726114
H8427001_S_9349254002035,H8427001_S_9349254002042,0.02764406,brand_unit;legacy_block;semantic_topk,0.97035420
H8427001_S_9349254002035,H8427001_S_9349254002059,0.02872228,brand_unit;legacy_block;semantic_topk,0.97227204
H8427001_S_9349254002035,H8427001_S_9349254002066,,brand_unit;legacy_block;semantic_topk,0.97869968
H8427001_S_9349254002035,H8427001_S_9349254004053,0.08542622,brand_unit;legacy_block;semantic_topk,0.96598881
H8427001_S_9349254002035,H8427001_S_9349254006286,,brand_unit;legacy_block,
H8427001_S_9349254002035,H9250001_S_A9349254005005,0.01160682,brand_unit,
H8427001_S_9349254002035,S2232001_S_GOS2011X2,,brand_unit,
H8427001_S_9349254002035,S2232001_S_GOS2028X2,,brand_unit;semantic_topk,0.48583645
H8427001_S_9349254002035,S2232001_S_GOS2042X2,0.98839306,brand_unit,
H8427001_S_9349254002035,S2232001_S_GOS2053X2,0.99869038,brand_unit,
H8427001_S_9349254002035,S2232001_S_GOS2059X2,0.97868760,brand_unit,
H8427001_S_9349254002035,S2232001_S_GOS2066X2,,brand_unit,
H8427001_S_9349254002035,S2232001_S_GOS4053X2,,brand_unit,
H8427001_S_9349254002035,S6258001_S_GOS2011X2,,brand_unit,
H8427001_S_9349254002035,S6258001_S_GOS2028X2,,brand_unit;semantic_topk,0.48583645
H8427001_S_9349254002035,S6258001_S_GOS2042X2,0.98730765,brand_unit,
H8427001_S_9349254002035,S6258001_S_GOS2059X2,0.96753568,brand_unit,
H8427001_S_9349254002035,S6375001_S_9349254004053,0.05379468,brand_unit;legacy_block;semantic_topk,0.96598881
H8427001_S_9349254002035,S6375001_S_9349254006286,,brand_unit;legacy_block,
H8427001_S_9349254002035-01,H8427001_S_9349254002042-01,0.03280192,brand_unit;legacy_block;semantic_topk,0.69410348
H8427001_S_9349254002035-01,H8427001_S_9349254002059-01,0.05035506,brand_unit;legacy_block;semantic_topk,0.62658197
H8427001_S_9349254002035-01,H8427001_S_9349254002066-01,,brand_unit;legacy_block;semantic_topk,0.75323820
H8427001_S_9349254002042,H8427001_S_9349254002059,0.00875728,brand_unit;legacy_block;semantic_topk,0.96249092
H8427001_S_9349254002042,H8427001_S_9349254002066,,brand_unit;legacy_block;semantic_topk,0.96887344
H8427001_S_9349254002042,H8427001_S_9349254004053,0.19995395,brand_unit;legacy_block;semantic_topk,0.95626307
H8427001_S_9349254002042,H8427001_S_9349254006286,0.18688204,brand_unit;legacy_block,
H8427001_S_9349254002042,H9250001_S_A9349254005005,0.85875814,brand_unit,
H8427001_S_9349254002042,S2232001_S_GOS2011X2,,brand_unit,
H8427001_S_9349254002042,S2232001_S_GOS2028X2,0.12973134,brand_unit;semantic_topk,0.47707340
H8427001_S_9349254002042,S2232001_S_GOS2042X2,0.99919415,brand_unit,
H8427001_S_9349254002042,S2232001_S_GOS2053X2,0.98767760,brand_unit,
H8427001_S_9349254002042,S2232001_S_GOS2059X2,0.98598865,brand_unit,
H8427001_S_9349254002042,S2232001_S_GOS2066X2,,brand_unit,
H8427001_S_9349254002042,S2232001_S_GOS4053X2,,brand_unit,
H8427001_S_9349254002042,S6258001_S_GOS2011X2,,brand_unit,
H8427001_S_9349254002042,S6258001_S_GOS2028X2,0.12973134,brand_unit;semantic_topk,0.47707340
H8427001_S_9349254002042,S6258001_S_GOS2042X2,0.99916860,brand_unit,
H8427001_S_9349254002042,S6258001_S_GOS2059X2,0.98182468,brand_unit,
H8427001_S_9349254002042,S6375001_S_9349254004053,0.08408904,brand_unit;legacy_block;semantic_topk,0.95626307
H8427001_S_9349254002042,S6375001_S_9349254006286,0.07497163,brand_unit;legacy_block,
H8427001_S_9349254002042-01,H8427001_S_9349254002059-01,0.06815429,brand_unit;legacy_block;semantic_topk,0.57315892
H8427001_S_9349254002042-01,H8427001_S_9349254002066-01,,brand_unit;legacy_block;semantic_topk,0.68852842
H8427001_S_9349254002059,H8427001_S_9349254002066,0.01581583,brand_unit;legacy_block;semantic_topk,0.97413218
H8427001_S_9349254002059,H8427001_S_9349254004053,0.02568227,brand_unit;legacy_block;semantic_topk,0.95686710
H8427001_S_9349254002059,H8427001_S_9349254006286,0.00979748,brand_unit;legacy_block,
H8427001_S_9349254002059,H9250001_S_A9349254005005,0.88408394,brand_unit,
H8427001_S_9349254002059,S2232001_S_GOS2011X2,0.99494628,brand_unit,
H8427001_S_9349254002059,S2232001_S_GOS2028X2,,brand_unit;semantic_topk,0.47692248
H8427001_S_9349254002059,S2232001_S_GOS2042X2,0.96810943,brand_unit,
H8427001_S_9349254002059,S2232001_S_GOS2053X2,0.99140209,brand_unit,
H8427001_S_9349254002059,S2232001_S_GOS2059X2,0.99934214,brand_unit,
H8427001_S_9349254002059,S2232001_S_GOS2066X2,0.99554471,brand_unit,
H8427001_S_9349254002059,S2232001_S_GOS4053X2,,brand_unit,
H8427001_S_9349254002059,S6258001_S_GOS2011X2,0.99457906,brand_unit,
H8427001_S_9349254002059,S6258001_S_GOS2028X2,,brand_unit;semantic_topk,0.47692248
H8427001_S_9349254002059,S6258001_S_GOS2042X2,0.97367333,brand_unit,
H8427001_S_9349254002059,S6258001_S_GOS2059X2,0.99925363,brand_unit,
H8427001_S_9349254002059,S6375001_S_9349254004053,0.02185935,brand_unit;legacy_block;semantic_topk,0.95686710
H8427001_S_9349254002059,S6375001_S_9349254006286,0.00788678,brand_unit;legacy_block,
H8427001_S_9349254002059-01,H8427001_S_9349254002066-01,0.02155059,brand_unit;legacy_block;semantic_topk,0.65082252
H8427001_S_9349254002066,H8427001_S_9349254004053,0.06814095,brand_unit;legacy_block;semantic_topk,0.96451360
H8427001_S_9349254002066,H8427001_S_9349254006286,,brand_unit;legacy_block,
H8427001_S_9349254002066,H9250001_S_A9349254005005,0.42674921,brand_unit,
H8427001_S_9349254002066,S2232001_S_GOS2011X2,,brand_unit,
H8427001_S_9349254002066,S2232001_S_GOS2028X2,,brand_unit;semantic_topk,0.48457035
H8427001_S_9349254002066,S2232001_S_GOS2042X2,,brand_unit,
H8427001_S_9349254002066,S2232001_S_GOS2053X2,,brand_unit,
H8427001_S_9349254002066,S2232001_S_GOS2059X2,0.97148690,brand_unit,
H8427001_S_9349254002066,S2232001_S_GOS2066X2,1.00000000,brand_unit,
H8427001_S_9349254002066,S2232001_S_GOS4053X2,,brand_unit,
H8427001_S_9349254002066,S6258001_S_GOS2011X2,,brand_unit,
H8427001_S_9349254002066,S6258001_S_GOS2028X2,,brand_unit;semantic_topk,0.48457035
H8427001_S_9349254002066,S6258001_S_GOS2042X2,,brand_unit,
H8427001_S_9349254002066,S6258001_S_GOS2059X2,0.95833130,brand_unit,
H8427001_S_9349254002066,S6375001_S_9349254004053,0.03650945,brand_unit;legacy_block;semantic_topk,0.96451360
H8427001_S_9349254002066,S6375001_S_9349254006286,,brand_unit;legacy_block,
H8427001_S_9349254004053,H8427001_S_9349254006286,0.70944942,brand_unit;legacy_block,
H8427001_S_9349254004053,H9250001_S_A9349254005005,0.03418609,brand_unit,
H8427001_S_9349254004053,S2232001_S_GOS2011X2,0.99692291,brand_unit,
H8427001_S_9349254004053,S2232001_S_GOS2028X2,0.56456071,brand_unit;semantic_topk,0.47782230
H8427001_S_9349254004053,S2232001_S_GOS2042X2,0.99753635,brand_unit,
H8427001_S_9349254004053,S2232001_S_GOS2053X2,0.99730472,brand_unit,
H8427001_S_9349254004053,S2232001_S_GOS2059X2,0.99308017,brand_unit,
H8427001_S_9349254004053,S2232001_S_GOS2066X2,0.99764510,brand_unit,
H8427001_S_9349254004053,S2232001_S_GOS4053X2,,brand_unit,
H8427001_S_9349254004053,S6258001_S_GOS2011X2,0.99617836,brand_unit,
H8427001_S_9349254004053,S6258001_S_GOS2028X2,0.56456071,brand_unit;semantic_topk,0.47782230
H8427001_S_9349254004053,S6258001_S_GOS2042X2,0.99730364,brand_unit,
H8427001_S_9349254004053,S6258001_S_GOS2059X2,0.99280492,brand_unit,
H8427001_S_9349254004053,S6375001_S_9349254004053,1.00000000,brand_unit;exact_ean;legacy_block;packfree_exact;semantic_topk,0.99999982
H8427001_S_9349254004053,S6375001_S_9349254006286,0.21257987,brand_unit;legacy_block,
H8427001_S_9349254006286,H9250001_S_A9349254005005,,brand_unit,
H8427001_S_9349254006286,S2232001_S_GOS2011X2,,brand_unit,
H8427001_S_9349254006286,S2232001_S_GOS2028X2,,brand_unit,
H8427001_S_9349254006286,S2232001_S_GOS2042X2,0.00711599,brand_unit,
H8427001_S_9349254006286,S2232001_S_GOS2053X2,,brand_unit,
H8427001_S_9349254006286,S2232001_S_GOS2059X2,0.00661939,brand_unit,
H8427001_S_9349254006286,S2232001_S_GOS2066X2,,brand_unit,
H8427001_S_9349254006286,S2232001_S_GOS4053X2,,brand_unit,
H8427001_S_9349254006286,S6258001_S_GOS2011X2,,brand_unit,
H8427001_S_9349254006286,S6258001_S_GOS2028X2,,brand_unit,
H8427001_S_9349254006286,S6258001_S_GOS2042X2,0.00301247,brand_unit,
H8427001_S_9349254006286,S6258001_S_GOS2059X2,0.00727362,brand_unit,
H8427001_S_9349254006286,S6375001_S_9349254004053,0.37706599,brand_unit;legacy_block,
H8427001_S_9349254006286,S6375001_S_9349254006286,1.00000000,brand_unit;exact_ean;legacy_block;packfree_exact;semantic_topk,0.90732127
H8427001_S_9400541044029-01,H8427001_S_9556031064227-01,0.86782711,brand_unit;legacy_block;semantic_topk,0.78296763
H8427001_S_9421904511163,S6375001_S_9421904511163,1.00000000,exact_ean;legacy_block;packfree_exact;semantic_topk,1.00000000
H8513001_S_Ehome-0008,H8513001_S_Ehome-0009,,legacy_block;semantic_topk,0.95724761
H8513001_S_Ehome-0008,H8513001_S_Ehome-0010,,legacy_block;semantic_topk,0.95564812
H8513001_S_Ehome-0008,H8513001_S_Ehome-0011,,legacy_block;semantic_topk,0.95656341
H8513001_S_Ehome-0008,H8513001_S_Ehome-0012,,legacy_block;semantic_topk,0.95741683
H8513001_S_Ehome-0008,H8513001_S_Ehome-0158,,legacy_block;semantic_topk,0.94156301
H8513001_S_Ehome-0008,H8513003_S_Ehome-0008,1.00000000,legacy_block;packfree_exact;semantic_topk,1.00000036
H8513001_S_Ehome-0008,H8513003_S_Ehome-0009,,legacy_block;semantic_topk,0.95724761
H8513001_S_Ehome-0008,H8513003_S_Ehome-0010,,legacy_block;semantic_topk,0.95564812
H8513001_S_Ehome-0008,H8513003_S_Ehome-0011,,legacy_block;semantic_topk,0.95656341
H8513001_S_Ehome-0008,H8513003_S_Ehome-0012,,legacy_block;semantic_topk,0.95741683
H8513001_S_Ehome-0008,H8513003_S_Ehome-0158,,legacy_block;semantic_topk,0.94156301
H8513001_S_Ehome-0009,H8513001_S_Ehome-0010,,legacy_block;semantic_topk,0.95360506
H8513001_S_Ehome-0009,H8513001_S_Ehome-0011,,legacy_block;semantic_topk,0.94964474
H8513001_S_Ehome-0009,H8513001_S_Ehome-0012,,legacy_block;semantic_topk,0.95537609
H8513001_S_Ehome-0009,H8513001_S_Ehome-0158,,legacy_block;semantic_topk,0.93950129
H8513001_S_Ehome-0009,H8513003_S_Ehome-0008,,legacy_block;semantic_topk,0.95724761
H8513001_S_Ehome-0009,H8513003_S_Ehome-0009,1.00000000,legacy_block;packfree_exact;semantic_topk,0.99999994
H8513001_S_Ehome-0009,H8513003_S_Ehome-0010,,legacy_block;semantic_topk,0.95360506
H8513001_S_Ehome-0009,H8513003_S_Ehome-0011,,legacy_block;semantic_topk,0.94964474
H8513001_S_Ehome-0009,H8513003_S_Ehome-0012,,legacy_block;semantic_topk,0.95537609
H8513001_S_Ehome-0009,H8513003_S_Ehome-0158,,legacy_block;semantic_topk,0.93950129
H8513001_S_Ehome-0010,H8513001_S_Ehome-0011,,legacy_block;semantic_topk,0.94974965
H8513001_S_Ehome-0010,H8513001_S_Ehome-0012,,legacy_block;semantic_topk,0.95376694
H8513001_S_Ehome-0010,H8513001_S_Ehome-0158,,legacy_block;semantic_topk,0.93800658
H8513001_S_Ehome-0010,H8513003_S_Ehome-0008,,legacy_block;semantic_topk,0.95564812
H8513001_S_Ehome-0010,H8513003_S_Ehome-0009,,legacy_block;semantic_topk,0.95360506
H8513001_S_Ehome-0010,H8513003_S_Ehome-0010,1.00000000,legacy_block;packfree_exact;semantic_topk,1.00000012
H8513001_S_Ehome-0010,H8513003_S_Ehome-0011,,legacy_block;semantic_topk,0.94974965
H8513001_S_Ehome-0010,H8513003_S_Ehome-0012,,legacy_block;semantic_topk,0.95376694
H8513001_S_Ehome-0010,H8513003_S_Ehome-0158,,legacy_block;semantic_topk,0.93800658
H8513001_S_Ehome-0011,H8513001_S_Ehome-0012,,legacy_block;semantic_topk,0.95150471
H8513001_S_Ehome-0011,H8513001_S_Ehome-0158,,legacy_block;semantic_topk,0.93578148
H8513001_S_Ehome-0011,H8513003_S_Ehome-0008,,legacy_block;semantic_topk,0.95656341
H8513001_S_Ehome-0011,H8513003_S_Ehome-0009,,legacy_block;semantic_topk,0.94964474
H8513001_S_Ehome-0011,H8513003_S_Ehome-0010,,legacy_block;semantic_topk,0.94974965
H8513001_S_Ehome-0011,H8513003_S_Ehome-0011,1.00000000,legacy_block;packfree_exact;semantic_topk,1.00000012
H8513001_S_Ehome-0011,H8513003_S_Ehome-0012,,legacy_block;semantic_topk,0.95150471
H8513001_S_Ehome-0011,H8513003_S_Ehome-0158,,legacy_block;semantic_topk,0.93578148
H8513001_S_Ehome-0012,H8513001_S_Ehome-0158,,legacy_block;semantic_topk,0.93979979
H8513001_S_Ehome-0012,H8513003_S_Ehome-0008,,legacy_block;semantic_topk,0.95741683
H8513001_S_Ehome-0012,H8513003_S_Ehome-0009,,legacy_block;semantic_topk,0.95537609
H8513001_S_Ehome-0012,H8513003_S_Ehome-0010,,legacy_block;semantic_topk,0.95376694
H8513001_S_Ehome-0012,H8513003_S_Ehome-0011,,legacy_block;semantic_topk,0.95150471
H8513001_S_Ehome-0012,H8513003_S_Ehome-0012,1.00000000,legacy_block;packfree_exact;semantic_topk,0.99999958
H8513001_S_Ehome-0012,H8513003_S_Ehome-0158,,legacy_block;semantic_topk,0.93979979
H8513001_S_Ehome-0158,H8513003_S_Ehome-0008,,legacy_block;semantic_topk,0.94156301
H8513001_S_Ehome-0158,H8513003_S_Ehome-0009,,legacy_block;semantic_topk,0.93950129
H8513001_S_Ehome-0158,H8513003_S_Ehome-0010,,legacy_block;semantic_topk,0.93800658
H8513001_S_Ehome-0158,H8513003_S_Ehome-0011,,legacy_block;semantic_topk,0.93578148
H8513001_S_Ehome-0158,H8513003_S_Ehome-0012,,legacy_block;semantic_topk,0.93979979
H8513001_S_Ehome-0158,H8513003_S_Ehome-0158,1.00000000,legacy_block;packfree_exact;semantic_topk,1.00000036
H8513003_S_Ehome-0008,H8513003_S_Ehome-0009,,legacy_block;semantic_topk,0.95724761
H8513003_S_Ehome-0008,H8513003_S_Ehome-0010,,legacy_block;semantic_topk,0.95564812
H8513003_S_Ehome-0008,H8513003_S_Ehome-0011,,legacy_block;semantic_topk,0.95656341
H8513003_S_Ehome-0008,H8513003_S_Ehome-0012,,legacy_block;semantic_topk,0.95741683
H8513003_S_Ehome-0008,H8513003_S_Ehome-0158,,legacy_block;semantic_topk,0.94156301
H8513003_S_Ehome-0009,H8513003_S_Ehome-0010,,legacy_block;semantic_topk,0.95360506
H8513003_S_Ehome-0009,H8513003_S_Ehome-0011,,legacy_block;semantic_topk,0.94964474
H8513003_S_Ehome-0009,H8513003_S_Ehome-0012,,legacy_block;semantic_topk,0.95537609
H8513003_S_Ehome-0009,H8513003_S_Ehome-0158,,legacy_block;semantic_topk,0.93950129
H8513003_S_Ehome-0010,H8513003_S_Ehome-0011,,legacy_block;semantic_topk,0.94974965
H8513003_S_Ehome-0010,H8513003_S_Ehome-0012,,legacy_block;semantic_topk,0.95376694
H8513003_S_Ehome-0010,H8513003_S_Ehome-0158,,legacy_block;semantic_topk,0.93800658
H8513003_S_Ehome-0011,H8513003_S_Ehome-0012,,legacy_block;semantic_topk,0.95150471
H8513003_S_Ehome-0011,H8513003_S_Ehome-0158,,legacy_block;semantic_topk,0.93578148
H8513003_S_Ehome-0012,H8513003_S_Ehome-0158,,legacy_block;semantic_topk,0.93979979
H8513003_S_Ehome-2011,H8513003_S_Ehome-2012,0.20568210,legacy_block;semantic_topk,0.93340760
H8513003_S_Ehome-2011,S1061001_S_MON-748-027-0000,0.00253266,legacy_block,
H8513003_S_Ehome-2012,S1061001_S_MON-748-027-0000,,legacy_block,
H8699001_S_L100129,H8699001_S_L100130,,brand_unit;legacy_block;semantic_topk,0.84586424
H8708001_S_HK0748,H9440001_S_HK0748,1.00000000,packfree_exact;semantic_topk,0.98230976
H8708001_S_HK0748,H9822001_S_WW084-MiteSulfurSoap,0.19107432,legacy_block;semantic_topk,0.91600889
H8708001_S_HK0748,S1061001_S_MON-624-153-0000,0.05337658,legacy_block,
H8708001_S_PC5010_A,H8708001_S_PC5010_Bx6,0.39862337,legacy_block;semantic_topk,0.47843102
H8708001_S_PC5010_A,H8708001_S_PC5010_Fx6,0.39862337,legacy_block;semantic_topk,0.49296978
H8708001_S_PC5010_A,H9440001_S_PC5010_A,1.00000000,packfree_exact;semantic_topk,0.95867372
H8708001_S_PC5010_Bx6,H8708001_S_PC5010_Fx6,,legacy_block;semantic_topk,0.90339655
H8708001_S_PC5010_Bx6,H9440001_S_PC5010_A,0.53123911,semantic_topk,0.42586473
H8708001_S_PC5010_Fx6,H9440001_S_PC5010_A,0.49908970,semantic_topk,0.44023544
H8728001_S_8720182256362,H9357001_S_8718114047249,1.00000000,brand_unit;exact_ean,
H8728001_S_8720182256362,H9357001_S_8720182256362-1,1.00000000,brand_unit;exact_ean;legacy_block,
H8728001_S_8720182256362,H9564001_S_DO06CB06,1.00000000,brand_unit;exact_ean;legacy_block,
H8728001_S_8720182256362,S2090001_S_4NO5C,,brand_unit,
H8728001_S_8720182256362,S2552001_S_10091DOV_BAR_SOA_MD,0.99955472,brand_unit,
H8728001_S_8720182256362,S2552002_S_10091_HHL,0.99955472,brand_unit,
H8728001_S_8720182256362,S6136001_S_4NO5C,,brand_unit,
H8728001_S_8993560024987,H9564001_S_DE05BS04G,1.00000000,brand_unit;exact_ean;legacy_block,
H8728001_S_8993560024987,S2090001_S_4NO5B1,,brand_unit,
H8728001_S_8993560024987,S6136001_S_4NO5B1,,brand_unit,
H8867001_S_52224014,H8867001_S_52224015,,brand_unit;legacy_block;semantic_topk,0.71127307
H8867001_S_52224014,H9125001_S_10900198,,brand_unit;legacy_block,
H8867001_S_52224014,H9125001_S_10900199,0.99151729,brand_unit;legacy_block,
H8867001_S_52224014,H9125001_S_10900262,,brand_unit;legacy_block,
H8867001_S_52224015,H9125001_S_10900198,0.99513692,brand_unit;legacy_block,
H8867001_S_52224015,H9125001_S_10900199,,brand_unit;legacy_block,
H8867001_S_52224015,H9125001_S_10900262,,brand_unit;legacy_block,
H8867001_S_BAL0094,S6375001_S_4066447452778,0.70342525,brand_unit;semantic_topk,0.74027091
H8867001_S_BAL0094,S6375001_S_4066447674880,0.97704930,brand_unit;semantic_topk,0.85183191
H8867001_S_lzn0003,H8999001_S_LZ_soap_4710942103153,0.02514620,brand_unit;semantic_topk,0.51918393
H8867001_S_lzn0003,H8999001_S_LZ_soap_4710942103160,0.40383666,brand_unit,
H8867001_S_lzn0003,H8999001_S_LZ_soap_4710942103184,0.00035039,brand_unit,
H8867001_S_lzn0003,H8999001_S_LZ_soap_4710942103191,0.00075955,brand_unit,
H8976001_S_809280018565,H8976001_S_809280018572,,brand_unit;legacy_block;semantic_topk,0.82697940
H8976001_S_809280018565,H8976001_S_809280018602,0.01686784,brand_unit;legacy_block;semantic_topk,0.52231854
H8976001_S_809280018565,H8976001_S_809280018619,,brand_unit;legacy_block;semantic_topk,0.82083791
H8976001_S_809280018572,H8976001_S_809280018602,0.01792048,brand_unit;legacy_block;semantic_topk,0.50994772
H8976001_S_809280018572,H8976001_S_809280018619,,brand_unit;legacy_block;semantic_topk,0.82278764
H8976001_S_809280018602,H8976001_S_809280018619,0.03204463,brand_unit;legacy_block;semantic_topk,0.51717412
H8999001_S_LZ_soap_4710942103153,H8999001_S_LZ_soap_4710942103160,0.23778688,brand_unit;semantic_topk,0.41390073
H8999001_S_LZ_soap_4710942103153,H8999001_S_LZ_soap_4710942103184,0.01141535,brand_unit,
H8999001_S_LZ_soap_4710942103153,H8999001_S_LZ_soap_4710942103191,0.03284406,brand_unit,
H8999001_S_LZ_soap_4710942103160,H8999001_S_LZ_soap_4710942103184,0.00179667,brand_unit;legacy_block,
H8999001_S_LZ_soap_4710942103160,H8999001_S_LZ_soap_4710942103191,0.00425111,brand_unit;legacy_block,
H8999001_S_LZ_soap_4710942103184,H8999001_S_LZ_soap_4710942103191,,brand_unit;legacy_block,
H8999001_S_LZ_soap_4710942103450,H8999001_S_LZ_soap_4710942104075,0.58572547,brand_unit,
H9125001_S_10800175,H9125001_S_10800180,,brand_unit;legacy_block;semantic_topk,0.81504089
H9125001_S_10800175,H9125001_S_10800181,0.00647832,brand_unit;legacy_block;semantic_topk,0.82194084
H9125001_S_10800175,H9125001_S_10800196,0.00700716,brand_unit;legacy_block;semantic_topk,0.66969275
H9125001_S_10800180,H9125001_S_10800181,0.00413727,brand_unit;legacy_block;semantic_topk,0.82913190
H9125001_S_10800180,H9125001_S_10800196,,brand_unit;legacy_block;semantic_topk,0.66572130
H9125001_S_10800181,H9125001_S_10800196,0.00800990,brand_unit;legacy_block;semantic_topk,0.66544330
H9125001_S_10900198,H9125001_S_10900199,,brand_unit;legacy_block;semantic_topk,0.46890226
H9125001_S_10900198,H9125001_S_10900262,,brand_unit;legacy_block,
H9125001_S_10900199,H9125001_S_10900262,,brand_unit;legacy_block,
H9125001_S_48200101,H9125001_S_48200102,0.01991310,brand_unit;legacy_block,
H9125001_S_48200101,H9125001_S_48200103,0.04779123,brand_unit;legacy_block,
H9125001_S_48200101,H9990001_S_544,0.00210068,brand_unit;legacy_block,
H9125001_S_48200101,S6478006_S_478272_4976631478272,0.99916475,brand_unit,
H9125001_S_48200101,S6478006_S_481166_4976631481166,0.99882796,brand_unit,
H9125001_S_48200102,H9125001_S_48200103,0.04228375,brand_unit;legacy_block,
H9125001_S_48200102,H9990001_S_544,0.03598819,brand_unit;legacy_block,
H9125001_S_48200102,S6478006_S_478272_4976631478272,0.92475733,brand_unit,
H9125001_S_48200102,S6478006_S_481166_4976631481166,0.93065584,brand_unit,
H9125001_S_48200103,H9990001_S_544,0.00858486,brand_unit;legacy_block,
H9125001_S_48200103,S6478006_S_478272_4976631478272,0.10889528,brand_unit,
H9125001_S_48200103,S6478006_S_481166_4976631481166,0.07782831,brand_unit,
H9226003_S_HABA-4534551065837,S6041001_S_HABA-4534551065837,1.00000000,brand_unit;exact_ean;legacy_block;packfree_exact;semantic_topk,0.99999952
H9226003_S_SADOER-72355,S6041001_S_SADOER-72355,1.00000000,brand_unit;legacy_block;packfree_exact;semantic_topk,0.95959020
H9226003_S_SADOER-72355,S6041002_S_SADOER-72355,1.00000000,brand_unit;legacy_block;packfree_exact;semantic_topk,0.95959020
H9226003_S_SADOER-72379,S6041001_S_SADOER-72379,1.00000000,brand_unit;legacy_block;packfree_exact;semantic_topk,0.99999934
H9226003_S_SADOER-72379,S6041002_S_SADOER-72379,1.00000000,brand_unit;legacy_block;packfree_exact;semantic_topk,0.99999934
H9250001_S_A3614273737081,S2723001_S_A23910,0.99721379,brand_unit;legacy_block;semantic_topk,0.90696055
H9250001_S_A9349254005005,S2232001_S_GOS2011X2,,brand_unit;legacy_block,
H9250001_S_A9349254005005,S2232001_S_GOS2028X2,,brand_unit;legacy_block,
H9250001_S_A9349254005005,S2232001_S_GOS2042X2,,brand_unit;legacy_block,
H9250001_S_A9349254005005,S2232001_S_GOS2053X2,,brand_unit;legacy_block,
H9250001_S_A9349254005005,S2232001_S_GOS2059X2,0.95976280,brand_unit;legacy_block,
H9250001_S_A9349254005005,S2232001_S_GOS2066X2,0.72887502,brand_unit;legacy_block,
H9250001_S_A9349254005005,S2232001_S_GOS4053X2,,brand_unit;legacy_block,
H9250001_S_A9349254005005,S6258001_S_GOS2011X2,,brand_unit;legacy_block,
H9250001_S_A9349254005005,S6258001_S_GOS2028X2,,brand_unit;legacy_block,
H9250001_S_A9349254005005,S6258001_S_GOS2042X2,,brand_unit;legacy_block,
H9250001_S_A9349254005005,S6258001_S_GOS2059X2,0.95996811,brand_unit;legacy_block,
H9250001_S_A9349254005005,S6375001_S_9349254004053,0.04097532,brand_unit,
H9250001_S_A9349254005005,S6375001_S_9349254006286,,brand_unit,
H9299001_S_6901404341253_3pcs,H9299001_S_6901404712534,0.02413528,legacy_block,
H9299001_S_6901404341253_3pcs,H9299001_S_6901404812548,0.02413528,legacy_block,
H9299001_S_6901404341253_3pcs,H9299001_S_6901404912514,0.01909079,legacy_block,
H9299001_S_6901404341253_3pcs,H9357001_S_6901404601258,0.01530460,legacy_block,
H9299001_S_6901404712534,H9299001_S_6901404812548,0.00316860,brand_unit;legacy_block;semantic_topk,0.85575014
H9299001_S_6901404712534,H9299001_S_6901404912514,0.00258305,brand_unit;legacy_block;semantic_topk,0.87213629
H9299001_S_6901404712534,H9357001_S_6901404601258,0.51142860,brand_unit;legacy_block,
H9299001_S_6901404812548,H9299001_S_6901404912514,0.00316860,brand_unit;legacy_block;semantic_topk,0.86403060
H9299001_S_6901404812548,H9357001_S_6901404601258,0.51142860,brand_unit;legacy_block,
H9299001_S_6901404912514,H9357001_S_6901404601258,1.00000000,brand_unit;exact_ean;legacy_block,
H9340001_S_5797,H9564001_S_WA06HS85,1.00000000,brand_unit;exact_ean;legacy_block,
H9340001_S_65610,H9357001_S_9556155017017,0.99888880,brand_unit,
H9340001_S_65610,H9564001_S_KA05KS03,1.00000000,brand_unit,
H9340001_S_65610,S6136001_S_4NO5D,0.82450823,brand_unit;legacy_block,
H9357001_S_4892368001111,H9357001_S_4892368001135,0.25362010,brand_unit;legacy_block;semantic_topk,0.70081449
H9357001_S_4892659051573,H9564001_S_EP06PS100,1.00000000,exact_ean;legacy_block;packfree_exact;semantic_topk,0.53954941
H9357001_S_4897025527393,H9564001_S_VI06PS100,0.03260507,legacy_block,
H9357001_S_4897025527393,H9564001_S_YH05SS100,0.10328924,legacy_block,
H9357001_S_4897025527393,H9942001_S_CLN_007,0.03407335,legacy_block,
H9357001_S_4897025527393,H9990001_S_344,0.02938007,legacy_block,
H9357001_S_4897025527393,H9990001_S_355,0.02054693,legacy_block,
H9357001_S_4897025527393,H9990001_S_406,0.01600504,legacy_block,
H9357001_S_4897025527393,H9990001_S_438,,legacy_block,
H9357001_S_4897025527393,H9990001_S_471,,legacy_block,
H9357001_S_4897025527393,H9990001_S_486,0.03407335,legacy_block,
H9357001_S_4897025527393,H9990001_S_545,0.02938007,legacy_block,
H9357001_S_4897025527393,H9990001_S_546,0.03561114,legacy_block,
H9357001_S_4897025527393,H9990001_S_551,0.03561114,legacy_block,
H9357001_S_4897025527393,H9990001_S_552,0.03407335,legacy_block,
H9357001_S_4897025527393,H9990001_S_553,,legacy_block,
H9357001_S_4897025527393,H9990001_S_554,0.01456258,legacy_block,
H9357001_S_4897025527393,S1061001_S_MON-624-581-0000,0.03777472,legacy_block,
H9357001_S_4897025527393,U0049001_S_Natures_Beauty_Gentle_Soap,0.02938007,legacy_block,
H9357001_S_6297000323060,S2802001_S_CussonsBathSoap,0.27751905,brand_unit,
H9357001_S_8718114047249,H9357001_S_8720182256362-1,1.00000000,brand_unit;exact_ean,
H9357001_S_8718114047249,H9564001_S_DO06CB06,1.00000000,brand_unit;exact_ean;semantic_topk,0.48030683
H9357001_S_8718114047249,S2090001_S_4NO5C,,brand_unit,
H9357001_S_8718114047249,S2552001_S_10091DOV_BAR_SOA_MD,0.99905265,brand_unit;semantic_topk,0.44710207
H9357001_S_8718114047249,S2552002_S_10091_HHL,0.99905265,brand_unit;semantic_topk,0.44710207
H9357001_S_8718114047249,S6136001_S_4NO5C,,brand_unit,
H9357001_S_8720182256362-1,H9564001_S_DO06CB06,1.00000000,brand_unit;exact_ean;legacy_block,
H9357001_S_8720182256362-1,S2090001_S_4NO5C,,brand_unit,
H9357001_S_8720182256362-1,S2552001_S_10091DOV_BAR_SOA_MD,0.99504027,brand_unit,
H9357001_S_8720182256362-1,S2552002_S_10091_HHL,0.99504027,brand_unit,
H9357001_S_8720182256362-1,S6136001_S_4NO5C,,brand_unit,
H9357001_S_9556155017017,H9564001_S_KA05KS03,1.00000000,brand_unit;exact_ean;legacy_block;semantic_topk,0.46687046
H9357001_S_9556155017017,S6136001_S_4NO5D,0.91675729,brand_unit,
H9422001_S_WISHMI-0974,H9422001_S_WISHMI-0977,0.00820003,brand_unit;semantic_topk,0.64075422
H9422001_S_WISHMI-0974,H9422001_S_WISHMI-0980,0.49368600,brand_unit;legacy_block;semantic_topk,0.40500495
H9422001_S_WISHMI-0977,H9422001_S_WISHMI-0980,,brand_unit,
H9440001_S_HK0748,H9822001_S_WW084-MiteSulfurSoap,0.19107432,semantic_topk,0.92106283
H9564001_S_DE05BS04G,S2090001_S_4NO5B1,,brand_unit,
H9564001_S_DE05BS04G,S6136001_S_4NO5B1,,brand_unit,
H9564001_S_DO06CB06,S2090001_S_4NO5C,,brand_unit,
H9564001_S_DO06CB06,S2552001_S_10091DOV_BAR_SOA_MD,0.99851737,brand_unit;semantic_topk,0.71815115
H9564001_S_DO06CB06,S2552002_S_10091_HHL,0.99851737,brand_unit;semantic_topk,0.71815115
H9564001_S_DO06CB06,S6136001_S_4NO5C,,brand_unit,
H9564001_S_KA05KS03,S6136001_S_4NO5D,0.91442868,brand_unit,
H9564001_S_KU05SB06,S2090001_S_4NO5A,0.05367598,brand_unit;legacy_block;semantic_topk,0.50751644
H9564001_S_KU05SB06,S6136001_S_4NO5A,0.05367598,brand_unit;legacy_block;semantic_topk,0.50751644
H9564001_S_VI06PS100,H9564001_S_YH05SS100,0.01043435,legacy_block,
H9564001_S_VI06PS100,S1061001_S_MON-624-581-0000,0.02938007,legacy_block,
H9564001_S_YH05SS100,H9942001_S_CLN_007,0.11568315,legacy_block,
H9564001_S_YH05SS100,H9990001_S_344,0.04666307,legacy_block,
H9564001_S_YH05SS100,H9990001_S_355,0.01765142,legacy_block,
H9564001_S_YH05SS100,H9990001_S_406,0.01973647,legacy_block,
H9564001_S_YH05SS100,H9990001_S_438,0.04865740,legacy_block,
H9564001_S_YH05SS100,H9990001_S_471,0.01067434,legacy_block,
H9564001_S_YH05SS100,H9990001_S_486,0.03537335,legacy_block,
H9564001_S_YH05SS100,H9990001_S_545,0.02784282,legacy_block,
H9564001_S_YH05SS100,H9990001_S_546,0.03537335,legacy_block,
H9564001_S_YH05SS100,H9990001_S_551,0.04321841,legacy_block,
H9564001_S_YH05SS100,H9990001_S_552,0.04526366,legacy_block,
H9564001_S_YH05SS100,H9990001_S_553,0.04321841,legacy_block,
H9564001_S_YH05SS100,H9990001_S_554,0.02138497,legacy_block,
H9564001_S_YH05SS100,S1061001_S_MON-624-581-0000,0.03519585,legacy_block,
H9564001_S_YH05SS100,U0049001_S_Natures_Beauty_Gentle_Soap,0.04140361,legacy_block,
H9592001_S_S001__88,H9592001_S_S002B__88,0.00375408,brand_unit;semantic_topk,0.58749455
H9592001_S_S001__88,H9592001_S_S002C__88,0.00342894,brand_unit;semantic_topk,0.60593623
H9592001_S_S001__88,H9592001_S_S009D2__88,0.00224139,brand_unit;semantic_topk,0.65802068
H9592001_S_S001__88,H9592001_S_S010C__78,0.00065077,brand_unit;semantic_topk,0.62587219
H9592001_S_S001__88,H9592001_S_S011B__78,,brand_unit;semantic_topk,0.60457450
H9592001_S_S001__88,H9592001_S_S011C__98,,brand_unit;legacy_block;semantic_topk,0.53609794
H9592001_S_S001__88,H9592001_S_S015B__78,0.00092746,brand_unit;semantic_topk,0.67907315
H9592001_S_S001__88,H9592001_S_S016B__88,0.00285530,brand_unit;semantic_topk,0.60118139
H9592001_S_S001__88,H9592001_S_S017B__78,0.00245161,brand_unit;semantic_topk,0.61796439
H9592001_S_S001__88,H9592001_S_S022B__88,,brand_unit;legacy_block;semantic_topk,0.66441017
H9592001_S_S001__88,H9592001_S_S024__78,0.00331232,brand_unit;semantic_topk,0.67642057
H9592001_S_S001__88,H9592001_S_S025__88,0.00660683,brand_unit;semantic_topk,0.53816336
H9592001_S_S001__88,H9592001_S_S028__78,0.00390066,brand_unit;semantic_topk,0.57784081
H9592001_S_S001__88,H9592001_S_S032__78,,brand_unit;semantic_topk,0.59909600
H9592001_S_S001__88,H9592001_S_S034__88,0.00523152,brand_unit;legacy_block;semantic_topk,0.56653118
H9592001_S_S001__88,H9592001_S_S045B__88,0.00163822,brand_unit;legacy_block;semantic_topk,0.65158808
H9592001_S_S001__88,H9592001_S_S053B__78,,brand_unit;semantic_topk,0.54354960
H9592001_S_S001__88,H9592001_S_S057__78,0.00401425,brand_unit;semantic_topk,0.64375442
H9592001_S_S001__88,H9592001_S_S063__88,0.00149343,brand_unit;legacy_block;semantic_topk,0.81290919
H9592001_S_S001__88,H9592001_S_S070__98,0.00145626,brand_unit;legacy_block;semantic_topk,0.67084849
H9592001_S_S001__88,H9592001_S_S076__88,0.00314800,brand_unit;semantic_topk,0.60890722
H9592001_S_S002B__88,H9592001_S_S002C__88,0.99180361,brand_unit;legacy_block;semantic_topk,0.85369515
H9592001_S_S002B__88,H9592001_S_S009D2__88,0.00167425,brand_unit;legacy_block;semantic_topk,0.61310858
H9592001_S_S002B__88,H9592001_S_S010C__78,0.06483395,brand_unit;legacy_block;semantic_topk,0.56681985
H9592001_S_S002B__88,H9592001_S_S011B__78,0.02926847,brand_unit;legacy_block;semantic_topk,0.57217228
H9592001_S_S002B__88,H9592001_S_S011C__98,0.01364790,brand_unit,
H9592001_S_S002B__88,H9592001_S_S015B__78,0.00438653,brand_unit;legacy_block;semantic_topk,0.63281298
H9592001_S_S002B__88,H9592001_S_S016B__88,0.08954010,brand_unit;legacy_block;semantic_topk,0.63043809
H9592001_S_S002B__88,H9592001_S_S017B__78,0.00336838,brand_unit;legacy_block;semantic_topk,0.58075446
H9592001_S_S002B__88,H9592001_S_S022B__88,0.00108636,brand_unit;semantic_topk,0.53558540
H9592001_S_S002B__88,H9592001_S_S024__78,0.00126914,brand_unit;legacy_block;semantic_topk,0.63987082
H9592001_S_S002B__88,H9592001_S_S025__88,0.01991061,brand_unit;legacy_block;semantic_topk,0.58670264
H9592001_S_S002B__88,H9592001_S_S028__78,0.01843265,brand_unit;legacy_block;semantic_topk,0.61320007
H9592001_S_S002B__88,H9592001_S_S032__78,0.03175781,brand_unit;legacy_block,
H9592001_S_S002B__88,H9592001_S_S034__88,0.00553768,brand_unit,
H9592001_S_S002B__88,H9592001_S_S045B__88,0.01834843,brand_unit,
H9592001_S_S002B__88,H9592001_S_S053B__78,0.03626766,brand_unit;legacy_block;semantic_topk,0.51903629
H9592001_S_S002B__88,H9592001_S_S057__78,0.02065372,brand_unit;legacy_block;semantic_topk,0.57455504
H9592001_S_S002B__88,H9592001_S_S063__88,0.01528571,brand_unit;semantic_topk,0.60193741
H9592001_S_S002B__88,H9592001_S_S070__98,0.00406424,brand_unit;semantic_topk,0.58216876
H9592001_S_S002B__88,H9592001_S_S076__88,0.11186911,brand_unit;legacy_block;semantic_topk,0.55717194
H9592001_S_S002C__88,H9592001_S_S009D2__88,0.00196342,brand_unit;legacy_block;semantic_topk,0.62183654
H9592001_S_S002C__88,H9592001_S_S010C__78,0.03630818,brand_unit;legacy_block;semantic_topk,0.59317285
H9592001_S_S002C__88,H9592001_S_S011B__78,0.02342753,brand_unit;legacy_block;semantic_topk,0.57746893
H9592001_S_S002C__88,H9592001_S_S011C__98,0.01364790,brand_unit,
H9592001_S_S002C__88,H9592001_S_S015B__78,0.00509423,brand_unit;legacy_block;semantic_topk,0.64840096
H9592001_S_S002C__88,H9592001_S_S016B__88,0.00997952,brand_unit;legacy_block;semantic_topk,0.68193144
H9592001_S_S002C__88,H9592001_S_S017B__78,0.01766052,brand_unit;legacy_block;semantic_topk,0.58757973
H9592001_S_S002C__88,H9592001_S_S022B__88,0.00119815,brand_unit;semantic_topk,0.55744904
H9592001_S_S002C__88,H9592001_S_S024__78,0.00126914,brand_unit;legacy_block;semantic_topk,0.65015739
H9592001_S_S002C__88,H9592001_S_S025__88,0.00863897,brand_unit;legacy_block;semantic_topk,0.65221822
H9592001_S_S002C__88,H9592001_S_S028__78,0.00975001,brand_unit;legacy_block;semantic_topk,0.68111825
H9592001_S_S002C__88,H9592001_S_S032__78,0.02179844,brand_unit;legacy_block,
H9592001_S_S002C__88,H9592001_S_S034__88,0.00553768,brand_unit;semantic_topk,0.51538461
H9592001_S_S002C__88,H9592001_S_S045B__88,0.01834843,brand_unit,
H9592001_S_S002C__88,H9592001_S_S053B__78,0.05248311,brand_unit;legacy_block,
H9592001_S_S002C__88,H9592001_S_S057__78,0.02065372,brand_unit;legacy_block;semantic_topk,0.58543032
H9592001_S_S002C__88,H9592001_S_S063__88,0.01528571,brand_unit;semantic_topk,0.62072170
H9592001_S_S002C__88,H9592001_S_S070__98,0.00406424,brand_unit;semantic_topk,0.58343995
H9592001_S_S002C__88,H9592001_S_S076__88,0.10919846,brand_unit;legacy_block;semantic_topk,0.56752902
H9592001_S_S007__88,H9592001_S_S031B__88,0.00069075,brand_unit;legacy_block;semantic_topk,0.69491708
H9592001_S_S007__88,H9592001_S_S049__78,0.00069075,brand_unit;legacy_block;semantic_topk,0.65157443
H9592001_S_S007__88,H9592001_S_S062__88,0.00173944,brand_unit;legacy_block;semantic_topk,0.59789395
H9592001_S_S007__88,H9592001_S_S065__88,0.00052673,brand_unit;semantic_topk,0.72507864
H9592001_S_S007__88,H9592001_S_S066__88,0.00119705,brand_unit;legacy_block;semantic_topk,0.64315659
H9592001_S_S009D2__88,H9592001_S_S010C__78,0.00199719,brand_unit;legacy_block;semantic_topk,0.64032334
H9592001_S_S009D2__88,H9592001_S_S011B__78,0.00291064,brand_unit;legacy_block;semantic_topk,0.64788020
H9592001_S_S009D2__88,H9592001_S_S011C__98,0.00407108,brand_unit;semantic_topk,0.60441309
H9592001_S_S009D2__88,H9592001_S_S015B__78,0.00087940,brand_unit;legacy_block;semantic_topk,0.68794155
H9592001_S_S009D2__88,H9592001_S_S016B__88,0.00087940,brand_unit;legacy_block;semantic_topk,0.63177782
H9592001_S_S009D2__88,H9592001_S_S017B__78,0.00609301,brand_unit;legacy_block;semantic_topk,0.64274526
H9592001_S_S009D2__88,H9592001_S_S022B__88,0.00354637,brand_unit;semantic_topk,0.60799384
H9592001_S_S009D2__88,H9592001_S_S024__78,0.00828289,brand_unit;legacy_block;semantic_topk,0.74363220
H9592001_S_S009D2__88,H9592001_S_S025__88,0.02413072,brand_unit;legacy_block;semantic_topk,0.58192056
H9592001_S_S009D2__88,H9592001_S_S028__78,0.00280305,brand_unit;legacy_block;semantic_topk,0.63549274
H9592001_S_S009D2__88,H9592001_S_S032__78,,brand_unit;legacy_block;semantic_topk,0.57878983
H9592001_S_S009D2__88,H9592001_S_S034__88,0.00598057,brand_unit;semantic_topk,0.57400626
H9592001_S_S009D2__88,H9592001_S_S045B__88,0.00510277,brand_unit;semantic_topk,0.56993955
H9592001_S_S009D2__88,H9592001_S_S053B__78,,brand_unit;legacy_block;semantic_topk,0.57747793
H9592001_S_S009D2__88,H9592001_S_S057__78,,brand_unit;legacy_block;semantic_topk,0.64816129
H9592001_S_S009D2__88,H9592001_S_S063__88,0.00203319,brand_unit;semantic_topk,0.68514895
H9592001_S_S009D2__88,H9592001_S_S070__98,0.00199222,brand_unit;semantic_topk,0.66963238
H9592001_S_S009D2__88,H9592001_S_S076__88,0.00828816,brand_unit;legacy_block;semantic_topk,0.63526350
H9592001_S_S010C__78,H9592001_S_S011B__78,0.00152712,brand_unit;legacy_block;semantic_topk,0.65839291
H9592001_S_S010C__78,H9592001_S_S011C__98,0.00177921,brand_unit;semantic_topk,0.54676229
H9592001_S_S010C__78,H9592001_S_S015B__78,0.67465186,brand_unit;legacy_block;semantic_topk,0.67208678
H9592001_S_S010C__78,H9592001_S_S016B__88,0.00432684,brand_unit;legacy_block;semantic_topk,0.60586554
H9592001_S_S010C__78,H9592001_S_S017B__78,0.00097726,brand_unit;legacy_block;semantic_topk,0.65274221
H9592001_S_S010C__78,H9592001_S_S022B__88,0.00354637,brand_unit;semantic_topk,0.62501454
H9592001_S_S010C__78,H9592001_S_S024__78,0.00182239,brand_unit;legacy_block;semantic_topk,0.66537070
H9592001_S_S010C__78,H9592001_S_S025__88,0.05092393,brand_unit;legacy_block;semantic_topk,0.51554090
H9592001_S_S010C__78,H9592001_S_S028__78,0.33973803,brand_unit;legacy_block;semantic_topk,0.57832372
H9592001_S_S010C__78,H9592001_S_S032__78,0.01551368,brand_unit;legacy_block;semantic_topk,0.57507449
H9592001_S_S010C__78,H9592001_S_S034__88,0.00582122,brand_unit;semantic_topk,0.56957996
H9592001_S_S010C__78,H9592001_S_S045B__88,0.01465384,brand_unit;semantic_topk,0.58413899
H9592001_S_S010C__78,H9592001_S_S053B__78,0.01907180,brand_unit;legacy_block;semantic_topk,0.56484210
H9592001_S_S010C__78,H9592001_S_S057__78,0.00828816,brand_unit;legacy_block;semantic_topk,0.65476674
H9592001_S_S010C__78,H9592001_S_S063__88,0.00778057,brand_unit;semantic_topk,0.62352747
H9592001_S_S010C__78,H9592001_S_S070__98,0.00305304,brand_unit;semantic_topk,0.60274339
H9592001_S_S010C__78,H9592001_S_S076__88,0.05633544,brand_unit;legacy_block;semantic_topk,0.60200608
H9592001_S_S011B__78,H9592001_S_S011C__98,0.39691227,brand_unit;semantic_topk,0.82361495
H9592001_S_S011B__78,H9592001_S_S015B__78,0.00113299,brand_unit;legacy_block;semantic_topk,0.64636606
H9592001_S_S011B__78,H9592001_S_S016B__88,0.00312023,brand_unit;legacy_block;semantic_topk,0.63838875
H9592001_S_S011B__78,H9592001_S_S017B__78,,brand_unit;legacy_block;semantic_topk,0.65211362
H9592001_S_S011B__78,H9592001_S_S022B__88,,brand_unit;semantic_topk,0.61909258
H9592001_S_S011B__78,H9592001_S_S024__78,0.00115478,brand_unit;legacy_block;semantic_topk,0.67513269
H9592001_S_S011B__78,H9592001_S_S025__88,0.00365326,brand_unit;legacy_block;semantic_topk,0.52180266
H9592001_S_S011B__78,H9592001_S_S028__78,0.00239233,brand_unit;legacy_block;semantic_topk,0.56066012
H9592001_S_S011B__78,H9592001_S_S032__78,,brand_unit;legacy_block;semantic_topk,0.55111384
H9592001_S_S011B__78,H9592001_S_S034__88,,brand_unit;semantic_topk,0.56935638
H9592001_S_S011B__78,H9592001_S_S045B__88,0.00470614,brand_unit,
H9592001_S_S011B__78,H9592001_S_S053B__78,,brand_unit;legacy_block;semantic_topk,0.58544457
H9592001_S_S011B__78,H9592001_S_S057__78,0.00099381,brand_unit;legacy_block;semantic_topk,0.67171538
H9592001_S_S011B__78,H9592001_S_S063__88,0.00642245,brand_unit;semantic_topk,0.61774600
H9592001_S_S011B__78,H9592001_S_S070__98,0.00327032,brand_unit;semantic_topk,0.60567331
H9592001_S_S011B__78,H9592001_S_S076__88,0.00200466,brand_unit;legacy_block;semantic_topk,0.62606728
H9592001_S_S011C__98,H9592001_S_S015B__78,0.00196215,brand_unit;semantic_topk,0.52606225
H9592001_S_S011C__98,H9592001_S_S016B__88,0.00345062,brand_unit;semantic_topk,0.54561144
H9592001_S_S011C__98,H9592001_S_S017B__78,,brand_unit;semantic_topk,0.56267923
H9592001_S_S011C__98,H9592001_S_S022B__88,,brand_unit;legacy_block;semantic_topk,0.54133016
H9592001_S_S011C__98,H9592001_S_S024__78,0.00354392,brand_unit;semantic_topk,0.56935626
H9592001_S_S011C__98,H9592001_S_S025__88,0.00842306,brand_unit,
H9592001_S_S011C__98,H9592001_S_S028__78,0.00377629,brand_unit,
H9592001_S_S011C__98,H9592001_S_S032__78,,brand_unit,
H9592001_S_S011C__98,H9592001_S_S034__88,,brand_unit;legacy_block;semantic_topk,0.59076560
H9592001_S_S011C__98,H9592001_S_S045B__88,0.00592386,brand_unit;legacy_block,
H9592001_S_S011C__98,H9592001_S_S053B__78,,brand_unit;semantic_topk,0.53829068
H9592001_S_S011C__98,H9592001_S_S057__78,0.00305093,brand_unit;semantic_topk,0.55029470
H9592001_S_S011C__98,H9592001_S_S063__88,0.01300604,brand_unit;legacy_block;semantic_topk,0.55819607
H9592001_S_S011C__98,H9592001_S_S070__98,0.04336125,brand_unit;legacy_block;semantic_topk,0.54222810
H9592001_S_S011C__98,H9592001_S_S076__88,0.00680434,brand_unit;semantic_topk,0.52217239
H9592001_S_S015B__78,H9592001_S_S016B__88,0.00520945,brand_unit;legacy_block;semantic_topk,0.65488178
H9592001_S_S015B__78,H9592001_S_S017B__78,0.00094058,brand_unit;legacy_block;semantic_topk,0.63097483
H9592001_S_S015B__78,H9592001_S_S022B__88,0.00226999,brand_unit;semantic_topk,0.62472224
H9592001_S_S015B__78,H9592001_S_S024__78,0.00223819,brand_unit;legacy_block;semantic_topk,0.70667559
H9592001_S_S015B__78,H9592001_S_S025__88,0.02582833,brand_unit;legacy_block;semantic_topk,0.59003234
H9592001_S_S015B__78,H9592001_S_S028__78,0.01598707,brand_unit;legacy_block;semantic_topk,0.62150884
H9592001_S_S015B__78,H9592001_S_S032__78,0.00374854,brand_unit;legacy_block;semantic_topk,0.59179956
H9592001_S_S015B__78,H9592001_S_S034__88,0.00445001,brand_unit;semantic_topk,0.52803630
H9592001_S_S015B__78,H9592001_S_S045B__88,0.00440044,brand_unit;semantic_topk,0.58808875
H9592001_S_S015B__78,H9592001_S_S053B__78,0.00519149,brand_unit;legacy_block;semantic_topk,0.56580573
H9592001_S_S015B__78,H9592001_S_S057__78,0.00190862,brand_unit;legacy_block;semantic_topk,0.67516065
H9592001_S_S015B__78,H9592001_S_S063__88,0.00312884,brand_unit;semantic_topk,0.68763053
H9592001_S_S015B__78,H9592001_S_S070__98,0.00151131,brand_unit;semantic_topk,0.66184717
H9592001_S_S015B__78,H9592001_S_S076__88,0.07415255,brand_unit;legacy_block;semantic_topk,0.63295120
H9592001_S_S016B__88,H9592001_S_S017B__78,0.00181486,brand_unit;legacy_block;semantic_topk,0.57246941
H9592001_S_S016B__88,H9592001_S_S022B__88,0.00367849,brand_unit;semantic_topk,0.56949776
H9592001_S_S016B__88,H9592001_S_S024__78,0.00184578,brand_unit;legacy_block;semantic_topk,0.67473614
H9592001_S_S016B__88,H9592001_S_S025__88,0.01069301,brand_unit;legacy_block;semantic_topk,0.66095924
H9592001_S_S016B__88,H9592001_S_S028__78,0.00747538,brand_unit;legacy_block;semantic_topk,0.70701867
H9592001_S_S016B__88,H9592001_S_S032__78,0.00706415,brand_unit;legacy_block,
H9592001_S_S016B__88,H9592001_S_S034__88,0.00455237,brand_unit,
H9592001_S_S016B__88,H9592001_S_S045B__88,0.00936539,brand_unit,
H9592001_S_S016B__88,H9592001_S_S053B__78,0.10036074,brand_unit;legacy_block,
H9592001_S_S016B__88,H9592001_S_S057__78,0.00282797,brand_unit;legacy_block;semantic_topk,0.59372169
H9592001_S_S016B__88,H9592001_S_S063__88,0.01894374,brand_unit;semantic_topk,0.60238242
H9592001_S_S016B__88,H9592001_S_S070__98,0.00292898,brand_unit;semantic_topk,0.59697980
H9592001_S_S016B__88,H9592001_S_S076__88,0.10001221,brand_unit;legacy_block;semantic_topk,0.58333379
H9592001_S_S017B__78,H9592001_S_S022B__88,,brand_unit;semantic_topk,0.60855258
H9592001_S_S017B__78,H9592001_S_S024__78,0.00286028,brand_unit;legacy_block;semantic_topk,0.69327867
H9592001_S_S017B__78,H9592001_S_S025__88,0.01321336,brand_unit;legacy_block,
H9592001_S_S017B__78,H9592001_S_S028__78,0.00407156,brand_unit;legacy_block;semantic_topk,0.57192272
H9592001_S_S017B__78,H9592001_S_S032__78,,brand_unit;legacy_block;semantic_topk,0.56887960
H9592001_S_S017B__78,H9592001_S_S034__88,0.01214336,brand_unit;semantic_topk,0.60218245
H9592001_S_S017B__78,H9592001_S_S045B__88,0.01899623,brand_unit;semantic_topk,0.56344831
H9592001_S_S017B__78,H9592001_S_S053B__78,,brand_unit;legacy_block;semantic_topk,0.60645187
H9592001_S_S017B__78,H9592001_S_S057__78,0.00413157,brand_unit;legacy_block;semantic_topk,0.62897366
H9592001_S_S017B__78,H9592001_S_S063__88,0.00850536,brand_unit;semantic_topk,0.64141405
H9592001_S_S017B__78,H9592001_S_S070__98,0.01273025,brand_unit;semantic_topk,0.59961474
H9592001_S_S017B__78,H9592001_S_S076__88,0.00133757,brand_unit;legacy_block;semantic_topk,0.63622189
H9592001_S_S022B__88,H9592001_S_S024__78,,brand_unit;semantic_topk,0.65513110
H9592001_S_S022B__88,H9592001_S_S025__88,0.00417268,brand_unit,
H9592001_S_S022B__88,H9592001_S_S028__78,0.00194449,brand_unit;semantic_topk,0.53678507
H9592001_S_S022B__88,H9592001_S_S032__78,,brand_unit;semantic_topk,0.54429346
H9592001_S_S022B__88,H9592001_S_S034__88,,brand_unit;legacy_block;semantic_topk,0.55870116
H9592001_S_S022B__88,H9592001_S_S045B__88,0.00457736,brand_unit;legacy_block;semantic_topk,0.59932572
H9592001_S_S022B__88,H9592001_S_S053B__78,,brand_unit;semantic_topk,0.58254510
H9592001_S_S022B__88,H9592001_S_S057__78,0.01101350,brand_unit;semantic_topk,0.65679896
H9592001_S_S022B__88,H9592001_S_S063__88,0.00235100,brand_unit;legacy_block;semantic_topk,0.68458211
H9592001_S_S022B__88,H9592001_S_S070__98,0.00260110,brand_unit;legacy_block;semantic_topk,0.63857198
H9592001_S_S022B__88,H9592001_S_S076__88,0.00225871,brand_unit;semantic_topk,0.63712668
H9592001_S_S024__78,H9592001_S_S025__88,0.00305589,brand_unit;legacy_block;semantic_topk,0.59941918
H9592001_S_S024__78,H9592001_S_S028__78,0.00079486,brand_unit;legacy_block;semantic_topk,0.66395736
H9592001_S_S024__78,H9592001_S_S032__78,0.00462729,brand_unit;legacy_block;semantic_topk,0.61673367
H9592001_S_S024__78,H9592001_S_S034__88,0.00889690,brand_unit;semantic_topk,0.58209091
H9592001_S_S024__78,H9592001_S_S045B__88,0.00772045,brand_unit;semantic_topk,0.60064113
H9592001_S_S024__78,H9592001_S_S053B__78,,brand_unit;legacy_block;semantic_topk,0.60596704
H9592001_S_S024__78,H9592001_S_S057__78,0.00231467,brand_unit;legacy_block;semantic_topk,0.67643583
H9592001_S_S024__78,H9592001_S_S063__88,0.00450390,brand_unit;semantic_topk,0.71924472
H9592001_S_S024__78,H9592001_S_S070__98,0.00657304,brand_unit;semantic_topk,0.68600875
H9592001_S_S024__78,H9592001_S_S076__88,0.00122151,brand_unit;legacy_block;semantic_topk,0.67117417
H9592001_S_S025__88,H9592001_S_S028__78,0.00635638,brand_unit;legacy_block;semantic_topk,0.65651613
H9592001_S_S025__88,H9592001_S_S032__78,0.00829684,brand_unit;legacy_block;semantic_topk,0.56025946
H9592001_S_S025__88,H9592001_S_S034__88,0.01378227,brand_unit,
H9592001_S_S025__88,H9592001_S_S045B__88,0.03219978,brand_unit;semantic_topk,0.54214716
H9592001_S_S025__88,H9592001_S_S053B__78,0.01422267,brand_unit;legacy_block,
H9592001_S_S025__88,H9592001_S_S057__78,0.00969511,brand_unit;legacy_block;semantic_topk,0.57014173
H9592001_S_S025__88,H9592001_S_S063__88,0.03033707,brand_unit;semantic_topk,0.54821277
H9592001_S_S025__88,H9592001_S_S070__98,0.01413024,brand_unit;semantic_topk,0.53083581
H9592001_S_S025__88,H9592001_S_S076__88,0.03225446,brand_unit;legacy_block,
H9592001_S_S028__78,H9592001_S_S032__78,0.00589941,brand_unit;legacy_block,
H9592001_S_S028__78,H9592001_S_S034__88,0.00610647,brand_unit,
H9592001_S_S028__78,H9592001_S_S045B__88,0.02490844,brand_unit,
H9592001_S_S028__78,H9592001_S_S053B__78,0.00515102,brand_unit;legacy_block,
H9592001_S_S028__78,H9592001_S_S057__78,0.00477282,brand_unit;legacy_block;semantic_topk,0.57160610
H9592001_S_S028__78,H9592001_S_S063__88,0.00857774,brand_unit;semantic_topk,0.59890789
H9592001_S_S028__78,H9592001_S_S070__98,0.00448237,brand_unit;semantic_topk,0.58937305
H9592001_S_S028__78,H9592001_S_S076__88,0.02864804,brand_unit;legacy_block;semantic_topk,0.57300979
H9592001_S_S031B__88,H9592001_S_S049__78,0.01128284,brand_unit;legacy_block;semantic_topk,0.66952634
H9592001_S_S031B__88,H9592001_S_S062__88,0.00102408,brand_unit;legacy_block;semantic_topk,0.59751672
H9592001_S_S031B__88,H9592001_S_S065__88,0.00319343,brand_unit;semantic_topk,0.70225000
H9592001_S_S031B__88,H9592001_S_S066__88,0.00059443,brand_unit;legacy_block;semantic_topk,0.66615415
H9592001_S_S032__78,H9592001_S_S034__88,,brand_unit,
H9592001_S_S032__78,H9592001_S_S045B__88,0.00939947,brand_unit;semantic_topk,0.62994498
H9592001_S_S032__78,H9592001_S_S053B__78,0.03281469,brand_unit;legacy_block;semantic_topk,0.56482750
H9592001_S_S032__78,H9592001_S_S057__78,0.00962852,brand_unit;legacy_block;semantic_topk,0.58498740
H9592001_S_S032__78,H9592001_S_S063__88,0.01775248,brand_unit;semantic_topk,0.58987194
H9592001_S_S032__78,H9592001_S_S070__98,,brand_unit;semantic_topk,0.58597887
H9592001_S_S032__78,H9592001_S_S076__88,0.00417182,brand_unit;legacy_block;semantic_topk,0.55166823
H9592001_S_S034__88,H9592001_S_S045B__88,0.00994785,brand_unit;legacy_block,
H9592001_S_S034__88,H9592001_S_S053B__78,,brand_unit;semantic_topk,0.61137950
H9592001_S_S034__88,H9592001_S_S057__78,0.01668978,brand_unit;semantic_topk,0.53617078
H9592001_S_S034__88,H9592001_S_S063__88,0.00556829,brand_unit;legacy_block;semantic_topk,0.58653593
H9592001_S_S034__88,H9592001_S_S070__98,0.00457736,brand_unit;legacy_block;semantic_topk,0.60659748
H9592001_S_S034__88,H9592001_S_S076__88,0.00455757,brand_unit;semantic_topk,0.52618355
H9592001_S_S045B__88,H9592001_S_S053B__78,0.02121392,brand_unit,
H9592001_S_S045B__88,H9592001_S_S057__78,0.01775248,brand_unit;semantic_topk,0.58101994
H9592001_S_S045B__88,H9592001_S_S063__88,0.01420265,brand_unit;legacy_block;semantic_topk,0.64845049
H9592001_S_S045B__88,H9592001_S_S070__98,0.00390470,brand_unit;legacy_block;semantic_topk,0.59936863
H9592001_S_S045B__88,H9592001_S_S076__88,0.01385749,brand_unit;semantic_topk,0.54601485
H9592001_S_S049__78,H9592001_S_S062__88,0.00188281,brand_unit;legacy_block;semantic_topk,0.56856614
H9592001_S_S049__78,H9592001_S_S065__88,0.00319343,brand_unit;semantic_topk,0.67619002
H9592001_S_S049__78,H9592001_S_S066__88,0.00049834,brand_unit;legacy_block;semantic_topk,0.72951567
H9592001_S_S053B__78,H9592001_S_S057__78,0.00323576,brand_unit;legacy_block;semantic_topk,0.58932698
H9592001_S_S053B__78,H9592001_S_S063__88,0.07106763,brand_unit;semantic_topk,0.55262887
H9592001_S_S053B__78,H9592001_S_S070__98,,brand_unit;semantic_topk,0.58976108
H9592001_S_S053B__78,H9592001_S_S076__88,0.00364178,brand_unit;legacy_block;semantic_topk,0.56097901
H9592001_S_S057__78,H9592001_S_S063__88,0.00850536,brand_unit;semantic_topk,0.66689897
H9592001_S_S057__78,H9592001_S_S070__98,0.00940398,brand_unit;semantic_topk,0.63371181
H9592001_S_S057__78,H9592001_S_S076__88,0.00156868,brand_unit;legacy_block;semantic_topk,0.63763368
H9592001_S_S062__88,H9592001_S_S065__88,0.00089547,brand_unit;semantic_topk,0.61311424
H9592001_S_S062__88,H9592001_S_S066__88,0.00486332,brand_unit;legacy_block;semantic_topk,0.58155966
H9592001_S_S063__88,H9592001_S_S070__98,0.00235100,brand_unit;legacy_block;semantic_topk,0.69149524
H9592001_S_S063__88,H9592001_S_S076__88,0.00609461,brand_unit;semantic_topk,0.65709722
H9592001_S_S065__88,H9592001_S_S066__88,0.00059591,brand_unit;semantic_topk,0.68309939
H9592001_S_S070__98,H9592001_S_S076__88,0.00416591,brand_unit;semantic_topk,0.60385931
H9601001_S_YFN1001,H9601001_S_YFN1002,0.00820865,brand_unit;legacy_block;semantic_topk,0.56206793
H9601001_S_YFN1001,H9601001_S_YFN1003,0.00512437,brand_unit;legacy_block;semantic_topk,0.62048739
H9601001_S_YFN1001,H9601001_S_YFN1004,,brand_unit;legacy_block;semantic_topk,0.66484928
H9601001_S_YFN1001,H9601001_S_YFN1005,,brand_unit;legacy_block;semantic_topk,0.62241453
H9601001_S_YFN1002,H9601001_S_YFN1003,0.01225686,brand_unit;legacy_block;semantic_topk,0.63788450
H9601001_S_YFN1002,H9601001_S_YFN1004,0.00665596,brand_unit;legacy_block;semantic_topk,0.65351349
H9601001_S_YFN1002,H9601001_S_YFN1005,0.00216682,brand_unit;legacy_block;semantic_topk,0.63872182
H9601001_S_YFN1003,H9601001_S_YFN1004,0.00119453,brand_unit;legacy_block;semantic_topk,0.71880352
H9601001_S_YFN1003,H9601001_S_YFN1005,0.00131623,brand_unit;legacy_block;semantic_topk,0.71806949
H9601001_S_YFN1004,H9601001_S_YFN1005,,brand_unit;legacy_block;semantic_topk,0.73502409
H9653001_S_60888,S6324001_S_nj-aleppo12,0.22902406,brand_unit,
H9653001_S_60888,S6324001_S_nj-aleppo40,0.12907506,brand_unit,
H9737001_S_natural_Olivos_milksoap_goat_150,H9737001_S_natural_Olivos_milksoap_wholemilk_150,0.00755147,brand_unit;legacy_block,
H9737001_S_natural_Olivos_soap_honey_250,H9737001_S_natural_Olivos_spasoap_seaweed_250,0.01512604,brand_unit;legacy_block,
H9737001_S_natural_nesossoap_nettle,H9737001_S_natural_nesossoap_sage,,brand_unit;legacy_block,
H9737001_S_natural_zeyna_aleppo_soap_25_,H9737001_S_natural_zeyna_aleppo_soap_40_,0.99932439,brand_unit;legacy_block;semantic_topk,0.58309764
H9737001_S_natural_zeyna_aleppo_soap_25_,H9737001_S_natural_zeyna_aleppo_soap_5_,0.99948008,brand_unit;legacy_block;semantic_topk,0.50334185
H9737001_S_natural_zeyna_aleppo_soap_25_,H9737001_S_nm_alepia_aleppo_soap_25,0.29634185,semantic_topk,0.59753007
H9737001_S_natural_zeyna_aleppo_soap_40_,H9737001_S_natural_zeyna_aleppo_soap_5_,0.99937114,brand_unit;legacy_block;semantic_topk,0.47484845
H9737001_S_natural_zeyna_aleppo_soap_40_,H9737001_S_nm_alepia_aleppo_soap_25,0.43085491,semantic_topk,0.52893072
H9737001_S_natural_zeyna_aleppo_soap_5_,H9737001_S_nm_alepia_aleppo_soap_25,0.56986150,semantic_topk,0.48915428
H9737001_S_nm_alepia_aleppo_soap_25,S6114001_S_ALEPIA-001,0.73021342,brand_unit;legacy_block,
H9737001_S_nm_alepia_aleppo_soap_25,S6114001_S_ALEPIA-002,0.65627056,brand_unit;legacy_block,
H9737001_S_nm_alepia_aleppo_soap_25,S6114001_S_ALEPIA-005,0.46799043,brand_unit;legacy_block,
H9737001_S_nm_alepia_aleppo_soap_25,S6114001_S_ALEPIA-107,,brand_unit;legacy_block,
H9801001_S_B1383,H9801001_S_B1384,0.00839031,brand_unit;legacy_block;semantic_topk,0.90713102
H9822001_S_WW084-MiteSulfurSoap,S1061001_S_MON-624-153-0000,0.05955704,legacy_block,
H9942001_S_CLN_005,H9942001_S_CLN_006,0.96201177,brand_unit;legacy_block,
H9942001_S_CLN_007,S1061001_S_MON-624-581-0000,0.03561114,legacy_block,
H9942001_S_CLN_008,H9942001_S_CLN_009,0.16650229,legacy_block;semantic_topk,0.65806276
H9942001_S_CLN_008,H9942001_S_CLN_010,0.73425512,legacy_block;semantic_topk,0.62460554
H9942001_S_CLN_009,H9942001_S_CLN_010,0.10963720,legacy_block;semantic_topk,0.61744869
H9990001_S_344,H9990001_S_355,,legacy_block,
H9990001_S_344,H9990001_S_406,0.00869534,legacy_block,
H9990001_S_344,H9990001_S_438,,legacy_block,
H9990001_S_344,H9990001_S_471,,legacy_block,
H9990001_S_344,H9990001_S_486,0.00337602,legacy_block,
H9990001_S_344,H9990001_S_545,0.00972056,legacy_block,
H9990001_S_344,H9990001_S_546,,legacy_block,
H9990001_S_344,H9990001_S_551,0.63686429,legacy_block,
H9990001_S_344,H9990001_S_552,0.15705503,legacy_block,
H9990001_S_344,H9990001_S_553,0.52179061,legacy_block,
H9990001_S_344,H9990001_S_554,0.00802876,legacy_block,
H9990001_S_344,S1061001_S_MON-624-581-0000,0.03436548,legacy_block,
H9990001_S_355,H9990001_S_406,0.00268025,legacy_block,
H9990001_S_355,H9990001_S_438,,legacy_block,
H9990001_S_355,H9990001_S_471,,legacy_block,
H9990001_S_355,H9990001_S_486,,legacy_block,
H9990001_S_355,H9990001_S_545,,legacy_block,
H9990001_S_355,H9990001_S_546,0.01086602,legacy_block,
H9990001_S_355,H9990001_S_551,,legacy_block,
H9990001_S_355,H9990001_S_552,,legacy_block,
H9990001_S_355,H9990001_S_553,,legacy_block,
H9990001_S_355,H9990001_S_554,0.00300801,legacy_block,
H9990001_S_355,S1061001_S_MON-624-581-0000,0.11138926,legacy_block,
H9990001_S_360,H9990001_S_511,0.93146771,legacy_block,
H9990001_S_406,H9990001_S_438,0.01066228,legacy_block,
H9990001_S_406,H9990001_S_471,0.00155865,legacy_block,
H9990001_S_406,H9990001_S_486,0.00248269,legacy_block,
H9990001_S_406,H9990001_S_545,0.00336986,legacy_block,
H9990001_S_406,H9990001_S_546,0.00260722,legacy_block,
H9990001_S_406,H9990001_S_551,0.00236572,legacy_block,
H9990001_S_406,H9990001_S_552,0.00260722,legacy_block,
H9990001_S_406,H9990001_S_553,0.00236572,legacy_block,
H9990001_S_406,H9990001_S_554,0.05309643,legacy_block,
H9990001_S_406,S1061001_S_MON-624-581-0000,0.01296371,legacy_block,
H9990001_S_438,H9990001_S_471,0.13668156,legacy_block,
H9990001_S_438,H9990001_S_486,,legacy_block,
H9990001_S_438,H9990001_S_545,,legacy_block,
H9990001_S_438,H9990001_S_546,,legacy_block,
H9990001_S_438,H9990001_S_551,,legacy_block,
H9990001_S_438,H9990001_S_552,,legacy_block,
H9990001_S_438,H9990001_S_553,,legacy_block,
H9990001_S_438,H9990001_S_554,0.01365973,legacy_block,
H9990001_S_438,S1061001_S_MON-624-581-0000,0.01600504,legacy_block,
H9990001_S_471,H9990001_S_486,,legacy_block,
H9990001_S_471,H9990001_S_545,,legacy_block,
H9990001_S_471,H9990001_S_546,,legacy_block,
H9990001_S_471,H9990001_S_551,,legacy_block,
H9990001_S_471,H9990001_S_552,,legacy_block,
H9990001_S_471,H9990001_S_553,,legacy_block,
H9990001_S_471,H9990001_S_554,0.00155865,legacy_block,
H9990001_S_471,S1061001_S_MON-624-581-0000,0.02678966,legacy_block,
H9990001_S_486,H9990001_S_545,0.06530279,legacy_block,
H9990001_S_486,H9990001_S_546,,legacy_block,
H9990001_S_486,H9990001_S_551,,legacy_block,
H9990001_S_486,H9990001_S_552,,legacy_block,
H9990001_S_486,H9990001_S_553,0.01090676,legacy_block,
H9990001_S_486,H9990001_S_554,0.00133706,legacy_block,
H9990001_S_486,S1061001_S_MON-624-581-0000,0.04062024,legacy_block,
H9990001_S_492,H9990001_S_532,0.00127399,legacy_block,
H9990001_S_508,H9990001_S_520,0.55764048,legacy_block,
H9990001_S_529,H9990001_S_557,0.99044909,brand_unit;legacy_block;semantic_topk,0.96598548
H9990001_S_529,S2214001_S_RW383035,1.00000000,brand_unit;legacy_block;packfree_exact,
H9990001_S_544,S6478006_S_478272_4976631478272,0.02361148,brand_unit,
H9990001_S_544,S6478006_S_481166_4976631481166,0.02865524,brand_unit,
H9990001_S_545,H9990001_S_546,,legacy_block,
H9990001_S_545,H9990001_S_551,,legacy_block,
H9990001_S_545,H9990001_S_552,,legacy_block,
H9990001_S_545,H9990001_S_553,,legacy_block,
H9990001_S_545,H9990001_S_554,0.00248123,legacy_block,
H9990001_S_545,S1061001_S_MON-624-581-0000,0.03207962,legacy_block,
H9990001_S_546,H9990001_S_551,,legacy_block,
H9990001_S_546,H9990001_S_552,,legacy_block,
H9990001_S_546,H9990001_S_553,,legacy_block,
H9990001_S_546,H9990001_S_554,0.00093995,legacy_block,
H9990001_S_546,S1061001_S_MON-624-581-0000,0.02938007,legacy_block,
H9990001_S_551,H9990001_S_552,,legacy_block,
H9990001_S_551,H9990001_S_553,,legacy_block,
H9990001_S_551,H9990001_S_554,0.00127399,legacy_block,
H9990001_S_551,S1061001_S_MON-624-581-0000,0.04062024,legacy_block,
H9990001_S_552,H9990001_S_553,,legacy_block;semantic_topk,0.86227316
H9990001_S_552,H9990001_S_554,0.00059428,legacy_block,
H9990001_S_552,S1061001_S_MON-624-581-0000,0.02938007,legacy_block,
H9990001_S_553,H9990001_S_554,0.00089560,legacy_block,
H9990001_S_553,S1061001_S_MON-624-581-0000,0.04062024,legacy_block,
H9990001_S_554,S1061001_S_MON-624-581-0000,0.01296371,legacy_block,
H9990001_S_557,S2214001_S_RW383035,0.99826170,brand_unit;legacy_block,
H9990001_S_563,H9990001_S_564,,legacy_block;semantic_topk,0.84532583
H9990001_S_563,H9990001_S_565,0.07744670,legacy_block;semantic_topk,0.83695382
H9990001_S_564,H9990001_S_565,0.06029311,legacy_block;semantic_topk,0.90716833
S1052001_S_AWC-CMS-NS,S1052001_S_AWC-CMS-RG,0.03625432,brand_unit;legacy_block;semantic_topk,0.96357578
S1052001_S_AWC-CMS-NS,S1052001_S_AWC-CMS-SO,0.10115289,brand_unit;legacy_block;semantic_topk,0.97321773
S1052001_S_AWC-CMS-NS,S1052001_S_AWC-SET3-MIXED,0.10964055,brand_unit;legacy_block;semantic_topk,0.86733931
S1052001_S_AWC-CMS-RG,S1052001_S_AWC-CMS-SO,,brand_unit;legacy_block;semantic_topk,0.95918715
S1052001_S_AWC-CMS-RG,S1052001_S_AWC-SET3-MIXED,0.02692783,brand_unit;legacy_block;semantic_topk,0.87925893
S1052001_S_AWC-CMS-SO,S1052001_S_AWC-SET3-MIXED,0.12474598,brand_unit;legacy_block;semantic_topk,0.87268025
S1061001_S_MON-030-158-0000,S2652002_S_PelicanSoap-1124536462,0.03033467,legacy_block,
S1061001_S_MON-030-165-0000,S1061001_S_MON-CHI-PSC-10239,0.01656333,brand_unit,
S1061001_S_MON-030-165-0000,S1061001_S_MON-CHI-PSC-11135a,0.34260759,brand_unit,
S1061001_S_MON-030-165-0000,S1061001_S_MON-CHI-PSC-11531a,0.03592466,brand_unit,
S1061001_S_MON-624-581-0000,U0049001_S_Natures_Beauty_Gentle_Soap,0.03561114,legacy_block,
S1061001_S_MON-748-027-0000,S6429001_S_CC8809338505032,0.00349675,legacy_block,
S1061001_S_MON-CHI-PSC-10239,S1061001_S_MON-CHI-PSC-11135a,0.94195134,brand_unit;legacy_block,
S1061001_S_MON-CHI-PSC-10239,S1061001_S_MON-CHI-PSC-11531a,0.91778254,brand_unit;legacy_block,
S1061001_S_MON-CHI-PSC-10239,S1061001_S_MON-CHI-PSC-11968,0.07717004,brand_unit,
S1061001_S_MON-CHI-PSC-11135a,S1061001_S_MON-CHI-PSC-11531a,0.46694358,brand_unit;legacy_block;semantic_topk,0.46378583
S1061001_S_MON-CHI-PSC-11135a,S1061001_S_MON-CHI-PSC-11968,0.90663974,brand_unit,
S1061001_S_MON-CHI-PSC-11531a,S1061001_S_MON-CHI-PSC-11968,0.63062663,brand_unit,
S1061001_S_MON-CHI-PSC-11647,S1061001_S_MON-CHI-PSC-11951,,brand_unit;legacy_block,
S1061001_S_MON-CHI-PSC-11647,S2214001_S_RW911647_2,0.96047257,brand_unit;legacy_block,
S1061001_S_MON-CHI-PSC-11951,S2214001_S_RW911647_2,0.95907294,brand_unit;legacy_block,
S1161001_S_7070,S1161001_S_70703,0.05423864,brand_unit,
S1161001_S_78842,S1161001_S_78844,0.26261337,brand_unit;legacy_block,
S1275001_S_EGARDEN_BugRepellentSoap,S1275001_S_EGARDEN_LAVENDER,,brand_unit,
S1275001_S_EGARDEN_BugRepellentSoap,S1275001_S_EGARDEN_LIME,0.00139026,brand_unit,
S1275001_S_EGARDEN_BugRepellentSoap,S1275001_S_EGARDEN_PEPPERMINT,0.00176448,brand_unit,
S1275001_S_EGARDEN_BugRepellentSoap,S1275001_S_TTGarden_Soap_Papaya,0.00081592,brand_unit,
S1275001_S_EGARDEN_LAVENDER,S1275001_S_EGARDEN_LIME,0.43822620,brand_unit;legacy_block;semantic_topk,0.50520837
S1275001_S_EGARDEN_LAVENDER,S1275001_S_EGARDEN_PEPPERMINT,,brand_unit;legacy_block;semantic_topk,0.49510261
S1275001_S_EGARDEN_LAVENDER,S1275001_S_TTGarden_Soap_Papaya,,brand_unit,
S1275001_S_EGARDEN_LIME,S1275001_S_EGARDEN_PEPPERMINT,0.46167783,brand_unit;legacy_block;semantic_topk,0.52982014
S1275001_S_EGARDEN_LIME,S1275001_S_TTGarden_Soap_Papaya,,brand_unit,
S1275001_S_EGARDEN_PEPPERMINT,S1275001_S_TTGarden_Soap_Papaya,,brand_unit,
S2070001_S_1001,S2070001_S_1002,,brand_unit;semantic_topk,0.49461290
S2070001_S_1001,S2070001_S_1014,0.20466426,brand_unit,
S2070001_S_1001,S2070001_S_1030,0.28851116,brand_unit;legacy_block,
S2070001_S_1001,S2070001_S_P10145025,0.30762869,brand_unit;legacy_block,
S2070001_S_1001,S2070001_S_P10145025-30,0.03073652,brand_unit;semantic_topk,0.40082768
S2070001_S_1002,S2070001_S_1030,,brand_unit,
S2070001_S_1002,S2070001_S_P10145025,0.01267642,brand_unit,
S2070001_S_1002,S2070001_S_P10145025-30,0.07264364,brand_unit;legacy_block;semantic_topk,0.46365309
S2070001_S_1014,S2070001_S_1030,0.17724867,brand_unit,
S2070001_S_1014,S2070001_S_P10145025,0.00151300,brand_unit;semantic_topk,0.67205560
S2070001_S_1030,S2070001_S_P10145025,0.40082826,brand_unit;legacy_block,
S2070001_S_1030,S2070001_S_P10145025-30,0.11956187,brand_unit,
S2070001_S_P10145025,S2070001_S_P10145025-30,0.76401199,brand_unit;semantic_topk,0.83322710
S2090001_S_4NO5A,S6136001_S_4NO5A,1.00000000,brand_unit;legacy_block;packfree_exact;semantic_topk,0.99999994
S2090001_S_4NO5B1,S6136001_S_4NO5B1,1.00000000,brand_unit;legacy_block;packfree_exact;semantic_topk,0.99999982
S2090001_S_4NO5C,S2552001_S_10091DOV_BAR_SOA_MD,,brand_unit;legacy_block,
S2090001_S_4NO5C,S2552002_S_10091_HHL,,brand_unit;legacy_block,
S2090001_S_4NO5C,S6136001_S_4NO5C,1.00000000,brand_unit;legacy_block;packfree_exact;semantic_topk,0.99999988
S2171001_S_RYG-HONEY-2,S2171001_S_RYG-SANWD-2,0.02381444,brand_unit;legacy_block;semantic_topk,0.76983017
S2171001_S_RYG-HONEY-2,S2171001_S_Sulphur_soap,0.00353266,brand_unit;legacy_block,
S2171001_S_RYG-SANWD-2,S2171001_S_Sulphur_soap,0.01462872,brand_unit;legacy_block,
S2188001_S_AVNbarXERACALM100g0684,S2188001_S_AVNcleananceSOLID100g8021,0.00452315,brand_unit;legacy_block,
S2188001_S_AVNbarXERACALM100g0684,S2188001_S_AVNcoldBARsoap100g8992,0.02919272,brand_unit;legacy_block,
S2188001_S_AVNbarXERACALM100g0684,S2188001_S_AVNxeraADultracleansBar100g8472,0.15059831,brand_unit;legacy_block,
S2188001_S_AVNcleananceSOLID100g8021,S2188001_S_AVNcoldBARsoap100g8992,0.01754535,brand_unit;legacy_block,
S2188001_S_AVNcleananceSOLID100g8021,S2188001_S_AVNxeraADultracleansBar100g8472,0.06032821,brand_unit;legacy_block,
S2188001_S_AVNcoldBARsoap100g8992,S2188001_S_AVNxeraADultracleansBar100g8472,0.35229754,brand_unit;legacy_block,
S2188001_S_SBMDcleansingBAR100g1180,S2188001_S_SBMDcleansingBAR100g3672,0.98473211,brand_unit;legacy_block,
S2188001_S_SBMDcleansingBAR100g1180,S2188001_S_SBMDclearfaceCleanBAR100g8548BIS,0.99634650,brand_unit;legacy_block,
S2188001_S_SBMDcleansingBAR100g3672,S2188001_S_SBMDclearfaceCleanBAR100g8548BIS,0.98830894,brand_unit;legacy_block;semantic_topk,0.42782938
S2232001_S_GOS2011X2,S2232001_S_GOS2028X2,,brand_unit;legacy_block,
S2232001_S_GOS2011X2,S2232001_S_GOS2042X2,,brand_unit;legacy_block;semantic_topk,0.94892555
S2232001_S_GOS2011X2,S2232001_S_GOS2053X2,,brand_unit;legacy_block;semantic_topk,0.93094981
S2232001_S_GOS2011X2,S2232001_S_GOS2059X2,,brand_unit;legacy_block;semantic_topk,0.92615670
S2232001_S_GOS2011X2,S2232001_S_GOS2066X2,,brand_unit;legacy_block;semantic_topk,0.92178941
S2232001_S_GOS2011X2,S2232001_S_GOS4053X2,,brand_unit;legacy_block;semantic_topk,0.92145008
S2232001_S_GOS2011X2,S6258001_S_GOS2011X2,1.00000000,brand_unit;legacy_block;packfree_exact;semantic_topk,0.78699929
S2232001_S_GOS2011X2,S6258001_S_GOS2028X2,,brand_unit;legacy_block,
S2232001_S_GOS2011X2,S6258001_S_GOS2042X2,,brand_unit;legacy_block;semantic_topk,0.73057646
S2232001_S_GOS2011X2,S6258001_S_GOS2059X2,,brand_unit;legacy_block,
S2232001_S_GOS2011X2,S6375001_S_9349254004053,0.99706911,brand_unit,
S2232001_S_GOS2011X2,S6375001_S_9349254006286,,brand_unit,
S2232001_S_GOS2028X2,S2232001_S_GOS2042X2,0.87655292,brand_unit;legacy_block,
S2232001_S_GOS2028X2,S2232001_S_GOS2053X2,,brand_unit;legacy_block,
S2232001_S_GOS2028X2,S2232001_S_GOS2059X2,,brand_unit;legacy_block,
S2232001_S_GOS2028X2,S2232001_S_GOS2066X2,,brand_unit;legacy_block,
S2232001_S_GOS2028X2,S2232001_S_GOS4053X2,,brand_unit;legacy_block,
S2232001_S_GOS2028X2,S6258001_S_GOS2011X2,,brand_unit;legacy_block,
S2232001_S_GOS2028X2,S6258001_S_GOS2028X2,1.00000000,brand_unit;legacy_block;packfree_exact;semantic_topk,1.00000036
S2232001_S_GOS2028X2,S6258001_S_GOS2042X2,0.39933961,brand_unit;legacy_block,
S2232001_S_GOS2028X2,S6258001_S_GOS2059X2,,brand_unit;legacy_block;semantic_topk,0.44156167
S2232001_S_GOS2028X2,S6375001_S_9349254004053,0.44727128,brand_unit;semantic_topk,0.47782230
S2232001_S_GOS2028X2,S6375001_S_9349254006286,,brand_unit,
S2232001_S_GOS2042X2,S2232001_S_GOS2053X2,,brand_unit;legacy_block;semantic_topk,0.92760509
S2232001_S_GOS2042X2,S2232001_S_GOS2059X2,0.00815354,brand_unit;legacy_block;semantic_topk,0.92257595
S2232001_S_GOS2042X2,S2232001_S_GOS2066X2,,brand_unit;legacy_block;semantic_topk,0.91806787
S2232001_S_GOS2042X2,S2232001_S_GOS4053X2,,brand_unit;legacy_block;semantic_topk,0.91634780
S2232001_S_GOS2042X2,S6258001_S_GOS2011X2,,brand_unit;legacy_block;semantic_topk,0.75903690
S2232001_S_GOS2042X2,S6258001_S_GOS2028X2,0.87655292,brand_unit;legacy_block,
S2232001_S_GOS2042X2,S6258001_S_GOS2042X2,1.00000000,brand_unit;legacy_block;packfree_exact;semantic_topk,0.78024012
S2232001_S_GOS2042X2,S6258001_S_GOS2059X2,0.90944884,brand_unit;legacy_block,
S2232001_S_GOS2042X2,S6375001_S_9349254004053,0.99766567,brand_unit,
S2232001_S_GOS2042X2,S6375001_S_9349254006286,0.00301247,brand_unit,
S2232001_S_GOS2053X2,S2232001_S_GOS2059X2,0.01761254,brand_unit;legacy_block;semantic_topk,0.90649408
S2232001_S_GOS2053X2,S2232001_S_GOS2066X2,,brand_unit;legacy_block;semantic_topk,0.90572989
S2232001_S_GOS2053X2,S2232001_S_GOS4053X2,,brand_unit;legacy_block;semantic_topk,0.90593702
S2232001_S_GOS2053X2,S6258001_S_GOS2011X2,,brand_unit;legacy_block;semantic_topk,0.74420971
S2232001_S_GOS2053X2,S6258001_S_GOS2028X2,,brand_unit;legacy_block,
S2232001_S_GOS2053X2,S6258001_S_GOS2042X2,,brand_unit;legacy_block;semantic_topk,0.74334496
S2232001_S_GOS2053X2,S6258001_S_GOS2059X2,0.95358882,brand_unit;legacy_block,
S2232001_S_GOS2053X2,S6375001_S_9349254004053,0.99743283,brand_unit,
S2232001_S_GOS2053X2,S6375001_S_9349254006286,,brand_unit,
S2232001_S_GOS2059X2,S2232001_S_GOS2066X2,0.01549890,brand_unit;legacy_block;semantic_topk,0.89416689
S2232001_S_GOS2059X2,S2232001_S_GOS4053X2,,brand_unit;legacy_block;semantic_topk,0.89405453
S2232001_S_GOS2059X2,S6258001_S_GOS2011X2,,brand_unit;legacy_block;semantic_topk,0.73928839
S2232001_S_GOS2059X2,S6258001_S_GOS2028X2,,brand_unit;legacy_block,
S2232001_S_GOS2059X2,S6258001_S_GOS2042X2,0.01053620,brand_unit;legacy_block;semantic_topk,0.71043736
S2232001_S_GOS2059X2,S6258001_S_GOS2059X2,0.99983415,brand_unit;legacy_block,
S2232001_S_GOS2059X2,S6375001_S_9349254004053,0.99318081,brand_unit,
S2232001_S_GOS2059X2,S6375001_S_9349254006286,0.00280143,brand_unit,
S2232001_S_GOS2066X2,S2232001_S_GOS4053X2,,brand_unit;legacy_block;semantic_topk,0.92232966
S2232001_S_GOS2066X2,S6258001_S_GOS2011X2,,brand_unit;legacy_block;semantic_topk,0.73551404
S2232001_S_GOS2066X2,S6258001_S_GOS2028X2,,brand_unit;legacy_block,
S2232001_S_GOS2066X2,S6258001_S_GOS2042X2,,brand_unit;legacy_block;semantic_topk,0.70795059
S2232001_S_GOS2066X2,S6258001_S_GOS2059X2,0.94748445,brand_unit;legacy_block,
S2232001_S_GOS2066X2,S6375001_S_9349254004053,0.99713642,brand_unit,
S2232001_S_GOS2066X2,S6375001_S_9349254006286,,brand_unit,
S2232001_S_GOS4053X2,S6258001_S_GOS2011X2,,brand_unit;legacy_block;semantic_topk,0.73322475
S2232001_S_GOS4053X2,S6258001_S_GOS2028X2,,brand_unit;legacy_block,
S2232001_S_GOS4053X2,S6258001_S_GOS2042X2,,brand_unit;legacy_block;semantic_topk,0.70238155
S2232001_S_GOS4053X2,S6258001_S_GOS2059X2,,brand_unit;legacy_block,
S2232001_S_GOS4053X2,S6375001_S_9349254004053,,brand_unit,
S2232001_S_GOS4053X2,S6375001_S_9349254006286,,brand_unit,
S2232001_S_PEA05176X2,S2232001_S_PEA08321X2,0.10586119,brand_unit;legacy_block;semantic_topk,0.54626817
S2232001_S_PEA05176X2,S2232001_S_PEA24023X2,,brand_unit;legacy_block;semantic_topk,0.61421478
S2232001_S_PEA08321X2,S2232001_S_PEA24023X2,0.10610137,brand_unit;legacy_block;semantic_topk,0.51863235
S2232001_S_TDP06602,S6375001_S_9312146006602,0.96938902,brand_unit,
S2262001_S_Bountypepper,S2262001_S_bountyblack,0.07777130,brand_unit;legacy_block;semantic_topk,0.93344665
S2262001_S_Bountypepper,S2262001_S_bountyoil,0.14280160,brand_unit;legacy_block;semantic_topk,0.92401993
S2262001_S_bountyblack,S2262001_S_bountyoil,0.26538327,brand_unit;legacy_block;semantic_topk,0.93043220
S2270001_S_TV-050080100,S2270001_S_TV-050270100,0.02102488,brand_unit;legacy_block,
S2552001_S_10091DOV_BAR_SOA_MD,S2552002_S_10091_HHL,1.00000000,brand_unit;legacy_block;packfree_exact;semantic_topk,0.99999982
S2552001_S_10091DOV_BAR_SOA_MD,S6136001_S_4NO5C,,brand_unit;legacy_block,
S2552002_S_10091_HHL,S6136001_S_4NO5C,,brand_unit;legacy_block,
S2802001_S_CussonsBathSoap,S2802001_S_DettolOriginalSoap,0.12368240,semantic_topk,0.55160385
S2802001_S_CussonsBathSoap,S2802001_S_DettolSkinCareSoap,0.15854504,semantic_topk,0.53740662
S2802001_S_CussonsBathSoap,S6136001_S_4NO5,0.21327998,brand_unit,
S2802001_S_DettolOriginalSoap,S2802001_S_DettolSkinCareSoap,0.00366795,brand_unit;legacy_block;semantic_topk,0.82801813
S2858001_S_10037,S2858001_S_10037A,,brand_unit;legacy_block,
S2858001_S_10037,S2858001_S_10038,0.00731139,brand_unit;legacy_block;semantic_topk,0.91355932
S2858001_S_10037,S2858001_S_10038A,0.75452776,brand_unit;legacy_block,
S2858001_S_10037,S2858001_S_10039,0.19175276,brand_unit;legacy_block;semantic_topk,0.91279650
S2858001_S_10037,S2858001_S_10039A,,brand_unit;legacy_block,
S2858001_S_10037,S2858001_S_10040,,brand_unit;legacy_block;semantic_topk,0.89320529
S2858001_S_10037,S2858001_S_10040A,,brand_unit;legacy_block,
S2858001_S_10037,S2858001_S_10041,,brand_unit;legacy_block;semantic_topk,0.89449626
S2858001_S_10037,S2858001_S_10041A,,brand_unit;legacy_block,
S2858001_S_10037,S2858001_S_10042,0.14996430,brand_unit;legacy_block;semantic_topk,0.91619235
S2858001_S_10037,S2858001_S_10043,,brand_unit;legacy_block;semantic_topk,0.90898377
S2858001_S_10037,S2858001_S_10043A,,brand_unit;legacy_block,
S2858001_S_10037,S2858001_S_10044,,brand_unit;legacy_block;semantic_topk,0.92063594
S2858001_S_10037,S2858001_S_10044A,,brand_unit;legacy_block,
S2858001_S_10037,S2858001_S_10046,,brand_unit;legacy_block;semantic_topk,0.89239109
S2858001_S_10037,S2858001_S_10046A,,brand_unit;legacy_block,
S2858001_S_10037,S2858001_S_10047,,brand_unit;legacy_block;semantic_topk,0.89840472
S2858001_S_10037,S2858001_S_10047A,,brand_unit;legacy_block,
S2858001_S_10037,S2858001_S_10048,,brand_unit,
S2858001_S_10037,S2858001_S_10048A,,brand_unit;legacy_block,
S2858001_S_10037,S2858001_S_Gift-NSP-A,,brand_unit;legacy_block,
S2858001_S_10037A,S2858001_S_10038,0.48775093,brand_unit;legacy_block,
S2858001_S_10037A,S2858001_S_10038A,0.00984758,brand_unit;legacy_block;semantic_topk,0.82711822
S2858001_S_10037A,S2858001_S_10039,0.29744125,brand_unit;legacy_block,
S2858001_S_10037A,S2858001_S_10039A,0.00263744,brand_unit;legacy_block;semantic_topk,0.78699672
S2858001_S_10037A,S2858001_S_10040,,brand_unit;legacy_block,
S2858001_S_10037A,S2858001_S_10040A,,brand_unit;legacy_block;semantic_topk,0.78508681
S2858001_S_10037A,S2858001_S_10041,,brand_unit;legacy_block,
S2858001_S_10037A,S2858001_S_10041A,,brand_unit;legacy_block,
S2858001_S_10037A,S2858001_S_10042,,brand_unit;legacy_block,
S2858001_S_10037A,S2858001_S_10043,,brand_unit;legacy_block,
S2858001_S_10037A,S2858001_S_10043A,,brand_unit;legacy_block;semantic_topk,0.77584887
S2858001_S_10037A,S2858001_S_10044,,brand_unit;legacy_block,
S2858001_S_10037A,S2858001_S_10044A,,brand_unit;legacy_block;semantic_topk,0.79121482
S2858001_S_10037A,S2858001_S_10046,,brand_unit;legacy_block,
S2858001_S_10037A,S2858001_S_10046A,,brand_unit;legacy_block;semantic_topk,0.78772229
S2858001_S_10037A,S2858001_S_10047,,brand_unit;legacy_block,
S2858001_S_10037A,S2858001_S_10047A,,brand_unit;legacy_block;semantic_topk,0.75608063
S2858001_S_10037A,S2858001_S_10048,,brand_unit;semantic_topk,0.77742958
S2858001_S_10037A,S2858001_S_10048A,,brand_unit;legacy_block;semantic_topk,0.80483985
S2858001_S_10037A,S2858001_S_Gift-NSP-A,0.04805101,brand_unit;legacy_block;semantic_topk,0.81861585
S2858001_S_10038,S2858001_S_10038A,0.98929926,brand_unit;legacy_block,
S2858001_S_10038,S2858001_S_10039,0.00668833,brand_unit;legacy_block;semantic_topk,0.90306711
S2858001_S_10038,S2858001_S_10039A,0.58595737,brand_unit;legacy_block,
S2858001_S_10038,S2858001_S_10040,0.00731139,brand_unit;legacy_block;semantic_topk,0.90710831
S2858001_S_10038,S2858001_S_10040A,0.53957680,brand_unit;legacy_block,
S2858001_S_10038,S2858001_S_10041,0.00635096,brand_unit;legacy_block;semantic_topk,0.89971471
S2858001_S_10038,S2858001_S_10041A,0.00276518,brand_unit;legacy_block,
S2858001_S_10038,S2858001_S_10042,0.01528216,brand_unit;legacy_block;semantic_topk,0.90464389
S2858001_S_10038,S2858001_S_10043,0.00668833,brand_unit;legacy_block;semantic_topk,0.91021675
S2858001_S_10038,S2858001_S_10043A,0.48487621,brand_unit;legacy_block,
S2858001_S_10038,S2858001_S_10044,0.00731139,brand_unit;legacy_block;semantic_topk,0.91364259
S2858001_S_10038,S2858001_S_10044A,0.50132778,brand_unit;legacy_block,
S2858001_S_10038,S2858001_S_10046,0.00594878,brand_unit;legacy_block;semantic_topk,0.91009176
S2858001_S_10038,S2858001_S_10046A,0.53957680,brand_unit;legacy_block,
S2858001_S_10038,S2858001_S_10047,0.00673072,brand_unit;legacy_block;semantic_topk,0.90262699
S2858001_S_10038,S2858001_S_10047A,0.47725776,brand_unit;legacy_block,
S2858001_S_10038,S2858001_S_10048,0.02531990,brand_unit,
S2858001_S_10038,S2858001_S_10048A,0.50132778,brand_unit;legacy_block,
S2858001_S_10038,S2858001_S_Gift-NSP-A,0.70172422,brand_unit;legacy_block,
S2858001_S_10038A,S2858001_S_10039,0.71319187,brand_unit;legacy_block,
S2858001_S_10038A,S2858001_S_10039A,0.01028241,brand_unit;legacy_block;semantic_topk,0.79630291
S2858001_S_10038A,S2858001_S_10040,0.90871577,brand_unit;legacy_block,
S2858001_S_10038A,S2858001_S_10040A,0.02676368,brand_unit;legacy_block;semantic_topk,0.79557580
S2858001_S_10038A,S2858001_S_10041,0.66432148,brand_unit;legacy_block,
S2858001_S_10038A,S2858001_S_10041A,0.22279091,brand_unit;legacy_block,
S2858001_S_10038A,S2858001_S_10042,0.92221802,brand_unit;legacy_block,
S2858001_S_10038A,S2858001_S_10043,0.89890405,brand_unit;legacy_block,
S2858001_S_10038A,S2858001_S_10043A,0.00225889,brand_unit;legacy_block;semantic_topk,0.78338557
S2858001_S_10038A,S2858001_S_10044,0.26715054,brand_unit;legacy_block,
S2858001_S_10038A,S2858001_S_10044A,0.00997882,brand_unit;legacy_block;semantic_topk,0.79971892
S2858001_S_10038A,S2858001_S_10046,0.45790128,brand_unit;legacy_block,
S2858001_S_10038A,S2858001_S_10046A,0.03399937,brand_unit;legacy_block;semantic_topk,0.82632810
S2858001_S_10038A,S2858001_S_10047,0.66387745,brand_unit;legacy_block,
S2858001_S_10038A,S2858001_S_10047A,0.00189973,brand_unit;legacy_block;semantic_topk,0.76193404
S2858001_S_10038A,S2858001_S_10048,0.05531851,brand_unit;semantic_topk,0.81980431
S2858001_S_10038A,S2858001_S_10048A,0.35623682,brand_unit;legacy_block;semantic_topk,0.84480220
S2858001_S_10038A,S2858001_S_Gift-NSP-A,0.02301836,brand_unit;legacy_block;semantic_topk,0.79195970
S2858001_S_10039,S2858001_S_10039A,0.37793597,brand_unit;legacy_block,
S2858001_S_10039,S2858001_S_10040,0.02113472,brand_unit;legacy_block;semantic_topk,0.88902521
S2858001_S_10039,S2858001_S_10040A,0.58855395,brand_unit;legacy_block,
S2858001_S_10039,S2858001_S_10041,0.01885782,brand_unit;legacy_block;semantic_topk,0.89108706
S2858001_S_10039,S2858001_S_10041A,0.01381664,brand_unit;legacy_block,
S2858001_S_10039,S2858001_S_10042,0.03488441,brand_unit;legacy_block;semantic_topk,0.90194899
S2858001_S_10039,S2858001_S_10043,0.02113472,brand_unit;legacy_block;semantic_topk,0.88980484
S2858001_S_10039,S2858001_S_10043A,0.62231359,brand_unit;legacy_block,
S2858001_S_10039,S2858001_S_10044,0.00476119,brand_unit;legacy_block;semantic_topk,0.89174247
S2858001_S_10039,S2858001_S_10044A,0.64673421,brand_unit;legacy_block,
S2858001_S_10039,S2858001_S_10046,,brand_unit;legacy_block;semantic_topk,0.90031046
S2858001_S_10039,S2858001_S_10046A,,brand_unit;legacy_block,
S2858001_S_10039,S2858001_S_10047,0.00803427,brand_unit;legacy_block;semantic_topk,0.89220846
S2858001_S_10039,S2858001_S_10047A,0.39205226,brand_unit;legacy_block,
S2858001_S_10039,S2858001_S_10048,0.01748717,brand_unit,
S2858001_S_10039,S2858001_S_10048A,0.64399629,brand_unit;legacy_block,
S2858001_S_10039,S2858001_S_Gift-NSP-A,0.73331285,brand_unit;legacy_block,
S2858001_S_10039A,S2858001_S_10040,,brand_unit;legacy_block,
S2858001_S_10039A,S2858001_S_10040A,0.01372262,brand_unit;legacy_block;semantic_topk,0.84080368
S2858001_S_10039A,S2858001_S_10041,,brand_unit;legacy_block,
S2858001_S_10039A,S2858001_S_10041A,0.11979931,brand_unit;legacy_block,
S2858001_S_10039A,S2858001_S_10042,,brand_unit;legacy_block,
S2858001_S_10039A,S2858001_S_10043,,brand_unit;legacy_block,
S2858001_S_10039A,S2858001_S_10043A,0.00863359,brand_unit;legacy_block;semantic_topk,0.82082653
S2858001_S_10039A,S2858001_S_10044,,brand_unit;legacy_block,
S2858001_S_10039A,S2858001_S_10044A,,brand_unit;legacy_block;semantic_topk,0.84256727
S2858001_S_10039A,S2858001_S_10046,,brand_unit;legacy_block,
S2858001_S_10039A,S2858001_S_10046A,0.01316803,brand_unit;legacy_block;semantic_topk,0.82326156
S2858001_S_10039A,S2858001_S_10047,0.85961427,brand_unit;legacy_block,
S2858001_S_10039A,S2858001_S_10047A,0.02013232,brand_unit;legacy_block;semantic_topk,0.77864742
S2858001_S_10039A,S2858001_S_10048,0.00041899,brand_unit;semantic_topk,0.79770178
S2858001_S_10039A,S2858001_S_10048A,0.01273626,brand_unit;legacy_block;semantic_topk,0.83041292
S2858001_S_10039A,S2858001_S_Gift-NSP-A,0.02277242,brand_unit;legacy_block;semantic_topk,0.79223907
S2858001_S_10040,S2858001_S_10040A,,brand_unit;legacy_block,
S2858001_S_10040,S2858001_S_10041,,brand_unit;legacy_block;semantic_topk,0.89834368
S2858001_S_10040,S2858001_S_10041A,,brand_unit;legacy_block,
S2858001_S_10040,S2858001_S_10042,0.03866612,brand_unit;legacy_block;semantic_topk,0.89518327
S2858001_S_10040,S2858001_S_10043,,brand_unit;legacy_block;semantic_topk,0.89731807
S2858001_S_10040,S2858001_S_10043A,,brand_unit;legacy_block,
S2858001_S_10040,S2858001_S_10044,,brand_unit;legacy_block;semantic_topk,0.92285615
S2858001_S_10040,S2858001_S_10044A,,brand_unit;legacy_block,
S2858001_S_10040,S2858001_S_10046,0.09577325,brand_unit;legacy_block;semantic_topk,0.90962195
S2858001_S_10040,S2858001_S_10046A,,brand_unit;legacy_block,
S2858001_S_10040,S2858001_S_10047,,brand_unit;legacy_block;semantic_topk,0.88273257
S2858001_S_10040,S2858001_S_10047A,,brand_unit;legacy_block,
S2858001_S_10040,S2858001_S_10048,,brand_unit,
S2858001_S_10040,S2858001_S_10048A,,brand_unit;legacy_block,
S2858001_S_10040,S2858001_S_Gift-NSP-A,,brand_unit;legacy_block,
S2858001_S_10040A,S2858001_S_10041,,brand_unit;legacy_block,
S2858001_S_10040A,S2858001_S_10041A,,brand_unit;legacy_block;semantic_topk,0.41106316
S2858001_S_10040A,S2858001_S_10042,,brand_unit;legacy_block,
S2858001_S_10040A,S2858001_S_10043,,brand_unit;legacy_block,
S2858001_S_10040A,S2858001_S_10043A,,brand_unit;legacy_block;semantic_topk,0.84490907
S2858001_S_10040A,S2858001_S_10044,,brand_unit;legacy_block,
S2858001_S_10040A,S2858001_S_10044A,,brand_unit;legacy_block;semantic_topk,0.82833552
S2858001_S_10040A,S2858001_S_10046,,brand_unit;legacy_block,
S2858001_S_10040A,S2858001_S_10046A,0.03352699,brand_unit;legacy_block;semantic_topk,0.82427973
S2858001_S_10040A,S2858001_S_10047,,brand_unit;legacy_block,
S2858001_S_10040A,S2858001_S_10047A,,brand_unit;legacy_block;semantic_topk,0.82870895
S2858001_S_10040A,S2858001_S_10048,0.00596189,brand_unit;semantic_topk,0.79696804
S2858001_S_10040A,S2858001_S_10048A,0.05508010,brand_unit;legacy_block;semantic_topk,0.82178599
S2858001_S_10040A,S2858001_S_Gift-NSP-A,,brand_unit;legacy_block;semantic_topk,0.79427457
S2858001_S_10041,S2858001_S_10041A,,brand_unit;legacy_block,
S2858001_S_10041,S2858001_S_10042,0.03044455,brand_unit;legacy_block;semantic_topk,0.88574272
S2858001_S_10041,S2858001_S_10043,,brand_unit;legacy_block;semantic_topk,0.89122337
S2858001_S_10041,S2858001_S_10043A,,brand_unit;legacy_block,
S2858001_S_10041,S2858001_S_10044,,brand_unit;legacy_block;semantic_topk,0.91110235
S2858001_S_10041,S2858001_S_10044A,,brand_unit;legacy_block,
S2858001_S_10041,S2858001_S_10046,0.18282517,brand_unit;legacy_block;semantic_topk,0.90030986
S2858001_S_10041,S2858001_S_10046A,,brand_unit;legacy_block,
S2858001_S_10041,S2858001_S_10047,,brand_unit;legacy_block;semantic_topk,0.88960248
S2858001_S_10041,S2858001_S_10047A,,brand_unit;legacy_block,
S2858001_S_10041,S2858001_S_10048,,brand_unit,
S2858001_S_10041,S2858001_S_10048A,,brand_unit;legacy_block,
S2858001_S_10041,S2858001_S_Gift-NSP-A,,brand_unit;legacy_block,
S2858001_S_10041A,S2858001_S_10042,,brand_unit;legacy_block,
S2858001_S_10041A,S2858001_S_10043,,brand_unit;legacy_block,
S2858001_S_10041A,S2858001_S_10043A,,brand_unit;legacy_block,
S2858001_S_10041A,S2858001_S_10044,,brand_unit;legacy_block,
S2858001_S_10041A,S2858001_S_10044A,,brand_unit;legacy_block,
S2858001_S_10041A,S2858001_S_10046,,brand_unit;legacy_block,
S2858001_S_10041A,S2858001_S_10046A,0.06415646,brand_unit;legacy_block,
S2858001_S_10041A,S2858001_S_10047,,brand_unit;legacy_block,
S2858001_S_10041A,S2858001_S_10047A,,brand_unit;legacy_block,
S2858001_S_10041A,S2858001_S_10048,0.01062460,brand_unit,
S2858001_S_10041A,S2858001_S_10048A,0.22025319,brand_unit;legacy_block,
S2858001_S_10041A,S2858001_S_Gift-NSP-A,,brand_unit;legacy_block,
S2858001_S_10042,S2858001_S_10043,0.03044455,brand_unit;legacy_block;semantic_topk,0.89055550
S2858001_S_10042,S2858001_S_10043A,,brand_unit;legacy_block,
S2858001_S_10042,S2858001_S_10044,0.02357945,brand_unit;legacy_block;semantic_topk,0.88811970
S2858001_S_10042,S2858001_S_10044A,,brand_unit;legacy_block,
S2858001_S_10042,S2858001_S_10046,,brand_unit;legacy_block;semantic_topk,0.90181613
S2858001_S_10042,S2858001_S_10046A,,brand_unit;legacy_block,
S2858001_S_10042,S2858001_S_10047,,brand_unit;legacy_block;semantic_topk,0.88229936
S2858001_S_10042,S2858001_S_10047A,,brand_unit;legacy_block,
S2858001_S_10042,S2858001_S_10048,,brand_unit,
S2858001_S_10042,S2858001_S_10048A,,brand_unit;legacy_block,
S2858001_S_10042,S2858001_S_Gift-NSP-A,,brand_unit;legacy_block,
S2858001_S_10043,S2858001_S_10043A,,brand_unit;legacy_block,
S2858001_S_10043,S2858001_S_10044,,brand_unit;legacy_block;semantic_topk,0.90655708
S2858001_S_10043,S2858001_S_10044A,,brand_unit;legacy_block,
S2858001_S_10043,S2858001_S_10046,,brand_unit;legacy_block;semantic_topk,0.89331830
S2858001_S_10043,S2858001_S_10046A,,brand_unit;legacy_block,
S2858001_S_10043,S2858001_S_10047,,brand_unit;legacy_block;semantic_topk,0.89156580
S2858001_S_10043,S2858001_S_10047A,,brand_unit;legacy_block,
S2858001_S_10043,S2858001_S_10048,,brand_unit,
S2858001_S_10043,S2858001_S_10048A,,brand_unit;legacy_block,
S2858001_S_10043,S2858001_S_Gift-NSP-A,,brand_unit;legacy_block,
S2858001_S_10043A,S2858001_S_10044,,brand_unit;legacy_block,
S2858001_S_10043A,S2858001_S_10044A,,brand_unit;legacy_block;semantic_topk,0.80200857
S2858001_S_10043A,S2858001_S_10046,,brand_unit;legacy_block,
S2858001_S_10043A,S2858001_S_10046A,,brand_unit;legacy_block;semantic_topk,0.81842655
S2858001_S_10043A,S2858001_S_10047,,brand_unit;legacy_block,
S2858001_S_10043A,S2858001_S_10047A,,brand_unit;legacy_block;semantic_topk,0.77969825
S2858001_S_10043A,S2858001_S_10048,,brand_unit;semantic_topk,0.78138089
S2858001_S_10043A,S2858001_S_10048A,,brand_unit;legacy_block;semantic_topk,0.79445356
S2858001_S_10043A,S2858001_S_Gift-NSP-A,,brand_unit;legacy_block;semantic_topk,0.78948098
S2858001_S_10044,S2858001_S_10044A,0.18170072,brand_unit;legacy_block,
S2858001_S_10044,S2858001_S_10046,,brand_unit;legacy_block;semantic_topk,0.90257078
S2858001_S_10044,S2858001_S_10046A,,brand_unit;legacy_block,
S2858001_S_10044,S2858001_S_10047,,brand_unit;legacy_block;semantic_topk,0.89206183
S2858001_S_10044,S2858001_S_10047A,,brand_unit;legacy_block,
S2858001_S_10044,S2858001_S_10048,,brand_unit,
S2858001_S_10044,S2858001_S_10048A,,brand_unit;legacy_block,
S2858001_S_10044,S2858001_S_Gift-NSP-A,,brand_unit;legacy_block,
S2858001_S_10044A,S2858001_S_10046,,brand_unit;legacy_block,
S2858001_S_10044A,S2858001_S_10046A,0.00979429,brand_unit;legacy_block;semantic_topk,0.81479472
S2858001_S_10044A,S2858001_S_10047,,brand_unit;legacy_block,
S2858001_S_10044A,S2858001_S_10047A,,brand_unit;legacy_block;semantic_topk,0.77107280
S2858001_S_10044A,S2858001_S_10048,0.00168423,brand_unit;semantic_topk,0.80449432
S2858001_S_10044A,S2858001_S_10048A,,brand_unit;legacy_block;semantic_topk,0.81954193
S2858001_S_10044A,S2858001_S_Gift-NSP-A,,brand_unit;legacy_block;semantic_topk,0.79396152
S2858001_S_10046,S2858001_S_10046A,0.83122145,brand_unit;legacy_block,
S2858001_S_10046,S2858001_S_10047,,brand_unit;legacy_block;semantic_topk,0.88273972
S2858001_S_10046,S2858001_S_10047A,,brand_unit;legacy_block,
S2858001_S_10046,S2858001_S_10048,,brand_unit,
S2858001_S_10046,S2858001_S_10048A,,brand_unit;legacy_block,
S2858001_S_10046,S2858001_S_Gift-NSP-A,,brand_unit;legacy_block,
S2858001_S_10046A,S2858001_S_10047,,brand_unit;legacy_block,
S2858001_S_10046A,S2858001_S_10047A,,brand_unit;legacy_block;semantic_topk,0.79351860
S2858001_S_10046A,S2858001_S_10048,,brand_unit;semantic_topk,0.79988313
S2858001_S_10046A,S2858001_S_10048A,,brand_unit;legacy_block;semantic_topk,0.82687432
S2858001_S_10046A,S2858001_S_Gift-NSP-A,,brand_unit;legacy_block;semantic_topk,0.79795891
S2858001_S_10047,S2858001_S_10047A,0.42356656,brand_unit;legacy_block,
S2858001_S_10047,S2858001_S_10048,,brand_unit,
S2858001_S_10047,S2858001_S_10048A,,brand_unit;legacy_block,
S2858001_S_10047,S2858001_S_Gift-NSP-A,,brand_unit;legacy_block,
S2858001_S_10047A,S2858001_S_10048,,brand_unit;semantic_topk,0.75050920
S2858001_S_10047A,S2858001_S_10048A,,brand_unit;legacy_block;semantic_topk,0.77670157
S2858001_S_10047A,S2858001_S_Gift-NSP-A,,brand_unit;legacy_block;semantic_topk,0.75137442
S2858001_S_10048,S2858001_S_10048A,0.09312937,brand_unit;semantic_topk,0.91362780
S2858001_S_10048,S2858001_S_Gift-NSP-A,,brand_unit;semantic_topk,0.77972925
S2858001_S_10048,S2858001_S_NOM-SOAP-MIX-A,,brand_unit,
S2858001_S_10048,S2858001_S_NOM-SOAP-MIX-B,,brand_unit,
S2858001_S_10048A,S2858001_S_Gift-NSP-A,,brand_unit;legacy_block;semantic_topk,0.78949565
S3046001_S_Aleppo_1_20,S3046001_S_Aleppo_1_30,0.99964731,brand_unit;legacy_block;semantic_topk,0.52771389
S3046001_S_Aleppo_1_20,S3046001_S_Aleppo_2_20,1.00000000,brand_unit;legacy_block;packfree_exact;semantic_topk,0.97181332
S3046001_S_Aleppo_1_20,S3046001_S_Aleppo_2_30,1.00000000,brand_unit;legacy_block;semantic_topk,0.46264243
S3046001_S_Aleppo_1_20,S3046001_S_Aleppo_4_20,1.00000000,brand_unit;legacy_block;packfree_exact;semantic_topk,0.85954362
S3046001_S_Aleppo_1_20,S3046001_S_Aleppo_4_30,1.00000000,brand_unit;legacy_block;semantic_topk,0.45778301
S3046001_S_Aleppo_1_30,S3046001_S_Aleppo_2_20,1.00000000,brand_unit;legacy_block;semantic_topk,0.50695819
S3046001_S_Aleppo_1_30,S3046001_S_Aleppo_2_30,1.00000000,brand_unit;legacy_block;packfree_exact;semantic_topk,0.89639592
S3046001_S_Aleppo_1_30,S3046001_S_Aleppo_4_20,1.00000000,brand_unit;legacy_block;semantic_topk,0.47467193
S3046001_S_Aleppo_1_30,S3046001_S_Aleppo_4_30,1.00000000,brand_unit;legacy_block;packfree_exact;semantic_topk,0.89739615
S3046001_S_Aleppo_1_40,S3046001_S_Aleppo_2_40,1.00000000,brand_unit;legacy_block;packfree_exact;semantic_topk,0.86507529
S3046001_S_Aleppo_1_40,S3046001_S_Aleppo_4_40,1.00000000,brand_unit;legacy_block;packfree_exact;semantic_topk,0.86689669
S3046001_S_Aleppo_2_20,S3046001_S_Aleppo_2_30,0.99964731,brand_unit;legacy_block;semantic_topk,0.45776796
S3046001_S_Aleppo_2_20,S3046001_S_Aleppo_4_20,1.00000000,brand_unit;legacy_block;packfree_exact;semantic_topk,0.84928572
S3046001_S_Aleppo_2_20,S3046001_S_Aleppo_4_30,1.00000000,brand_unit;legacy_block;semantic_topk,0.45297676
S3046001_S_Aleppo_2_30,S3046001_S_Aleppo_4_20,1.00000000,brand_unit;legacy_block;semantic_topk,0.54233271
S3046001_S_Aleppo_2_30,S3046001_S_Aleppo_4_30,1.00000000,brand_unit;legacy_block;packfree_exact;semantic_topk,0.96092308
S3046001_S_Aleppo_2_40,S3046001_S_Aleppo_4_40,1.00000000,brand_unit;legacy_block;packfree_exact;semantic_topk,0.94302112
S3046001_S_Aleppo_4_20,S3046001_S_Aleppo_4_30,0.99964731,brand_unit;legacy_block;semantic_topk,0.57813793
S3046001_S_GN-SB-AC-01,S3046001_S_GN-SB-AC-04,1.00000000,brand_unit;legacy_block;semantic_topk,0.49204466
S3046001_S_GN-SB-AC-01,S3046001_S_GN-SB-AC-10,1.00000000,brand_unit;legacy_block,
S3046001_S_GN-SB-AC-01,S3046001_S_GN-SB-AP-01,,brand_unit;legacy_block,
S3046001_S_GN-SB-AC-01,S3046001_S_GN-SB-AP-04,0.03639220,brand_unit;legacy_block,
S3046001_S_GN-SB-AC-01,S3046001_S_GN-SB-AP-10,,brand_unit;legacy_block,
S3046001_S_GN-SB-AC-01,S3046001_S_GN-SB-AR-01,0.02178583,brand_unit;legacy_block;semantic_topk,0.50469154
S3046001_S_GN-SB-AC-01,S3046001_S_GN-SB-AR-04,0.03960880,brand_unit;legacy_block,
S3046001_S_GN-SB-AC-01,S3046001_S_GN-SB-AS-01,,brand_unit;legacy_block,
S3046001_S_GN-SB-AC-01,S3046001_S_GN-SB-AS-04,,brand_unit;legacy_block,
S3046001_S_GN-SB-AC-01,S3046001_S_GN-SB-AS-10,,brand_unit;legacy_block,
S3046001_S_GN-SB-AC-01,S3046001_S_GN-SB-AV-01,,brand_unit;legacy_block;semantic_topk,0.55739570
S3046001_S_GN-SB-AC-01,S3046001_S_GN-SB-AV-04,,brand_unit;legacy_block,
S3046001_S_GN-SB-AC-01,S3046001_S_GN-SB-AV-10,,brand_unit;legacy_block,
S3046001_S_GN-SB-AC-01,S3046001_S_GN-SB-BS-01,0.01442406,brand_unit;legacy_block,
S3046001_S_GN-SB-AC-01,S3046001_S_GN-SB-BS-04,,brand_unit;legacy_block,
S3046001_S_GN-SB-AC-01,S3046001_S_GN-SB-BS-10,,brand_unit;legacy_block,
S3046001_S_GN-SB-AC-01,S3046001_S_GN-SB-CA-01,,brand_unit;legacy_block;semantic_topk,0.51532036
S3046001_S_GN-SB-AC-01,S3046001_S_GN-SB-CA-04,,brand_unit;legacy_block,
S3046001_S_GN-SB-AC-01,S3046001_S_GN-SB-CA-10,,brand_unit;legacy_block,
S3046001_S_GN-SB-AC-01,S3046001_S_GN-SB-CB-01,,brand_unit;legacy_block,
S3046001_S_GN-SB-AC-01,S3046001_S_GN-SB-CB-04,,brand_unit;legacy_block,
S3046001_S_GN-SB-AC-01,S3046001_S_GN-SB-CH-01,,brand_unit;legacy_block;semantic_topk,0.52785879
S3046001_S_GN-SB-AC-01,S3046001_S_GN-SB-CH-04-02,,brand_unit;legacy_block,
S3046001_S_GN-SB-AC-01,S3046001_S_GN-SB-CH-10,,brand_unit;legacy_block,
S3046001_S_GN-SB-AC-01,S3046001_S_GN-SB-CI-01,0.02721445,brand_unit;legacy_block,
S3046001_S_GN-SB-AC-01,S3046001_S_GN-SB-CI-04,0.19127773,brand_unit;legacy_block,
S3046001_S_GN-SB-AC-01,S3046001_S_GN-SB-CM-01,0.01712219,brand_unit;legacy_block,
S3046001_S_GN-SB-AC-01,S3046001_S_GN-SB-CM-04,,brand_unit;legacy_block,
S3046001_S_GN-SB-AC-01,S3046001_S_GN-SB-CM-10,,brand_unit;legacy_block,
S3046001_S_GN-SB-AC-01,S3046001_S_GN-SB-CN-01,0.47909994,brand_unit;legacy_block,
S3046001_S_GN-SB-AC-01,S3046001_S_GN-SB-CN-04,0.56769527,brand_unit;legacy_block,
S3046001_S_GN-SB-AC-01,S3046001_S_GN-SB-CO-01,0.01011792,brand_unit;legacy_block;semantic_topk,0.45556241
S3046001_S_GN-SB-AC-01,S3046001_S_GN-SB-CR-01,,brand_unit;legacy_block;semantic_topk,0.46330145
S3046001_S_GN-SB-AC-01,S3046001_S_GN-SB-CR-04,,brand_unit;legacy_block,
S3046001_S_GN-SB-AC-01,S3046001_S_GN-SB-CR-10,0.61524063,brand_unit;legacy_block,
S3046001_S_GN-SB-AC-01,S3046001_S_GN-SB-CS-05,0.12477789,brand_unit;legacy_block,
S3046001_S_GN-SB-AC-01,S3046001_S_GN-SB-DA-01,0.00618836,brand_unit;legacy_block;semantic_topk,0.55395043
S3046001_S_GN-SB-AC-01,S3046001_S_GN-SB-DM-01,,brand_unit;legacy_block;semantic_topk,0.46352407
S3046001_S_GN-SB-AC-01,S3046001_S_GN-SB-DM-04,,brand_unit;legacy_block,
S3046001_S_GN-SB-AC-01,S3046001_S_GN-SB-FL-01,,brand_unit;legacy_block,
S3046001_S_GN-SB-AC-01,S3046001_S_GN-SB-FL-04,,brand_unit;legacy_block,
S3046001_S_GN-SB-AC-01,S3046001_S_GN-SB-GE-05,0.10508180,brand_unit;legacy_block,
S3046001_S_GN-SB-AC-01,S3046001_S_GN-SB-GL-01,0.03040260,brand_unit;legacy_block;semantic_topk,0.49205437
S3046001_S_GN-SB-AC-01,S3046001_S_GN-SB-GL-04,,brand_unit;legacy_block,
S3046001_S_GN-SB-AC-01,S3046001_S_GN-SB-GM-01,0.01646080,brand_unit;legacy_block,
S3046001_S_GN-SB-AC-01,S3046001_S_GN-SB-GM-04,0.28579086,brand_unit;legacy_block,
S3046001_S_GN-SB-AC-01,S3046001_S_GN-SB-GR-01,,brand_unit;legacy_block;semantic_topk,0.51511240
S3046001_S_GN-SB-AC-01,S3046001_S_GN-SB-GR-04,,brand_unit;legacy_block,
S3046001_S_GN-SB-AC-01,S3046001_S_GN-SB-KE-01,0.01049565,brand_unit;legacy_block;semantic_topk,0.45475283
S3046001_S_GN-SB-AC-01,S3046001_S_GN-SB-LA-01,,brand_unit;legacy_block,
S3046001_S_GN-SB-AC-01,S3046001_S_GN-SB-LA-04,,brand_unit;legacy_block,
S3046001_S_GN-SB-AC-01,S3046001_S_GN-SB-LE-01,,brand_unit;legacy_block;semantic_topk,0.54553646
S3046001_S_GN-SB-AC-01,S3046001_S_GN-SB-LE-04,,brand_unit;legacy_block,
S3046001_S_GN-SB-AC-01,S3046001_S_GN-SB-MA-01,0.00541676,brand_unit;legacy_block;semantic_topk,0.51816273
S3046001_S_GN-SB-AC-01,S3046001_S_GN-SB-MA-04,0.05419608,brand_unit;legacy_block,
S3046001_S_GN-SB-AC-01,S3046001_S_GN-SB-NE-01,,brand_unit;legacy_block;semantic_topk,0.53887659
S3046001_S_GN-SB-AC-01,S3046001_S_GN-SB-NE-04,,brand_unit;legacy_block,
S3046001_S_GN-SB-AC-01,S3046001_S_GN-SB-NO-05,0.12477789,brand_unit;legacy_block,
S3046001_S_GN-SB-AC-01,S3046001_S_GN-SB-OO-01,,brand_unit;legacy_block;semantic_topk,0.56951469
S3046001_S_GN-SB-AC-01,S3046001_S_GN-SB-OO-04,,brand_unit;legacy_block,
S3046001_S_GN-SB-AC-01,S3046001_S_GN-SB-PF-05,0.01961335,brand_unit;legacy_block,
S3046001_S_GN-SB-AC-01,S3046001_S_GN-SB-PL-01,,brand_unit;legacy_block;semantic_topk,0.46794298
S3046001_S_GN-SB-AC-01,S3046001_S_GN-SB-PL-04,,brand_unit;legacy_block,
S3046001_S_GN-SB-AC-01,S3046001_S_GN-SB-PO-01,0.02345273,brand_unit;legacy_block,
S3046001_S_GN-SB-AC-01,S3046001_S_GN-SB-PP-05,0.32143146,brand_unit;legacy_block,
S3046001_S_GN-SB-AC-01,S3046001_S_GN-SB-RO-01,,brand_unit;legacy_block,
S3046001_S_GN-SB-AC-01,S3046001_S_GN-SB-RO-04,,brand_unit;legacy_block,
S3046001_S_GN-SB-AC-01,S3046001_S_GN-SB-RS-01,,brand_unit;legacy_block,
S3046001_S_GN-SB-AC-01,S3046001_S_GN-SB-RS-04,,brand_unit;legacy_block,
S3046001_S_GN-SB-AC-01,S3046001_S_GN-SB-SB-01,,brand_unit;legacy_block,
S3046001_S_GN-SB-AC-01,S3046001_S_GN-SB-SB-04,,brand_unit;legacy_block,
S3046001_S_GN-SB-AC-01,S3046001_S_GN-SB-SJ-01,0.01772698,brand_unit;legacy_block,
S3046001_S_GN-SB-AC-01,S3046001_S_GN-SB-SJ-04,0.10633499,brand_unit;legacy_block,
S3046001_S_GN-SB-AC-01,S3046001_S_GN-SB-SS-01,0.02226138,brand_unit;legacy_block,
S3046001_S_GN-SB-AC-01,S3046001_S_GN-SB-SS-04,0.15858178,brand_unit;legacy_block,
S3046001_S_GN-SB-AC-01,S3046001_S_GN-SB-SW-04,0.76772764,brand_unit;legacy_block,
S3046001_S_GN-SB-AC-01,S3046001_S_GN-SB-TA-01,,brand_unit;legacy_block;semantic_topk,0.58309108
S3046001_S_GN-SB-AC-01,S3046001_S_GN-SB-TA-04,,brand_unit;legacy_block,
S3046001_S_GN-SB-AC-01,S3046001_S_GN-SB-TM-01,,brand_unit;legacy_block,
S3046001_S_GN-SB-AC-01,S3046001_S_GN-SB-TM-04,,brand_unit;legacy_block,
S3046001_S_GN-SB-AC-01,S3046001_S_GN-SB-TT-01,,brand_unit;legacy_block;semantic_topk,0.46644026
S3046001_S_GN-SB-AC-01,S3046001_S_GN-SB-TT-04,,brand_unit;legacy_block,
S3046001_S_GN-SB-AC-01,S3046001_S_GN-SB-TU-01,0.01671624,brand_unit;legacy_block,
S3046001_S_GN-SB-AC-01,S3046001_S_GN-SB-TU-04,,brand_unit;legacy_block,
S3046001_S_GN-SB-AC-01,S3046001_S_GN-SB-WP-01,0.00432353,brand_unit;legacy_block;semantic_topk,0.42120999
S3046001_S_GN-SB-AC-01,S3046001_S_GN-SB-WP-04,0.13230043,brand_unit;legacy_block,
S3046001_S_GN-SB-AC-01,S3046001_S_GN10667,0.08928525,brand_unit;legacy_block,
S3046001_S_GN-SB-AC-04,S3046001_S_GN-SB-AC-10,1.00000000,brand_unit;legacy_block,
S3046001_S_GN-SB-AC-04,S3046001_S_GN-SB-AP-01,,brand_unit;legacy_block,
S3046001_S_GN-SB-AC-04,S3046001_S_GN-SB-AP-04,0.05643641,brand_unit;legacy_block;semantic_topk,0.70772904
S3046001_S_GN-SB-AC-04,S3046001_S_GN-SB-AP-10,,brand_unit;legacy_block,
S3046001_S_GN-SB-AC-04,S3046001_S_GN-SB-AR-01,0.03024161,brand_unit;legacy_block,
S3046001_S_GN-SB-AC-04,S3046001_S_GN-SB-AR-04,0.06171976,brand_unit;legacy_block;semantic_topk,0.73285538
S3046001_S_GN-SB-AC-04,S3046001_S_GN-SB-AS-01,,brand_unit;legacy_block,
S3046001_S_GN-SB-AC-04,S3046001_S_GN-SB-AS-04,,brand_unit;legacy_block,
S3046001_S_GN-SB-AC-04,S3046001_S_GN-SB-AS-10,,brand_unit;legacy_block,
S3046001_S_GN-SB-AC-04,S3046001_S_GN-SB-AV-01,,brand_unit;legacy_block,
S3046001_S_GN-SB-AC-04,S3046001_S_GN-SB-AV-04,,brand_unit;legacy_block;semantic_topk,0.73553586
S3046001_S_GN-SB-AC-04,S3046001_S_GN-SB-AV-10,,brand_unit;legacy_block,
S3046001_S_GN-SB-AC-04,S3046001_S_GN-SB-BS-01,0.02847713,brand_unit;legacy_block,
S3046001_S_GN-SB-AC-04,S3046001_S_GN-SB-BS-04,,brand_unit;legacy_block;semantic_topk,0.69507766
S3046001_S_GN-SB-AC-04,S3046001_S_GN-SB-BS-10,,brand_unit;legacy_block,
S3046001_S_GN-SB-AC-04,S3046001_S_GN-SB-CA-01,,brand_unit;legacy_block,
S3046001_S_GN-SB-AC-04,S3046001_S_GN-SB-CA-04,,brand_unit;legacy_block;semantic_topk,0.67446887
S3046001_S_GN-SB-AC-04,S3046001_S_GN-SB-CA-10,,brand_unit;legacy_block,
S3046001_S_GN-SB-AC-04,S3046001_S_GN-SB-CB-01,,brand_unit;legacy_block,
S3046001_S_GN-SB-AC-04,S3046001_S_GN-SB-CB-04,,brand_unit;legacy_block;semantic_topk,0.72964597
S3046001_S_GN-SB-AC-04,S3046001_S_GN-SB-CH-01,,brand_unit;legacy_block,
S3046001_S_GN-SB-AC-04,S3046001_S_GN-SB-CH-04-02,,brand_unit;legacy_block;semantic_topk,0.48515537
S3046001_S_GN-SB-AC-04,S3046001_S_GN-SB-CH-10,,brand_unit;legacy_block,
S3046001_S_GN-SB-AC-04,S3046001_S_GN-SB-CI-01,0.06975636,brand_unit;legacy_block,
S3046001_S_GN-SB-AC-04,S3046001_S_GN-SB-CI-04,0.00869263,brand_unit;legacy_block;semantic_topk,0.69278848
S3046001_S_GN-SB-AC-04,S3046001_S_GN-SB-CM-01,0.09369215,brand_unit;legacy_block,
S3046001_S_GN-SB-AC-04,S3046001_S_GN-SB-CM-04,,brand_unit;legacy_block;semantic_topk,0.66268378
S3046001_S_GN-SB-AC-04,S3046001_S_GN-SB-CM-10,,brand_unit;legacy_block,
S3046001_S_GN-SB-AC-04,S3046001_S_GN-SB-CN-01,0.89348799,brand_unit;legacy_block,
S3046001_S_GN-SB-AC-04,S3046001_S_GN-SB-CN-04,0.05926946,brand_unit;legacy_block,
S3046001_S_GN-SB-AC-04,S3046001_S_GN-SB-CO-01,0.06975636,brand_unit;legacy_block,
S3046001_S_GN-SB-AC-04,S3046001_S_GN-SB-CR-01,,brand_unit;legacy_block,
S3046001_S_GN-SB-AC-04,S3046001_S_GN-SB-CR-04,,brand_unit;legacy_block;semantic_topk,0.66424191
S3046001_S_GN-SB-AC-04,S3046001_S_GN-SB-CR-10,0.02668700,brand_unit;legacy_block,
S3046001_S_GN-SB-AC-04,S3046001_S_GN-SB-CS-05,0.35901021,brand_unit;legacy_block,
S3046001_S_GN-SB-AC-04,S3046001_S_GN-SB-DA-01,0.04749710,brand_unit;legacy_block,
S3046001_S_GN-SB-AC-04,S3046001_S_GN-SB-DM-01,,brand_unit;legacy_block,
S3046001_S_GN-SB-AC-04,S3046001_S_GN-SB-DM-04,,brand_unit;legacy_block;semantic_topk,0.68857682
S3046001_S_GN-SB-AC-04,S3046001_S_GN-SB-FL-01,,brand_unit;legacy_block,
S3046001_S_GN-SB-AC-04,S3046001_S_GN-SB-FL-04,,brand_unit;legacy_block,
S3046001_S_GN-SB-AC-04,S3046001_S_GN-SB-GE-05,0.28440512,brand_unit;legacy_block,
S3046001_S_GN-SB-AC-04,S3046001_S_GN-SB-GL-01,0.08148351,brand_unit;legacy_block,
S3046001_S_GN-SB-AC-04,S3046001_S_GN-SB-GL-04,,brand_unit;legacy_block;semantic_topk,0.62860674
S3046001_S_GN-SB-AC-04,S3046001_S_GN-SB-GM-01,0.03118425,brand_unit;legacy_block,
S3046001_S_GN-SB-AC-04,S3046001_S_GN-SB-GM-04,0.09287346,brand_unit;legacy_block;semantic_topk,0.64298546
S3046001_S_GN-SB-AC-04,S3046001_S_GN-SB-GR-01,,brand_unit;legacy_block,
S3046001_S_GN-SB-AC-04,S3046001_S_GN-SB-GR-04,,brand_unit;legacy_block;semantic_topk,0.70706105
S3046001_S_GN-SB-AC-04,S3046001_S_GN-SB-KE-01,0.01171653,brand_unit;legacy_block,
S3046001_S_GN-SB-AC-04,S3046001_S_GN-SB-LA-01,,brand_unit;legacy_block,
S3046001_S_GN-SB-AC-04,S3046001_S_GN-SB-LA-04,,brand_unit;legacy_block;semantic_topk,0.58346575
S3046001_S_GN-SB-AC-04,S3046001_S_GN-SB-LE-01,,brand_unit;legacy_block,
S3046001_S_GN-SB-AC-04,S3046001_S_GN-SB-LE-04,,brand_unit;legacy_block;semantic_topk,0.72816843
S3046001_S_GN-SB-AC-04,S3046001_S_GN-SB-MA-01,0.01776203,brand_unit;legacy_block,
S3046001_S_GN-SB-AC-04,S3046001_S_GN-SB-MA-04,0.03160423,brand_unit;legacy_block;semantic_topk,0.66305178
S3046001_S_GN-SB-AC-04,S3046001_S_GN-SB-NE-01,,brand_unit;legacy_block,
S3046001_S_GN-SB-AC-04,S3046001_S_GN-SB-NE-04,,brand_unit;legacy_block;semantic_topk,0.72732043
S3046001_S_GN-SB-AC-04,S3046001_S_GN-SB-NO-05,0.35901021,brand_unit;legacy_block,
S3046001_S_GN-SB-AC-04,S3046001_S_GN-SB-OO-01,,brand_unit;legacy_block,
S3046001_S_GN-SB-AC-04,S3046001_S_GN-SB-OO-04,,brand_unit;legacy_block;semantic_topk,0.73497564
S3046001_S_GN-SB-AC-04,S3046001_S_GN-SB-PF-05,0.16663507,brand_unit;legacy_block,
S3046001_S_GN-SB-AC-04,S3046001_S_GN-SB-PL-01,,brand_unit;legacy_block,
S3046001_S_GN-SB-AC-04,S3046001_S_GN-SB-PL-04,,brand_unit;legacy_block;semantic_topk,0.42509809
S3046001_S_GN-SB-AC-04,S3046001_S_GN-SB-PO-01,0.64803369,brand_unit;legacy_block,
S3046001_S_GN-SB-AC-04,S3046001_S_GN-SB-PP-05,0.59910553,brand_unit;legacy_block,
S3046001_S_GN-SB-AC-04,S3046001_S_GN-SB-RO-01,,brand_unit;legacy_block,
S3046001_S_GN-SB-AC-04,S3046001_S_GN-SB-RO-04,,brand_unit;legacy_block;semantic_topk,0.70577955
S3046001_S_GN-SB-AC-04,S3046001_S_GN-SB-RS-01,,brand_unit;legacy_block,
S3046001_S_GN-SB-AC-04,S3046001_S_GN-SB-RS-04,,brand_unit;legacy_block;semantic_topk,0.74399209
S3046001_S_GN-SB-AC-04,S3046001_S_GN-SB-SB-01,,brand_unit;legacy_block,
S3046001_S_GN-SB-AC-04,S3046001_S_GN-SB-SB-04,,brand_unit;legacy_block;semantic_topk,0.72209400
S3046001_S_GN-SB-AC-04,S3046001_S_GN-SB-SJ-01,0.40912279,brand_unit;legacy_block,
S3046001_S_GN-SB-AC-04,S3046001_S_GN-SB-SJ-04,0.05643641,brand_unit;legacy_block;semantic_topk,0.66099125
S3046001_S_GN-SB-AC-04,S3046001_S_GN-SB-SS-01,0.04974601,brand_unit;legacy_block,
S3046001_S_GN-SB-AC-04,S3046001_S_GN-SB-SS-04,0.03748145,brand_unit;legacy_block,
S3046001_S_GN-SB-AC-04,S3046001_S_GN-SB-SW-04,0.69826315,brand_unit;legacy_block,
S3046001_S_GN-SB-AC-04,S3046001_S_GN-SB-TA-01,,brand_unit;legacy_block,
S3046001_S_GN-SB-AC-04,S3046001_S_GN-SB-TA-04,,brand_unit;legacy_block;semantic_topk,0.73441917
S3046001_S_GN-SB-AC-04,S3046001_S_GN-SB-TM-01,,brand_unit;legacy_block,
S3046001_S_GN-SB-AC-04,S3046001_S_GN-SB-TM-04,,brand_unit;legacy_block,
S3046001_S_GN-SB-AC-04,S3046001_S_GN-SB-TT-01,,brand_unit;legacy_block,
S3046001_S_GN-SB-AC-04,S3046001_S_GN-SB-TT-04,,brand_unit;legacy_block;semantic_topk,0.64143175
S3046001_S_GN-SB-AC-04,S3046001_S_GN-SB-TU-01,0.29798306,brand_unit;legacy_block,
S3046001_S_GN-SB-AC-04,S3046001_S_GN-SB-TU-04,,brand_unit;legacy_block;semantic_topk,0.72988421
S3046001_S_GN-SB-AC-04,S3046001_S_GN-SB-WP-01,0.02363744,brand_unit;legacy_block,
S3046001_S_GN-SB-AC-04,S3046001_S_GN-SB-WP-04,0.05032461,brand_unit;legacy_block;semantic_topk,0.60299993
S3046001_S_GN-SB-AC-04,S3046001_S_GN10667,0.37175022,brand_unit;legacy_block,
S3046001_S_GN-SB-AC-10,S3046001_S_GN-SB-AP-01,,brand_unit;legacy_block,
S3046001_S_GN-SB-AC-10,S3046001_S_GN-SB-AP-04,0.52052589,brand_unit;legacy_block,
S3046001_S_GN-SB-AC-10,S3046001_S_GN-SB-AP-10,,brand_unit;legacy_block;semantic_topk,0.72290641
S3046001_S_GN-SB-AC-10,S3046001_S_GN-SB-AR-01,0.82525423,brand_unit;legacy_block,
S3046001_S_GN-SB-AC-10,S3046001_S_GN-SB-AR-04,0.79370577,brand_unit;legacy_block,
S3046001_S_GN-SB-AC-10,S3046001_S_GN-SB-AS-01,,brand_unit;legacy_block,
S3046001_S_GN-SB-AC-10,S3046001_S_GN-SB-AS-04,,brand_unit;legacy_block;semantic_topk,0.50728041
S3046001_S_GN-SB-AC-10,S3046001_S_GN-SB-AS-10,,brand_unit;legacy_block;semantic_topk,0.80287731
S3046001_S_GN-SB-AC-10,S3046001_S_GN-SB-AV-01,,brand_unit;legacy_block,
S3046001_S_GN-SB-AC-10,S3046001_S_GN-SB-AV-04,,brand_unit;legacy_block,
S3046001_S_GN-SB-AC-10,S3046001_S_GN-SB-AV-10,,brand_unit;legacy_block;semantic_topk,0.80678284
S3046001_S_GN-SB-AC-10,S3046001_S_GN-SB-BS-01,0.28973001,brand_unit;legacy_block,
S3046001_S_GN-SB-AC-10,S3046001_S_GN-SB-BS-04,,brand_unit;legacy_block,
S3046001_S_GN-SB-AC-10,S3046001_S_GN-SB-BS-10,,brand_unit;legacy_block;semantic_topk,0.74931562
S3046001_S_GN-SB-AC-10,S3046001_S_GN-SB-CA-01,,brand_unit;legacy_block,
S3046001_S_GN-SB-AC-10,S3046001_S_GN-SB-CA-04,,brand_unit;legacy_block,
S3046001_S_GN-SB-AC-10,S3046001_S_GN-SB-CA-10,,brand_unit;legacy_block;semantic_topk,0.78391731
S3046001_S_GN-SB-AC-10,S3046001_S_GN-SB-CB-01,,brand_unit;legacy_block,
S3046001_S_GN-SB-AC-10,S3046001_S_GN-SB-CB-04,,brand_unit;legacy_block,
S3046001_S_GN-SB-AC-10,S3046001_S_GN-SB-CH-01,,brand_unit;legacy_block,
S3046001_S_GN-SB-AC-10,S3046001_S_GN-SB-CH-04-02,,brand_unit;legacy_block,
S3046001_S_GN-SB-AC-10,S3046001_S_GN-SB-CH-10,,brand_unit;legacy_block;semantic_topk,0.47317028
S3046001_S_GN-SB-AC-10,S3046001_S_GN-SB-CI-01,0.54187965,brand_unit;legacy_block,
S3046001_S_GN-SB-AC-10,S3046001_S_GN-SB-CI-04,0.87391041,brand_unit;legacy_block,
S3046001_S_GN-SB-AC-10,S3046001_S_GN-SB-CM-01,0.49840577,brand_unit;legacy_block,
S3046001_S_GN-SB-AC-10,S3046001_S_GN-SB-CM-04,,brand_unit;legacy_block,
S3046001_S_GN-SB-AC-10,S3046001_S_GN-SB-CM-10,,brand_unit;legacy_block;semantic_topk,0.78835082
S3046001_S_GN-SB-AC-10,S3046001_S_GN-SB-CN-01,0.42759044,brand_unit;legacy_block,
S3046001_S_GN-SB-AC-10,S3046001_S_GN-SB-CN-04,0.41716258,brand_unit;legacy_block,
S3046001_S_GN-SB-AC-10,S3046001_S_GN-SB-CO-01,0.54187965,brand_unit;legacy_block,
S3046001_S_GN-SB-AC-10,S3046001_S_GN-SB-CR-01,,brand_unit;legacy_block,
S3046001_S_GN-SB-AC-10,S3046001_S_GN-SB-CR-04,,brand_unit;legacy_block,
S3046001_S_GN-SB-AC-10,S3046001_S_GN-SB-CR-10,0.01763010,brand_unit;legacy_block;semantic_topk,0.44831476
S3046001_S_GN-SB-AC-10,S3046001_S_GN-SB-CS-05,0.00864153,brand_unit;legacy_block,
S3046001_S_GN-SB-AC-10,S3046001_S_GN-SB-DA-01,0.55808873,brand_unit;legacy_block,
S3046001_S_GN-SB-AC-10,S3046001_S_GN-SB-DM-01,,brand_unit;legacy_block,
S3046001_S_GN-SB-AC-10,S3046001_S_GN-SB-DM-04,,brand_unit;legacy_block,
S3046001_S_GN-SB-AC-10,S3046001_S_GN-SB-FL-01,,brand_unit;legacy_block,
S3046001_S_GN-SB-AC-10,S3046001_S_GN-SB-FL-04,,brand_unit;legacy_block;semantic_topk,0.49847504
S3046001_S_GN-SB-AC-10,S3046001_S_GN-SB-GE-05,0.00728194,brand_unit;legacy_block,
S3046001_S_GN-SB-AC-10,S3046001_S_GN-SB-GL-01,0.67607470,brand_unit;legacy_block,
S3046001_S_GN-SB-AC-10,S3046001_S_GN-SB-GL-04,,brand_unit;legacy_block,
S3046001_S_GN-SB-AC-10,S3046001_S_GN-SB-GM-01,0.79151742,brand_unit;legacy_block,
S3046001_S_GN-SB-AC-10,S3046001_S_GN-SB-GM-04,0.87356637,brand_unit;legacy_block,
S3046001_S_GN-SB-AC-10,S3046001_S_GN-SB-GR-01,,brand_unit;legacy_block,
S3046001_S_GN-SB-AC-10,S3046001_S_GN-SB-GR-04,,brand_unit;legacy_block,
S3046001_S_GN-SB-AC-10,S3046001_S_GN-SB-KE-01,0.50099230,brand_unit;legacy_block,
S3046001_S_GN-SB-AC-10,S3046001_S_GN-SB-LA-01,,brand_unit;legacy_block,
S3046001_S_GN-SB-AC-10,S3046001_S_GN-SB-LA-04,,brand_unit;legacy_block,
S3046001_S_GN-SB-AC-10,S3046001_S_GN-SB-LE-01,,brand_unit;legacy_block,
S3046001_S_GN-SB-AC-10,S3046001_S_GN-SB-LE-04,,brand_unit;legacy_block,
S3046001_S_GN-SB-AC-10,S3046001_S_GN-SB-MA-01,0.39209442,brand_unit;legacy_block,
S3046001_S_GN-SB-AC-10,S3046001_S_GN-SB-MA-04,0.78478544,brand_unit;legacy_block,
S3046001_S_GN-SB-AC-10,S3046001_S_GN-SB-NE-01,,brand_unit;legacy_block,
S3046001_S_GN-SB-AC-10,S3046001_S_GN-SB-NE-04,,brand_unit;legacy_block,
S3046001_S_GN-SB-AC-10,S3046001_S_GN-SB-NO-05,0.02276471,brand_unit;legacy_block,
S3046001_S_GN-SB-AC-10,S3046001_S_GN-SB-OO-01,,brand_unit;legacy_block,
S3046001_S_GN-SB-AC-10,S3046001_S_GN-SB-OO-04,,brand_unit;legacy_block,
S3046001_S_GN-SB-AC-10,S3046001_S_GN-SB-PF-05,0.80618542,brand_unit;legacy_block,
S3046001_S_GN-SB-AC-10,S3046001_S_GN-SB-PL-01,,brand_unit;legacy_block,
S3046001_S_GN-SB-AC-10,S3046001_S_GN-SB-PL-04,,brand_unit;legacy_block,
S3046001_S_GN-SB-AC-10,S3046001_S_GN-SB-PO-01,0.46671817,brand_unit;legacy_block,
S3046001_S_GN-SB-AC-10,S3046001_S_GN-SB-PP-05,0.06296101,brand_unit;legacy_block,
S3046001_S_GN-SB-AC-10,S3046001_S_GN-SB-RO-01,,brand_unit;legacy_block,
S3046001_S_GN-SB-AC-10,S3046001_S_GN-SB-RO-04,,brand_unit;legacy_block,
S3046001_S_GN-SB-AC-10,S3046001_S_GN-SB-RS-01,,brand_unit;legacy_block,
S3046001_S_GN-SB-AC-10,S3046001_S_GN-SB-RS-04,,brand_unit;legacy_block,
S3046001_S_GN-SB-AC-10,S3046001_S_GN-SB-SB-01,,brand_unit;legacy_block,
S3046001_S_GN-SB-AC-10,S3046001_S_GN-SB-SB-04,,brand_unit;legacy_block,
S3046001_S_GN-SB-AC-10,S3046001_S_GN-SB-SJ-01,0.24609355,brand_unit;legacy_block,
S3046001_S_GN-SB-AC-10,S3046001_S_GN-SB-SJ-04,0.79370577,brand_unit;legacy_block,
S3046001_S_GN-SB-AC-10,S3046001_S_GN-SB-SS-01,0.31545965,brand_unit;legacy_block,
S3046001_S_GN-SB-AC-10,S3046001_S_GN-SB-SS-04,0.18172100,brand_unit;legacy_block,
S3046001_S_GN-SB-AC-10,S3046001_S_GN-SB-SW-04,0.00662118,brand_unit;legacy_block;semantic_topk,0.56861413
S3046001_S_GN-SB-AC-10,S3046001_S_GN-SB-TA-01,,brand_unit;legacy_block,
S3046001_S_GN-SB-AC-10,S3046001_S_GN-SB-TA-04,,brand_unit;legacy_block,
S3046001_S_GN-SB-AC-10,S3046001_S_GN-SB-TM-01,,brand_unit;legacy_block,
S3046001_S_GN-SB-AC-10,S3046001_S_GN-SB-TM-04,,brand_unit;legacy_block;semantic_topk,0.50686306
S3046001_S_GN-SB-AC-10,S3046001_S_GN-SB-TT-01,,brand_unit;legacy_block,
S3046001_S_GN-SB-AC-10,S3046001_S_GN-SB-TT-04,,brand_unit;legacy_block,
S3046001_S_GN-SB-AC-10,S3046001_S_GN-SB-TU-01,0.23184328,brand_unit;legacy_block,
S3046001_S_GN-SB-AC-10,S3046001_S_GN-SB-TU-04,,brand_unit;legacy_block,
S3046001_S_GN-SB-AC-10,S3046001_S_GN-SB-WP-01,0.61636393,brand_unit;legacy_block,
S3046001_S_GN-SB-AC-10,S3046001_S_GN-SB-WP-04,0.89384700,brand_unit;legacy_block,
S3046001_S_GN-SB-AC-10,S3046001_S_GN10667,0.02422294,brand_unit;legacy_block,
S3046001_S_GN-SB-AP-01,S3046001_S_GN-SB-AP-04,0.52082558,brand_unit;legacy_block,
S3046001_S_GN-SB-AP-01,S3046001_S_GN-SB-AP-10,1.00000000,brand_unit;legacy_block,
S3046001_S_GN-SB-AP-01,S3046001_S_GN-SB-AR-01,0.15210188,brand_unit;legacy_block,
S3046001_S_GN-SB-AP-01,S3046001_S_GN-SB-AR-04,0.40912279,brand_unit;legacy_block,
S3046001_S_GN-SB-AP-01,S3046001_S_GN-SB-AS-01,,brand_unit;legacy_block,
S3046001_S_GN-SB-AP-01,S3046001_S_GN-SB-AS-04,,brand_unit;legacy_block,
S3046001_S_GN-SB-AP-01,S3046001_S_GN-SB-AS-10,,brand_unit;legacy_block,
S3046001_S_GN-SB-AP-01,S3046001_S_GN-SB-AV-01,,brand_unit;legacy_block,
S3046001_S_GN-SB-AP-01,S3046001_S_GN-SB-AV-04,,brand_unit;legacy_block,
S3046001_S_GN-SB-AP-01,S3046001_S_GN-SB-AV-10,,brand_unit;legacy_block,
S3046001_S_GN-SB-AP-01,S3046001_S_GN-SB-BS-01,0.00696146,brand_unit;legacy_block;semantic_topk,0.47546080
S3046001_S_GN-SB-AP-01,S3046001_S_GN-SB-BS-04,0.60504750,brand_unit;legacy_block,
S3046001_S_GN-SB-AP-01,S3046001_S_GN-SB-BS-10,0.54402090,brand_unit;legacy_block,
S3046001_S_GN-SB-AP-01,S3046001_S_GN-SB-CA-01,,brand_unit;legacy_block,
S3046001_S_GN-SB-AP-01,S3046001_S_GN-SB-CA-04,,brand_unit;legacy_block,
S3046001_S_GN-SB-AP-01,S3046001_S_GN-SB-CA-10,,brand_unit;legacy_block,
S3046001_S_GN-SB-AP-01,S3046001_S_GN-SB-CB-01,0.02631574,brand_unit;legacy_block;semantic_topk,0.43930680
S3046001_S_GN-SB-AP-01,S3046001_S_GN-SB-CB-04,0.65907624,brand_unit;legacy_block,
S3046001_S_GN-SB-AP-01,S3046001_S_GN-SB-CH-01,,brand_unit;legacy_block,
S3046001_S_GN-SB-AP-01,S3046001_S_GN-SB-CH-04-02,,brand_unit;legacy_block,
S3046001_S_GN-SB-AP-01,S3046001_S_GN-SB-CH-10,,brand_unit;legacy_block,
S3046001_S_GN-SB-AP-01,S3046001_S_GN-SB-CI-01,0.04364658,brand_unit;legacy_block;semantic_topk,0.45900935
S3046001_S_GN-SB-AP-01,S3046001_S_GN-SB-CI-04,0.70630076,brand_unit;legacy_block,
S3046001_S_GN-SB-AP-01,S3046001_S_GN-SB-CM-01,,brand_unit;legacy_block;semantic_topk,0.45305860
S3046001_S_GN-SB-AP-01,S3046001_S_GN-SB-CM-04,,brand_unit;legacy_block,
S3046001_S_GN-SB-AP-01,S3046001_S_GN-SB-CM-10,,brand_unit;legacy_block,
S3046001_S_GN-SB-AP-01,S3046001_S_GN-SB-CN-01,0.45522964,brand_unit;legacy_block,
S3046001_S_GN-SB-AP-01,S3046001_S_GN-SB-CN-04,0.02352324,brand_unit;legacy_block,
S3046001_S_GN-SB-AP-01,S3046001_S_GN-SB-CO-01,,brand_unit;legacy_block;semantic_topk,0.48443368
S3046001_S_GN-SB-AP-01,S3046001_S_GN-SB-CR-01,0.13893938,brand_unit;legacy_block,
S3046001_S_GN-SB-AP-01,S3046001_S_GN-SB-CR-04,0.66553355,brand_unit;legacy_block,
S3046001_S_GN-SB-AP-01,S3046001_S_GN-SB-CR-10,0.61508404,brand_unit;legacy_block,
S3046001_S_GN-SB-AP-01,S3046001_S_GN-SB-CS-05,0.00200438,brand_unit;legacy_block;semantic_topk,0.54880232
S3046001_S_GN-SB-AP-01,S3046001_S_GN-SB-DA-01,,brand_unit;legacy_block,
S3046001_S_GN-SB-AP-01,S3046001_S_GN-SB-DM-01,,brand_unit;legacy_block,
S3046001_S_GN-SB-AP-01,S3046001_S_GN-SB-DM-04,,brand_unit;legacy_block,
S3046001_S_GN-SB-AP-01,S3046001_S_GN-SB-FL-01,,brand_unit;legacy_block,
S3046001_S_GN-SB-AP-01,S3046001_S_GN-SB-FL-04,,brand_unit;legacy_block,
S3046001_S_GN-SB-AP-01,S3046001_S_GN-SB-GE-05,0.08824268,brand_unit;legacy_block,
S3046001_S_GN-SB-AP-01,S3046001_S_GN-SB-GL-01,,brand_unit;legacy_block,
S3046001_S_GN-SB-AP-01,S3046001_S_GN-SB-GL-04,,brand_unit;legacy_block,
S3046001_S_GN-SB-AP-01,S3046001_S_GN-SB-GM-01,0.05764258,brand_unit;legacy_block,
S3046001_S_GN-SB-AP-01,S3046001_S_GN-SB-GM-04,0.55263811,brand_unit;legacy_block,
S3046001_S_GN-SB-AP-01,S3046001_S_GN-SB-GR-01,,brand_unit;legacy_block,
S3046001_S_GN-SB-AP-01,S3046001_S_GN-SB-GR-04,,brand_unit;legacy_block,
S3046001_S_GN-SB-AP-01,S3046001_S_GN-SB-KE-01,0.02227202,brand_unit;legacy_block,
S3046001_S_GN-SB-AP-01,S3046001_S_GN-SB-LA-01,,brand_unit;legacy_block,
S3046001_S_GN-SB-AP-01,S3046001_S_GN-SB-LA-04,,brand_unit;legacy_block,
S3046001_S_GN-SB-AP-01,S3046001_S_GN-SB-LE-01,,brand_unit;legacy_block,
S3046001_S_GN-SB-AP-01,S3046001_S_GN-SB-LE-04,,brand_unit;legacy_block,
S3046001_S_GN-SB-AP-01,S3046001_S_GN-SB-MA-01,0.00700714,brand_unit;legacy_block,
S3046001_S_GN-SB-AP-01,S3046001_S_GN-SB-MA-04,0.29798306,brand_unit;legacy_block,
S3046001_S_GN-SB-AP-01,S3046001_S_GN-SB-NE-01,,brand_unit;legacy_block,
S3046001_S_GN-SB-AP-01,S3046001_S_GN-SB-NE-04,,brand_unit;legacy_block,
S3046001_S_GN-SB-AP-01,S3046001_S_GN-SB-NO-05,0.00372250,brand_unit;legacy_block;semantic_topk,0.45367521
S3046001_S_GN-SB-AP-01,S3046001_S_GN-SB-OO-01,,brand_unit;legacy_block,
S3046001_S_GN-SB-AP-01,S3046001_S_GN-SB-OO-04,,brand_unit;legacy_block,
S3046001_S_GN-SB-AP-01,S3046001_S_GN-SB-PF-05,0.33730604,brand_unit;legacy_block,
S3046001_S_GN-SB-AP-01,S3046001_S_GN-SB-PL-01,,brand_unit;legacy_block,
S3046001_S_GN-SB-AP-01,S3046001_S_GN-SB-PL-04,,brand_unit;legacy_block,
S3046001_S_GN-SB-AP-01,S3046001_S_GN-SB-PO-01,,brand_unit;legacy_block;semantic_topk,0.74061525
S3046001_S_GN-SB-AP-01,S3046001_S_GN-SB-PP-05,0.44413937,brand_unit;legacy_block,
S3046001_S_GN-SB-AP-01,S3046001_S_GN-SB-RO-01,,brand_unit;legacy_block;semantic_topk,0.70835388
S3046001_S_GN-SB-AP-01,S3046001_S_GN-SB-RO-04,,brand_unit;legacy_block,
S3046001_S_GN-SB-AP-01,S3046001_S_GN-SB-RS-01,,brand_unit;legacy_block;semantic_topk,0.74392521
S3046001_S_GN-SB-AP-01,S3046001_S_GN-SB-RS-04,,brand_unit;legacy_block,
S3046001_S_GN-SB-AP-01,S3046001_S_GN-SB-SB-01,,brand_unit;legacy_block;semantic_topk,0.71389025
S3046001_S_GN-SB-AP-01,S3046001_S_GN-SB-SB-04,0.69829948,brand_unit;legacy_block,
S3046001_S_GN-SB-AP-01,S3046001_S_GN-SB-SJ-01,0.00163381,brand_unit;legacy_block;semantic_topk,0.74005067
S3046001_S_GN-SB-AP-01,S3046001_S_GN-SB-SJ-04,0.36541999,brand_unit;legacy_block,
S3046001_S_GN-SB-AP-01,S3046001_S_GN-SB-SS-01,0.00734311,brand_unit;legacy_block,
S3046001_S_GN-SB-AP-01,S3046001_S_GN-SB-SS-04,0.01251212,brand_unit;legacy_block,
S3046001_S_GN-SB-AP-01,S3046001_S_GN-SB-SW-04,0.56942055,brand_unit;legacy_block,
S3046001_S_GN-SB-AP-01,S3046001_S_GN-SB-TA-01,,brand_unit;legacy_block;semantic_topk,0.40799040
S3046001_S_GN-SB-AP-01,S3046001_S_GN-SB-TA-04,,brand_unit;legacy_block,
S3046001_S_GN-SB-AP-01,S3046001_S_GN-SB-TM-01,0.45202953,brand_unit;legacy_block,
S3046001_S_GN-SB-AP-01,S3046001_S_GN-SB-TM-04,0.54402090,brand_unit;legacy_block,
S3046001_S_GN-SB-AP-01,S3046001_S_GN-SB-TT-01,,brand_unit;legacy_block,
S3046001_S_GN-SB-AP-01,S3046001_S_GN-SB-TT-04,,brand_unit;legacy_block,
S3046001_S_GN-SB-AP-01,S3046001_S_GN-SB-TU-01,0.00151456,brand_unit;legacy_block;semantic_topk,0.62222791
S3046001_S_GN-SB-AP-01,S3046001_S_GN-SB-TU-04,0.75215219,brand_unit;legacy_block,
S3046001_S_GN-SB-AP-01,S3046001_S_GN-SB-WP-01,0.00421027,brand_unit;legacy_block;semantic_topk,0.41222519
S3046001_S_GN-SB-AP-01,S3046001_S_GN-SB-WP-04,0.14782298,brand_unit;legacy_block,
S3046001_S_GN-SB-AP-01,S3046001_S_GN10667,0.32455438,brand_unit;legacy_block,
S3046001_S_GN-SB-AP-04,S3046001_S_GN-SB-AP-10,0.61848213,brand_unit;legacy_block,
S3046001_S_GN-SB-AP-04,S3046001_S_GN-SB-AR-01,0.01017223,brand_unit;legacy_block,
S3046001_S_GN-SB-AP-04,S3046001_S_GN-SB-AR-04,0.05643641,brand_unit;legacy_block;semantic_topk,0.71371967
S3046001_S_GN-SB-AP-04,S3046001_S_GN-SB-AS-01,0.19588698,brand_unit;legacy_block,
S3046001_S_GN-SB-AP-04,S3046001_S_GN-SB-AS-04,0.03496179,brand_unit;legacy_block,
S3046001_S_GN-SB-AP-04,S3046001_S_GN-SB-AS-10,0.59632918,brand_unit;legacy_block,
S3046001_S_GN-SB-AP-04,S3046001_S_GN-SB-AV-01,0.02957938,brand_unit;legacy_block,
S3046001_S_GN-SB-AP-04,S3046001_S_GN-SB-AV-04,0.10106520,brand_unit;legacy_block;semantic_topk,0.71822912
S3046001_S_GN-SB-AP-04,S3046001_S_GN-SB-AV-10,0.59632918,brand_unit;legacy_block,
S3046001_S_GN-SB-AP-04,S3046001_S_GN-SB-BS-01,0.01776203,brand_unit;legacy_block,
S3046001_S_GN-SB-AP-04,S3046001_S_GN-SB-BS-04,0.03160423,brand_unit;legacy_block;semantic_topk,0.67280430
S3046001_S_GN-SB-AP-04,S3046001_S_GN-SB-BS-10,0.81790131,brand_unit;legacy_block,
S3046001_S_GN-SB-AP-04,S3046001_S_GN-SB-CA-01,0.01776203,brand_unit;legacy_block,
S3046001_S_GN-SB-AP-04,S3046001_S_GN-SB-CA-04,0.04992452,brand_unit;legacy_block;semantic_topk,0.76001865
S3046001_S_GN-SB-AP-04,S3046001_S_GN-SB-CA-10,0.52052589,brand_unit;legacy_block,
S3046001_S_GN-SB-AP-04,S3046001_S_GN-SB-CB-01,0.02766788,brand_unit;legacy_block,
S3046001_S_GN-SB-AP-04,S3046001_S_GN-SB-CB-04,0.05643641,brand_unit;legacy_block;semantic_topk,0.71063125
S3046001_S_GN-SB-AP-04,S3046001_S_GN-SB-CH-01,0.01776203,brand_unit;legacy_block,
S3046001_S_GN-SB-AP-04,S3046001_S_GN-SB-CH-04-02,0.15585459,brand_unit;legacy_block;semantic_topk,0.51027566
S3046001_S_GN-SB-AP-04,S3046001_S_GN-SB-CH-10,0.02379017,brand_unit;legacy_block,
S3046001_S_GN-SB-AP-04,S3046001_S_GN-SB-CI-01,0.03130193,brand_unit;legacy_block,
S3046001_S_GN-SB-AP-04,S3046001_S_GN-SB-CI-04,0.00281182,brand_unit;legacy_block;semantic_topk,0.68484110
S3046001_S_GN-SB-AP-04,S3046001_S_GN-SB-CM-01,0.06734587,brand_unit;legacy_block,
S3046001_S_GN-SB-AP-04,S3046001_S_GN-SB-CM-04,0.05643641,brand_unit;legacy_block;semantic_topk,0.65938801
S3046001_S_GN-SB-AP-04,S3046001_S_GN-SB-CM-10,0.53032093,brand_unit;legacy_block,
S3046001_S_GN-SB-AP-04,S3046001_S_GN-SB-CN-01,0.81612472,brand_unit;legacy_block,
S3046001_S_GN-SB-AP-04,S3046001_S_GN-SB-CN-04,0.00559429,brand_unit;legacy_block,
S3046001_S_GN-SB-AP-04,S3046001_S_GN-SB-CO-01,0.03429081,brand_unit;legacy_block,
S3046001_S_GN-SB-AP-04,S3046001_S_GN-SB-CR-01,0.01628949,brand_unit;legacy_block,
S3046001_S_GN-SB-AP-04,S3046001_S_GN-SB-CR-04,0.04992452,brand_unit;legacy_block;semantic_topk,0.72622037
S3046001_S_GN-SB-AP-04,S3046001_S_GN-SB-CR-10,0.07918075,brand_unit;legacy_block,
S3046001_S_GN-SB-AP-04,S3046001_S_GN-SB-CS-05,0.48366980,brand_unit;legacy_block,
S3046001_S_GN-SB-AP-04,S3046001_S_GN-SB-DA-01,0.03904812,brand_unit;legacy_block,
S3046001_S_GN-SB-AP-04,S3046001_S_GN-SB-DM-01,0.02957938,brand_unit;legacy_block,
S3046001_S_GN-SB-AP-04,S3046001_S_GN-SB-DM-04,0.10911531,brand_unit;legacy_block;semantic_topk,0.68211299
S3046001_S_GN-SB-AP-04,S3046001_S_GN-SB-FL-01,0.00947609,brand_unit;legacy_block,
S3046001_S_GN-SB-AP-04,S3046001_S_GN-SB-FL-04,0.00572567,brand_unit;legacy_block,
S3046001_S_GN-SB-AP-04,S3046001_S_GN-SB-GE-05,0.28440512,brand_unit;legacy_block,
S3046001_S_GN-SB-AP-04,S3046001_S_GN-SB-GL-01,0.02766788,brand_unit;legacy_block,
S3046001_S_GN-SB-AP-04,S3046001_S_GN-SB-GL-04,0.03432685,brand_unit;legacy_block;semantic_topk,0.65763110
S3046001_S_GN-SB-AP-04,S3046001_S_GN-SB-GM-01,0.01171653,brand_unit;legacy_block,
S3046001_S_GN-SB-AP-04,S3046001_S_GN-SB-GM-04,0.03432685,brand_unit;legacy_block;semantic_topk,0.63643938
S3046001_S_GN-SB-AP-04,S3046001_S_GN-SB-GR-01,0.01776203,brand_unit;legacy_block,
S3046001_S_GN-SB-AP-04,S3046001_S_GN-SB-GR-04,0.05643641,brand_unit;legacy_block;semantic_topk,0.71186894
S3046001_S_GN-SB-AP-04,S3046001_S_GN-SB-KE-01,0.05336443,brand_unit;legacy_block;semantic_topk,0.45120463
S3046001_S_GN-SB-AP-04,S3046001_S_GN-SB-LA-01,0.03586906,brand_unit;legacy_block,
S3046001_S_GN-SB-AP-04,S3046001_S_GN-SB-LA-04,0.10431132,brand_unit;legacy_block;semantic_topk,0.57721531
S3046001_S_GN-SB-AP-04,S3046001_S_GN-SB-LE-01,0.03904812,brand_unit;legacy_block,
S3046001_S_GN-SB-AP-04,S3046001_S_GN-SB-LE-04,0.17339167,brand_unit;legacy_block;semantic_topk,0.69800043
S3046001_S_GN-SB-AP-04,S3046001_S_GN-SB-MA-01,0.01628949,brand_unit;legacy_block,
S3046001_S_GN-SB-AP-04,S3046001_S_GN-SB-MA-04,0.03432685,brand_unit;legacy_block;semantic_topk,0.67862153
S3046001_S_GN-SB-AP-04,S3046001_S_GN-SB-NE-01,0.02957938,brand_unit;legacy_block,
S3046001_S_GN-SB-AP-04,S3046001_S_GN-SB-NE-04,0.10911531,brand_unit;legacy_block;semantic_topk,0.70741057
S3046001_S_GN-SB-AP-04,S3046001_S_GN-SB-NO-05,0.51025915,brand_unit;legacy_block,
S3046001_S_GN-SB-AP-04,S3046001_S_GN-SB-OO-01,0.02119146,brand_unit;legacy_block,
S3046001_S_GN-SB-AP-04,S3046001_S_GN-SB-OO-04,0.05136399,brand_unit;legacy_block;semantic_topk,0.72075033
S3046001_S_GN-SB-AP-04,S3046001_S_GN-SB-PF-05,0.35890838,brand_unit;legacy_block,
S3046001_S_GN-SB-AP-04,S3046001_S_GN-SB-PL-01,0.01996548,brand_unit;legacy_block,
S3046001_S_GN-SB-AP-04,S3046001_S_GN-SB-PL-04,0.00952411,brand_unit;legacy_block;semantic_topk,0.42592943
S3046001_S_GN-SB-AP-04,S3046001_S_GN-SB-PO-01,0.52082558,brand_unit;legacy_block,
S3046001_S_GN-SB-AP-04,S3046001_S_GN-SB-PP-05,0.59522290,brand_unit;legacy_block,
S3046001_S_GN-SB-AP-04,S3046001_S_GN-SB-RO-01,0.42775235,brand_unit;legacy_block,
S3046001_S_GN-SB-AP-04,S3046001_S_GN-SB-RO-04,0.05805216,brand_unit;legacy_block;semantic_topk,0.68656415
S3046001_S_GN-SB-AP-04,S3046001_S_GN-SB-RS-01,0.59166991,brand_unit;legacy_block,
S3046001_S_GN-SB-AP-04,S3046001_S_GN-SB-RS-04,0.17339167,brand_unit;legacy_block;semantic_topk,0.70569980
S3046001_S_GN-SB-AP-04,S3046001_S_GN-SB-SB-01,0.43262290,brand_unit;legacy_block,
S3046001_S_GN-SB-AP-04,S3046001_S_GN-SB-SB-04,0.05805216,brand_unit;legacy_block;semantic_topk,0.70201290
S3046001_S_GN-SB-AP-04,S3046001_S_GN-SB-SJ-01,0.59772920,brand_unit;legacy_block,
S3046001_S_GN-SB-AP-04,S3046001_S_GN-SB-SJ-04,0.08381072,brand_unit;legacy_block;semantic_topk,0.66263765
S3046001_S_GN-SB-AP-04,S3046001_S_GN-SB-SS-01,0.06677766,brand_unit;legacy_block,
S3046001_S_GN-SB-AP-04,S3046001_S_GN-SB-SS-04,0.03696915,brand_unit;legacy_block,
S3046001_S_GN-SB-AP-04,S3046001_S_GN-SB-SW-04,0.64332782,brand_unit;legacy_block,
S3046001_S_GN-SB-AP-04,S3046001_S_GN-SB-TA-01,0.02354766,brand_unit;legacy_block,
S3046001_S_GN-SB-AP-04,S3046001_S_GN-SB-TA-04,0.10106520,brand_unit;legacy_block;semantic_topk,0.74548376
S3046001_S_GN-SB-AP-04,S3046001_S_GN-SB-TM-01,0.02370168,brand_unit;legacy_block,
S3046001_S_GN-SB-AP-04,S3046001_S_GN-SB-TM-04,0.00572567,brand_unit;legacy_block,
S3046001_S_GN-SB-AP-04,S3046001_S_GN-SB-TT-01,0.04977121,brand_unit;legacy_block,
S3046001_S_GN-SB-AP-04,S3046001_S_GN-SB-TT-04,0.13122014,brand_unit;legacy_block;semantic_topk,0.62850088
S3046001_S_GN-SB-AP-04,S3046001_S_GN-SB-TU-01,0.60475842,brand_unit;legacy_block,
S3046001_S_GN-SB-AP-04,S3046001_S_GN-SB-TU-04,0.10488916,brand_unit;legacy_block;semantic_topk,0.71516079
S3046001_S_GN-SB-AP-04,S3046001_S_GN-SB-WP-01,0.02287550,brand_unit;legacy_block,
S3046001_S_GN-SB-AP-04,S3046001_S_GN-SB-WP-04,0.17844555,brand_unit;legacy_block;semantic_topk,0.58650970
S3046001_S_GN-SB-AP-04,S3046001_S_GN10667,0.13515848,brand_unit;legacy_block,
S3046001_S_GN-SB-AP-10,S3046001_S_GN-SB-AR-01,0.83217660,brand_unit;legacy_block,
S3046001_S_GN-SB-AP-10,S3046001_S_GN-SB-AR-04,0.02548385,brand_unit;legacy_block,
S3046001_S_GN-SB-AP-10,S3046001_S_GN-SB-AS-01,,brand_unit;legacy_block,
S3046001_S_GN-SB-AP-10,S3046001_S_GN-SB-AS-04,,brand_unit;legacy_block;semantic_topk,0.49697849
S3046001_S_GN-SB-AP-10,S3046001_S_GN-SB-AS-10,,brand_unit;legacy_block;semantic_topk,0.74660039
S3046001_S_GN-SB-AP-10,S3046001_S_GN-SB-AV-01,,brand_unit;legacy_block,
S3046001_S_GN-SB-AP-10,S3046001_S_GN-SB-AV-04,,brand_unit;legacy_block,
S3046001_S_GN-SB-AP-10,S3046001_S_GN-SB-AV-10,,brand_unit;legacy_block;semantic_topk,0.75054789
S3046001_S_GN-SB-AP-10,S3046001_S_GN-SB-BS-01,0.27387084,brand_unit;legacy_block,
S3046001_S_GN-SB-AP-10,S3046001_S_GN-SB-BS-04,0.09768595,brand_unit;legacy_block,
S3046001_S_GN-SB-AP-10,S3046001_S_GN-SB-BS-10,0.01589050,brand_unit;legacy_block;semantic_topk,0.70308965
S3046001_S_GN-SB-AP-10,S3046001_S_GN-SB-CA-01,,brand_unit;legacy_block,
S3046001_S_GN-SB-AP-10,S3046001_S_GN-SB-CA-04,,brand_unit;legacy_block,
S3046001_S_GN-SB-AP-10,S3046001_S_GN-SB-CA-10,,brand_unit;legacy_block;semantic_topk,0.72922587
S3046001_S_GN-SB-AP-10,S3046001_S_GN-SB-CB-01,0.69260902,brand_unit;legacy_block,
S3046001_S_GN-SB-AP-10,S3046001_S_GN-SB-CB-04,0.06707346,brand_unit;legacy_block,
S3046001_S_GN-SB-AP-10,S3046001_S_GN-SB-CH-01,,brand_unit;legacy_block,
S3046001_S_GN-SB-AP-10,S3046001_S_GN-SB-CH-04-02,,brand_unit;legacy_block,
S3046001_S_GN-SB-AP-10,S3046001_S_GN-SB-CH-10,,brand_unit;legacy_block;semantic_topk,0.46153182
S3046001_S_GN-SB-AP-10,S3046001_S_GN-SB-CI-01,0.64319372,brand_unit;legacy_block,
S3046001_S_GN-SB-AP-10,S3046001_S_GN-SB-CI-04,0.04351493,brand_unit;legacy_block,
S3046001_S_GN-SB-AP-10,S3046001_S_GN-SB-CM-01,,brand_unit;legacy_block,
S3046001_S_GN-SB-AP-10,S3046001_S_GN-SB-CM-04,,brand_unit;legacy_block,
S3046001_S_GN-SB-AP-10,S3046001_S_GN-SB-CM-10,,brand_unit;legacy_block;semantic_topk,0.73341745
S3046001_S_GN-SB-AP-10,S3046001_S_GN-SB-CN-01,0.35912040,brand_unit;legacy_block,
S3046001_S_GN-SB-AP-10,S3046001_S_GN-SB-CN-04,0.22455412,brand_unit;legacy_block,
S3046001_S_GN-SB-AP-10,S3046001_S_GN-SB-CO-01,,brand_unit;legacy_block,
S3046001_S_GN-SB-AP-10,S3046001_S_GN-SB-CR-01,0.61895481,brand_unit;legacy_block,
S3046001_S_GN-SB-AP-10,S3046001_S_GN-SB-CR-04,0.06349986,brand_unit;legacy_block,
S3046001_S_GN-SB-AP-10,S3046001_S_GN-SB-CR-10,0.02734136,brand_unit;legacy_block;semantic_topk,0.42719951
S3046001_S_GN-SB-AP-10,S3046001_S_GN-SB-CS-05,0.00728194,brand_unit;legacy_block,
S3046001_S_GN-SB-AP-10,S3046001_S_GN-SB-DA-01,,brand_unit;legacy_block,
S3046001_S_GN-SB-AP-10,S3046001_S_GN-SB-DM-01,,brand_unit;legacy_block,
S3046001_S_GN-SB-AP-10,S3046001_S_GN-SB-DM-04,,brand_unit;legacy_block,
S3046001_S_GN-SB-AP-10,S3046001_S_GN-SB-FL-01,,brand_unit;legacy_block,
S3046001_S_GN-SB-AP-10,S3046001_S_GN-SB-FL-04,,brand_unit;legacy_block;semantic_topk,0.50605071
S3046001_S_GN-SB-AP-10,S3046001_S_GN-SB-GE-05,0.00728194,brand_unit;legacy_block,
S3046001_S_GN-SB-AP-10,S3046001_S_GN-SB-GL-01,,brand_unit;legacy_block,
S3046001_S_GN-SB-AP-10,S3046001_S_GN-SB-GL-04,,brand_unit;legacy_block,
S3046001_S_GN-SB-AP-10,S3046001_S_GN-SB-GM-01,0.79151742,brand_unit;legacy_block,
S3046001_S_GN-SB-AP-10,S3046001_S_GN-SB-GM-04,0.87620295,brand_unit;legacy_block,
S3046001_S_GN-SB-AP-10,S3046001_S_GN-SB-GR-01,,brand_unit;legacy_block,
S3046001_S_GN-SB-AP-10,S3046001_S_GN-SB-GR-04,,brand_unit;legacy_block,
S3046001_S_GN-SB-AP-10,S3046001_S_GN-SB-KE-01,0.50099230,brand_unit;legacy_block,
S3046001_S_GN-SB-AP-10,S3046001_S_GN-SB-LA-01,,brand_unit;legacy_block,
S3046001_S_GN-SB-AP-10,S3046001_S_GN-SB-LA-04,,brand_unit;legacy_block,
S3046001_S_GN-SB-AP-10,S3046001_S_GN-SB-LE-01,,brand_unit;legacy_block,
S3046001_S_GN-SB-AP-10,S3046001_S_GN-SB-LE-04,,brand_unit;legacy_block,
S3046001_S_GN-SB-AP-10,S3046001_S_GN-SB-MA-01,0.42530433,brand_unit;legacy_block,
S3046001_S_GN-SB-AP-10,S3046001_S_GN-SB-MA-04,0.08680008,brand_unit;legacy_block,
S3046001_S_GN-SB-AP-10,S3046001_S_GN-SB-NE-01,,brand_unit;legacy_block,
S3046001_S_GN-SB-AP-10,S3046001_S_GN-SB-NE-04,,brand_unit;legacy_block,
S3046001_S_GN-SB-AP-10,S3046001_S_GN-SB-NO-05,0.02276471,brand_unit;legacy_block,
S3046001_S_GN-SB-AP-10,S3046001_S_GN-SB-OO-01,,brand_unit;legacy_block,
S3046001_S_GN-SB-AP-10,S3046001_S_GN-SB-OO-04,,brand_unit;legacy_block,
S3046001_S_GN-SB-AP-10,S3046001_S_GN-SB-PF-05,0.81849376,brand_unit;legacy_block,
S3046001_S_GN-SB-AP-10,S3046001_S_GN-SB-PL-01,,brand_unit;legacy_block,
S3046001_S_GN-SB-AP-10,S3046001_S_GN-SB-PL-04,,brand_unit;legacy_block,
S3046001_S_GN-SB-AP-10,S3046001_S_GN-SB-PO-01,,brand_unit;legacy_block,
S3046001_S_GN-SB-AP-10,S3046001_S_GN-SB-PP-05,0.10747501,brand_unit;legacy_block,
S3046001_S_GN-SB-AP-10,S3046001_S_GN-SB-RO-01,,brand_unit;legacy_block,
S3046001_S_GN-SB-AP-10,S3046001_S_GN-SB-RO-04,,brand_unit;legacy_block,
S3046001_S_GN-SB-AP-10,S3046001_S_GN-SB-RS-01,,brand_unit;legacy_block,
S3046001_S_GN-SB-AP-10,S3046001_S_GN-SB-RS-04,,brand_unit;legacy_block,
S3046001_S_GN-SB-AP-10,S3046001_S_GN-SB-SB-01,,brand_unit;legacy_block,
S3046001_S_GN-SB-AP-10,S3046001_S_GN-SB-SB-04,0.08558233,brand_unit;legacy_block,
S3046001_S_GN-SB-AP-10,S3046001_S_GN-SB-SJ-01,0.22221604,brand_unit;legacy_block,
S3046001_S_GN-SB-AP-10,S3046001_S_GN-SB-SJ-04,0.07840575,brand_unit;legacy_block,
S3046001_S_GN-SB-AP-10,S3046001_S_GN-SB-SS-01,0.51792546,brand_unit;legacy_block,
S3046001_S_GN-SB-AP-10,S3046001_S_GN-SB-SS-04,0.39356617,brand_unit;legacy_block,
S3046001_S_GN-SB-AP-10,S3046001_S_GN-SB-SW-04,0.02471677,brand_unit;legacy_block;semantic_topk,0.51951313
S3046001_S_GN-SB-AP-10,S3046001_S_GN-SB-TA-01,,brand_unit;legacy_block,
S3046001_S_GN-SB-AP-10,S3046001_S_GN-SB-TA-04,,brand_unit;legacy_block,
S3046001_S_GN-SB-AP-10,S3046001_S_GN-SB-TM-01,0.06172390,brand_unit;legacy_block,
S3046001_S_GN-SB-AP-10,S3046001_S_GN-SB-TM-04,0.02543499,brand_unit;legacy_block;semantic_topk,0.48863339
S3046001_S_GN-SB-AP-10,S3046001_S_GN-SB-TT-01,,brand_unit;legacy_block,
S3046001_S_GN-SB-AP-10,S3046001_S_GN-SB-TT-04,,brand_unit;legacy_block,
S3046001_S_GN-SB-AP-10,S3046001_S_GN-SB-TU-01,0.30219035,brand_unit;legacy_block,
S3046001_S_GN-SB-AP-10,S3046001_S_GN-SB-TU-04,0.30756435,brand_unit;legacy_block,
S3046001_S_GN-SB-AP-10,S3046001_S_GN-SB-WP-01,0.56256085,brand_unit;legacy_block,
S3046001_S_GN-SB-AP-10,S3046001_S_GN-SB-WP-04,0.04384500,brand_unit;legacy_block,
S3046001_S_GN-SB-AP-10,S3046001_S_GN10667,0.02315209,brand_unit;legacy_block,
S3046001_S_GN-SB-AR-01,S3046001_S_GN-SB-AR-04,0.00806506,brand_unit;legacy_block,
S3046001_S_GN-SB-AR-01,S3046001_S_GN-SB-AS-01,0.43470955,brand_unit;legacy_block,
S3046001_S_GN-SB-AR-01,S3046001_S_GN-SB-AS-04,0.83872806,brand_unit;legacy_block,
S3046001_S_GN-SB-AR-01,S3046001_S_GN-SB-AS-10,0.82525423,brand_unit;legacy_block,
S3046001_S_GN-SB-AR-01,S3046001_S_GN-SB-AV-01,0.00858839,brand_unit;legacy_block;semantic_topk,0.60090518
S3046001_S_GN-SB-AR-01,S3046001_S_GN-SB-AV-04,0.03141787,brand_unit;legacy_block,
S3046001_S_GN-SB-AR-01,S3046001_S_GN-SB-AV-10,0.83302476,brand_unit;legacy_block,
S3046001_S_GN-SB-AR-01,S3046001_S_GN-SB-BS-01,0.01578102,brand_unit;legacy_block;semantic_topk,0.50468564
S3046001_S_GN-SB-AR-01,S3046001_S_GN-SB-BS-04,0.03024161,brand_unit;legacy_block,
S3046001_S_GN-SB-AR-01,S3046001_S_GN-SB-BS-10,0.92307781,brand_unit;legacy_block,
S3046001_S_GN-SB-AR-01,S3046001_S_GN-SB-CA-01,0.01129369,brand_unit;legacy_block;semantic_topk,0.58269858
S3046001_S_GN-SB-AR-01,S3046001_S_GN-SB-CA-04,0.03141787,brand_unit;legacy_block,
S3046001_S_GN-SB-AR-01,S3046001_S_GN-SB-CA-10,0.83302476,brand_unit;legacy_block,
S3046001_S_GN-SB-AR-01,S3046001_S_GN-SB-CB-01,0.08463052,brand_unit;legacy_block;semantic_topk,0.52953523
S3046001_S_GN-SB-AR-01,S3046001_S_GN-SB-CB-04,0.03141787,brand_unit;legacy_block,
S3046001_S_GN-SB-AR-01,S3046001_S_GN-SB-CH-01,0.01092317,brand_unit;legacy_block;semantic_topk,0.64504373
S3046001_S_GN-SB-AR-01,S3046001_S_GN-SB-CH-04-02,0.03141787,brand_unit;legacy_block,
S3046001_S_GN-SB-AR-01,S3046001_S_GN-SB-CH-10,0.60772437,brand_unit;legacy_block,
S3046001_S_GN-SB-AR-01,S3046001_S_GN-SB-CI-01,0.08162991,brand_unit;legacy_block;semantic_topk,0.56456369
S3046001_S_GN-SB-AR-01,S3046001_S_GN-SB-CI-04,0.03024161,brand_unit;legacy_block,
S3046001_S_GN-SB-AR-01,S3046001_S_GN-SB-CM-01,0.03288568,brand_unit;legacy_block,
S3046001_S_GN-SB-AR-01,S3046001_S_GN-SB-CM-04,0.03141787,brand_unit;legacy_block,
S3046001_S_GN-SB-AR-01,S3046001_S_GN-SB-CM-10,0.83302476,brand_unit;legacy_block,
S3046001_S_GN-SB-AR-01,S3046001_S_GN-SB-CN-01,0.77554166,brand_unit;legacy_block,
S3046001_S_GN-SB-AR-01,S3046001_S_GN-SB-CN-04,0.83145503,brand_unit;legacy_block,
S3046001_S_GN-SB-AR-01,S3046001_S_GN-SB-CO-01,0.01415327,brand_unit;legacy_block;semantic_topk,0.55267859
S3046001_S_GN-SB-AR-01,S3046001_S_GN-SB-CR-01,0.04582104,brand_unit;legacy_block;semantic_topk,0.62186289
S3046001_S_GN-SB-AR-01,S3046001_S_GN-SB-CR-04,0.05474353,brand_unit;legacy_block,
S3046001_S_GN-SB-AR-01,S3046001_S_GN-SB-CR-10,0.56364063,brand_unit;legacy_block,
S3046001_S_GN-SB-AR-01,S3046001_S_GN-SB-CS-05,0.35816814,brand_unit;legacy_block,
S3046001_S_GN-SB-AR-01,S3046001_S_GN-SB-DA-01,0.00600851,brand_unit;legacy_block;semantic_topk,0.65781003
S3046001_S_GN-SB-AR-01,S3046001_S_GN-SB-DM-01,0.01794985,brand_unit;legacy_block;semantic_topk,0.51942074
S3046001_S_GN-SB-AR-01,S3046001_S_GN-SB-DM-04,0.03141787,brand_unit;legacy_block,
S3046001_S_GN-SB-AR-01,S3046001_S_GN-SB-FL-01,0.82062556,brand_unit;legacy_block,
S3046001_S_GN-SB-AR-01,S3046001_S_GN-SB-FL-04,0.92307781,brand_unit;legacy_block,
S3046001_S_GN-SB-AR-01,S3046001_S_GN-SB-GE-05,0.45885556,brand_unit;legacy_block,
S3046001_S_GN-SB-AR-01,S3046001_S_GN-SB-GL-01,0.01470257,brand_unit;legacy_block;semantic_topk,0.55302864
S3046001_S_GN-SB-AR-01,S3046001_S_GN-SB-GL-04,0.02388576,brand_unit;legacy_block,
S3046001_S_GN-SB-AR-01,S3046001_S_GN-SB-GM-01,0.02811732,brand_unit;legacy_block;semantic_topk,0.49704975
S3046001_S_GN-SB-AR-01,S3046001_S_GN-SB-GM-04,0.04461703,brand_unit;legacy_block,
S3046001_S_GN-SB-AR-01,S3046001_S_GN-SB-GR-01,0.00682163,brand_unit;legacy_block;semantic_topk,0.61734605
S3046001_S_GN-SB-AR-01,S3046001_S_GN-SB-GR-04,0.03170522,brand_unit;legacy_block,
S3046001_S_GN-SB-AR-01,S3046001_S_GN-SB-KE-01,0.04038392,brand_unit;legacy_block;semantic_topk,0.49001789
S3046001_S_GN-SB-AR-01,S3046001_S_GN-SB-LA-01,0.02069357,brand_unit;legacy_block;semantic_topk,0.48455185
S3046001_S_GN-SB-AR-01,S3046001_S_GN-SB-LA-04,0.05279643,brand_unit;legacy_block,
S3046001_S_GN-SB-AR-01,S3046001_S_GN-SB-LE-01,0.00858839,brand_unit;legacy_block;semantic_topk,0.62597299
S3046001_S_GN-SB-AR-01,S3046001_S_GN-SB-LE-04,0.03141787,brand_unit;legacy_block,
S3046001_S_GN-SB-AR-01,S3046001_S_GN-SB-MA-01,0.00371249,brand_unit;legacy_block;semantic_topk,0.58407468
S3046001_S_GN-SB-AR-01,S3046001_S_GN-SB-MA-04,0.01404031,brand_unit;legacy_block,
S3046001_S_GN-SB-AR-01,S3046001_S_GN-SB-NE-01,0.00825956,brand_unit;legacy_block;semantic_topk,0.60458148
S3046001_S_GN-SB-AR-01,S3046001_S_GN-SB-NE-04,0.03024161,brand_unit;legacy_block,
S3046001_S_GN-SB-AR-01,S3046001_S_GN-SB-NO-05,0.35816814,brand_unit;legacy_block,
S3046001_S_GN-SB-AR-01,S3046001_S_GN-SB-OO-01,0.00450627,brand_unit;legacy_block;semantic_topk,0.66757619
S3046001_S_GN-SB-AR-01,S3046001_S_GN-SB-OO-04,0.03141787,brand_unit;legacy_block,
S3046001_S_GN-SB-AR-01,S3046001_S_GN-SB-PF-05,0.09051017,brand_unit;legacy_block,
S3046001_S_GN-SB-AR-01,S3046001_S_GN-SB-PL-01,0.00559401,brand_unit;legacy_block;semantic_topk,0.52679437
S3046001_S_GN-SB-AR-01,S3046001_S_GN-SB-PL-04,0.02209223,brand_unit;legacy_block,
S3046001_S_GN-SB-AR-01,S3046001_S_GN-SB-PO-01,0.07454930,brand_unit;legacy_block,
S3046001_S_GN-SB-AR-01,S3046001_S_GN-SB-PP-05,0.66822650,brand_unit;legacy_block,
S3046001_S_GN-SB-AR-01,S3046001_S_GN-SB-RO-01,0.14671174,brand_unit;legacy_block,
S3046001_S_GN-SB-AR-01,S3046001_S_GN-SB-RO-04,0.03141787,brand_unit;legacy_block,
S3046001_S_GN-SB-AR-01,S3046001_S_GN-SB-RS-01,,brand_unit;legacy_block,
S3046001_S_GN-SB-AR-01,S3046001_S_GN-SB-RS-04,,brand_unit;legacy_block,
S3046001_S_GN-SB-AR-01,S3046001_S_GN-SB-SB-01,0.13304556,brand_unit;legacy_block,
S3046001_S_GN-SB-AR-01,S3046001_S_GN-SB-SB-04,0.03141787,brand_unit;legacy_block,
S3046001_S_GN-SB-AR-01,S3046001_S_GN-SB-SJ-01,0.05311051,brand_unit;legacy_block,
S3046001_S_GN-SB-AR-01,S3046001_S_GN-SB-SJ-04,0.01735302,brand_unit;legacy_block,
S3046001_S_GN-SB-AR-01,S3046001_S_GN-SB-SS-01,0.71635699,brand_unit;legacy_block,
S3046001_S_GN-SB-AR-01,S3046001_S_GN-SB-SS-04,0.05643295,brand_unit;legacy_block,
S3046001_S_GN-SB-AR-01,S3046001_S_GN-SB-SW-04,0.83825133,brand_unit;legacy_block,
S3046001_S_GN-SB-AR-01,S3046001_S_GN-SB-TA-01,0.01794985,brand_unit;legacy_block;semantic_topk,0.56699884
S3046001_S_GN-SB-AR-01,S3046001_S_GN-SB-TA-04,0.03141787,brand_unit;legacy_block,
S3046001_S_GN-SB-AR-01,S3046001_S_GN-SB-TM-01,0.78549987,brand_unit;legacy_block,
S3046001_S_GN-SB-AR-01,S3046001_S_GN-SB-TM-04,0.81802999,brand_unit;legacy_block,
S3046001_S_GN-SB-AR-01,S3046001_S_GN-SB-TT-01,0.03288568,brand_unit;legacy_block;semantic_topk,0.44270161
S3046001_S_GN-SB-AR-01,S3046001_S_GN-SB-TT-04,0.05279643,brand_unit;legacy_block,
S3046001_S_GN-SB-AR-01,S3046001_S_GN-SB-TU-01,0.07490796,brand_unit;legacy_block,
S3046001_S_GN-SB-AR-01,S3046001_S_GN-SB-TU-04,0.03141787,brand_unit;legacy_block,
S3046001_S_GN-SB-AR-01,S3046001_S_GN-SB-WP-01,0.02101982,brand_unit;legacy_block;semantic_topk,0.42971444
S3046001_S_GN-SB-AR-01,S3046001_S_GN-SB-WP-04,0.05543844,brand_unit;legacy_block,
S3046001_S_GN-SB-AR-01,S3046001_S_GN10667,0.09352500,brand_unit;legacy_block,
S3046001_S_GN-SB-AR-04,S3046001_S_GN-SB-AS-01,0.03948770,brand_unit;legacy_block,
S3046001_S_GN-SB-AR-04,S3046001_S_GN-SB-AS-04,0.05608221,brand_unit;legacy_block,
S3046001_S_GN-SB-AR-04,S3046001_S_GN-SB-AS-10,0.50804109,brand_unit;legacy_block,
S3046001_S_GN-SB-AR-04,S3046001_S_GN-SB-AV-01,0.01677168,brand_unit;legacy_block,
S3046001_S_GN-SB-AR-04,S3046001_S_GN-SB-AV-04,0.04992452,brand_unit;legacy_block;semantic_topk,0.74870890
S3046001_S_GN-SB-AR-04,S3046001_S_GN-SB-AV-10,0.50804109,brand_unit;legacy_block,
S3046001_S_GN-SB-AR-04,S3046001_S_GN-SB-BS-01,0.02847713,brand_unit;legacy_block,
S3046001_S_GN-SB-AR-04,S3046001_S_GN-SB-BS-04,0.05192527,brand_unit;legacy_block;semantic_topk,0.71438080
S3046001_S_GN-SB-AR-04,S3046001_S_GN-SB-BS-10,0.81612472,brand_unit;legacy_block,
S3046001_S_GN-SB-AR-04,S3046001_S_GN-SB-CA-01,0.01677168,brand_unit;legacy_block,
S3046001_S_GN-SB-AR-04,S3046001_S_GN-SB-CA-04,0.06686903,brand_unit;legacy_block;semantic_topk,0.68018550
S3046001_S_GN-SB-AR-04,S3046001_S_GN-SB-CA-10,0.79370577,brand_unit;legacy_block,
S3046001_S_GN-SB-AR-04,S3046001_S_GN-SB-CB-01,0.03013748,brand_unit;legacy_block,
S3046001_S_GN-SB-AR-04,S3046001_S_GN-SB-CB-04,0.06171976,brand_unit;legacy_block;semantic_topk,0.74071866
S3046001_S_GN-SB-AR-04,S3046001_S_GN-SB-CH-01,0.01677168,brand_unit;legacy_block,
S3046001_S_GN-SB-AR-04,S3046001_S_GN-SB-CH-04-02,0.17238750,brand_unit;legacy_block;semantic_topk,0.49150413
S3046001_S_GN-SB-AR-04,S3046001_S_GN-SB-CH-10,0.00973402,brand_unit;legacy_block,
S3046001_S_GN-SB-AR-04,S3046001_S_GN-SB-CI-01,0.02847713,brand_unit;legacy_block,
S3046001_S_GN-SB-AR-04,S3046001_S_GN-SB-CI-04,0.00207855,brand_unit;legacy_block;semantic_topk,0.72198528
S3046001_S_GN-SB-AR-04,S3046001_S_GN-SB-CM-01,0.02847713,brand_unit;legacy_block,
S3046001_S_GN-SB-AR-04,S3046001_S_GN-SB-CM-04,0.06686903,brand_unit;legacy_block;semantic_topk,0.67561722
S3046001_S_GN-SB-AR-04,S3046001_S_GN-SB-CM-10,0.79370577,brand_unit;legacy_block,
S3046001_S_GN-SB-AR-04,S3046001_S_GN-SB-CN-01,0.10630779,brand_unit;legacy_block,
S3046001_S_GN-SB-AR-04,S3046001_S_GN-SB-CN-04,0.00536645,brand_unit;legacy_block,
S3046001_S_GN-SB-AR-04,S3046001_S_GN-SB-CO-01,0.02847713,brand_unit;legacy_block,
S3046001_S_GN-SB-AR-04,S3046001_S_GN-SB-CR-01,0.01776203,brand_unit;legacy_block,
S3046001_S_GN-SB-AR-04,S3046001_S_GN-SB-CR-04,0.06686903,brand_unit;legacy_block;semantic_topk,0.67629725
S3046001_S_GN-SB-AR-04,S3046001_S_GN-SB-CR-10,0.01154611,brand_unit;legacy_block,
S3046001_S_GN-SB-AR-04,S3046001_S_GN-SB-CS-05,0.33491254,brand_unit;legacy_block,
S3046001_S_GN-SB-AR-04,S3046001_S_GN-SB-DA-01,0.01677168,brand_unit;legacy_block,
S3046001_S_GN-SB-AR-04,S3046001_S_GN-SB-DM-01,0.01677168,brand_unit;legacy_block,
S3046001_S_GN-SB-AR-04,S3046001_S_GN-SB-DM-04,0.05643641,brand_unit;legacy_block;semantic_topk,0.70209253
S3046001_S_GN-SB-AR-04,S3046001_S_GN-SB-FL-01,0.00995939,brand_unit;legacy_block,
S3046001_S_GN-SB-AR-04,S3046001_S_GN-SB-FL-04,0.01723666,brand_unit;legacy_block,
S3046001_S_GN-SB-AR-04,S3046001_S_GN-SB-GE-05,0.28440512,brand_unit;legacy_block,
S3046001_S_GN-SB-AR-04,S3046001_S_GN-SB-GL-01,0.03013748,brand_unit;legacy_block,
S3046001_S_GN-SB-AR-04,S3046001_S_GN-SB-GL-04,,brand_unit;legacy_block;semantic_topk,0.63176221
S3046001_S_GN-SB-AR-04,S3046001_S_GN-SB-GM-01,0.00971956,brand_unit;legacy_block,
S3046001_S_GN-SB-AR-04,S3046001_S_GN-SB-GM-04,0.03160423,brand_unit;legacy_block;semantic_topk,0.64857763
S3046001_S_GN-SB-AR-04,S3046001_S_GN-SB-GR-01,0.01677168,brand_unit;legacy_block,
S3046001_S_GN-SB-AR-04,S3046001_S_GN-SB-GR-04,0.06171976,brand_unit;legacy_block;semantic_topk,0.75441653
S3046001_S_GN-SB-AR-04,S3046001_S_GN-SB-KE-01,0.01171653,brand_unit;legacy_block,
S3046001_S_GN-SB-AR-04,S3046001_S_GN-SB-LA-01,0.02847713,brand_unit;legacy_block,
S3046001_S_GN-SB-AR-04,S3046001_S_GN-SB-LA-04,0.08119552,brand_unit;legacy_block;semantic_topk,0.60869795
S3046001_S_GN-SB-AR-04,S3046001_S_GN-SB-LE-01,,brand_unit;legacy_block,
S3046001_S_GN-SB-AR-04,S3046001_S_GN-SB-LE-04,,brand_unit;legacy_block;semantic_topk,0.75784910
S3046001_S_GN-SB-AR-04,S3046001_S_GN-SB-MA-01,0.01776203,brand_unit;legacy_block,
S3046001_S_GN-SB-AR-04,S3046001_S_GN-SB-MA-04,0.03160423,brand_unit;legacy_block;semantic_topk,0.66875255
S3046001_S_GN-SB-AR-04,S3046001_S_GN-SB-NE-01,0.01677168,brand_unit;legacy_block,
S3046001_S_GN-SB-AR-04,S3046001_S_GN-SB-NE-04,0.04992452,brand_unit;legacy_block;semantic_topk,0.73852819
S3046001_S_GN-SB-AR-04,S3046001_S_GN-SB-NO-05,0.35901021,brand_unit;legacy_block,
S3046001_S_GN-SB-AR-04,S3046001_S_GN-SB-OO-01,0.01677168,brand_unit;legacy_block,
S3046001_S_GN-SB-AR-04,S3046001_S_GN-SB-OO-04,0.06171976,brand_unit;legacy_block;semantic_topk,0.78232652
S3046001_S_GN-SB-AR-04,S3046001_S_GN-SB-PF-05,0.05961507,brand_unit;legacy_block,
S3046001_S_GN-SB-AR-04,S3046001_S_GN-SB-PL-01,,brand_unit;legacy_block,
S3046001_S_GN-SB-AR-04,S3046001_S_GN-SB-PL-04,,brand_unit;legacy_block,
S3046001_S_GN-SB-AR-04,S3046001_S_GN-SB-PO-01,0.40912279,brand_unit;legacy_block,
S3046001_S_GN-SB-AR-04,S3046001_S_GN-SB-PP-05,0.33491254,brand_unit;legacy_block,
S3046001_S_GN-SB-AR-04,S3046001_S_GN-SB-RO-01,0.40912279,brand_unit;legacy_block,
S3046001_S_GN-SB-AR-04,S3046001_S_GN-SB-RO-04,0.06171976,brand_unit;legacy_block;semantic_topk,0.73456770
S3046001_S_GN-SB-AR-04,S3046001_S_GN-SB-RS-01,0.40912279,brand_unit;legacy_block,
S3046001_S_GN-SB-AR-04,S3046001_S_GN-SB-RS-04,0.04992452,brand_unit;legacy_block;semantic_topk,0.76731694
S3046001_S_GN-SB-AR-04,S3046001_S_GN-SB-SB-01,0.40912279,brand_unit;legacy_block,
S3046001_S_GN-SB-AR-04,S3046001_S_GN-SB-SB-04,0.06171976,brand_unit;legacy_block;semantic_topk,0.75187486
S3046001_S_GN-SB-AR-04,S3046001_S_GN-SB-SJ-01,0.40912279,brand_unit;legacy_block,
S3046001_S_GN-SB-AR-04,S3046001_S_GN-SB-SJ-04,0.05643641,brand_unit;legacy_block;semantic_topk,0.66760898
S3046001_S_GN-SB-AR-04,S3046001_S_GN-SB-SS-01,0.03701459,brand_unit;legacy_block,
S3046001_S_GN-SB-AR-04,S3046001_S_GN-SB-SS-04,0.02913298,brand_unit;legacy_block,
S3046001_S_GN-SB-AR-04,S3046001_S_GN-SB-SW-04,0.40524176,brand_unit;legacy_block,
S3046001_S_GN-SB-AR-04,S3046001_S_GN-SB-TA-01,0.01472864,brand_unit;legacy_block,
S3046001_S_GN-SB-AR-04,S3046001_S_GN-SB-TA-04,0.05352656,brand_unit;legacy_block;semantic_topk,0.75260448
S3046001_S_GN-SB-AR-04,S3046001_S_GN-SB-TM-01,0.00949351,brand_unit;legacy_block,
S3046001_S_GN-SB-AR-04,S3046001_S_GN-SB-TM-04,0.00826380,brand_unit;legacy_block,
S3046001_S_GN-SB-AR-04,S3046001_S_GN-SB-TT-01,0.03884000,brand_unit;legacy_block,
S3046001_S_GN-SB-AR-04,S3046001_S_GN-SB-TT-04,0.05643641,brand_unit;legacy_block;semantic_topk,0.67152160
S3046001_S_GN-SB-AR-04,S3046001_S_GN-SB-TU-01,0.29798306,brand_unit;legacy_block,
S3046001_S_GN-SB-AR-04,S3046001_S_GN-SB-TU-04,0.04992452,brand_unit;legacy_block;semantic_topk,0.74804598
S3046001_S_GN-SB-AR-04,S3046001_S_GN-SB-WP-01,0.02363744,brand_unit;legacy_block,
S3046001_S_GN-SB-AR-04,S3046001_S_GN-SB-WP-04,0.05798235,brand_unit;legacy_block;semantic_topk,0.62078625
S3046001_S_GN-SB-AR-04,S3046001_S_GN10667,0.37175022,brand_unit;legacy_block,
S3046001_S_GN-SB-AS-01,S3046001_S_GN-SB-AS-04,0.01352681,brand_unit;legacy_block;semantic_topk,0.47721013
S3046001_S_GN-SB-AS-01,S3046001_S_GN-SB-AS-10,0.01703648,brand_unit;legacy_block;semantic_topk,0.43810675
S3046001_S_GN-SB-AS-01,S3046001_S_GN-SB-AV-01,,brand_unit;legacy_block,
S3046001_S_GN-SB-AS-01,S3046001_S_GN-SB-AV-04,,brand_unit;legacy_block,
S3046001_S_GN-SB-AS-01,S3046001_S_GN-SB-AV-10,,brand_unit;legacy_block,
S3046001_S_GN-SB-AS-01,S3046001_S_GN-SB-BS-01,0.00878884,brand_unit;legacy_block,
S3046001_S_GN-SB-AS-01,S3046001_S_GN-SB-BS-04,,brand_unit;legacy_block,
S3046001_S_GN-SB-AS-01,S3046001_S_GN-SB-BS-10,,brand_unit;legacy_block,
S3046001_S_GN-SB-AS-01,S3046001_S_GN-SB-CA-01,,brand_unit;legacy_block,
S3046001_S_GN-SB-AS-01,S3046001_S_GN-SB-CA-04,,brand_unit;legacy_block,
S3046001_S_GN-SB-AS-01,S3046001_S_GN-SB-CA-10,,brand_unit;legacy_block,
S3046001_S_GN-SB-AS-01,S3046001_S_GN-SB-CB-01,,brand_unit;legacy_block,
S3046001_S_GN-SB-AS-01,S3046001_S_GN-SB-CB-04,,brand_unit;legacy_block,
S3046001_S_GN-SB-AS-01,S3046001_S_GN-SB-CH-01,,brand_unit;legacy_block,
S3046001_S_GN-SB-AS-01,S3046001_S_GN-SB-CH-04-02,,brand_unit;legacy_block,
S3046001_S_GN-SB-AS-01,S3046001_S_GN-SB-CH-10,,brand_unit;legacy_block;semantic_topk,0.45994210
S3046001_S_GN-SB-AS-01,S3046001_S_GN-SB-CI-01,0.20901323,brand_unit;legacy_block,
S3046001_S_GN-SB-AS-01,S3046001_S_GN-SB-CI-04,0.02983011,brand_unit;legacy_block,
S3046001_S_GN-SB-AS-01,S3046001_S_GN-SB-CM-01,0.20028434,brand_unit;legacy_block,
S3046001_S_GN-SB-AS-01,S3046001_S_GN-SB-CM-04,,brand_unit;legacy_block,
S3046001_S_GN-SB-AS-01,S3046001_S_GN-SB-CM-10,,brand_unit;legacy_block,
S3046001_S_GN-SB-AS-01,S3046001_S_GN-SB-CN-01,0.00670614,brand_unit;legacy_block;semantic_topk,0.40956232
S3046001_S_GN-SB-AS-01,S3046001_S_GN-SB-CN-04,0.00670614,brand_unit;legacy_block;semantic_topk,0.42883301
S3046001_S_GN-SB-AS-01,S3046001_S_GN-SB-CO-01,0.22010425,brand_unit;legacy_block,
S3046001_S_GN-SB-AS-01,S3046001_S_GN-SB-CR-01,,brand_unit;legacy_block,
S3046001_S_GN-SB-AS-01,S3046001_S_GN-SB-CR-04,,brand_unit;legacy_block,
S3046001_S_GN-SB-AS-01,S3046001_S_GN-SB-CR-10,0.00478442,brand_unit;legacy_block;semantic_topk,0.47458693
S3046001_S_GN-SB-AS-01,S3046001_S_GN-SB-CS-05,0.00944089,brand_unit;legacy_block,
S3046001_S_GN-SB-AS-01,S3046001_S_GN-SB-DA-01,,brand_unit;legacy_block,
S3046001_S_GN-SB-AS-01,S3046001_S_GN-SB-DM-01,,brand_unit;legacy_block,
S3046001_S_GN-SB-AS-01,S3046001_S_GN-SB-DM-04,,brand_unit;legacy_block,
S3046001_S_GN-SB-AS-01,S3046001_S_GN-SB-FL-01,,brand_unit;legacy_block;semantic_topk,0.49913320
S3046001_S_GN-SB-AS-01,S3046001_S_GN-SB-FL-04,,brand_unit;legacy_block,
S3046001_S_GN-SB-AS-01,S3046001_S_GN-SB-GE-05,0.01589536,brand_unit;legacy_block,
S3046001_S_GN-SB-AS-01,S3046001_S_GN-SB-GL-01,0.24637283,brand_unit;legacy_block,
S3046001_S_GN-SB-AS-01,S3046001_S_GN-SB-GL-04,,brand_unit;legacy_block,
S3046001_S_GN-SB-AS-01,S3046001_S_GN-SB-GM-01,0.00235975,brand_unit;legacy_block,
S3046001_S_GN-SB-AS-01,S3046001_S_GN-SB-GM-04,0.03117883,brand_unit;legacy_block,
S3046001_S_GN-SB-AS-01,S3046001_S_GN-SB-GR-01,,brand_unit;legacy_block,
S3046001_S_GN-SB-AS-01,S3046001_S_GN-SB-GR-04,,brand_unit;legacy_block,
S3046001_S_GN-SB-AS-01,S3046001_S_GN-SB-KE-01,0.26461107,brand_unit;legacy_block,
S3046001_S_GN-SB-AS-01,S3046001_S_GN-SB-LA-01,,brand_unit;legacy_block,
S3046001_S_GN-SB-AS-01,S3046001_S_GN-SB-LA-04,,brand_unit;legacy_block,
S3046001_S_GN-SB-AS-01,S3046001_S_GN-SB-LE-01,,brand_unit;legacy_block,
S3046001_S_GN-SB-AS-01,S3046001_S_GN-SB-LE-04,,brand_unit;legacy_block,
S3046001_S_GN-SB-AS-01,S3046001_S_GN-SB-MA-01,0.22952959,brand_unit;legacy_block,
S3046001_S_GN-SB-AS-01,S3046001_S_GN-SB-MA-04,0.79997509,brand_unit;legacy_block,
S3046001_S_GN-SB-AS-01,S3046001_S_GN-SB-NE-01,,brand_unit;legacy_block,
S3046001_S_GN-SB-AS-01,S3046001_S_GN-SB-NE-04,,brand_unit;legacy_block,
S3046001_S_GN-SB-AS-01,S3046001_S_GN-SB-NO-05,0.00944089,brand_unit;legacy_block,
S3046001_S_GN-SB-AS-01,S3046001_S_GN-SB-OO-01,,brand_unit;legacy_block,
S3046001_S_GN-SB-AS-01,S3046001_S_GN-SB-OO-04,,brand_unit;legacy_block,
S3046001_S_GN-SB-AS-01,S3046001_S_GN-SB-PF-05,0.00944089,brand_unit;legacy_block,
S3046001_S_GN-SB-AS-01,S3046001_S_GN-SB-PL-01,,brand_unit;legacy_block,
S3046001_S_GN-SB-AS-01,S3046001_S_GN-SB-PL-04,,brand_unit;legacy_block,
S3046001_S_GN-SB-AS-01,S3046001_S_GN-SB-PO-01,0.00781886,brand_unit;legacy_block,
S3046001_S_GN-SB-AS-01,S3046001_S_GN-SB-PP-05,0.00996571,brand_unit;legacy_block,
S3046001_S_GN-SB-AS-01,S3046001_S_GN-SB-RO-01,,brand_unit;legacy_block,
S3046001_S_GN-SB-AS-01,S3046001_S_GN-SB-RO-04,,brand_unit;legacy_block,
S3046001_S_GN-SB-AS-01,S3046001_S_GN-SB-RS-01,,brand_unit;legacy_block,
S3046001_S_GN-SB-AS-01,S3046001_S_GN-SB-RS-04,,brand_unit;legacy_block,
S3046001_S_GN-SB-AS-01,S3046001_S_GN-SB-SB-01,0.91624221,brand_unit;legacy_block,
S3046001_S_GN-SB-AS-01,S3046001_S_GN-SB-SB-04,0.97424329,brand_unit;legacy_block,
S3046001_S_GN-SB-AS-01,S3046001_S_GN-SB-SJ-01,0.20419651,brand_unit;legacy_block,
S3046001_S_GN-SB-AS-01,S3046001_S_GN-SB-SJ-04,0.08648711,brand_unit;legacy_block,
S3046001_S_GN-SB-AS-01,S3046001_S_GN-SB-SS-01,0.03025515,brand_unit;legacy_block,
S3046001_S_GN-SB-AS-01,S3046001_S_GN-SB-SS-04,0.09800619,brand_unit;legacy_block,
S3046001_S_GN-SB-AS-01,S3046001_S_GN-SB-SW-04,0.01282866,brand_unit;legacy_block,
S3046001_S_GN-SB-AS-01,S3046001_S_GN-SB-TA-01,,brand_unit;legacy_block,
S3046001_S_GN-SB-AS-01,S3046001_S_GN-SB-TA-04,,brand_unit;legacy_block,
S3046001_S_GN-SB-AS-01,S3046001_S_GN-SB-TM-01,,brand_unit;legacy_block;semantic_topk,0.50882894
S3046001_S_GN-SB-AS-01,S3046001_S_GN-SB-TM-04,,brand_unit;legacy_block,
S3046001_S_GN-SB-AS-01,S3046001_S_GN-SB-TT-01,,brand_unit;legacy_block,
S3046001_S_GN-SB-AS-01,S3046001_S_GN-SB-TT-04,,brand_unit;legacy_block,
S3046001_S_GN-SB-AS-01,S3046001_S_GN-SB-TU-01,0.00205991,brand_unit;legacy_block,
S3046001_S_GN-SB-AS-01,S3046001_S_GN-SB-TU-04,,brand_unit;legacy_block,
S3046001_S_GN-SB-AS-01,S3046001_S_GN-SB-WP-01,0.40603111,brand_unit;legacy_block,
S3046001_S_GN-SB-AS-01,S3046001_S_GN-SB-WP-04,0.03668273,brand_unit;legacy_block,
S3046001_S_GN-SB-AS-01,S3046001_S_GN10667,0.02567435,brand_unit;legacy_block,
S3046001_S_GN-SB-AS-04,S3046001_S_GN-SB-AS-10,1.00000000,brand_unit;legacy_block;semantic_topk,0.61839455
S3046001_S_GN-SB-AS-04,S3046001_S_GN-SB-AV-01,,brand_unit;legacy_block,
S3046001_S_GN-SB-AS-04,S3046001_S_GN-SB-AV-04,,brand_unit;legacy_block,
S3046001_S_GN-SB-AS-04,S3046001_S_GN-SB-AV-10,,brand_unit;legacy_block;semantic_topk,0.52397937
S3046001_S_GN-SB-AS-04,S3046001_S_GN-SB-BS-01,0.33336956,brand_unit;legacy_block,
S3046001_S_GN-SB-AS-04,S3046001_S_GN-SB-BS-04,0.04660443,brand_unit;legacy_block,
S3046001_S_GN-SB-AS-04,S3046001_S_GN-SB-BS-10,0.00861775,brand_unit;legacy_block;semantic_topk,0.47969860
S3046001_S_GN-SB-AS-04,S3046001_S_GN-SB-CA-01,,brand_unit;legacy_block,
S3046001_S_GN-SB-AS-04,S3046001_S_GN-SB-CA-04,,brand_unit;legacy_block,
S3046001_S_GN-SB-AS-04,S3046001_S_GN-SB-CA-10,,brand_unit;legacy_block;semantic_topk,0.50100255
S3046001_S_GN-SB-AS-04,S3046001_S_GN-SB-CB-01,0.74432619,brand_unit;legacy_block,
S3046001_S_GN-SB-AS-04,S3046001_S_GN-SB-CB-04,0.13462901,brand_unit;legacy_block,
S3046001_S_GN-SB-AS-04,S3046001_S_GN-SB-CH-01,0.61020856,brand_unit;legacy_block,
S3046001_S_GN-SB-AS-04,S3046001_S_GN-SB-CH-04-02,0.02124772,brand_unit;legacy_block,
S3046001_S_GN-SB-AS-04,S3046001_S_GN-SB-CH-10,0.03924857,brand_unit;legacy_block,
S3046001_S_GN-SB-AS-04,S3046001_S_GN-SB-CI-01,0.69478096,brand_unit;legacy_block,
S3046001_S_GN-SB-AS-04,S3046001_S_GN-SB-CI-04,0.15150346,brand_unit;legacy_block,
S3046001_S_GN-SB-AS-04,S3046001_S_GN-SB-CM-01,0.58847430,brand_unit;legacy_block,
S3046001_S_GN-SB-AS-04,S3046001_S_GN-SB-CM-04,,brand_unit;legacy_block,
S3046001_S_GN-SB-AS-04,S3046001_S_GN-SB-CM-10,,brand_unit;legacy_block;semantic_topk,0.50450498
S3046001_S_GN-SB-AS-04,S3046001_S_GN-SB-CN-01,0.19713178,brand_unit;legacy_block,
S3046001_S_GN-SB-AS-04,S3046001_S_GN-SB-CN-04,0.01919470,brand_unit;legacy_block,
S3046001_S_GN-SB-AS-04,S3046001_S_GN-SB-CO-01,0.66342702,brand_unit;legacy_block,
S3046001_S_GN-SB-AS-04,S3046001_S_GN-SB-CR-01,0.70745109,brand_unit;legacy_block,
S3046001_S_GN-SB-AS-04,S3046001_S_GN-SB-CR-04,0.71436638,brand_unit;legacy_block,
S3046001_S_GN-SB-AS-04,S3046001_S_GN-SB-CR-10,0.04976177,brand_unit;legacy_block,
S3046001_S_GN-SB-AS-04,S3046001_S_GN-SB-CS-05,0.02536593,brand_unit;legacy_block,
S3046001_S_GN-SB-AS-04,S3046001_S_GN-SB-DA-01,0.75252869,brand_unit;legacy_block,
S3046001_S_GN-SB-AS-04,S3046001_S_GN-SB-DM-01,0.58847430,brand_unit;legacy_block,
S3046001_S_GN-SB-AS-04,S3046001_S_GN-SB-DM-04,0.78414452,brand_unit;legacy_block,
S3046001_S_GN-SB-AS-04,S3046001_S_GN-SB-FL-01,0.18604749,brand_unit;legacy_block,
S3046001_S_GN-SB-AS-04,S3046001_S_GN-SB-FL-04,0.01589050,brand_unit;legacy_block;semantic_topk,0.68503153
S3046001_S_GN-SB-AS-04,S3046001_S_GN-SB-GE-05,0.60847690,brand_unit;legacy_block,
S3046001_S_GN-SB-AS-04,S3046001_S_GN-SB-GL-01,0.75349684,brand_unit;legacy_block,
S3046001_S_GN-SB-AS-04,S3046001_S_GN-SB-GL-04,0.00827900,brand_unit;legacy_block,
S3046001_S_GN-SB-AS-04,S3046001_S_GN-SB-GM-01,0.81802999,brand_unit;legacy_block,
S3046001_S_GN-SB-AS-04,S3046001_S_GN-SB-GM-04,0.74962434,brand_unit;legacy_block,
S3046001_S_GN-SB-AS-04,S3046001_S_GN-SB-GR-01,0.60357815,brand_unit;legacy_block,
S3046001_S_GN-SB-AS-04,S3046001_S_GN-SB-GR-04,0.13018678,brand_unit;legacy_block,
S3046001_S_GN-SB-AS-04,S3046001_S_GN-SB-KE-01,0.56256085,brand_unit;legacy_block,
S3046001_S_GN-SB-AS-04,S3046001_S_GN-SB-LA-01,0.64227826,brand_unit;legacy_block,
S3046001_S_GN-SB-AS-04,S3046001_S_GN-SB-LA-04,0.74128987,brand_unit;legacy_block,
S3046001_S_GN-SB-AS-04,S3046001_S_GN-SB-LE-01,0.72813819,brand_unit;legacy_block,
S3046001_S_GN-SB-AS-04,S3046001_S_GN-SB-LE-04,0.89467185,brand_unit;legacy_block,
S3046001_S_GN-SB-AS-04,S3046001_S_GN-SB-MA-01,0.53268251,brand_unit;legacy_block,
S3046001_S_GN-SB-AS-04,S3046001_S_GN-SB-MA-04,0.42830702,brand_unit;legacy_block,
S3046001_S_GN-SB-AS-04,S3046001_S_GN-SB-NE-01,0.58847430,brand_unit;legacy_block,
S3046001_S_GN-SB-AS-04,S3046001_S_GN-SB-NE-04,0.76800256,brand_unit;legacy_block,
S3046001_S_GN-SB-AS-04,S3046001_S_GN-SB-NO-05,0.02276471,brand_unit;legacy_block,
S3046001_S_GN-SB-AS-04,S3046001_S_GN-SB-OO-01,0.67089012,brand_unit;legacy_block,
S3046001_S_GN-SB-AS-04,S3046001_S_GN-SB-OO-04,0.74128987,brand_unit;legacy_block,
S3046001_S_GN-SB-AS-04,S3046001_S_GN-SB-PF-05,0.81113509,brand_unit;legacy_block,
S3046001_S_GN-SB-AS-04,S3046001_S_GN-SB-PL-01,0.58527817,brand_unit;legacy_block,
S3046001_S_GN-SB-AS-04,S3046001_S_GN-SB-PL-04,0.02312951,brand_unit;legacy_block,
S3046001_S_GN-SB-AS-04,S3046001_S_GN-SB-PO-01,0.55742408,brand_unit;legacy_block,
S3046001_S_GN-SB-AS-04,S3046001_S_GN-SB-PP-05,0.87083322,brand_unit;legacy_block,
S3046001_S_GN-SB-AS-04,S3046001_S_GN-SB-RO-01,0.52397867,brand_unit;legacy_block,
S3046001_S_GN-SB-AS-04,S3046001_S_GN-SB-RO-04,0.72560561,brand_unit;legacy_block,
S3046001_S_GN-SB-AS-04,S3046001_S_GN-SB-RS-01,0.72813819,brand_unit;legacy_block,
S3046001_S_GN-SB-AS-04,S3046001_S_GN-SB-RS-04,0.89467185,brand_unit;legacy_block,
S3046001_S_GN-SB-AS-04,S3046001_S_GN-SB-SB-01,0.61063902,brand_unit;legacy_block,
S3046001_S_GN-SB-AS-04,S3046001_S_GN-SB-SB-04,0.73479212,brand_unit;legacy_block,
S3046001_S_GN-SB-AS-04,S3046001_S_GN-SB-SJ-01,0.24936183,brand_unit;legacy_block,
S3046001_S_GN-SB-AS-04,S3046001_S_GN-SB-SJ-04,0.42830702,brand_unit;legacy_block,
S3046001_S_GN-SB-AS-04,S3046001_S_GN-SB-SS-01,0.35700090,brand_unit;legacy_block,
S3046001_S_GN-SB-AS-04,S3046001_S_GN-SB-SS-04,0.07246147,brand_unit;legacy_block,
S3046001_S_GN-SB-AS-04,S3046001_S_GN-SB-SW-04,0.08897720,brand_unit;legacy_block;semantic_topk,0.74564546
S3046001_S_GN-SB-AS-04,S3046001_S_GN-SB-TA-01,0.58847430,brand_unit;legacy_block,
S3046001_S_GN-SB-AS-04,S3046001_S_GN-SB-TA-04,0.76800256,brand_unit;legacy_block,
S3046001_S_GN-SB-AS-04,S3046001_S_GN-SB-TM-01,,brand_unit;legacy_block,
S3046001_S_GN-SB-AS-04,S3046001_S_GN-SB-TM-04,,brand_unit;legacy_block;semantic_topk,0.69739062
S3046001_S_GN-SB-AS-04,S3046001_S_GN-SB-TT-01,0.55742408,brand_unit;legacy_block,
S3046001_S_GN-SB-AS-04,S3046001_S_GN-SB-TT-04,0.07996866,brand_unit;legacy_block,
S3046001_S_GN-SB-AS-04,S3046001_S_GN-SB-TU-01,0.30219035,brand_unit;legacy_block,
S3046001_S_GN-SB-AS-04,S3046001_S_GN-SB-TU-04,0.78414452,brand_unit;legacy_block,
S3046001_S_GN-SB-AS-04,S3046001_S_GN-SB-WP-01,0.61655336,brand_unit;legacy_block,
S3046001_S_GN-SB-AS-04,S3046001_S_GN-SB-WP-04,0.49310840,brand_unit;legacy_block,
S3046001_S_GN-SB-AS-04,S3046001_S_GN10667,0.10122217,brand_unit;legacy_block,
S3046001_S_GN-SB-AS-10,S3046001_S_GN-SB-AV-01,,brand_unit;legacy_block,
S3046001_S_GN-SB-AS-10,S3046001_S_GN-SB-AV-04,,brand_unit;legacy_block,
S3046001_S_GN-SB-AS-10,S3046001_S_GN-SB-AV-10,,brand_unit;legacy_block;semantic_topk,0.82650650
S3046001_S_GN-SB-AS-10,S3046001_S_GN-SB-BS-01,0.27387084,brand_unit;legacy_block,
S3046001_S_GN-SB-AS-10,S3046001_S_GN-SB-BS-04,0.87391041,brand_unit;legacy_block,
S3046001_S_GN-SB-AS-10,S3046001_S_GN-SB-BS-10,0.01333640,brand_unit;legacy_block;semantic_topk,0.76764584
S3046001_S_GN-SB-AS-10,S3046001_S_GN-SB-CA-01,,brand_unit;legacy_block,
S3046001_S_GN-SB-AS-10,S3046001_S_GN-SB-CA-04,,brand_unit;legacy_block,
S3046001_S_GN-SB-AS-10,S3046001_S_GN-SB-CA-10,,brand_unit;legacy_block;semantic_topk,0.80306435
S3046001_S_GN-SB-AS-10,S3046001_S_GN-SB-CB-01,0.69058487,brand_unit;legacy_block,
S3046001_S_GN-SB-AS-10,S3046001_S_GN-SB-CB-04,0.77814331,brand_unit;legacy_block,
S3046001_S_GN-SB-AS-10,S3046001_S_GN-SB-CH-01,0.54143025,brand_unit;legacy_block,
S3046001_S_GN-SB-AS-10,S3046001_S_GN-SB-CH-04-02,0.79107948,brand_unit;legacy_block,
S3046001_S_GN-SB-AS-10,S3046001_S_GN-SB-CH-10,0.01859628,brand_unit;legacy_block;semantic_topk,0.47312170
S3046001_S_GN-SB-AS-10,S3046001_S_GN-SB-CI-01,0.63192403,brand_unit;legacy_block,
S3046001_S_GN-SB-AS-10,S3046001_S_GN-SB-CI-04,0.84629366,brand_unit;legacy_block,
S3046001_S_GN-SB-AS-10,S3046001_S_GN-SB-CM-01,0.58847430,brand_unit;legacy_block,
S3046001_S_GN-SB-AS-10,S3046001_S_GN-SB-CM-04,,brand_unit;legacy_block,
S3046001_S_GN-SB-AS-10,S3046001_S_GN-SB-CM-10,,brand_unit;legacy_block;semantic_topk,0.81509668
S3046001_S_GN-SB-AS-10,S3046001_S_GN-SB-CN-01,0.07610020,brand_unit;legacy_block,
S3046001_S_GN-SB-AS-10,S3046001_S_GN-SB-CN-04,0.06494974,brand_unit;legacy_block,
S3046001_S_GN-SB-AS-10,S3046001_S_GN-SB-CO-01,0.56698716,brand_unit;legacy_block,
S3046001_S_GN-SB-AS-10,S3046001_S_GN-SB-CR-01,0.61895481,brand_unit;legacy_block,
S3046001_S_GN-SB-AS-10,S3046001_S_GN-SB-CR-04,0.79125789,brand_unit;legacy_block,
S3046001_S_GN-SB-AS-10,S3046001_S_GN-SB-CR-10,0.02601239,brand_unit;legacy_block;semantic_topk,0.46474490
S3046001_S_GN-SB-AS-10,S3046001_S_GN-SB-CS-05,0.03562055,brand_unit;legacy_block,
S3046001_S_GN-SB-AS-10,S3046001_S_GN-SB-DA-01,0.75252869,brand_unit;legacy_block,
S3046001_S_GN-SB-AS-10,S3046001_S_GN-SB-DM-01,0.58847430,brand_unit;legacy_block,
S3046001_S_GN-SB-AS-10,S3046001_S_GN-SB-DM-04,0.85066833,brand_unit;legacy_block,
S3046001_S_GN-SB-AS-10,S3046001_S_GN-SB-FL-01,0.05946961,brand_unit;legacy_block,
S3046001_S_GN-SB-AS-10,S3046001_S_GN-SB-FL-04,0.01079746,brand_unit;legacy_block;semantic_topk,0.51674366
S3046001_S_GN-SB-AS-10,S3046001_S_GN-SB-GE-05,0.03562055,brand_unit;legacy_block,
S3046001_S_GN-SB-AS-10,S3046001_S_GN-SB-GL-01,0.69260902,brand_unit;legacy_block,
S3046001_S_GN-SB-AS-10,S3046001_S_GN-SB-GL-04,0.79370577,brand_unit;legacy_block,
S3046001_S_GN-SB-AS-10,S3046001_S_GN-SB-GM-01,0.79151742,brand_unit;legacy_block,
S3046001_S_GN-SB-AS-10,S3046001_S_GN-SB-GM-04,0.87620295,brand_unit;legacy_block,
S3046001_S_GN-SB-AS-10,S3046001_S_GN-SB-GR-01,0.53452236,brand_unit;legacy_block,
S3046001_S_GN-SB-AS-10,S3046001_S_GN-SB-GR-04,0.78644900,brand_unit;legacy_block,
S3046001_S_GN-SB-AS-10,S3046001_S_GN-SB-KE-01,0.50099230,brand_unit;legacy_block,
S3046001_S_GN-SB-AS-10,S3046001_S_GN-SB-LA-01,0.55367108,brand_unit;legacy_block,
S3046001_S_GN-SB-AS-10,S3046001_S_GN-SB-LA-04,0.81283260,brand_unit;legacy_block,
S3046001_S_GN-SB-AS-10,S3046001_S_GN-SB-LE-01,0.75252869,brand_unit;legacy_block,
S3046001_S_GN-SB-AS-10,S3046001_S_GN-SB-LE-04,0.91430641,brand_unit;legacy_block,
S3046001_S_GN-SB-AS-10,S3046001_S_GN-SB-MA-01,0.45658755,brand_unit;legacy_block,
S3046001_S_GN-SB-AS-10,S3046001_S_GN-SB-MA-04,0.78478544,brand_unit;legacy_block,
S3046001_S_GN-SB-AS-10,S3046001_S_GN-SB-NE-01,0.58847430,brand_unit;legacy_block,
S3046001_S_GN-SB-AS-10,S3046001_S_GN-SB-NE-04,0.83381432,brand_unit;legacy_block,
S3046001_S_GN-SB-AS-10,S3046001_S_GN-SB-NO-05,0.06632311,brand_unit;legacy_block,
S3046001_S_GN-SB-AS-10,S3046001_S_GN-SB-OO-01,0.57521949,brand_unit;legacy_block,
S3046001_S_GN-SB-AS-10,S3046001_S_GN-SB-OO-04,0.81283260,brand_unit;legacy_block,
S3046001_S_GN-SB-AS-10,S3046001_S_GN-SB-PF-05,0.79648768,brand_unit;legacy_block,
S3046001_S_GN-SB-AS-10,S3046001_S_GN-SB-PL-01,0.50099230,brand_unit;legacy_block,
S3046001_S_GN-SB-AS-10,S3046001_S_GN-SB-PL-04,0.88731299,brand_unit;legacy_block,
S3046001_S_GN-SB-AS-10,S3046001_S_GN-SB-PO-01,0.58847430,brand_unit;legacy_block,
S3046001_S_GN-SB-AS-10,S3046001_S_GN-SB-PP-05,0.72856242,brand_unit;legacy_block,
S3046001_S_GN-SB-AS-10,S3046001_S_GN-SB-RO-01,0.55550426,brand_unit;legacy_block,
S3046001_S_GN-SB-AS-10,S3046001_S_GN-SB-RO-04,0.80031728,brand_unit;legacy_block,
S3046001_S_GN-SB-AS-10,S3046001_S_GN-SB-RS-01,0.75252869,brand_unit;legacy_block,
S3046001_S_GN-SB-AS-10,S3046001_S_GN-SB-RS-04,0.92131179,brand_unit;legacy_block,
S3046001_S_GN-SB-AS-10,S3046001_S_GN-SB-SB-01,0.51023970,brand_unit;legacy_block,
S3046001_S_GN-SB-AS-10,S3046001_S_GN-SB-SB-04,0.80766550,brand_unit;legacy_block,
S3046001_S_GN-SB-AS-10,S3046001_S_GN-SB-SJ-01,0.27387084,brand_unit;legacy_block,
S3046001_S_GN-SB-AS-10,S3046001_S_GN-SB-SJ-04,0.79370577,brand_unit;legacy_block,
S3046001_S_GN-SB-AS-10,S3046001_S_GN-SB-SS-01,0.34725020,brand_unit;legacy_block,
S3046001_S_GN-SB-AS-10,S3046001_S_GN-SB-SS-04,0.14766589,brand_unit;legacy_block,
S3046001_S_GN-SB-AS-10,S3046001_S_GN-SB-SW-04,0.01369266,brand_unit;legacy_block;semantic_topk,0.58945310
S3046001_S_GN-SB-AS-10,S3046001_S_GN-SB-TA-01,0.58847430,brand_unit;legacy_block,
S3046001_S_GN-SB-AS-10,S3046001_S_GN-SB-TA-04,0.85066833,brand_unit;legacy_block,
S3046001_S_GN-SB-AS-10,S3046001_S_GN-SB-TM-01,,brand_unit;legacy_block,
S3046001_S_GN-SB-AS-10,S3046001_S_GN-SB-TM-04,,brand_unit;legacy_block;semantic_topk,0.52543896
S3046001_S_GN-SB-AS-10,S3046001_S_GN-SB-TT-01,0.58020909,brand_unit;legacy_block,
S3046001_S_GN-SB-AS-10,S3046001_S_GN-SB-TT-04,0.03604389,brand_unit;legacy_block,
S3046001_S_GN-SB-AS-10,S3046001_S_GN-SB-TU-01,0.28296392,brand_unit;legacy_block,
S3046001_S_GN-SB-AS-10,S3046001_S_GN-SB-TU-04,0.83381432,brand_unit;legacy_block,
S3046001_S_GN-SB-AS-10,S3046001_S_GN-SB-WP-01,0.59351349,brand_unit;legacy_block,
S3046001_S_GN-SB-AS-10,S3046001_S_GN-SB-WP-04,0.80478985,brand_unit;legacy_block,
S3046001_S_GN-SB-AS-10,S3046001_S_GN10667,0.02422294,brand_unit;legacy_block,
S3046001_S_GN-SB-AV-01,S3046001_S_GN-SB-AV-04,1.00000000,brand_unit;legacy_block;semantic_topk,0.55830169
S3046001_S_GN-SB-AV-01,S3046001_S_GN-SB-AV-10,1.00000000,brand_unit;legacy_block,
S3046001_S_GN-SB-AV-01,S3046001_S_GN-SB-BS-01,0.00628894,brand_unit;legacy_block;semantic_topk,0.50534207
S3046001_S_GN-SB-AV-01,S3046001_S_GN-SB-BS-04,,brand_unit;legacy_block,
S3046001_S_GN-SB-AV-01,S3046001_S_GN-SB-BS-10,,brand_unit;legacy_block,
S3046001_S_GN-SB-AV-01,S3046001_S_GN-SB-CA-01,,brand_unit;legacy_block;semantic_topk,0.63269293
S3046001_S_GN-SB-AV-01,S3046001_S_GN-SB-CA-04,,brand_unit;legacy_block,
S3046001_S_GN-SB-AV-01,S3046001_S_GN-SB-CA-10,,brand_unit;legacy_block,
S3046001_S_GN-SB-AV-01,S3046001_S_GN-SB-CB-01,,brand_unit;legacy_block;semantic_topk,0.46395183
S3046001_S_GN-SB-AV-01,S3046001_S_GN-SB-CB-04,,brand_unit;legacy_block,
S3046001_S_GN-SB-AV-01,S3046001_S_GN-SB-CH-01,,brand_unit;legacy_block;semantic_topk,0.63931441
S3046001_S_GN-SB-AV-01,S3046001_S_GN-SB-CH-04-02,,brand_unit;legacy_block,
S3046001_S_GN-SB-AV-01,S3046001_S_GN-SB-CH-10,,brand_unit;legacy_block,
S3046001_S_GN-SB-AV-01,S3046001_S_GN-SB-CI-01,0.03807004,brand_unit;legacy_block;semantic_topk,0.53345191
S3046001_S_GN-SB-AV-01,S3046001_S_GN-SB-CI-04,0.07610793,brand_unit;legacy_block,
S3046001_S_GN-SB-AV-01,S3046001_S_GN-SB-CM-01,,brand_unit;legacy_block;semantic_topk,0.51141453
S3046001_S_GN-SB-AV-01,S3046001_S_GN-SB-CM-04,,brand_unit;legacy_block,
S3046001_S_GN-SB-AV-01,S3046001_S_GN-SB-CM-10,,brand_unit;legacy_block,
S3046001_S_GN-SB-AV-01,S3046001_S_GN-SB-CN-01,0.41741198,brand_unit;legacy_block,
S3046001_S_GN-SB-AV-01,S3046001_S_GN-SB-CN-04,0.52887134,brand_unit;legacy_block,
S3046001_S_GN-SB-AV-01,S3046001_S_GN-SB-CO-01,,brand_unit;legacy_block;semantic_topk,0.57402563
S3046001_S_GN-SB-AV-01,S3046001_S_GN-SB-CR-01,,brand_unit;legacy_block;semantic_topk,0.57184517
S3046001_S_GN-SB-AV-01,S3046001_S_GN-SB-CR-04,,brand_unit;legacy_block,
S3046001_S_GN-SB-AV-01,S3046001_S_GN-SB-CR-10,0.58103978,brand_unit;legacy_block,
S3046001_S_GN-SB-AV-01,S3046001_S_GN-SB-CS-05,0.13453329,brand_unit;legacy_block,
S3046001_S_GN-SB-AV-01,S3046001_S_GN-SB-DA-01,,brand_unit;legacy_block;semantic_topk,0.69229442
S3046001_S_GN-SB-AV-01,S3046001_S_GN-SB-DM-01,,brand_unit;legacy_block;semantic_topk,0.58990818
S3046001_S_GN-SB-AV-01,S3046001_S_GN-SB-DM-04,,brand_unit;legacy_block,
S3046001_S_GN-SB-AV-01,S3046001_S_GN-SB-FL-01,,brand_unit;legacy_block,
S3046001_S_GN-SB-AV-01,S3046001_S_GN-SB-FL-04,,brand_unit;legacy_block,
S3046001_S_GN-SB-AV-01,S3046001_S_GN-SB-GE-05,0.12915178,brand_unit;legacy_block,
S3046001_S_GN-SB-AV-01,S3046001_S_GN-SB-GL-01,,brand_unit;legacy_block;semantic_topk,0.60600215
S3046001_S_GN-SB-AV-01,S3046001_S_GN-SB-GL-04,,brand_unit;legacy_block,
S3046001_S_GN-SB-AV-01,S3046001_S_GN-SB-GM-01,,brand_unit;legacy_block;semantic_topk,0.55667108
S3046001_S_GN-SB-AV-01,S3046001_S_GN-SB-GM-04,,brand_unit;legacy_block,
S3046001_S_GN-SB-AV-01,S3046001_S_GN-SB-GR-01,,brand_unit;legacy_block;semantic_topk,0.65441191
S3046001_S_GN-SB-AV-01,S3046001_S_GN-SB-GR-04,,brand_unit;legacy_block,
S3046001_S_GN-SB-AV-01,S3046001_S_GN-SB-KE-01,0.00835642,brand_unit;legacy_block;semantic_topk,0.47563586
S3046001_S_GN-SB-AV-01,S3046001_S_GN-SB-LA-01,,brand_unit;legacy_block;semantic_topk,0.51329309
S3046001_S_GN-SB-AV-01,S3046001_S_GN-SB-LA-04,,brand_unit;legacy_block,
S3046001_S_GN-SB-AV-01,S3046001_S_GN-SB-LE-01,,brand_unit;legacy_block;semantic_topk,0.66357189
S3046001_S_GN-SB-AV-01,S3046001_S_GN-SB-LE-04,,brand_unit;legacy_block,
S3046001_S_GN-SB-AV-01,S3046001_S_GN-SB-MA-01,,brand_unit;legacy_block;semantic_topk,0.64082837
S3046001_S_GN-SB-AV-01,S3046001_S_GN-SB-MA-04,,brand_unit;legacy_block,
S3046001_S_GN-SB-AV-01,S3046001_S_GN-SB-NE-01,,brand_unit;legacy_block;semantic_topk,0.66887349
S3046001_S_GN-SB-AV-01,S3046001_S_GN-SB-NE-04,,brand_unit;legacy_block,
S3046001_S_GN-SB-AV-01,S3046001_S_GN-SB-NO-05,0.13453329,brand_unit;legacy_block,
S3046001_S_GN-SB-AV-01,S3046001_S_GN-SB-OO-01,,brand_unit;legacy_block;semantic_topk,0.69034606
S3046001_S_GN-SB-AV-01,S3046001_S_GN-SB-OO-04,,brand_unit;legacy_block,
S3046001_S_GN-SB-AV-01,S3046001_S_GN-SB-PF-05,0.01889916,brand_unit;legacy_block,
S3046001_S_GN-SB-AV-01,S3046001_S_GN-SB-PL-01,,brand_unit;legacy_block;semantic_topk,0.57806534
S3046001_S_GN-SB-AV-01,S3046001_S_GN-SB-PL-04,,brand_unit;legacy_block,
S3046001_S_GN-SB-AV-01,S3046001_S_GN-SB-PO-01,,brand_unit;legacy_block,
S3046001_S_GN-SB-AV-01,S3046001_S_GN-SB-PP-05,0.52434720,brand_unit;legacy_block,
S3046001_S_GN-SB-AV-01,S3046001_S_GN-SB-RO-01,,brand_unit;legacy_block,
S3046001_S_GN-SB-AV-01,S3046001_S_GN-SB-RO-04,,brand_unit;legacy_block,
S3046001_S_GN-SB-AV-01,S3046001_S_GN-SB-RS-01,,brand_unit;legacy_block,
S3046001_S_GN-SB-AV-01,S3046001_S_GN-SB-RS-04,,brand_unit;legacy_block,
S3046001_S_GN-SB-AV-01,S3046001_S_GN-SB-SB-01,,brand_unit;legacy_block,
S3046001_S_GN-SB-AV-01,S3046001_S_GN-SB-SB-04,,brand_unit;legacy_block,
S3046001_S_GN-SB-AV-01,S3046001_S_GN-SB-SJ-01,0.02042659,brand_unit;legacy_block,
S3046001_S_GN-SB-AV-01,S3046001_S_GN-SB-SJ-04,0.01398795,brand_unit;legacy_block,
S3046001_S_GN-SB-AV-01,S3046001_S_GN-SB-SS-01,0.62938788,brand_unit;legacy_block,
S3046001_S_GN-SB-AV-01,S3046001_S_GN-SB-SS-04,0.77561628,brand_unit;legacy_block,
S3046001_S_GN-SB-AV-01,S3046001_S_GN-SB-SW-04,0.66819725,brand_unit;legacy_block,
S3046001_S_GN-SB-AV-01,S3046001_S_GN-SB-TA-01,,brand_unit;legacy_block;semantic_topk,0.60583448
S3046001_S_GN-SB-AV-01,S3046001_S_GN-SB-TA-04,,brand_unit;legacy_block,
S3046001_S_GN-SB-AV-01,S3046001_S_GN-SB-TM-01,,brand_unit;legacy_block,
S3046001_S_GN-SB-AV-01,S3046001_S_GN-SB-TM-04,,brand_unit;legacy_block,
S3046001_S_GN-SB-AV-01,S3046001_S_GN-SB-TT-01,,brand_unit;legacy_block;semantic_topk,0.48401591
S3046001_S_GN-SB-AV-01,S3046001_S_GN-SB-TT-04,,brand_unit;legacy_block,
S3046001_S_GN-SB-AV-01,S3046001_S_GN-SB-TU-01,0.01197351,brand_unit;legacy_block,
S3046001_S_GN-SB-AV-01,S3046001_S_GN-SB-TU-04,,brand_unit;legacy_block,
S3046001_S_GN-SB-AV-01,S3046001_S_GN-SB-WP-01,0.00421027,brand_unit;legacy_block;semantic_topk,0.45057154
S3046001_S_GN-SB-AV-01,S3046001_S_GN-SB-WP-04,0.01561005,brand_unit;legacy_block,
S3046001_S_GN-SB-AV-01,S3046001_S_GN10667,0.10038455,brand_unit;legacy_block,
S3046001_S_GN-SB-AV-04,S3046001_S_GN-SB-AV-10,1.00000000,brand_unit;legacy_block,
S3046001_S_GN-SB-AV-04,S3046001_S_GN-SB-BS-01,0.01913453,brand_unit;legacy_block,
S3046001_S_GN-SB-AV-04,S3046001_S_GN-SB-BS-04,,brand_unit;legacy_block;semantic_topk,0.71015793
S3046001_S_GN-SB-AV-04,S3046001_S_GN-SB-BS-10,,brand_unit;legacy_block,
S3046001_S_GN-SB-AV-04,S3046001_S_GN-SB-CA-01,,brand_unit;legacy_block,
S3046001_S_GN-SB-AV-04,S3046001_S_GN-SB-CA-04,,brand_unit;legacy_block;semantic_topk,0.68448240
S3046001_S_GN-SB-AV-04,S3046001_S_GN-SB-CA-10,,brand_unit;legacy_block,
S3046001_S_GN-SB-AV-04,S3046001_S_GN-SB-CB-01,,brand_unit;legacy_block,
S3046001_S_GN-SB-AV-04,S3046001_S_GN-SB-CB-04,,brand_unit;legacy_block;semantic_topk,0.74542099
S3046001_S_GN-SB-AV-04,S3046001_S_GN-SB-CH-01,,brand_unit;legacy_block,
S3046001_S_GN-SB-AV-04,S3046001_S_GN-SB-CH-04-02,,brand_unit;legacy_block;semantic_topk,0.50033164
S3046001_S_GN-SB-AV-04,S3046001_S_GN-SB-CH-10,,brand_unit;legacy_block,
S3046001_S_GN-SB-AV-04,S3046001_S_GN-SB-CI-01,0.09926436,brand_unit;legacy_block,
S3046001_S_GN-SB-AV-04,S3046001_S_GN-SB-CI-04,0.01447228,brand_unit;legacy_block;semantic_topk,0.70865619
S3046001_S_GN-SB-AV-04,S3046001_S_GN-SB-CM-01,,brand_unit;legacy_block,
S3046001_S_GN-SB-AV-04,S3046001_S_GN-SB-CM-04,,brand_unit;legacy_block;semantic_topk,0.67493677
S3046001_S_GN-SB-AV-04,S3046001_S_GN-SB-CM-10,,brand_unit;legacy_block,
S3046001_S_GN-SB-AV-04,S3046001_S_GN-SB-CN-01,0.09293679,brand_unit;legacy_block,
S3046001_S_GN-SB-AV-04,S3046001_S_GN-SB-CN-04,0.03752018,brand_unit;legacy_block,
S3046001_S_GN-SB-AV-04,S3046001_S_GN-SB-CO-01,,brand_unit;legacy_block,
S3046001_S_GN-SB-AV-04,S3046001_S_GN-SB-CR-01,,brand_unit;legacy_block,
S3046001_S_GN-SB-AV-04,S3046001_S_GN-SB-CR-04,,brand_unit;legacy_block;semantic_topk,0.67473507
S3046001_S_GN-SB-AV-04,S3046001_S_GN-SB-CR-10,0.04341700,brand_unit;legacy_block,
S3046001_S_GN-SB-AV-04,S3046001_S_GN-SB-CS-05,0.30386730,brand_unit;legacy_block,
S3046001_S_GN-SB-AV-04,S3046001_S_GN-SB-DA-01,,brand_unit;legacy_block,
S3046001_S_GN-SB-AV-04,S3046001_S_GN-SB-DM-01,,brand_unit;legacy_block,
S3046001_S_GN-SB-AV-04,S3046001_S_GN-SB-DM-04,,brand_unit;legacy_block;semantic_topk,0.69891495
S3046001_S_GN-SB-AV-04,S3046001_S_GN-SB-FL-01,,brand_unit;legacy_block,
S3046001_S_GN-SB-AV-04,S3046001_S_GN-SB-FL-04,,brand_unit;legacy_block,
S3046001_S_GN-SB-AV-04,S3046001_S_GN-SB-GE-05,0.28440512,brand_unit;legacy_block,
S3046001_S_GN-SB-AV-04,S3046001_S_GN-SB-GL-01,,brand_unit;legacy_block,
S3046001_S_GN-SB-AV-04,S3046001_S_GN-SB-GL-04,,brand_unit;legacy_block;semantic_topk,0.64597100
S3046001_S_GN-SB-AV-04,S3046001_S_GN-SB-GM-01,,brand_unit;legacy_block,
S3046001_S_GN-SB-AV-04,S3046001_S_GN-SB-GM-04,,brand_unit;legacy_block;semantic_topk,0.65271050
S3046001_S_GN-SB-AV-04,S3046001_S_GN-SB-GR-01,,brand_unit;legacy_block,
S3046001_S_GN-SB-AV-04,S3046001_S_GN-SB-GR-04,,brand_unit;legacy_block;semantic_topk,0.74084955
S3046001_S_GN-SB-AV-04,S3046001_S_GN-SB-KE-01,0.01171653,brand_unit;legacy_block,
S3046001_S_GN-SB-AV-04,S3046001_S_GN-SB-LA-01,,brand_unit;legacy_block,
S3046001_S_GN-SB-AV-04,S3046001_S_GN-SB-LA-04,,brand_unit;legacy_block;semantic_topk,0.60352194
S3046001_S_GN-SB-AV-04,S3046001_S_GN-SB-LE-01,,brand_unit;legacy_block,
S3046001_S_GN-SB-AV-04,S3046001_S_GN-SB-LE-04,,brand_unit;legacy_block;semantic_topk,0.73420835
S3046001_S_GN-SB-AV-04,S3046001_S_GN-SB-MA-01,,brand_unit;legacy_block,
S3046001_S_GN-SB-AV-04,S3046001_S_GN-SB-MA-04,,brand_unit;legacy_block;semantic_topk,0.67302066
S3046001_S_GN-SB-AV-04,S3046001_S_GN-SB-NE-01,,brand_unit;legacy_block,
S3046001_S_GN-SB-AV-04,S3046001_S_GN-SB-NE-04,,brand_unit;legacy_block;semantic_topk,0.78100067
S3046001_S_GN-SB-AV-04,S3046001_S_GN-SB-NO-05,0.32682888,brand_unit;legacy_block,
S3046001_S_GN-SB-AV-04,S3046001_S_GN-SB-OO-01,,brand_unit;legacy_block,
S3046001_S_GN-SB-AV-04,S3046001_S_GN-SB-OO-04,,brand_unit;legacy_block;semantic_topk,0.75111139
S3046001_S_GN-SB-AV-04,S3046001_S_GN-SB-PF-05,0.13561870,brand_unit;legacy_block,
S3046001_S_GN-SB-AV-04,S3046001_S_GN-SB-PL-01,,brand_unit;legacy_block,
S3046001_S_GN-SB-AV-04,S3046001_S_GN-SB-PL-04,,brand_unit;legacy_block;semantic_topk,0.42549804
S3046001_S_GN-SB-AV-04,S3046001_S_GN-SB-PO-01,,brand_unit;legacy_block,
S3046001_S_GN-SB-AV-04,S3046001_S_GN-SB-PP-05,0.73052845,brand_unit;legacy_block,
S3046001_S_GN-SB-AV-04,S3046001_S_GN-SB-RO-01,,brand_unit;legacy_block,
S3046001_S_GN-SB-AV-04,S3046001_S_GN-SB-RO-04,,brand_unit;legacy_block;semantic_topk,0.72122920
S3046001_S_GN-SB-AV-04,S3046001_S_GN-SB-RS-01,,brand_unit;legacy_block,
S3046001_S_GN-SB-AV-04,S3046001_S_GN-SB-RS-04,,brand_unit;legacy_block;semantic_topk,0.74160832
S3046001_S_GN-SB-AV-04,S3046001_S_GN-SB-SB-01,,brand_unit;legacy_block,
S3046001_S_GN-SB-AV-04,S3046001_S_GN-SB-SB-04,,brand_unit;legacy_block;semantic_topk,0.73799938
S3046001_S_GN-SB-AV-04,S3046001_S_GN-SB-SJ-01,0.40912279,brand_unit;legacy_block,
S3046001_S_GN-SB-AV-04,S3046001_S_GN-SB-SJ-04,0.03160423,brand_unit;legacy_block;semantic_topk,0.68775982
S3046001_S_GN-SB-AV-04,S3046001_S_GN-SB-SS-01,0.05345695,brand_unit;legacy_block,
S3046001_S_GN-SB-AV-04,S3046001_S_GN-SB-SS-04,0.02662056,brand_unit;legacy_block,
S3046001_S_GN-SB-AV-04,S3046001_S_GN-SB-SW-04,0.83436421,brand_unit;legacy_block,
S3046001_S_GN-SB-AV-04,S3046001_S_GN-SB-TA-01,,brand_unit;legacy_block,
S3046001_S_GN-SB-AV-04,S3046001_S_GN-SB-TA-04,,brand_unit;legacy_block;semantic_topk,0.73931915
S3046001_S_GN-SB-AV-04,S3046001_S_GN-SB-TM-01,,brand_unit;legacy_block,
S3046001_S_GN-SB-AV-04,S3046001_S_GN-SB-TM-04,,brand_unit;legacy_block,
S3046001_S_GN-SB-AV-04,S3046001_S_GN-SB-TT-01,,brand_unit;legacy_block,
S3046001_S_GN-SB-AV-04,S3046001_S_GN-SB-TT-04,,brand_unit;legacy_block;semantic_topk,0.65560865
S3046001_S_GN-SB-AV-04,S3046001_S_GN-SB-TU-01,0.47477828,brand_unit;legacy_block,
S3046001_S_GN-SB-AV-04,S3046001_S_GN-SB-TU-04,,brand_unit;legacy_block;semantic_topk,0.75118166
S3046001_S_GN-SB-AV-04,S3046001_S_GN-SB-WP-01,0.01440938,brand_unit;legacy_block,
S3046001_S_GN-SB-AV-04,S3046001_S_GN-SB-WP-04,0.05236073,brand_unit;legacy_block;semantic_topk,0.61621726
S3046001_S_GN-SB-AV-04,S3046001_S_GN10667,0.17559053,brand_unit;legacy_block,
S3046001_S_GN-SB-AV-10,S3046001_S_GN-SB-BS-01,0.27387084,brand_unit;legacy_block,
S3046001_S_GN-SB-AV-10,S3046001_S_GN-SB-BS-04,,brand_unit;legacy_block,
S3046001_S_GN-SB-AV-10,S3046001_S_GN-SB-BS-10,,brand_unit;legacy_block;semantic_topk,0.77137429
S3046001_S_GN-SB-AV-10,S3046001_S_GN-SB-CA-01,,brand_unit;legacy_block,
S3046001_S_GN-SB-AV-10,S3046001_S_GN-SB-CA-04,,brand_unit;legacy_block,
S3046001_S_GN-SB-AV-10,S3046001_S_GN-SB-CA-10,,brand_unit;legacy_block;semantic_topk,0.80929917
S3046001_S_GN-SB-AV-10,S3046001_S_GN-SB-CB-01,,brand_unit;legacy_block,
S3046001_S_GN-SB-AV-10,S3046001_S_GN-SB-CB-04,,brand_unit;legacy_block,
S3046001_S_GN-SB-AV-10,S3046001_S_GN-SB-CH-01,,brand_unit;legacy_block,
S3046001_S_GN-SB-AV-10,S3046001_S_GN-SB-CH-04-02,,brand_unit;legacy_block,
S3046001_S_GN-SB-AV-10,S3046001_S_GN-SB-CH-10,,brand_unit;legacy_block;semantic_topk,0.49130917
S3046001_S_GN-SB-AV-10,S3046001_S_GN-SB-CI-01,0.69593236,brand_unit;legacy_block,
S3046001_S_GN-SB-AV-10,S3046001_S_GN-SB-CI-04,0.88009657,brand_unit;legacy_block,
S3046001_S_GN-SB-AV-10,S3046001_S_GN-SB-CM-01,,brand_unit;legacy_block,
S3046001_S_GN-SB-AV-10,S3046001_S_GN-SB-CM-04,,brand_unit;legacy_block,
S3046001_S_GN-SB-AV-10,S3046001_S_GN-SB-CM-10,,brand_unit;legacy_block;semantic_topk,0.81155854
S3046001_S_GN-SB-AV-10,S3046001_S_GN-SB-CN-01,0.07192561,brand_unit;legacy_block,
S3046001_S_GN-SB-AV-10,S3046001_S_GN-SB-CN-04,0.06134621,brand_unit;legacy_block,
S3046001_S_GN-SB-AV-10,S3046001_S_GN-SB-CO-01,,brand_unit;legacy_block,
S3046001_S_GN-SB-AV-10,S3046001_S_GN-SB-CR-01,,brand_unit;legacy_block,
S3046001_S_GN-SB-AV-10,S3046001_S_GN-SB-CR-04,,brand_unit;legacy_block,
S3046001_S_GN-SB-AV-10,S3046001_S_GN-SB-CR-10,0.02601239,brand_unit;legacy_block;semantic_topk,0.46570015
S3046001_S_GN-SB-AV-10,S3046001_S_GN-SB-CS-05,0.00864153,brand_unit;legacy_block,
S3046001_S_GN-SB-AV-10,S3046001_S_GN-SB-DA-01,,brand_unit;legacy_block,
S3046001_S_GN-SB-AV-10,S3046001_S_GN-SB-DM-01,,brand_unit;legacy_block,
S3046001_S_GN-SB-AV-10,S3046001_S_GN-SB-DM-04,,brand_unit;legacy_block,
S3046001_S_GN-SB-AV-10,S3046001_S_GN-SB-FL-01,,brand_unit;legacy_block,
S3046001_S_GN-SB-AV-10,S3046001_S_GN-SB-FL-04,,brand_unit;legacy_block;semantic_topk,0.51993400
S3046001_S_GN-SB-AV-10,S3046001_S_GN-SB-GE-05,0.00728194,brand_unit;legacy_block,
S3046001_S_GN-SB-AV-10,S3046001_S_GN-SB-GL-01,,brand_unit;legacy_block,
S3046001_S_GN-SB-AV-10,S3046001_S_GN-SB-GL-04,,brand_unit;legacy_block,
S3046001_S_GN-SB-AV-10,S3046001_S_GN-SB-GM-01,,brand_unit;legacy_block,
S3046001_S_GN-SB-AV-10,S3046001_S_GN-SB-GM-04,,brand_unit;legacy_block,
S3046001_S_GN-SB-AV-10,S3046001_S_GN-SB-GR-01,,brand_unit;legacy_block,
S3046001_S_GN-SB-AV-10,S3046001_S_GN-SB-GR-04,,brand_unit;legacy_block,
S3046001_S_GN-SB-AV-10,S3046001_S_GN-SB-KE-01,0.50099230,brand_unit;legacy_block,
S3046001_S_GN-SB-AV-10,S3046001_S_GN-SB-LA-01,,brand_unit;legacy_block,
S3046001_S_GN-SB-AV-10,S3046001_S_GN-SB-LA-04,,brand_unit;legacy_block,
S3046001_S_GN-SB-AV-10,S3046001_S_GN-SB-LE-01,,brand_unit;legacy_block,
S3046001_S_GN-SB-AV-10,S3046001_S_GN-SB-LE-04,,brand_unit;legacy_block,
S3046001_S_GN-SB-AV-10,S3046001_S_GN-SB-MA-01,,brand_unit;legacy_block,
S3046001_S_GN-SB-AV-10,S3046001_S_GN-SB-MA-04,,brand_unit;legacy_block,
S3046001_S_GN-SB-AV-10,S3046001_S_GN-SB-NE-01,,brand_unit;legacy_block,
S3046001_S_GN-SB-AV-10,S3046001_S_GN-SB-NE-04,,brand_unit;legacy_block,
S3046001_S_GN-SB-AV-10,S3046001_S_GN-SB-NO-05,0.02276471,brand_unit;legacy_block,
S3046001_S_GN-SB-AV-10,S3046001_S_GN-SB-OO-01,,brand_unit;legacy_block,
S3046001_S_GN-SB-AV-10,S3046001_S_GN-SB-OO-04,,brand_unit;legacy_block,
S3046001_S_GN-SB-AV-10,S3046001_S_GN-SB-PF-05,0.80278115,brand_unit;legacy_block,
S3046001_S_GN-SB-AV-10,S3046001_S_GN-SB-PL-01,,brand_unit;legacy_block,
S3046001_S_GN-SB-AV-10,S3046001_S_GN-SB-PL-04,,brand_unit;legacy_block,
S3046001_S_GN-SB-AV-10,S3046001_S_GN-SB-PO-01,,brand_unit;legacy_block,
S3046001_S_GN-SB-AV-10,S3046001_S_GN-SB-PP-05,0.31796862,brand_unit;legacy_block,
S3046001_S_GN-SB-AV-10,S3046001_S_GN-SB-RO-01,,brand_unit;legacy_block,
S3046001_S_GN-SB-AV-10,S3046001_S_GN-SB-RO-04,,brand_unit;legacy_block,
S3046001_S_GN-SB-AV-10,S3046001_S_GN-SB-RS-01,,brand_unit;legacy_block,
S3046001_S_GN-SB-AV-10,S3046001_S_GN-SB-RS-04,,brand_unit;legacy_block,
S3046001_S_GN-SB-AV-10,S3046001_S_GN-SB-SB-01,,brand_unit;legacy_block,
S3046001_S_GN-SB-AV-10,S3046001_S_GN-SB-SB-04,,brand_unit;legacy_block,
S3046001_S_GN-SB-AV-10,S3046001_S_GN-SB-SJ-01,0.24936183,brand_unit;legacy_block,
S3046001_S_GN-SB-AV-10,S3046001_S_GN-SB-SJ-04,0.77807645,brand_unit;legacy_block,
S3046001_S_GN-SB-AV-10,S3046001_S_GN-SB-SS-01,0.34725020,brand_unit;legacy_block,
S3046001_S_GN-SB-AV-10,S3046001_S_GN-SB-SS-04,0.14766589,brand_unit;legacy_block,
S3046001_S_GN-SB-AV-10,S3046001_S_GN-SB-SW-04,0.03235311,brand_unit;legacy_block;semantic_topk,0.58518177
S3046001_S_GN-SB-AV-10,S3046001_S_GN-SB-TA-01,,brand_unit;legacy_block,
S3046001_S_GN-SB-AV-10,S3046001_S_GN-SB-TA-04,,brand_unit;legacy_block,
S3046001_S_GN-SB-AV-10,S3046001_S_GN-SB-TM-01,,brand_unit;legacy_block,
S3046001_S_GN-SB-AV-10,S3046001_S_GN-SB-TM-04,,brand_unit;legacy_block;semantic_topk,0.52161849
S3046001_S_GN-SB-AV-10,S3046001_S_GN-SB-TT-01,,brand_unit;legacy_block,
S3046001_S_GN-SB-AV-10,S3046001_S_GN-SB-TT-04,,brand_unit;legacy_block,
S3046001_S_GN-SB-AV-10,S3046001_S_GN-SB-TU-01,0.28296392,brand_unit;legacy_block,
S3046001_S_GN-SB-AV-10,S3046001_S_GN-SB-TU-04,,brand_unit;legacy_block,
S3046001_S_GN-SB-AV-10,S3046001_S_GN-SB-WP-01,0.56256085,brand_unit;legacy_block,
S3046001_S_GN-SB-AV-10,S3046001_S_GN-SB-WP-04,0.81897554,brand_unit;legacy_block,
S3046001_S_GN-SB-AV-10,S3046001_S_GN10667,0.02422294,brand_unit;legacy_block,
S3046001_S_GN-SB-BM-05,S3046001_S_GN10483,,brand_unit,
S3046001_S_GN-SB-BM-05,S3046001_S_GN10490,0.20342756,brand_unit,
S3046001_S_GN-SB-BS-01,S3046001_S_GN-SB-BS-04,0.06778339,brand_unit;legacy_block,
S3046001_S_GN-SB-BS-01,S3046001_S_GN-SB-BS-10,0.79950810,brand_unit;legacy_block,
S3046001_S_GN-SB-BS-01,S3046001_S_GN-SB-CA-01,0.01291646,brand_unit;legacy_block;semantic_topk,0.48168698
S3046001_S_GN-SB-BS-01,S3046001_S_GN-SB-CA-04,0.02847713,brand_unit;legacy_block,
S3046001_S_GN-SB-BS-01,S3046001_S_GN-SB-CA-10,0.28973001,brand_unit;legacy_block,
S3046001_S_GN-SB-BS-01,S3046001_S_GN-SB-CB-01,0.00257218,brand_unit;legacy_block;semantic_topk,0.59593523
S3046001_S_GN-SB-BS-01,S3046001_S_GN-SB-CB-04,0.02847713,brand_unit;legacy_block,
S3046001_S_GN-SB-BS-01,S3046001_S_GN-SB-CH-01,0.00971625,brand_unit;legacy_block;semantic_topk,0.52961177
S3046001_S_GN-SB-BS-01,S3046001_S_GN-SB-CH-04-02,0.03884000,brand_unit;legacy_block,
S3046001_S_GN-SB-BS-01,S3046001_S_GN-SB-CH-10,,brand_unit;legacy_block,
S3046001_S_GN-SB-BS-01,S3046001_S_GN-SB-CI-01,0.00343416,brand_unit;legacy_block;semantic_topk,0.65784389
S3046001_S_GN-SB-BS-01,S3046001_S_GN-SB-CI-04,0.02847713,brand_unit;legacy_block,
S3046001_S_GN-SB-BS-01,S3046001_S_GN-SB-CM-01,0.00428139,brand_unit;legacy_block;semantic_topk,0.57347614
S3046001_S_GN-SB-BS-01,S3046001_S_GN-SB-CM-04,0.02847713,brand_unit;legacy_block,
S3046001_S_GN-SB-BS-01,S3046001_S_GN-SB-CM-10,0.26431836,brand_unit;legacy_block,
S3046001_S_GN-SB-BS-01,S3046001_S_GN-SB-CN-01,0.20104976,brand_unit;legacy_block,
S3046001_S_GN-SB-BS-01,S3046001_S_GN-SB-CN-04,0.28277752,brand_unit;legacy_block,
S3046001_S_GN-SB-BS-01,S3046001_S_GN-SB-CO-01,0.00296810,brand_unit;legacy_block;semantic_topk,0.64767224
S3046001_S_GN-SB-BS-01,S3046001_S_GN-SB-CR-01,0.00875088,brand_unit;legacy_block,
S3046001_S_GN-SB-BS-01,S3046001_S_GN-SB-CR-04,0.03884000,brand_unit;legacy_block,
S3046001_S_GN-SB-BS-01,S3046001_S_GN-SB-CR-10,,brand_unit;legacy_block,
S3046001_S_GN-SB-BS-01,S3046001_S_GN-SB-CS-05,0.04921843,brand_unit;legacy_block,
S3046001_S_GN-SB-BS-01,S3046001_S_GN-SB-DA-01,,brand_unit;legacy_block;semantic_topk,0.52763182
S3046001_S_GN-SB-BS-01,S3046001_S_GN-SB-DM-01,0.00628894,brand_unit;legacy_block;semantic_topk,0.49259484
S3046001_S_GN-SB-BS-01,S3046001_S_GN-SB-DM-04,0.01776203,brand_unit;legacy_block,
S3046001_S_GN-SB-BS-01,S3046001_S_GN-SB-FL-01,,brand_unit;legacy_block,
S3046001_S_GN-SB-BS-01,S3046001_S_GN-SB-FL-04,,brand_unit;legacy_block,
S3046001_S_GN-SB-BS-01,S3046001_S_GN-SB-GE-05,,brand_unit;legacy_block,
S3046001_S_GN-SB-BS-01,S3046001_S_GN-SB-GL-01,0.00793578,brand_unit;legacy_block,
S3046001_S_GN-SB-BS-01,S3046001_S_GN-SB-GL-04,,brand_unit;legacy_block,
S3046001_S_GN-SB-BS-01,S3046001_S_GN-SB-GM-01,0.00863761,brand_unit;legacy_block,
S3046001_S_GN-SB-BS-01,S3046001_S_GN-SB-GM-04,0.02847713,brand_unit;legacy_block,
S3046001_S_GN-SB-BS-01,S3046001_S_GN-SB-GR-01,0.00881204,brand_unit;legacy_block;semantic_topk,0.52478546
S3046001_S_GN-SB-BS-01,S3046001_S_GN-SB-GR-04,0.02847713,brand_unit;legacy_block,
S3046001_S_GN-SB-BS-01,S3046001_S_GN-SB-KE-01,0.01986379,brand_unit;legacy_block,
S3046001_S_GN-SB-BS-01,S3046001_S_GN-SB-LA-01,,brand_unit;legacy_block,
S3046001_S_GN-SB-BS-01,S3046001_S_GN-SB-LA-04,,brand_unit;legacy_block,
S3046001_S_GN-SB-BS-01,S3046001_S_GN-SB-LE-01,,brand_unit;legacy_block;semantic_topk,0.49523419
S3046001_S_GN-SB-BS-01,S3046001_S_GN-SB-LE-04,,brand_unit;legacy_block,
S3046001_S_GN-SB-BS-01,S3046001_S_GN-SB-MA-01,0.00628894,brand_unit;legacy_block;semantic_topk,0.48246062
S3046001_S_GN-SB-BS-01,S3046001_S_GN-SB-MA-04,0.02847713,brand_unit;legacy_block,
S3046001_S_GN-SB-BS-01,S3046001_S_GN-SB-NE-01,0.00628894,brand_unit;legacy_block;semantic_topk,0.49865469
S3046001_S_GN-SB-BS-01,S3046001_S_GN-SB-NE-04,0.03013748,brand_unit;legacy_block,
S3046001_S_GN-SB-BS-01,S3046001_S_GN-SB-NO-05,0.04921843,brand_unit;legacy_block,
S3046001_S_GN-SB-BS-01,S3046001_S_GN-SB-OO-01,,brand_unit;legacy_block;semantic_topk,0.52193266
S3046001_S_GN-SB-BS-01,S3046001_S_GN-SB-OO-04,,brand_unit;legacy_block,
S3046001_S_GN-SB-BS-01,S3046001_S_GN-SB-PF-05,0.31382480,brand_unit;legacy_block,
S3046001_S_GN-SB-BS-01,S3046001_S_GN-SB-PL-01,,brand_unit;legacy_block,
S3046001_S_GN-SB-BS-01,S3046001_S_GN-SB-PL-04,,brand_unit;legacy_block,
S3046001_S_GN-SB-BS-01,S3046001_S_GN-SB-PO-01,0.00628894,brand_unit;legacy_block;semantic_topk,0.50031537
S3046001_S_GN-SB-BS-01,S3046001_S_GN-SB-PP-05,0.31382480,brand_unit;legacy_block,
S3046001_S_GN-SB-BS-01,S3046001_S_GN-SB-RO-01,0.00628894,brand_unit;legacy_block;semantic_topk,0.49164116
S3046001_S_GN-SB-BS-01,S3046001_S_GN-SB-RO-04,0.02847713,brand_unit;legacy_block,
S3046001_S_GN-SB-BS-01,S3046001_S_GN-SB-RS-01,,brand_unit;legacy_block;semantic_topk,0.49682695
S3046001_S_GN-SB-BS-01,S3046001_S_GN-SB-RS-04,,brand_unit;legacy_block,
S3046001_S_GN-SB-BS-01,S3046001_S_GN-SB-SB-01,0.01291646,brand_unit;legacy_block;semantic_topk,0.48061028
S3046001_S_GN-SB-BS-01,S3046001_S_GN-SB-SB-04,0.02847713,brand_unit;legacy_block,
S3046001_S_GN-SB-BS-01,S3046001_S_GN-SB-SJ-01,0.00628894,brand_unit;legacy_block;semantic_topk,0.47755179
S3046001_S_GN-SB-BS-01,S3046001_S_GN-SB-SJ-04,0.02847713,brand_unit;legacy_block,
S3046001_S_GN-SB-BS-01,S3046001_S_GN-SB-SS-01,0.01302424,brand_unit;legacy_block,
S3046001_S_GN-SB-BS-01,S3046001_S_GN-SB-SS-04,0.01014377,brand_unit;legacy_block,
S3046001_S_GN-SB-BS-01,S3046001_S_GN-SB-SW-04,0.36215184,brand_unit;legacy_block,
S3046001_S_GN-SB-BS-01,S3046001_S_GN-SB-TA-01,0.00696146,brand_unit;legacy_block,
S3046001_S_GN-SB-BS-01,S3046001_S_GN-SB-TA-04,0.01776203,brand_unit;legacy_block,
S3046001_S_GN-SB-BS-01,S3046001_S_GN-SB-TM-01,0.31735291,brand_unit;legacy_block,
S3046001_S_GN-SB-BS-01,S3046001_S_GN-SB-TM-04,0.27202749,brand_unit;legacy_block,
S3046001_S_GN-SB-BS-01,S3046001_S_GN-SB-TT-01,0.01859766,brand_unit;legacy_block,
S3046001_S_GN-SB-BS-01,S3046001_S_GN-SB-TT-04,0.04107900,brand_unit;legacy_block,
S3046001_S_GN-SB-BS-01,S3046001_S_GN-SB-TU-01,0.00684613,brand_unit;legacy_block;semantic_topk,0.48285809
S3046001_S_GN-SB-BS-01,S3046001_S_GN-SB-TU-04,0.03013748,brand_unit;legacy_block,
S3046001_S_GN-SB-BS-01,S3046001_S_GN-SB-WP-01,0.01035714,brand_unit;legacy_block;semantic_topk,0.43231964
S3046001_S_GN-SB-BS-01,S3046001_S_GN-SB-WP-04,0.03426309,brand_unit;legacy_block,
S3046001_S_GN-SB-BS-01,S3046001_S_GN10667,,brand_unit;legacy_block,
S3046001_S_GN-SB-BS-04,S3046001_S_GN-SB-BS-10,0.99786168,brand_unit;legacy_block,
S3046001_S_GN-SB-BS-04,S3046001_S_GN-SB-CA-01,,brand_unit;legacy_block,
S3046001_S_GN-SB-BS-04,S3046001_S_GN-SB-CA-04,,brand_unit;legacy_block;semantic_topk,0.64353204
S3046001_S_GN-SB-BS-04,S3046001_S_GN-SB-CA-10,,brand_unit;legacy_block,
S3046001_S_GN-SB-BS-04,S3046001_S_GN-SB-CB-01,,brand_unit;legacy_block,
S3046001_S_GN-SB-BS-04,S3046001_S_GN-SB-CB-04,,brand_unit;legacy_block;semantic_topk,0.70935345
S3046001_S_GN-SB-BS-04,S3046001_S_GN-SB-CH-01,,brand_unit;legacy_block,
S3046001_S_GN-SB-BS-04,S3046001_S_GN-SB-CH-04-02,,brand_unit;legacy_block,
S3046001_S_GN-SB-BS-04,S3046001_S_GN-SB-CH-10,,brand_unit;legacy_block,
S3046001_S_GN-SB-BS-04,S3046001_S_GN-SB-CI-01,0.06975636,brand_unit;legacy_block,
S3046001_S_GN-SB-BS-04,S3046001_S_GN-SB-CI-04,0.01039677,brand_unit;legacy_block;semantic_topk,0.67428935
S3046001_S_GN-SB-BS-04,S3046001_S_GN-SB-CM-01,0.07571785,brand_unit;legacy_block,
S3046001_S_GN-SB-BS-04,S3046001_S_GN-SB-CM-04,,brand_unit;legacy_block;semantic_topk,0.63638574
S3046001_S_GN-SB-BS-04,S3046001_S_GN-SB-CM-10,,brand_unit;legacy_block,
S3046001_S_GN-SB-BS-04,S3046001_S_GN-SB-CN-01,0.10571670,brand_unit;legacy_block,
S3046001_S_GN-SB-BS-04,S3046001_S_GN-SB-CN-04,0.01826637,brand_unit;legacy_block,
S3046001_S_GN-SB-BS-04,S3046001_S_GN-SB-CO-01,0.09899532,brand_unit;legacy_block,
S3046001_S_GN-SB-BS-04,S3046001_S_GN-SB-CR-01,,brand_unit;legacy_block,
S3046001_S_GN-SB-BS-04,S3046001_S_GN-SB-CR-04,,brand_unit;legacy_block;semantic_topk,0.62630242
S3046001_S_GN-SB-BS-04,S3046001_S_GN-SB-CR-10,,brand_unit;legacy_block,
S3046001_S_GN-SB-BS-04,S3046001_S_GN-SB-CS-05,0.33491254,brand_unit;legacy_block,
S3046001_S_GN-SB-BS-04,S3046001_S_GN-SB-DA-01,,brand_unit;legacy_block,
S3046001_S_GN-SB-BS-04,S3046001_S_GN-SB-DM-01,,brand_unit;legacy_block,
S3046001_S_GN-SB-BS-04,S3046001_S_GN-SB-DM-04,,brand_unit;legacy_block;semantic_topk,0.65994567
S3046001_S_GN-SB-BS-04,S3046001_S_GN-SB-FL-01,,brand_unit;legacy_block,
S3046001_S_GN-SB-BS-04,S3046001_S_GN-SB-FL-04,,brand_unit;legacy_block,
S3046001_S_GN-SB-BS-04,S3046001_S_GN-SB-GE-05,,brand_unit;legacy_block,
S3046001_S_GN-SB-BS-04,S3046001_S_GN-SB-GL-01,0.08718165,brand_unit;legacy_block,
S3046001_S_GN-SB-BS-04,S3046001_S_GN-SB-GL-04,,brand_unit;legacy_block;semantic_topk,0.60509056
S3046001_S_GN-SB-BS-04,S3046001_S_GN-SB-GM-01,0.06474239,brand_unit;legacy_block,
S3046001_S_GN-SB-BS-04,S3046001_S_GN-SB-GM-04,0.20238176,brand_unit;legacy_block;semantic_topk,0.61091590
S3046001_S_GN-SB-BS-04,S3046001_S_GN-SB-GR-01,,brand_unit;legacy_block,
S3046001_S_GN-SB-BS-04,S3046001_S_GN-SB-GR-04,,brand_unit;legacy_block;semantic_topk,0.75252271
S3046001_S_GN-SB-BS-04,S3046001_S_GN-SB-KE-01,0.01628949,brand_unit;legacy_block,
S3046001_S_GN-SB-BS-04,S3046001_S_GN-SB-LA-01,,brand_unit;legacy_block,
S3046001_S_GN-SB-BS-04,S3046001_S_GN-SB-LA-04,,brand_unit;legacy_block,
S3046001_S_GN-SB-BS-04,S3046001_S_GN-SB-LE-01,,brand_unit;legacy_block,
S3046001_S_GN-SB-BS-04,S3046001_S_GN-SB-LE-04,,brand_unit;legacy_block;semantic_topk,0.72046822
S3046001_S_GN-SB-BS-04,S3046001_S_GN-SB-MA-01,0.02369197,brand_unit;legacy_block,
S3046001_S_GN-SB-BS-04,S3046001_S_GN-SB-MA-04,0.06702810,brand_unit;legacy_block;semantic_topk,0.63009101
S3046001_S_GN-SB-BS-04,S3046001_S_GN-SB-NE-01,,brand_unit;legacy_block,
S3046001_S_GN-SB-BS-04,S3046001_S_GN-SB-NE-04,,brand_unit;legacy_block;semantic_topk,0.69650412
S3046001_S_GN-SB-BS-04,S3046001_S_GN-SB-NO-05,0.35901021,brand_unit;legacy_block,
S3046001_S_GN-SB-BS-04,S3046001_S_GN-SB-OO-01,,brand_unit;legacy_block,
S3046001_S_GN-SB-BS-04,S3046001_S_GN-SB-OO-04,,brand_unit;legacy_block;semantic_topk,0.72175944
S3046001_S_GN-SB-BS-04,S3046001_S_GN-SB-PF-05,0.45876753,brand_unit;legacy_block,
S3046001_S_GN-SB-BS-04,S3046001_S_GN-SB-PL-01,,brand_unit;legacy_block,
S3046001_S_GN-SB-BS-04,S3046001_S_GN-SB-PL-04,,brand_unit;legacy_block,
S3046001_S_GN-SB-BS-04,S3046001_S_GN-SB-PO-01,0.59333474,brand_unit;legacy_block,
S3046001_S_GN-SB-BS-04,S3046001_S_GN-SB-PP-05,0.59910553,brand_unit;legacy_block,
S3046001_S_GN-SB-BS-04,S3046001_S_GN-SB-RO-01,,brand_unit;legacy_block,
S3046001_S_GN-SB-BS-04,S3046001_S_GN-SB-RO-04,,brand_unit;legacy_block;semantic_topk,0.69299036
S3046001_S_GN-SB-BS-04,S3046001_S_GN-SB-RS-01,,brand_unit;legacy_block,
S3046001_S_GN-SB-BS-04,S3046001_S_GN-SB-RS-04,,brand_unit;legacy_block;semantic_topk,0.71263236
S3046001_S_GN-SB-BS-04,S3046001_S_GN-SB-SB-01,,brand_unit;legacy_block,
S3046001_S_GN-SB-BS-04,S3046001_S_GN-SB-SB-04,,brand_unit;legacy_block;semantic_topk,0.70393920
S3046001_S_GN-SB-BS-04,S3046001_S_GN-SB-SJ-01,0.36541999,brand_unit;legacy_block,
S3046001_S_GN-SB-BS-04,S3046001_S_GN-SB-SJ-04,0.06686903,brand_unit;legacy_block;semantic_topk,0.63297659
S3046001_S_GN-SB-BS-04,S3046001_S_GN-SB-SS-01,0.05486924,brand_unit;legacy_block,
S3046001_S_GN-SB-BS-04,S3046001_S_GN-SB-SS-04,0.02426194,brand_unit;legacy_block,
S3046001_S_GN-SB-BS-04,S3046001_S_GN-SB-SW-04,0.72272876,brand_unit;legacy_block,
S3046001_S_GN-SB-BS-04,S3046001_S_GN-SB-TA-01,,brand_unit;legacy_block,
S3046001_S_GN-SB-BS-04,S3046001_S_GN-SB-TA-04,,brand_unit;legacy_block;semantic_topk,0.69230872
S3046001_S_GN-SB-BS-04,S3046001_S_GN-SB-TM-01,,brand_unit;legacy_block,
S3046001_S_GN-SB-BS-04,S3046001_S_GN-SB-TM-04,,brand_unit;legacy_block,
S3046001_S_GN-SB-BS-04,S3046001_S_GN-SB-TT-01,,brand_unit;legacy_block,
S3046001_S_GN-SB-BS-04,S3046001_S_GN-SB-TT-04,,brand_unit;legacy_block;semantic_topk,0.63010436
S3046001_S_GN-SB-BS-04,S3046001_S_GN-SB-TU-01,0.23676574,brand_unit;legacy_block,
S3046001_S_GN-SB-BS-04,S3046001_S_GN-SB-TU-04,,brand_unit;legacy_block;semantic_topk,0.70541698
S3046001_S_GN-SB-BS-04,S3046001_S_GN-SB-WP-01,0.06270249,brand_unit;legacy_block,
S3046001_S_GN-SB-BS-04,S3046001_S_GN-SB-WP-04,0.07182197,brand_unit;legacy_block;semantic_topk,0.60575563
S3046001_S_GN-SB-BS-04,S3046001_S_GN10667,,brand_unit;legacy_block,
S3046001_S_GN-SB-BS-10,S3046001_S_GN-SB-CA-01,,brand_unit;legacy_block,
S3046001_S_GN-SB-BS-10,S3046001_S_GN-SB-CA-04,,brand_unit;legacy_block,
S3046001_S_GN-SB-BS-10,S3046001_S_GN-SB-CA-10,,brand_unit;legacy_block;semantic_topk,0.74951291
S3046001_S_GN-SB-BS-10,S3046001_S_GN-SB-CB-01,,brand_unit;legacy_block,
S3046001_S_GN-SB-BS-10,S3046001_S_GN-SB-CB-04,,brand_unit;legacy_block,
S3046001_S_GN-SB-BS-10,S3046001_S_GN-SB-CH-01,,brand_unit;legacy_block,
S3046001_S_GN-SB-BS-10,S3046001_S_GN-SB-CH-04-02,,brand_unit;legacy_block,
S3046001_S_GN-SB-BS-10,S3046001_S_GN-SB-CH-10,,brand_unit;legacy_block;semantic_topk,0.46568462
S3046001_S_GN-SB-BS-10,S3046001_S_GN-SB-CI-01,0.55244901,brand_unit;legacy_block,
S3046001_S_GN-SB-BS-10,S3046001_S_GN-SB-CI-04,0.09946173,brand_unit;legacy_block,
S3046001_S_GN-SB-BS-10,S3046001_S_GN-SB-CM-01,0.55244901,brand_unit;legacy_block,
S3046001_S_GN-SB-BS-10,S3046001_S_GN-SB-CM-04,,brand_unit;legacy_block,
S3046001_S_GN-SB-BS-10,S3046001_S_GN-SB-CM-10,,brand_unit;legacy_block;semantic_topk,0.75375122
S3046001_S_GN-SB-BS-10,S3046001_S_GN-SB-CN-01,0.63257463,brand_unit;legacy_block,
S3046001_S_GN-SB-BS-10,S3046001_S_GN-SB-CN-04,0.47081831,brand_unit;legacy_block,
S3046001_S_GN-SB-BS-10,S3046001_S_GN-SB-CO-01,,brand_unit;legacy_block,
S3046001_S_GN-SB-BS-10,S3046001_S_GN-SB-CR-01,,brand_unit;legacy_block,
S3046001_S_GN-SB-BS-10,S3046001_S_GN-SB-CR-04,,brand_unit;legacy_block,
S3046001_S_GN-SB-BS-10,S3046001_S_GN-SB-CR-10,,brand_unit;legacy_block;semantic_topk,0.43662620
S3046001_S_GN-SB-BS-10,S3046001_S_GN-SB-CS-05,0.02721380,brand_unit;legacy_block,
S3046001_S_GN-SB-BS-10,S3046001_S_GN-SB-DA-01,,brand_unit;legacy_block,
S3046001_S_GN-SB-BS-10,S3046001_S_GN-SB-DM-01,,brand_unit;legacy_block,
S3046001_S_GN-SB-BS-10,S3046001_S_GN-SB-DM-04,,brand_unit;legacy_block,
S3046001_S_GN-SB-BS-10,S3046001_S_GN-SB-FL-01,,brand_unit;legacy_block,
S3046001_S_GN-SB-BS-10,S3046001_S_GN-SB-FL-04,,brand_unit;legacy_block;semantic_topk,0.47443852
S3046001_S_GN-SB-BS-10,S3046001_S_GN-SB-GE-05,,brand_unit;legacy_block,
S3046001_S_GN-SB-BS-10,S3046001_S_GN-SB-GL-01,0.59919644,brand_unit;legacy_block,
S3046001_S_GN-SB-BS-10,S3046001_S_GN-SB-GL-04,,brand_unit;legacy_block,
S3046001_S_GN-SB-BS-10,S3046001_S_GN-SB-GM-01,0.77423933,brand_unit;legacy_block,
S3046001_S_GN-SB-BS-10,S3046001_S_GN-SB-GM-04,0.91151625,brand_unit;legacy_block,
S3046001_S_GN-SB-BS-10,S3046001_S_GN-SB-GR-01,,brand_unit;legacy_block,
S3046001_S_GN-SB-BS-10,S3046001_S_GN-SB-GR-04,,brand_unit;legacy_block,
S3046001_S_GN-SB-BS-10,S3046001_S_GN-SB-KE-01,0.36228405,brand_unit;legacy_block,
S3046001_S_GN-SB-BS-10,S3046001_S_GN-SB-LA-01,,brand_unit;legacy_block,
S3046001_S_GN-SB-BS-10,S3046001_S_GN-SB-LA-04,,brand_unit;legacy_block,
S3046001_S_GN-SB-BS-10,S3046001_S_GN-SB-LE-01,,brand_unit;legacy_block,
S3046001_S_GN-SB-BS-10,S3046001_S_GN-SB-LE-04,,brand_unit;legacy_block,
S3046001_S_GN-SB-BS-10,S3046001_S_GN-SB-MA-01,0.33757623,brand_unit;legacy_block,
S3046001_S_GN-SB-BS-10,S3046001_S_GN-SB-MA-04,0.82390082,brand_unit;legacy_block,
S3046001_S_GN-SB-BS-10,S3046001_S_GN-SB-NE-01,,brand_unit;legacy_block,
S3046001_S_GN-SB-BS-10,S3046001_S_GN-SB-NE-04,,brand_unit;legacy_block,
S3046001_S_GN-SB-BS-10,S3046001_S_GN-SB-NO-05,0.07803970,brand_unit;legacy_block,
S3046001_S_GN-SB-BS-10,S3046001_S_GN-SB-OO-01,,brand_unit;legacy_block,
S3046001_S_GN-SB-BS-10,S3046001_S_GN-SB-OO-04,,brand_unit;legacy_block,
S3046001_S_GN-SB-BS-10,S3046001_S_GN-SB-PF-05,0.77927635,brand_unit;legacy_block,
S3046001_S_GN-SB-BS-10,S3046001_S_GN-SB-PL-01,,brand_unit;legacy_block,
S3046001_S_GN-SB-BS-10,S3046001_S_GN-SB-PL-04,,brand_unit;legacy_block,
S3046001_S_GN-SB-BS-10,S3046001_S_GN-SB-PO-01,0.52089362,brand_unit;legacy_block,
S3046001_S_GN-SB-BS-10,S3046001_S_GN-SB-PP-05,0.02857980,brand_unit;legacy_block,
S3046001_S_GN-SB-BS-10,S3046001_S_GN-SB-RO-01,,brand_unit;legacy_block,
S3046001_S_GN-SB-BS-10,S3046001_S_GN-SB-RO-04,,brand_unit;legacy_block,
S3046001_S_GN-SB-BS-10,S3046001_S_GN-SB-RS-01,,brand_unit;legacy_block,
S3046001_S_GN-SB-BS-10,S3046001_S_GN-SB-RS-04,,brand_unit;legacy_block,
S3046001_S_GN-SB-BS-10,S3046001_S_GN-SB-SB-01,,brand_unit;legacy_block,
S3046001_S_GN-SB-BS-10,S3046001_S_GN-SB-SB-04,,brand_unit;legacy_block,
S3046001_S_GN-SB-BS-10,S3046001_S_GN-SB-SJ-01,0.24609355,brand_unit;legacy_block,
S3046001_S_GN-SB-BS-10,S3046001_S_GN-SB-SJ-04,0.07859469,brand_unit;legacy_block,
S3046001_S_GN-SB-BS-10,S3046001_S_GN-SB-SS-01,0.56262920,brand_unit;legacy_block,
S3046001_S_GN-SB-BS-10,S3046001_S_GN-SB-SS-04,0.56262920,brand_unit;legacy_block,
S3046001_S_GN-SB-BS-10,S3046001_S_GN-SB-SW-04,0.00587119,brand_unit;legacy_block;semantic_topk,0.54383439
S3046001_S_GN-SB-BS-10,S3046001_S_GN-SB-TA-01,,brand_unit;legacy_block,
S3046001_S_GN-SB-BS-10,S3046001_S_GN-SB-TA-04,,brand_unit;legacy_block,
S3046001_S_GN-SB-BS-10,S3046001_S_GN-SB-TM-01,,brand_unit;legacy_block,
S3046001_S_GN-SB-BS-10,S3046001_S_GN-SB-TM-04,,brand_unit;legacy_block;semantic_topk,0.49483642
S3046001_S_GN-SB-BS-10,S3046001_S_GN-SB-TT-01,,brand_unit;legacy_block,
S3046001_S_GN-SB-BS-10,S3046001_S_GN-SB-TT-04,,brand_unit;legacy_block,
S3046001_S_GN-SB-BS-10,S3046001_S_GN-SB-TU-01,0.26373622,brand_unit;legacy_block,
S3046001_S_GN-SB-BS-10,S3046001_S_GN-SB-TU-04,,brand_unit;legacy_block,
S3046001_S_GN-SB-BS-10,S3046001_S_GN-SB-WP-01,0.79515612,brand_unit;legacy_block,
S3046001_S_GN-SB-BS-10,S3046001_S_GN-SB-WP-04,0.18396872,brand_unit;legacy_block,
S3046001_S_GN-SB-BS-10,S3046001_S_GN10667,,brand_unit;legacy_block,
S3046001_S_GN-SB-CA-01,S3046001_S_GN-SB-CA-04,1.00000000,brand_unit;legacy_block;semantic_topk,0.58188230
S3046001_S_GN-SB-CA-01,S3046001_S_GN-SB-CA-10,1.00000000,brand_unit;legacy_block,
S3046001_S_GN-SB-CA-01,S3046001_S_GN-SB-CB-01,,brand_unit;legacy_block,
S3046001_S_GN-SB-CA-01,S3046001_S_GN-SB-CB-04,,brand_unit;legacy_block,
S3046001_S_GN-SB-CA-01,S3046001_S_GN-SB-CH-01,,brand_unit;legacy_block;semantic_topk,0.59973025
S3046001_S_GN-SB-CA-01,S3046001_S_GN-SB-CH-04-02,,brand_unit;legacy_block,
S3046001_S_GN-SB-CA-01,S3046001_S_GN-SB-CH-10,,brand_unit;legacy_block,
S3046001_S_GN-SB-CA-01,S3046001_S_GN-SB-CI-01,0.04748754,brand_unit;legacy_block;semantic_topk,0.48928753
S3046001_S_GN-SB-CA-01,S3046001_S_GN-SB-CI-04,0.07489138,brand_unit;legacy_block,
S3046001_S_GN-SB-CA-01,S3046001_S_GN-SB-CM-01,,brand_unit;legacy_block;semantic_topk,0.47834122
S3046001_S_GN-SB-CA-01,S3046001_S_GN-SB-CM-04,,brand_unit;legacy_block,
S3046001_S_GN-SB-CA-01,S3046001_S_GN-SB-CM-10,,brand_unit;legacy_block,
S3046001_S_GN-SB-CA-01,S3046001_S_GN-SB-CN-01,0.47909994,brand_unit;legacy_block,
S3046001_S_GN-SB-CA-01,S3046001_S_GN-SB-CN-04,0.56769527,brand_unit;legacy_block,
S3046001_S_GN-SB-CA-01,S3046001_S_GN-SB-CO-01,,brand_unit;legacy_block;semantic_topk,0.53080833
S3046001_S_GN-SB-CA-01,S3046001_S_GN-SB-CR-01,,brand_unit;legacy_block;semantic_topk,0.59475708
S3046001_S_GN-SB-CA-01,S3046001_S_GN-SB-CR-04,,brand_unit;legacy_block,
S3046001_S_GN-SB-CA-01,S3046001_S_GN-SB-CR-10,0.59302331,brand_unit;legacy_block,
S3046001_S_GN-SB-CA-01,S3046001_S_GN-SB-CS-05,0.12262069,brand_unit;legacy_block,
S3046001_S_GN-SB-CA-01,S3046001_S_GN-SB-DA-01,,brand_unit;legacy_block;semantic_topk,0.64893520
S3046001_S_GN-SB-CA-01,S3046001_S_GN-SB-DM-01,,brand_unit;legacy_block;semantic_topk,0.54634595
S3046001_S_GN-SB-CA-01,S3046001_S_GN-SB-DM-04,,brand_unit;legacy_block,
S3046001_S_GN-SB-CA-01,S3046001_S_GN-SB-FL-01,,brand_unit;legacy_block,
S3046001_S_GN-SB-CA-01,S3046001_S_GN-SB-FL-04,,brand_unit;legacy_block,
S3046001_S_GN-SB-CA-01,S3046001_S_GN-SB-GE-05,0.11349699,brand_unit;legacy_block,
S3046001_S_GN-SB-CA-01,S3046001_S_GN-SB-GL-01,,brand_unit;legacy_block;semantic_topk,0.59718204
S3046001_S_GN-SB-CA-01,S3046001_S_GN-SB-GL-04,,brand_unit;legacy_block,
S3046001_S_GN-SB-CA-01,S3046001_S_GN-SB-GM-01,,brand_unit;legacy_block;semantic_topk,0.52250588
S3046001_S_GN-SB-CA-01,S3046001_S_GN-SB-GM-04,,brand_unit;legacy_block,
S3046001_S_GN-SB-CA-01,S3046001_S_GN-SB-GR-01,,brand_unit;legacy_block;semantic_topk,0.60725677
S3046001_S_GN-SB-CA-01,S3046001_S_GN-SB-GR-04,,brand_unit;legacy_block,
S3046001_S_GN-SB-CA-01,S3046001_S_GN-SB-KE-01,0.00863761,brand_unit;legacy_block,
S3046001_S_GN-SB-CA-01,S3046001_S_GN-SB-LA-01,,brand_unit;legacy_block;semantic_topk,0.47561327
S3046001_S_GN-SB-CA-01,S3046001_S_GN-SB-LA-04,,brand_unit;legacy_block,
S3046001_S_GN-SB-CA-01,S3046001_S_GN-SB-LE-01,,brand_unit;legacy_block;semantic_topk,0.60824859
S3046001_S_GN-SB-CA-01,S3046001_S_GN-SB-LE-04,,brand_unit;legacy_block,
S3046001_S_GN-SB-CA-01,S3046001_S_GN-SB-MA-01,0.00072878,brand_unit;legacy_block;semantic_topk,0.60121870
S3046001_S_GN-SB-CA-01,S3046001_S_GN-SB-MA-04,0.02369197,brand_unit;legacy_block,
S3046001_S_GN-SB-CA-01,S3046001_S_GN-SB-NE-01,,brand_unit;legacy_block;semantic_topk,0.62060046
S3046001_S_GN-SB-CA-01,S3046001_S_GN-SB-NE-04,,brand_unit;legacy_block,
S3046001_S_GN-SB-CA-01,S3046001_S_GN-SB-NO-05,0.13453329,brand_unit;legacy_block,
S3046001_S_GN-SB-CA-01,S3046001_S_GN-SB-OO-01,,brand_unit;legacy_block;semantic_topk,0.64708161
S3046001_S_GN-SB-CA-01,S3046001_S_GN-SB-OO-04,,brand_unit;legacy_block,
S3046001_S_GN-SB-CA-01,S3046001_S_GN-SB-PF-05,0.02744994,brand_unit;legacy_block,
S3046001_S_GN-SB-CA-01,S3046001_S_GN-SB-PL-01,,brand_unit;legacy_block;semantic_topk,0.59452486
S3046001_S_GN-SB-CA-01,S3046001_S_GN-SB-PL-04,,brand_unit;legacy_block,
S3046001_S_GN-SB-CA-01,S3046001_S_GN-SB-PO-01,,brand_unit;legacy_block,
S3046001_S_GN-SB-CA-01,S3046001_S_GN-SB-PP-05,0.31996847,brand_unit;legacy_block,
S3046001_S_GN-SB-CA-01,S3046001_S_GN-SB-RO-01,,brand_unit;legacy_block,
S3046001_S_GN-SB-CA-01,S3046001_S_GN-SB-RO-04,,brand_unit;legacy_block,
S3046001_S_GN-SB-CA-01,S3046001_S_GN-SB-RS-01,,brand_unit;legacy_block,
S3046001_S_GN-SB-CA-01,S3046001_S_GN-SB-RS-04,,brand_unit;legacy_block,
S3046001_S_GN-SB-CA-01,S3046001_S_GN-SB-SB-01,,brand_unit;legacy_block,
S3046001_S_GN-SB-CA-01,S3046001_S_GN-SB-SB-04,,brand_unit;legacy_block,
S3046001_S_GN-SB-CA-01,S3046001_S_GN-SB-SJ-01,0.00489525,brand_unit;legacy_block,
S3046001_S_GN-SB-CA-01,S3046001_S_GN-SB-SJ-04,0.02847713,brand_unit;legacy_block,
S3046001_S_GN-SB-CA-01,S3046001_S_GN-SB-SS-01,0.64747698,brand_unit;legacy_block,
S3046001_S_GN-SB-CA-01,S3046001_S_GN-SB-SS-04,0.77561628,brand_unit;legacy_block,
S3046001_S_GN-SB-CA-01,S3046001_S_GN-SB-SW-04,0.66526113,brand_unit;legacy_block,
S3046001_S_GN-SB-CA-01,S3046001_S_GN-SB-TA-01,,brand_unit;legacy_block;semantic_topk,0.56916916
S3046001_S_GN-SB-CA-01,S3046001_S_GN-SB-TA-04,,brand_unit;legacy_block,
S3046001_S_GN-SB-CA-01,S3046001_S_GN-SB-TM-01,,brand_unit;legacy_block,
S3046001_S_GN-SB-CA-01,S3046001_S_GN-SB-TM-04,,brand_unit;legacy_block,
S3046001_S_GN-SB-CA-01,S3046001_S_GN-SB-TT-01,,brand_unit;legacy_block;semantic_topk,0.45973116
S3046001_S_GN-SB-CA-01,S3046001_S_GN-SB-TT-04,,brand_unit;legacy_block,
S3046001_S_GN-SB-CA-01,S3046001_S_GN-SB-TU-01,0.00700714,brand_unit;legacy_block,
S3046001_S_GN-SB-CA-01,S3046001_S_GN-SB-TU-04,,brand_unit;legacy_block,
S3046001_S_GN-SB-CA-01,S3046001_S_GN-SB-WP-01,0.00406187,brand_unit;legacy_block,
S3046001_S_GN-SB-CA-01,S3046001_S_GN-SB-WP-04,0.02288881,brand_unit;legacy_block,
S3046001_S_GN-SB-CA-01,S3046001_S_GN10667,0.10038455,brand_unit;legacy_block,
S3046001_S_GN-SB-CA-04,S3046001_S_GN-SB-CA-10,1.00000000,brand_unit;legacy_block,
S3046001_S_GN-SB-CA-04,S3046001_S_GN-SB-CB-01,,brand_unit;legacy_block,
S3046001_S_GN-SB-CA-04,S3046001_S_GN-SB-CB-04,,brand_unit;legacy_block;semantic_topk,0.68359327
S3046001_S_GN-SB-CA-04,S3046001_S_GN-SB-CH-01,,brand_unit;legacy_block,
S3046001_S_GN-SB-CA-04,S3046001_S_GN-SB-CH-04-02,,brand_unit;legacy_block;semantic_topk,0.47943050
S3046001_S_GN-SB-CA-04,S3046001_S_GN-SB-CH-10,,brand_unit;legacy_block,
S3046001_S_GN-SB-CA-04,S3046001_S_GN-SB-CI-01,0.07489138,brand_unit;legacy_block,
S3046001_S_GN-SB-CA-04,S3046001_S_GN-SB-CI-04,0.00937784,brand_unit;legacy_block;semantic_topk,0.64259005
S3046001_S_GN-SB-CA-04,S3046001_S_GN-SB-CM-01,,brand_unit;legacy_block,
S3046001_S_GN-SB-CA-04,S3046001_S_GN-SB-CM-04,,brand_unit;legacy_block;semantic_topk,0.63639557
S3046001_S_GN-SB-CA-04,S3046001_S_GN-SB-CM-10,,brand_unit;legacy_block,
S3046001_S_GN-SB-CA-04,S3046001_S_GN-SB-CN-01,0.14206775,brand_unit;legacy_block,
S3046001_S_GN-SB-CA-04,S3046001_S_GN-SB-CN-04,0.01377032,brand_unit;legacy_block,
S3046001_S_GN-SB-CA-04,S3046001_S_GN-SB-CO-01,,brand_unit;legacy_block,
S3046001_S_GN-SB-CA-04,S3046001_S_GN-SB-CR-01,,brand_unit;legacy_block,
S3046001_S_GN-SB-CA-04,S3046001_S_GN-SB-CR-04,,brand_unit;legacy_block;semantic_topk,0.68912822
S3046001_S_GN-SB-CA-04,S3046001_S_GN-SB-CR-10,0.02868705,brand_unit;legacy_block,
S3046001_S_GN-SB-CA-04,S3046001_S_GN-SB-CS-05,0.33491254,brand_unit;legacy_block,
S3046001_S_GN-SB-CA-04,S3046001_S_GN-SB-DA-01,,brand_unit;legacy_block,
S3046001_S_GN-SB-CA-04,S3046001_S_GN-SB-DM-01,,brand_unit;legacy_block,
S3046001_S_GN-SB-CA-04,S3046001_S_GN-SB-DM-04,,brand_unit;legacy_block;semantic_topk,0.64992577
S3046001_S_GN-SB-CA-04,S3046001_S_GN-SB-FL-01,,brand_unit;legacy_block,
S3046001_S_GN-SB-CA-04,S3046001_S_GN-SB-FL-04,,brand_unit;legacy_block,
S3046001_S_GN-SB-CA-04,S3046001_S_GN-SB-GE-05,0.28440512,brand_unit;legacy_block,
S3046001_S_GN-SB-CA-04,S3046001_S_GN-SB-GL-01,,brand_unit;legacy_block,
S3046001_S_GN-SB-CA-04,S3046001_S_GN-SB-GL-04,,brand_unit;legacy_block;semantic_topk,0.61471510
S3046001_S_GN-SB-CA-04,S3046001_S_GN-SB-GM-01,,brand_unit;legacy_block,
S3046001_S_GN-SB-CA-04,S3046001_S_GN-SB-GM-04,,brand_unit;legacy_block;semantic_topk,0.60635954
S3046001_S_GN-SB-CA-04,S3046001_S_GN-SB-GR-01,,brand_unit;legacy_block,
S3046001_S_GN-SB-CA-04,S3046001_S_GN-SB-GR-04,,brand_unit;legacy_block;semantic_topk,0.67249858
S3046001_S_GN-SB-CA-04,S3046001_S_GN-SB-KE-01,0.01171653,brand_unit;legacy_block,
S3046001_S_GN-SB-CA-04,S3046001_S_GN-SB-LA-01,,brand_unit;legacy_block,
S3046001_S_GN-SB-CA-04,S3046001_S_GN-SB-LA-04,,brand_unit;legacy_block,
S3046001_S_GN-SB-CA-04,S3046001_S_GN-SB-LE-01,,brand_unit;legacy_block,
S3046001_S_GN-SB-CA-04,S3046001_S_GN-SB-LE-04,,brand_unit;legacy_block;semantic_topk,0.66780055
S3046001_S_GN-SB-CA-04,S3046001_S_GN-SB-MA-01,0.01776203,brand_unit;legacy_block,
S3046001_S_GN-SB-CA-04,S3046001_S_GN-SB-MA-04,0.03160423,brand_unit;legacy_block;semantic_topk,0.64664918
S3046001_S_GN-SB-CA-04,S3046001_S_GN-SB-NE-01,,brand_unit;legacy_block,
S3046001_S_GN-SB-CA-04,S3046001_S_GN-SB-NE-04,,brand_unit;legacy_block;semantic_topk,0.67412227
S3046001_S_GN-SB-CA-04,S3046001_S_GN-SB-NO-05,0.35901021,brand_unit;legacy_block,
S3046001_S_GN-SB-CA-04,S3046001_S_GN-SB-OO-01,,brand_unit;legacy_block,
S3046001_S_GN-SB-CA-04,S3046001_S_GN-SB-OO-04,,brand_unit;legacy_block;semantic_topk,0.68112481
S3046001_S_GN-SB-CA-04,S3046001_S_GN-SB-PF-05,0.24287149,brand_unit;legacy_block,
S3046001_S_GN-SB-CA-04,S3046001_S_GN-SB-PL-01,,brand_unit;legacy_block,
S3046001_S_GN-SB-CA-04,S3046001_S_GN-SB-PL-04,,brand_unit;legacy_block,
S3046001_S_GN-SB-CA-04,S3046001_S_GN-SB-PO-01,,brand_unit;legacy_block,
S3046001_S_GN-SB-CA-04,S3046001_S_GN-SB-PP-05,0.61734754,brand_unit;legacy_block,
S3046001_S_GN-SB-CA-04,S3046001_S_GN-SB-RO-01,,brand_unit;legacy_block,
S3046001_S_GN-SB-CA-04,S3046001_S_GN-SB-RO-04,,brand_unit;legacy_block;semantic_topk,0.65426296
S3046001_S_GN-SB-CA-04,S3046001_S_GN-SB-RS-01,,brand_unit;legacy_block,
S3046001_S_GN-SB-CA-04,S3046001_S_GN-SB-RS-04,,brand_unit;legacy_block;semantic_topk,0.67248553
S3046001_S_GN-SB-CA-04,S3046001_S_GN-SB-SB-01,,brand_unit;legacy_block,
S3046001_S_GN-SB-CA-04,S3046001_S_GN-SB-SB-04,,brand_unit;legacy_block;semantic_topk,0.65811807
S3046001_S_GN-SB-CA-04,S3046001_S_GN-SB-SJ-01,0.40912279,brand_unit;legacy_block,
S3046001_S_GN-SB-CA-04,S3046001_S_GN-SB-SJ-04,0.05643641,brand_unit;legacy_block;semantic_topk,0.63271964
S3046001_S_GN-SB-CA-04,S3046001_S_GN-SB-SS-01,0.04974601,brand_unit;legacy_block,
S3046001_S_GN-SB-CA-04,S3046001_S_GN-SB-SS-04,0.03748145,brand_unit;legacy_block,
S3046001_S_GN-SB-CA-04,S3046001_S_GN-SB-SW-04,0.73337464,brand_unit;legacy_block,
S3046001_S_GN-SB-CA-04,S3046001_S_GN-SB-TA-01,,brand_unit;legacy_block,
S3046001_S_GN-SB-CA-04,S3046001_S_GN-SB-TA-04,,brand_unit;legacy_block;semantic_topk,0.71039581
S3046001_S_GN-SB-CA-04,S3046001_S_GN-SB-TM-01,,brand_unit;legacy_block,
S3046001_S_GN-SB-CA-04,S3046001_S_GN-SB-TM-04,,brand_unit;legacy_block,
S3046001_S_GN-SB-CA-04,S3046001_S_GN-SB-TT-01,,brand_unit;legacy_block,
S3046001_S_GN-SB-CA-04,S3046001_S_GN-SB-TT-04,,brand_unit;legacy_block;semantic_topk,0.59947830
S3046001_S_GN-SB-CA-04,S3046001_S_GN-SB-TU-01,0.29798306,brand_unit;legacy_block,
S3046001_S_GN-SB-CA-04,S3046001_S_GN-SB-TU-04,,brand_unit;legacy_block;semantic_topk,0.68148994
S3046001_S_GN-SB-CA-04,S3046001_S_GN-SB-WP-01,0.02363744,brand_unit;legacy_block,
S3046001_S_GN-SB-CA-04,S3046001_S_GN-SB-WP-04,0.08681290,brand_unit;legacy_block;semantic_topk,0.55891132
S3046001_S_GN-SB-CA-04,S3046001_S_GN10667,0.37175022,brand_unit;legacy_block,
S3046001_S_GN-SB-CA-10,S3046001_S_GN-SB-CB-01,,brand_unit;legacy_block,
S3046001_S_GN-SB-CA-10,S3046001_S_GN-SB-CB-04,,brand_unit;legacy_block,
S3046001_S_GN-SB-CA-10,S3046001_S_GN-SB-CH-01,,brand_unit;legacy_block,
S3046001_S_GN-SB-CA-10,S3046001_S_GN-SB-CH-04-02,,brand_unit;legacy_block,
S3046001_S_GN-SB-CA-10,S3046001_S_GN-SB-CH-10,,brand_unit;legacy_block;semantic_topk,0.47445643
S3046001_S_GN-SB-CA-10,S3046001_S_GN-SB-CI-01,0.56081675,brand_unit;legacy_block,
S3046001_S_GN-SB-CA-10,S3046001_S_GN-SB-CI-04,0.87653459,brand_unit;legacy_block,
S3046001_S_GN-SB-CA-10,S3046001_S_GN-SB-CM-01,,brand_unit;legacy_block,
S3046001_S_GN-SB-CA-10,S3046001_S_GN-SB-CM-04,,brand_unit;legacy_block,
S3046001_S_GN-SB-CA-10,S3046001_S_GN-SB-CM-10,,brand_unit;legacy_block;semantic_topk,0.78855747
S3046001_S_GN-SB-CA-10,S3046001_S_GN-SB-CN-01,0.42759044,brand_unit;legacy_block,
S3046001_S_GN-SB-CA-10,S3046001_S_GN-SB-CN-04,0.23005251,brand_unit;legacy_block,
S3046001_S_GN-SB-CA-10,S3046001_S_GN-SB-CO-01,,brand_unit;legacy_block,
S3046001_S_GN-SB-CA-10,S3046001_S_GN-SB-CR-01,,brand_unit;legacy_block,
S3046001_S_GN-SB-CA-10,S3046001_S_GN-SB-CR-04,,brand_unit;legacy_block,
S3046001_S_GN-SB-CA-10,S3046001_S_GN-SB-CR-10,0.01763010,brand_unit;legacy_block;semantic_topk,0.44953328
S3046001_S_GN-SB-CA-10,S3046001_S_GN-SB-CS-05,0.00728194,brand_unit;legacy_block,
S3046001_S_GN-SB-CA-10,S3046001_S_GN-SB-DA-01,,brand_unit;legacy_block,
S3046001_S_GN-SB-CA-10,S3046001_S_GN-SB-DM-01,,brand_unit;legacy_block,
S3046001_S_GN-SB-CA-10,S3046001_S_GN-SB-DM-04,,brand_unit;legacy_block,
S3046001_S_GN-SB-CA-10,S3046001_S_GN-SB-FL-01,,brand_unit;legacy_block,
S3046001_S_GN-SB-CA-10,S3046001_S_GN-SB-FL-04,,brand_unit;legacy_block;semantic_topk,0.49797350
S3046001_S_GN-SB-CA-10,S3046001_S_GN-SB-GE-05,0.00864153,brand_unit;legacy_block,
S3046001_S_GN-SB-CA-10,S3046001_S_GN-SB-GL-01,,brand_unit;legacy_block,
S3046001_S_GN-SB-CA-10,S3046001_S_GN-SB-GL-04,,brand_unit;legacy_block,
S3046001_S_GN-SB-CA-10,S3046001_S_GN-SB-GM-01,,brand_unit;legacy_block,
S3046001_S_GN-SB-CA-10,S3046001_S_GN-SB-GM-04,,brand_unit;legacy_block,
S3046001_S_GN-SB-CA-10,S3046001_S_GN-SB-GR-01,,brand_unit;legacy_block,
S3046001_S_GN-SB-CA-10,S3046001_S_GN-SB-GR-04,,brand_unit;legacy_block,
S3046001_S_GN-SB-CA-10,S3046001_S_GN-SB-KE-01,0.50099230,brand_unit;legacy_block,
S3046001_S_GN-SB-CA-10,S3046001_S_GN-SB-LA-01,,brand_unit;legacy_block,
S3046001_S_GN-SB-CA-10,S3046001_S_GN-SB-LA-04,,brand_unit;legacy_block,
S3046001_S_GN-SB-CA-10,S3046001_S_GN-SB-LE-01,,brand_unit;legacy_block,
S3046001_S_GN-SB-CA-10,S3046001_S_GN-SB-LE-04,,brand_unit;legacy_block,
S3046001_S_GN-SB-CA-10,S3046001_S_GN-SB-MA-01,0.39209442,brand_unit;legacy_block,
S3046001_S_GN-SB-CA-10,S3046001_S_GN-SB-MA-04,0.79370577,brand_unit;legacy_block,
S3046001_S_GN-SB-CA-10,S3046001_S_GN-SB-NE-01,,brand_unit;legacy_block,
S3046001_S_GN-SB-CA-10,S3046001_S_GN-SB-NE-04,,brand_unit;legacy_block,
S3046001_S_GN-SB-CA-10,S3046001_S_GN-SB-NO-05,0.00864153,brand_unit;legacy_block,
S3046001_S_GN-SB-CA-10,S3046001_S_GN-SB-OO-01,,brand_unit;legacy_block,
S3046001_S_GN-SB-CA-10,S3046001_S_GN-SB-OO-04,,brand_unit;legacy_block,
S3046001_S_GN-SB-CA-10,S3046001_S_GN-SB-PF-05,0.82029234,brand_unit;legacy_block,
S3046001_S_GN-SB-CA-10,S3046001_S_GN-SB-PL-01,,brand_unit;legacy_block,
S3046001_S_GN-SB-CA-10,S3046001_S_GN-SB-PL-04,,brand_unit;legacy_block,
S3046001_S_GN-SB-CA-10,S3046001_S_GN-SB-PO-01,,brand_unit;legacy_block,
S3046001_S_GN-SB-CA-10,S3046001_S_GN-SB-PP-05,0.02485563,brand_unit;legacy_block,
S3046001_S_GN-SB-CA-10,S3046001_S_GN-SB-RO-01,,brand_unit;legacy_block,
S3046001_S_GN-SB-CA-10,S3046001_S_GN-SB-RO-04,,brand_unit;legacy_block,
S3046001_S_GN-SB-CA-10,S3046001_S_GN-SB-RS-01,,brand_unit;legacy_block,
S3046001_S_GN-SB-CA-10,S3046001_S_GN-SB-RS-04,,brand_unit;legacy_block,
S3046001_S_GN-SB-CA-10,S3046001_S_GN-SB-SB-01,,brand_unit;legacy_block,
S3046001_S_GN-SB-CA-10,S3046001_S_GN-SB-SB-04,,brand_unit;legacy_block,
S3046001_S_GN-SB-CA-10,S3046001_S_GN-SB-SJ-01,0.25345426,brand_unit;legacy_block,
S3046001_S_GN-SB-CA-10,S3046001_S_GN-SB-SJ-04,0.27529372,brand_unit;legacy_block,
S3046001_S_GN-SB-CA-10,S3046001_S_GN-SB-SS-01,0.12822800,brand_unit;legacy_block,
S3046001_S_GN-SB-CA-10,S3046001_S_GN-SB-SS-04,0.13638606,brand_unit;legacy_block,
S3046001_S_GN-SB-CA-10,S3046001_S_GN-SB-SW-04,0.00786009,brand_unit;legacy_block;semantic_topk,0.56809139
S3046001_S_GN-SB-CA-10,S3046001_S_GN-SB-TA-01,,brand_unit;legacy_block,
S3046001_S_GN-SB-CA-10,S3046001_S_GN-SB-TA-04,,brand_unit;legacy_block,
S3046001_S_GN-SB-CA-10,S3046001_S_GN-SB-TM-01,,brand_unit;legacy_block,
S3046001_S_GN-SB-CA-10,S3046001_S_GN-SB-TM-04,,brand_unit;legacy_block;semantic_topk,0.50634593
S3046001_S_GN-SB-CA-10,S3046001_S_GN-SB-TT-01,,brand_unit;legacy_block,
S3046001_S_GN-SB-CA-10,S3046001_S_GN-SB-TT-04,,brand_unit;legacy_block,
S3046001_S_GN-SB-CA-10,S3046001_S_GN-SB-TU-01,0.23184328,brand_unit;legacy_block,
S3046001_S_GN-SB-CA-10,S3046001_S_GN-SB-TU-04,,brand_unit;legacy_block,
S3046001_S_GN-SB-CA-10,S3046001_S_GN-SB-WP-01,0.61636393,brand_unit;legacy_block,
S3046001_S_GN-SB-CA-10,S3046001_S_GN-SB-WP-04,0.89384700,brand_unit;legacy_block,
S3046001_S_GN-SB-CA-10,S3046001_S_GN10667,0.02422294,brand_unit;legacy_block,
S3046001_S_GN-SB-CB-01,S3046001_S_GN-SB-CB-04,1.00000000,brand_unit;legacy_block,
S3046001_S_GN-SB-CB-01,S3046001_S_GN-SB-CH-01,,brand_unit;legacy_block;semantic_topk,0.48667067
S3046001_S_GN-SB-CB-01,S3046001_S_GN-SB-CH-04-02,,brand_unit;legacy_block,
S3046001_S_GN-SB-CB-01,S3046001_S_GN-SB-CH-10,,brand_unit;legacy_block,
S3046001_S_GN-SB-CB-01,S3046001_S_GN-SB-CI-01,,brand_unit;legacy_block;semantic_topk,0.61085892
S3046001_S_GN-SB-CB-01,S3046001_S_GN-SB-CI-04,,brand_unit;legacy_block,
S3046001_S_GN-SB-CB-01,S3046001_S_GN-SB-CM-01,0.01529921,brand_unit;legacy_block;semantic_topk,0.56472790
S3046001_S_GN-SB-CB-01,S3046001_S_GN-SB-CM-04,,brand_unit;legacy_block,
S3046001_S_GN-SB-CB-01,S3046001_S_GN-SB-CM-10,,brand_unit;legacy_block,
S3046001_S_GN-SB-CB-01,S3046001_S_GN-SB-CN-01,0.32252672,brand_unit;legacy_block,
S3046001_S_GN-SB-CB-01,S3046001_S_GN-SB-CN-04,0.01644742,brand_unit;legacy_block,
S3046001_S_GN-SB-CB-01,S3046001_S_GN-SB-CO-01,0.01122473,brand_unit;legacy_block;semantic_topk,0.57513869
S3046001_S_GN-SB-CB-01,S3046001_S_GN-SB-CR-01,,brand_unit;legacy_block;semantic_topk,0.48491994
S3046001_S_GN-SB-CB-01,S3046001_S_GN-SB-CR-04,,brand_unit;legacy_block,
S3046001_S_GN-SB-CB-01,S3046001_S_GN-SB-CR-10,,brand_unit;legacy_block,
S3046001_S_GN-SB-CB-01,S3046001_S_GN-SB-CS-05,0.04921843,brand_unit;legacy_block,
S3046001_S_GN-SB-CB-01,S3046001_S_GN-SB-DA-01,0.02611215,brand_unit;legacy_block;semantic_topk,0.47508541
S3046001_S_GN-SB-CB-01,S3046001_S_GN-SB-DM-01,,brand_unit;legacy_block;semantic_topk,0.45586064
S3046001_S_GN-SB-CB-01,S3046001_S_GN-SB-DM-04,,brand_unit;legacy_block,
S3046001_S_GN-SB-CB-01,S3046001_S_GN-SB-FL-01,,brand_unit;legacy_block,
S3046001_S_GN-SB-CB-01,S3046001_S_GN-SB-FL-04,,brand_unit;legacy_block,
S3046001_S_GN-SB-CB-01,S3046001_S_GN-SB-GE-05,0.26587911,brand_unit;legacy_block,
S3046001_S_GN-SB-CB-01,S3046001_S_GN-SB-GL-01,,brand_unit;legacy_block,
S3046001_S_GN-SB-CB-01,S3046001_S_GN-SB-GL-04,,brand_unit;legacy_block,
S3046001_S_GN-SB-CB-01,S3046001_S_GN-SB-GM-01,0.03425163,brand_unit;legacy_block,
S3046001_S_GN-SB-CB-01,S3046001_S_GN-SB-GM-04,0.10613977,brand_unit;legacy_block,
S3046001_S_GN-SB-CB-01,S3046001_S_GN-SB-GR-01,,brand_unit;legacy_block;semantic_topk,0.44747210
S3046001_S_GN-SB-CB-01,S3046001_S_GN-SB-GR-04,,brand_unit;legacy_block,
S3046001_S_GN-SB-CB-01,S3046001_S_GN-SB-KE-01,0.05733307,brand_unit;legacy_block,
S3046001_S_GN-SB-CB-01,S3046001_S_GN-SB-LA-01,,brand_unit;legacy_block,
S3046001_S_GN-SB-CB-01,S3046001_S_GN-SB-LA-04,,brand_unit;legacy_block,
S3046001_S_GN-SB-CB-01,S3046001_S_GN-SB-LE-01,,brand_unit;legacy_block;semantic_topk,0.46168241
S3046001_S_GN-SB-CB-01,S3046001_S_GN-SB-LE-04,,brand_unit;legacy_block,
S3046001_S_GN-SB-CB-01,S3046001_S_GN-SB-MA-01,0.01428752,brand_unit;legacy_block;semantic_topk,0.46803901
S3046001_S_GN-SB-CB-01,S3046001_S_GN-SB-MA-04,0.02847713,brand_unit;legacy_block,
S3046001_S_GN-SB-CB-01,S3046001_S_GN-SB-NE-01,,brand_unit;legacy_block;semantic_topk,0.44892696
S3046001_S_GN-SB-CB-01,S3046001_S_GN-SB-NE-04,,brand_unit;legacy_block,
S3046001_S_GN-SB-CB-01,S3046001_S_GN-SB-NO-05,0.05576352,brand_unit;legacy_block,
S3046001_S_GN-SB-CB-01,S3046001_S_GN-SB-OO-01,,brand_unit;legacy_block;semantic_topk,0.48962885
S3046001_S_GN-SB-CB-01,S3046001_S_GN-SB-OO-04,,brand_unit;legacy_block,
S3046001_S_GN-SB-CB-01,S3046001_S_GN-SB-PF-05,0.60582518,brand_unit;legacy_block,
S3046001_S_GN-SB-CB-01,S3046001_S_GN-SB-PL-01,,brand_unit;legacy_block,
S3046001_S_GN-SB-CB-01,S3046001_S_GN-SB-PL-04,,brand_unit;legacy_block,
S3046001_S_GN-SB-CB-01,S3046001_S_GN-SB-PO-01,0.02809256,brand_unit;legacy_block;semantic_topk,0.45636126
S3046001_S_GN-SB-CB-01,S3046001_S_GN-SB-PP-05,0.60955348,brand_unit;legacy_block,
S3046001_S_GN-SB-CB-01,S3046001_S_GN-SB-RO-01,,brand_unit;legacy_block;semantic_topk,0.44351819
S3046001_S_GN-SB-CB-01,S3046001_S_GN-SB-RO-04,,brand_unit;legacy_block,
S3046001_S_GN-SB-CB-01,S3046001_S_GN-SB-RS-01,,brand_unit;legacy_block;semantic_topk,0.45993915
S3046001_S_GN-SB-CB-01,S3046001_S_GN-SB-RS-04,,brand_unit;legacy_block,
S3046001_S_GN-SB-CB-01,S3046001_S_GN-SB-SB-01,,brand_unit;legacy_block;semantic_topk,0.45299473
S3046001_S_GN-SB-CB-01,S3046001_S_GN-SB-SB-04,,brand_unit;legacy_block,
S3046001_S_GN-SB-CB-01,S3046001_S_GN-SB-SJ-01,0.00863761,brand_unit;legacy_block;semantic_topk,0.43047076
S3046001_S_GN-SB-CB-01,S3046001_S_GN-SB-SJ-04,0.03884000,brand_unit;legacy_block,
S3046001_S_GN-SB-CB-01,S3046001_S_GN-SB-SS-01,0.09102765,brand_unit;legacy_block,
S3046001_S_GN-SB-CB-01,S3046001_S_GN-SB-SS-04,0.04108906,brand_unit;legacy_block,
S3046001_S_GN-SB-CB-01,S3046001_S_GN-SB-SW-04,0.76852493,brand_unit;legacy_block,
S3046001_S_GN-SB-CB-01,S3046001_S_GN-SB-TA-01,,brand_unit;legacy_block;semantic_topk,0.46010906
S3046001_S_GN-SB-CB-01,S3046001_S_GN-SB-TA-04,,brand_unit;legacy_block,
S3046001_S_GN-SB-CB-01,S3046001_S_GN-SB-TM-01,,brand_unit;legacy_block,
S3046001_S_GN-SB-CB-01,S3046001_S_GN-SB-TM-04,,brand_unit;legacy_block,
S3046001_S_GN-SB-CB-01,S3046001_S_GN-SB-TT-01,,brand_unit;legacy_block,
S3046001_S_GN-SB-CB-01,S3046001_S_GN-SB-TT-04,,brand_unit;legacy_block,
S3046001_S_GN-SB-CB-01,S3046001_S_GN-SB-TU-01,0.00863761,brand_unit;legacy_block;semantic_topk,0.43008170
S3046001_S_GN-SB-CB-01,S3046001_S_GN-SB-TU-04,,brand_unit;legacy_block,
S3046001_S_GN-SB-CB-01,S3046001_S_GN-SB-WP-01,0.01035714,brand_unit;legacy_block,
S3046001_S_GN-SB-CB-01,S3046001_S_GN-SB-WP-04,0.03138173,brand_unit;legacy_block,
S3046001_S_GN-SB-CB-01,S3046001_S_GN10667,0.30421015,brand_unit;legacy_block,
S3046001_S_GN-SB-CB-04,S3046001_S_GN-SB-CH-01,,brand_unit;legacy_block,
S3046001_S_GN-SB-CB-04,S3046001_S_GN-SB-CH-04-02,,brand_unit;legacy_block;semantic_topk,0.48775214
S3046001_S_GN-SB-CB-04,S3046001_S_GN-SB-CH-10,,brand_unit;legacy_block,
S3046001_S_GN-SB-CB-04,S3046001_S_GN-SB-CI-01,,brand_unit;legacy_block,
S3046001_S_GN-SB-CB-04,S3046001_S_GN-SB-CI-04,,brand_unit;legacy_block;semantic_topk,0.69523436
S3046001_S_GN-SB-CB-04,S3046001_S_GN-SB-CM-01,0.10546351,brand_unit;legacy_block,
S3046001_S_GN-SB-CB-04,S3046001_S_GN-SB-CM-04,,brand_unit;legacy_block;semantic_topk,0.68425465
S3046001_S_GN-SB-CB-04,S3046001_S_GN-SB-CM-10,,brand_unit;legacy_block,
S3046001_S_GN-SB-CB-04,S3046001_S_GN-SB-CN-01,0.14206775,brand_unit;legacy_block,
S3046001_S_GN-SB-CB-04,S3046001_S_GN-SB-CN-04,0.03821670,brand_unit;legacy_block,
S3046001_S_GN-SB-CB-04,S3046001_S_GN-SB-CO-01,0.07340127,brand_unit;legacy_block,
S3046001_S_GN-SB-CB-04,S3046001_S_GN-SB-CR-01,,brand_unit;legacy_block,
S3046001_S_GN-SB-CB-04,S3046001_S_GN-SB-CR-04,,brand_unit;legacy_block;semantic_topk,0.66696417
S3046001_S_GN-SB-CB-04,S3046001_S_GN-SB-CR-10,,brand_unit;legacy_block,
S3046001_S_GN-SB-CB-04,S3046001_S_GN-SB-CS-05,0.35901021,brand_unit;legacy_block,
S3046001_S_GN-SB-CB-04,S3046001_S_GN-SB-DA-01,0.05004149,brand_unit;legacy_block,
S3046001_S_GN-SB-CB-04,S3046001_S_GN-SB-DM-01,,brand_unit;legacy_block,
S3046001_S_GN-SB-CB-04,S3046001_S_GN-SB-DM-04,,brand_unit;legacy_block;semantic_topk,0.70362306
S3046001_S_GN-SB-CB-04,S3046001_S_GN-SB-FL-01,,brand_unit;legacy_block,
S3046001_S_GN-SB-CB-04,S3046001_S_GN-SB-FL-04,,brand_unit;legacy_block,
S3046001_S_GN-SB-CB-04,S3046001_S_GN-SB-GE-05,0.05394803,brand_unit;legacy_block,
S3046001_S_GN-SB-CB-04,S3046001_S_GN-SB-GL-01,,brand_unit;legacy_block,
S3046001_S_GN-SB-CB-04,S3046001_S_GN-SB-GL-04,,brand_unit;legacy_block;semantic_topk,0.65467453
S3046001_S_GN-SB-CB-04,S3046001_S_GN-SB-GM-01,0.03118425,brand_unit;legacy_block,
S3046001_S_GN-SB-CB-04,S3046001_S_GN-SB-GM-04,0.09287346,brand_unit;legacy_block;semantic_topk,0.65186960
S3046001_S_GN-SB-CB-04,S3046001_S_GN-SB-GR-01,,brand_unit;legacy_block,
S3046001_S_GN-SB-CB-04,S3046001_S_GN-SB-GR-04,,brand_unit;legacy_block;semantic_topk,0.73344404
S3046001_S_GN-SB-CB-04,S3046001_S_GN-SB-KE-01,0.01171653,brand_unit;legacy_block,
S3046001_S_GN-SB-CB-04,S3046001_S_GN-SB-LA-01,,brand_unit;legacy_block,
S3046001_S_GN-SB-CB-04,S3046001_S_GN-SB-LA-04,,brand_unit;legacy_block;semantic_topk,0.59146100
S3046001_S_GN-SB-CB-04,S3046001_S_GN-SB-LE-01,,brand_unit;legacy_block,
S3046001_S_GN-SB-CB-04,S3046001_S_GN-SB-LE-04,,brand_unit;legacy_block;semantic_topk,0.74366879
S3046001_S_GN-SB-CB-04,S3046001_S_GN-SB-MA-01,0.01776203,brand_unit;legacy_block,
S3046001_S_GN-SB-CB-04,S3046001_S_GN-SB-MA-04,0.03160423,brand_unit;legacy_block;semantic_topk,0.66595733
S3046001_S_GN-SB-CB-04,S3046001_S_GN-SB-NE-01,,brand_unit;legacy_block,
S3046001_S_GN-SB-CB-04,S3046001_S_GN-SB-NE-04,,brand_unit;legacy_block;semantic_topk,0.73536676
S3046001_S_GN-SB-CB-04,S3046001_S_GN-SB-NO-05,0.35901021,brand_unit;legacy_block,
S3046001_S_GN-SB-CB-04,S3046001_S_GN-SB-OO-01,,brand_unit;legacy_block,
S3046001_S_GN-SB-CB-04,S3046001_S_GN-SB-OO-04,,brand_unit;legacy_block;semantic_topk,0.74313104
S3046001_S_GN-SB-CB-04,S3046001_S_GN-SB-PF-05,0.16663507,brand_unit;legacy_block,
S3046001_S_GN-SB-CB-04,S3046001_S_GN-SB-PL-01,,brand_unit;legacy_block,
S3046001_S_GN-SB-CB-04,S3046001_S_GN-SB-PL-04,,brand_unit;legacy_block;semantic_topk,0.42379963
S3046001_S_GN-SB-CB-04,S3046001_S_GN-SB-PO-01,0.67739615,brand_unit;legacy_block,
S3046001_S_GN-SB-CB-04,S3046001_S_GN-SB-PP-05,0.61734754,brand_unit;legacy_block,
S3046001_S_GN-SB-CB-04,S3046001_S_GN-SB-RO-01,,brand_unit;legacy_block,
S3046001_S_GN-SB-CB-04,S3046001_S_GN-SB-RO-04,,brand_unit;legacy_block;semantic_topk,0.71355963
S3046001_S_GN-SB-CB-04,S3046001_S_GN-SB-RS-01,,brand_unit;legacy_block,
S3046001_S_GN-SB-CB-04,S3046001_S_GN-SB-RS-04,,brand_unit;legacy_block;semantic_topk,0.71947026
S3046001_S_GN-SB-CB-04,S3046001_S_GN-SB-SB-01,,brand_unit;legacy_block,
S3046001_S_GN-SB-CB-04,S3046001_S_GN-SB-SB-04,,brand_unit;legacy_block;semantic_topk,0.73016566
S3046001_S_GN-SB-CB-04,S3046001_S_GN-SB-SJ-01,0.40912279,brand_unit;legacy_block,
S3046001_S_GN-SB-CB-04,S3046001_S_GN-SB-SJ-04,0.05643641,brand_unit;legacy_block;semantic_topk,0.64850217
S3046001_S_GN-SB-CB-04,S3046001_S_GN-SB-SS-01,0.04974601,brand_unit;legacy_block,
S3046001_S_GN-SB-CB-04,S3046001_S_GN-SB-SS-04,0.03748145,brand_unit;legacy_block,
S3046001_S_GN-SB-CB-04,S3046001_S_GN-SB-SW-04,0.72211523,brand_unit;legacy_block,
S3046001_S_GN-SB-CB-04,S3046001_S_GN-SB-TA-01,,brand_unit;legacy_block,
S3046001_S_GN-SB-CB-04,S3046001_S_GN-SB-TA-04,,brand_unit;legacy_block;semantic_topk,0.73153728
S3046001_S_GN-SB-CB-04,S3046001_S_GN-SB-TM-01,,brand_unit;legacy_block,
S3046001_S_GN-SB-CB-04,S3046001_S_GN-SB-TM-04,,brand_unit;legacy_block,
S3046001_S_GN-SB-CB-04,S3046001_S_GN-SB-TT-01,,brand_unit;legacy_block,
S3046001_S_GN-SB-CB-04,S3046001_S_GN-SB-TT-04,,brand_unit;legacy_block;semantic_topk,0.64865708
S3046001_S_GN-SB-CB-04,S3046001_S_GN-SB-TU-01,0.29798306,brand_unit;legacy_block,
S3046001_S_GN-SB-CB-04,S3046001_S_GN-SB-TU-04,,brand_unit;legacy_block;semantic_topk,0.73811650
S3046001_S_GN-SB-CB-04,S3046001_S_GN-SB-WP-01,0.02363744,brand_unit;legacy_block,
S3046001_S_GN-SB-CB-04,S3046001_S_GN-SB-WP-04,0.05032461,brand_unit;legacy_block;semantic_topk,0.62209427
S3046001_S_GN-SB-CB-04,S3046001_S_GN10667,0.38178650,brand_unit;legacy_block,
S3046001_S_GN-SB-CH-01,S3046001_S_GN-SB-CH-04-02,1.00000000,brand_unit;legacy_block;semantic_topk,0.69495827
S3046001_S_GN-SB-CH-01,S3046001_S_GN-SB-CH-10,0.99831317,brand_unit;legacy_block,
S3046001_S_GN-SB-CH-01,S3046001_S_GN-SB-CI-01,,brand_unit;legacy_block;semantic_topk,0.54135323
S3046001_S_GN-SB-CH-01,S3046001_S_GN-SB-CI-04,,brand_unit;legacy_block,
S3046001_S_GN-SB-CH-01,S3046001_S_GN-SB-CM-01,,brand_unit;legacy_block;semantic_topk,0.46559694
S3046001_S_GN-SB-CH-01,S3046001_S_GN-SB-CM-04,,brand_unit;legacy_block,
S3046001_S_GN-SB-CH-01,S3046001_S_GN-SB-CM-10,,brand_unit;legacy_block,
S3046001_S_GN-SB-CH-01,S3046001_S_GN-SB-CN-01,0.47909994,brand_unit;legacy_block,
S3046001_S_GN-SB-CH-01,S3046001_S_GN-SB-CN-04,0.56769527,brand_unit;legacy_block,
S3046001_S_GN-SB-CH-01,S3046001_S_GN-SB-CO-01,,brand_unit;legacy_block;semantic_topk,0.55780905
S3046001_S_GN-SB-CH-01,S3046001_S_GN-SB-CR-01,,brand_unit;legacy_block;semantic_topk,0.57862014
S3046001_S_GN-SB-CH-01,S3046001_S_GN-SB-CR-04,,brand_unit;legacy_block,
S3046001_S_GN-SB-CH-01,S3046001_S_GN-SB-CR-10,,brand_unit;legacy_block,
S3046001_S_GN-SB-CH-01,S3046001_S_GN-SB-CS-05,0.29138137,brand_unit;legacy_block,
S3046001_S_GN-SB-CH-01,S3046001_S_GN-SB-DA-01,,brand_unit;legacy_block;semantic_topk,0.65595412
S3046001_S_GN-SB-CH-01,S3046001_S_GN-SB-DM-01,,brand_unit;legacy_block;semantic_topk,0.53602016
S3046001_S_GN-SB-CH-01,S3046001_S_GN-SB-DM-04,,brand_unit;legacy_block,
S3046001_S_GN-SB-CH-01,S3046001_S_GN-SB-FL-01,,brand_unit;legacy_block,
S3046001_S_GN-SB-CH-01,S3046001_S_GN-SB-FL-04,,brand_unit;legacy_block,
S3046001_S_GN-SB-CH-01,S3046001_S_GN-SB-GE-05,0.28440512,brand_unit;legacy_block,
S3046001_S_GN-SB-CH-01,S3046001_S_GN-SB-GL-01,,brand_unit;legacy_block;semantic_topk,0.57380736
S3046001_S_GN-SB-CH-01,S3046001_S_GN-SB-GL-04,,brand_unit;legacy_block,
S3046001_S_GN-SB-CH-01,S3046001_S_GN-SB-GM-01,0.01564397,brand_unit;legacy_block;semantic_topk,0.52379978
S3046001_S_GN-SB-CH-01,S3046001_S_GN-SB-GM-04,0.04773166,brand_unit;legacy_block,
S3046001_S_GN-SB-CH-01,S3046001_S_GN-SB-GR-01,,brand_unit;legacy_block;semantic_topk,0.61217773
S3046001_S_GN-SB-CH-01,S3046001_S_GN-SB-GR-04,,brand_unit;legacy_block,
S3046001_S_GN-SB-CH-01,S3046001_S_GN-SB-KE-01,0.01745077,brand_unit;legacy_block;semantic_topk,0.47210851
S3046001_S_GN-SB-CH-01,S3046001_S_GN-SB-LA-01,,brand_unit;legacy_block;semantic_topk,0.46407399
S3046001_S_GN-SB-CH-01,S3046001_S_GN-SB-LA-04,,brand_unit;legacy_block,
S3046001_S_GN-SB-CH-01,S3046001_S_GN-SB-LE-01,,brand_unit;legacy_block;semantic_topk,0.61780882
S3046001_S_GN-SB-CH-01,S3046001_S_GN-SB-LE-04,,brand_unit;legacy_block,
S3046001_S_GN-SB-CH-01,S3046001_S_GN-SB-MA-01,0.00203374,brand_unit;legacy_block;semantic_topk,0.60589856
S3046001_S_GN-SB-CH-01,S3046001_S_GN-SB-MA-04,0.01677168,brand_unit;legacy_block,
S3046001_S_GN-SB-CH-01,S3046001_S_GN-SB-NE-01,,brand_unit;legacy_block;semantic_topk,0.62737387
S3046001_S_GN-SB-CH-01,S3046001_S_GN-SB-NE-04,,brand_unit;legacy_block,
S3046001_S_GN-SB-CH-01,S3046001_S_GN-SB-NO-05,0.31382480,brand_unit;legacy_block,
S3046001_S_GN-SB-CH-01,S3046001_S_GN-SB-OO-01,,brand_unit;legacy_block;semantic_topk,0.67164701
S3046001_S_GN-SB-CH-01,S3046001_S_GN-SB-OO-04,,brand_unit;legacy_block,
S3046001_S_GN-SB-CH-01,S3046001_S_GN-SB-PF-05,0.06251688,brand_unit;legacy_block,
S3046001_S_GN-SB-CH-01,S3046001_S_GN-SB-PL-01,,brand_unit;legacy_block;semantic_topk,0.53767461
S3046001_S_GN-SB-CH-01,S3046001_S_GN-SB-PL-04,,brand_unit;legacy_block,
S3046001_S_GN-SB-CH-01,S3046001_S_GN-SB-PO-01,,brand_unit;legacy_block,
S3046001_S_GN-SB-CH-01,S3046001_S_GN-SB-PP-05,0.58236841,brand_unit;legacy_block,
S3046001_S_GN-SB-CH-01,S3046001_S_GN-SB-RO-01,,brand_unit;legacy_block,
S3046001_S_GN-SB-CH-01,S3046001_S_GN-SB-RO-04,,brand_unit;legacy_block,
S3046001_S_GN-SB-CH-01,S3046001_S_GN-SB-RS-01,,brand_unit;legacy_block,
S3046001_S_GN-SB-CH-01,S3046001_S_GN-SB-RS-04,,brand_unit;legacy_block,
S3046001_S_GN-SB-CH-01,S3046001_S_GN-SB-SB-01,,brand_unit;legacy_block,
S3046001_S_GN-SB-CH-01,S3046001_S_GN-SB-SB-04,,brand_unit;legacy_block,
S3046001_S_GN-SB-CH-01,S3046001_S_GN-SB-SJ-01,0.04273099,brand_unit;legacy_block,
S3046001_S_GN-SB-CH-01,S3046001_S_GN-SB-SJ-04,0.01677168,brand_unit;legacy_block,
S3046001_S_GN-SB-CH-01,S3046001_S_GN-SB-SS-01,0.64747698,brand_unit;legacy_block,
S3046001_S_GN-SB-CH-01,S3046001_S_GN-SB-SS-04,0.77561628,brand_unit;legacy_block,
S3046001_S_GN-SB-CH-01,S3046001_S_GN-SB-SW-04,0.66526113,brand_unit;legacy_block,
S3046001_S_GN-SB-CH-01,S3046001_S_GN-SB-TA-01,,brand_unit;legacy_block;semantic_topk,0.58801603
S3046001_S_GN-SB-CH-01,S3046001_S_GN-SB-TA-04,,brand_unit;legacy_block,
S3046001_S_GN-SB-CH-01,S3046001_S_GN-SB-TM-01,,brand_unit;legacy_block,
S3046001_S_GN-SB-CH-01,S3046001_S_GN-SB-TM-04,,brand_unit;legacy_block,
S3046001_S_GN-SB-CH-01,S3046001_S_GN-SB-TT-01,,brand_unit;legacy_block;semantic_topk,0.45285758
S3046001_S_GN-SB-CH-01,S3046001_S_GN-SB-TT-04,,brand_unit;legacy_block,
S3046001_S_GN-SB-CH-01,S3046001_S_GN-SB-TU-01,0.04636626,brand_unit;legacy_block,
S3046001_S_GN-SB-CH-01,S3046001_S_GN-SB-TU-04,,brand_unit;legacy_block,
S3046001_S_GN-SB-CH-01,S3046001_S_GN-SB-WP-01,0.01035714,brand_unit;legacy_block,
S3046001_S_GN-SB-CH-01,S3046001_S_GN-SB-WP-04,0.01349174,brand_unit;legacy_block,
S3046001_S_GN-SB-CH-01,S3046001_S_GN10667,0.07913539,brand_unit;legacy_block,
S3046001_S_GN-SB-CH-04-02,S3046001_S_GN-SB-CH-10,0.99954680,brand_unit;legacy_block,
S3046001_S_GN-SB-CH-04-02,S3046001_S_GN-SB-CI-01,,brand_unit;legacy_block,
S3046001_S_GN-SB-CH-04-02,S3046001_S_GN-SB-CI-04,,brand_unit;legacy_block,
S3046001_S_GN-SB-CH-04-02,S3046001_S_GN-SB-CM-01,,brand_unit;legacy_block,
S3046001_S_GN-SB-CH-04-02,S3046001_S_GN-SB-CM-04,,brand_unit;legacy_block;semantic_topk,0.49563512
S3046001_S_GN-SB-CH-04-02,S3046001_S_GN-SB-CM-10,,brand_unit;legacy_block,
S3046001_S_GN-SB-CH-04-02,S3046001_S_GN-SB-CN-01,0.88827497,brand_unit;legacy_block,
S3046001_S_GN-SB-CH-04-02,S3046001_S_GN-SB-CN-04,0.10807153,brand_unit;legacy_block,
S3046001_S_GN-SB-CH-04-02,S3046001_S_GN-SB-CO-01,,brand_unit;legacy_block,
S3046001_S_GN-SB-CH-04-02,S3046001_S_GN-SB-CR-01,,brand_unit;legacy_block,
S3046001_S_GN-SB-CH-04-02,S3046001_S_GN-SB-CR-04,,brand_unit;legacy_block,
S3046001_S_GN-SB-CH-04-02,S3046001_S_GN-SB-CR-10,,brand_unit;legacy_block,
S3046001_S_GN-SB-CH-04-02,S3046001_S_GN-SB-CS-05,0.33491254,brand_unit;legacy_block,
S3046001_S_GN-SB-CH-04-02,S3046001_S_GN-SB-DA-01,,brand_unit;legacy_block,
S3046001_S_GN-SB-CH-04-02,S3046001_S_GN-SB-DM-01,,brand_unit;legacy_block,
S3046001_S_GN-SB-CH-04-02,S3046001_S_GN-SB-DM-04,,brand_unit;legacy_block;semantic_topk,0.51519418
S3046001_S_GN-SB-CH-04-02,S3046001_S_GN-SB-FL-01,,brand_unit;legacy_block,
S3046001_S_GN-SB-CH-04-02,S3046001_S_GN-SB-FL-04,,brand_unit;legacy_block,
S3046001_S_GN-SB-CH-04-02,S3046001_S_GN-SB-GE-05,0.02071743,brand_unit;legacy_block,
S3046001_S_GN-SB-CH-04-02,S3046001_S_GN-SB-GL-01,,brand_unit;legacy_block,
S3046001_S_GN-SB-CH-04-02,S3046001_S_GN-SB-GL-04,,brand_unit;legacy_block,
S3046001_S_GN-SB-CH-04-02,S3046001_S_GN-SB-GM-01,0.07085022,brand_unit;legacy_block,
S3046001_S_GN-SB-CH-04-02,S3046001_S_GN-SB-GM-04,0.24014294,brand_unit;legacy_block;semantic_topk,0.47721732
S3046001_S_GN-SB-CH-04-02,S3046001_S_GN-SB-GR-01,,brand_unit;legacy_block,
S3046001_S_GN-SB-CH-04-02,S3046001_S_GN-SB-GR-04,,brand_unit;legacy_block;semantic_topk,0.50299996
S3046001_S_GN-SB-CH-04-02,S3046001_S_GN-SB-KE-01,0.01171653,brand_unit;legacy_block,
S3046001_S_GN-SB-CH-04-02,S3046001_S_GN-SB-LA-01,,brand_unit;legacy_block,
S3046001_S_GN-SB-CH-04-02,S3046001_S_GN-SB-LA-04,,brand_unit;legacy_block,
S3046001_S_GN-SB-CH-04-02,S3046001_S_GN-SB-LE-01,,brand_unit;legacy_block,
S3046001_S_GN-SB-CH-04-02,S3046001_S_GN-SB-LE-04,,brand_unit;legacy_block,
S3046001_S_GN-SB-CH-04-02,S3046001_S_GN-SB-MA-01,0.01776203,brand_unit;legacy_block,
S3046001_S_GN-SB-CH-04-02,S3046001_S_GN-SB-MA-04,0.11295016,brand_unit;legacy_block,
S3046001_S_GN-SB-CH-04-02,S3046001_S_GN-SB-NE-01,,brand_unit;legacy_block;semantic_topk,0.47951126
S3046001_S_GN-SB-CH-04-02,S3046001_S_GN-SB-NE-04,,brand_unit;legacy_block;semantic_topk,0.48408574
S3046001_S_GN-SB-CH-04-02,S3046001_S_GN-SB-NO-05,0.35901021,brand_unit;legacy_block,
S3046001_S_GN-SB-CH-04-02,S3046001_S_GN-SB-OO-01,,brand_unit;legacy_block;semantic_topk,0.48525715
S3046001_S_GN-SB-CH-04-02,S3046001_S_GN-SB-OO-04,,brand_unit;legacy_block;semantic_topk,0.48509622
S3046001_S_GN-SB-CH-04-02,S3046001_S_GN-SB-PF-05,0.63854456,brand_unit;legacy_block,
S3046001_S_GN-SB-CH-04-02,S3046001_S_GN-SB-PL-01,,brand_unit;legacy_block,
S3046001_S_GN-SB-CH-04-02,S3046001_S_GN-SB-PL-04,,brand_unit;legacy_block;semantic_topk,0.44757298
S3046001_S_GN-SB-CH-04-02,S3046001_S_GN-SB-PO-01,,brand_unit;legacy_block,
S3046001_S_GN-SB-CH-04-02,S3046001_S_GN-SB-PP-05,0.62271991,brand_unit;legacy_block,
S3046001_S_GN-SB-CH-04-02,S3046001_S_GN-SB-RO-01,,brand_unit;legacy_block,
S3046001_S_GN-SB-CH-04-02,S3046001_S_GN-SB-RO-04,,brand_unit;legacy_block,
S3046001_S_GN-SB-CH-04-02,S3046001_S_GN-SB-RS-01,,brand_unit;legacy_block,
S3046001_S_GN-SB-CH-04-02,S3046001_S_GN-SB-RS-04,,brand_unit;legacy_block;semantic_topk,0.48510665
S3046001_S_GN-SB-CH-04-02,S3046001_S_GN-SB-SB-01,,brand_unit;legacy_block,
S3046001_S_GN-SB-CH-04-02,S3046001_S_GN-SB-SB-04,,brand_unit;legacy_block;semantic_topk,0.48138031
S3046001_S_GN-SB-CH-04-02,S3046001_S_GN-SB-SJ-01,0.40912279,brand_unit;legacy_block,
S3046001_S_GN-SB-CH-04-02,S3046001_S_GN-SB-SJ-04,0.18920965,brand_unit;legacy_block,
S3046001_S_GN-SB-CH-04-02,S3046001_S_GN-SB-SS-01,0.93460843,brand_unit;legacy_block,
S3046001_S_GN-SB-CH-04-02,S3046001_S_GN-SB-SS-04,0.27672789,brand_unit;legacy_block,
S3046001_S_GN-SB-CH-04-02,S3046001_S_GN-SB-SW-04,0.73337464,brand_unit;legacy_block,
S3046001_S_GN-SB-CH-04-02,S3046001_S_GN-SB-TA-01,,brand_unit;legacy_block;semantic_topk,0.50181383
S3046001_S_GN-SB-CH-04-02,S3046001_S_GN-SB-TA-04,,brand_unit;legacy_block;semantic_topk,0.51228625
S3046001_S_GN-SB-CH-04-02,S3046001_S_GN-SB-TM-01,,brand_unit;legacy_block,
S3046001_S_GN-SB-CH-04-02,S3046001_S_GN-SB-TM-04,,brand_unit;legacy_block,
S3046001_S_GN-SB-CH-04-02,S3046001_S_GN-SB-TT-01,,brand_unit;legacy_block,
S3046001_S_GN-SB-CH-04-02,S3046001_S_GN-SB-TT-04,,brand_unit;legacy_block,
S3046001_S_GN-SB-CH-04-02,S3046001_S_GN-SB-TU-01,0.29798306,brand_unit;legacy_block,
S3046001_S_GN-SB-CH-04-02,S3046001_S_GN-SB-TU-04,,brand_unit;legacy_block;semantic_topk,0.48670986
S3046001_S_GN-SB-CH-04-02,S3046001_S_GN-SB-WP-01,0.02363744,brand_unit;legacy_block,
S3046001_S_GN-SB-CH-04-02,S3046001_S_GN-SB-WP-04,0.16706511,brand_unit;legacy_block,
S3046001_S_GN-SB-CH-04-02,S3046001_S_GN10667,0.56276360,brand_unit;legacy_block,
S3046001_S_GN-SB-CH-10,S3046001_S_GN-SB-CI-01,,brand_unit;legacy_block,
S3046001_S_GN-SB-CH-10,S3046001_S_GN-SB-CI-04,,brand_unit;legacy_block,
S3046001_S_GN-SB-CH-10,S3046001_S_GN-SB-CM-01,,brand_unit;legacy_block,
S3046001_S_GN-SB-CH-10,S3046001_S_GN-SB-CM-04,,brand_unit;legacy_block,
S3046001_S_GN-SB-CH-10,S3046001_S_GN-SB-CM-10,,brand_unit;legacy_block;semantic_topk,0.47597131
S3046001_S_GN-SB-CH-10,S3046001_S_GN-SB-CN-01,0.09694716,brand_unit;legacy_block,
S3046001_S_GN-SB-CH-10,S3046001_S_GN-SB-CN-04,0.03422280,brand_unit;legacy_block,
S3046001_S_GN-SB-CH-10,S3046001_S_GN-SB-CO-01,,brand_unit;legacy_block,
S3046001_S_GN-SB-CH-10,S3046001_S_GN-SB-CR-01,,brand_unit;legacy_block,
S3046001_S_GN-SB-CH-10,S3046001_S_GN-SB-CR-04,,brand_unit;legacy_block,
S3046001_S_GN-SB-CH-10,S3046001_S_GN-SB-CR-10,,brand_unit;legacy_block;semantic_topk,0.70621824
S3046001_S_GN-SB-CH-10,S3046001_S_GN-SB-CS-05,0.00310458,brand_unit;legacy_block,
S3046001_S_GN-SB-CH-10,S3046001_S_GN-SB-DA-01,,brand_unit;legacy_block,
S3046001_S_GN-SB-CH-10,S3046001_S_GN-SB-DM-01,,brand_unit;legacy_block,
S3046001_S_GN-SB-CH-10,S3046001_S_GN-SB-DM-04,,brand_unit;legacy_block,
S3046001_S_GN-SB-CH-10,S3046001_S_GN-SB-FL-01,,brand_unit;legacy_block;semantic_topk,0.44500858
S3046001_S_GN-SB-CH-10,S3046001_S_GN-SB-FL-04,,brand_unit;legacy_block;semantic_topk,0.41005230
S3046001_S_GN-SB-CH-10,S3046001_S_GN-SB-GE-05,0.00287619,brand_unit;legacy_block,
S3046001_S_GN-SB-CH-10,S3046001_S_GN-SB-GL-01,,brand_unit;legacy_block,
S3046001_S_GN-SB-CH-10,S3046001_S_GN-SB-GL-04,,brand_unit;legacy_block,
S3046001_S_GN-SB-CH-10,S3046001_S_GN-SB-GM-01,,brand_unit;legacy_block,
S3046001_S_GN-SB-CH-10,S3046001_S_GN-SB-GM-04,,brand_unit;legacy_block,
S3046001_S_GN-SB-CH-10,S3046001_S_GN-SB-GR-01,,brand_unit;legacy_block,
S3046001_S_GN-SB-CH-10,S3046001_S_GN-SB-GR-04,,brand_unit;legacy_block,
S3046001_S_GN-SB-CH-10,S3046001_S_GN-SB-KE-01,0.27864655,brand_unit;legacy_block,
S3046001_S_GN-SB-CH-10,S3046001_S_GN-SB-LA-01,,brand_unit;legacy_block,
S3046001_S_GN-SB-CH-10,S3046001_S_GN-SB-LA-04,,brand_unit;legacy_block,
S3046001_S_GN-SB-CH-10,S3046001_S_GN-SB-LE-01,,brand_unit;legacy_block,
S3046001_S_GN-SB-CH-10,S3046001_S_GN-SB-LE-04,,brand_unit;legacy_block,
S3046001_S_GN-SB-CH-10,S3046001_S_GN-SB-MA-01,0.33183309,brand_unit;legacy_block,
S3046001_S_GN-SB-CH-10,S3046001_S_GN-SB-MA-04,0.15569476,brand_unit;legacy_block,
S3046001_S_GN-SB-CH-10,S3046001_S_GN-SB-NE-01,,brand_unit;legacy_block,
S3046001_S_GN-SB-CH-10,S3046001_S_GN-SB-NE-04,,brand_unit;legacy_block,
S3046001_S_GN-SB-CH-10,S3046001_S_GN-SB-NO-05,0.00261383,brand_unit;legacy_block,
S3046001_S_GN-SB-CH-10,S3046001_S_GN-SB-OO-01,,brand_unit;legacy_block,
S3046001_S_GN-SB-CH-10,S3046001_S_GN-SB-OO-04,,brand_unit;legacy_block,
S3046001_S_GN-SB-CH-10,S3046001_S_GN-SB-PF-05,0.00734844,brand_unit;legacy_block,
S3046001_S_GN-SB-CH-10,S3046001_S_GN-SB-PL-01,,brand_unit;legacy_block,
S3046001_S_GN-SB-CH-10,S3046001_S_GN-SB-PL-04,,brand_unit;legacy_block,
S3046001_S_GN-SB-CH-10,S3046001_S_GN-SB-PO-01,,brand_unit;legacy_block,
S3046001_S_GN-SB-CH-10,S3046001_S_GN-SB-PP-05,0.00627401,brand_unit;legacy_block,
S3046001_S_GN-SB-CH-10,S3046001_S_GN-SB-RO-01,,brand_unit;legacy_block,
S3046001_S_GN-SB-CH-10,S3046001_S_GN-SB-RO-04,,brand_unit;legacy_block,
S3046001_S_GN-SB-CH-10,S3046001_S_GN-SB-RS-01,,brand_unit;legacy_block,
S3046001_S_GN-SB-CH-10,S3046001_S_GN-SB-RS-04,,brand_unit;legacy_block,
S3046001_S_GN-SB-CH-10,S3046001_S_GN-SB-SB-01,,brand_unit;legacy_block,
S3046001_S_GN-SB-CH-10,S3046001_S_GN-SB-SB-04,,brand_unit;legacy_block,
S3046001_S_GN-SB-CH-10,S3046001_S_GN-SB-SJ-01,0.32433162,brand_unit;legacy_block,
S3046001_S_GN-SB-CH-10,S3046001_S_GN-SB-SJ-04,0.03532828,brand_unit;legacy_block,
S3046001_S_GN-SB-CH-10,S3046001_S_GN-SB-SS-01,0.61342840,brand_unit;legacy_block,
S3046001_S_GN-SB-CH-10,S3046001_S_GN-SB-SS-04,0.17978665,brand_unit;legacy_block,
S3046001_S_GN-SB-CH-10,S3046001_S_GN-SB-SW-04,0.02413138,brand_unit;legacy_block;semantic_topk,0.42649138
S3046001_S_GN-SB-CH-10,S3046001_S_GN-SB-TA-01,,brand_unit;legacy_block,
S3046001_S_GN-SB-CH-10,S3046001_S_GN-SB-TA-04,,brand_unit;legacy_block,
S3046001_S_GN-SB-CH-10,S3046001_S_GN-SB-TM-01,,brand_unit;legacy_block;semantic_topk,0.45510042
S3046001_S_GN-SB-CH-10,S3046001_S_GN-SB-TM-04,,brand_unit;legacy_block;semantic_topk,0.40233076
S3046001_S_GN-SB-CH-10,S3046001_S_GN-SB-TT-01,,brand_unit;legacy_block,
S3046001_S_GN-SB-CH-10,S3046001_S_GN-SB-TT-04,,brand_unit;legacy_block,
S3046001_S_GN-SB-CH-10,S3046001_S_GN-SB-TU-01,0.29764874,brand_unit;legacy_block,
S3046001_S_GN-SB-CH-10,S3046001_S_GN-SB-TU-04,,brand_unit;legacy_block,
S3046001_S_GN-SB-CH-10,S3046001_S_GN-SB-WP-01,0.39760820,brand_unit;legacy_block,
S3046001_S_GN-SB-CH-10,S3046001_S_GN-SB-WP-04,0.03837778,brand_unit;legacy_block,
S3046001_S_GN-SB-CH-10,S3046001_S_GN10667,0.01504257,brand_unit;legacy_block,
S3046001_S_GN-SB-CI-01,S3046001_S_GN-SB-CI-04,1.00000000,brand_unit;legacy_block;semantic_topk,0.49821121
S3046001_S_GN-SB-CI-01,S3046001_S_GN-SB-CM-01,0.02647400,brand_unit;legacy_block;semantic_topk,0.55328017
S3046001_S_GN-SB-CI-01,S3046001_S_GN-SB-CM-04,0.07489138,brand_unit;legacy_block,
S3046001_S_GN-SB-CI-01,S3046001_S_GN-SB-CM-10,0.56081675,brand_unit;legacy_block,
S3046001_S_GN-SB-CI-01,S3046001_S_GN-SB-CN-01,0.45597270,brand_unit;legacy_block,
S3046001_S_GN-SB-CI-01,S3046001_S_GN-SB-CN-04,0.55448764,brand_unit;legacy_block,
S3046001_S_GN-SB-CI-01,S3046001_S_GN-SB-CO-01,0.01242212,brand_unit;legacy_block;semantic_topk,0.68859816
S3046001_S_GN-SB-CI-01,S3046001_S_GN-SB-CR-01,0.96117007,brand_unit;legacy_block;semantic_topk,0.57742244
S3046001_S_GN-SB-CI-01,S3046001_S_GN-SB-CR-04,1.00000000,brand_unit;legacy_block,
S3046001_S_GN-SB-CI-01,S3046001_S_GN-SB-CR-10,0.99857294,brand_unit;legacy_block,
S3046001_S_GN-SB-CI-01,S3046001_S_GN-SB-CS-05,0.05576352,brand_unit;legacy_block,
S3046001_S_GN-SB-CI-01,S3046001_S_GN-SB-DA-01,0.04078008,brand_unit;legacy_block;semantic_topk,0.61361039
S3046001_S_GN-SB-CI-01,S3046001_S_GN-SB-DM-01,0.03324556,brand_unit;legacy_block;semantic_topk,0.50258148
S3046001_S_GN-SB-CI-01,S3046001_S_GN-SB-DM-04,0.07635406,brand_unit;legacy_block,
S3046001_S_GN-SB-CI-01,S3046001_S_GN-SB-FL-01,0.55785670,brand_unit;legacy_block,
S3046001_S_GN-SB-CI-01,S3046001_S_GN-SB-FL-04,0.54476396,brand_unit;legacy_block,
S3046001_S_GN-SB-CI-01,S3046001_S_GN-SB-GE-05,0.26587911,brand_unit;legacy_block,
S3046001_S_GN-SB-CI-01,S3046001_S_GN-SB-GL-01,0.02075867,brand_unit;legacy_block;semantic_topk,0.48604476
S3046001_S_GN-SB-CI-01,S3046001_S_GN-SB-GL-04,0.03884000,brand_unit;legacy_block,
S3046001_S_GN-SB-CI-01,S3046001_S_GN-SB-GM-01,0.02871721,brand_unit;legacy_block,
S3046001_S_GN-SB-CI-01,S3046001_S_GN-SB-GM-04,0.07930221,brand_unit;legacy_block,
S3046001_S_GN-SB-CI-01,S3046001_S_GN-SB-GR-01,0.03018656,brand_unit;legacy_block;semantic_topk,0.53591210
S3046001_S_GN-SB-CI-01,S3046001_S_GN-SB-GR-04,0.07298845,brand_unit;legacy_block,
S3046001_S_GN-SB-CI-01,S3046001_S_GN-SB-KE-01,0.05050518,brand_unit;legacy_block,
S3046001_S_GN-SB-CI-01,S3046001_S_GN-SB-LA-01,0.06740128,brand_unit;legacy_block,
S3046001_S_GN-SB-CI-01,S3046001_S_GN-SB-LA-04,0.11347549,brand_unit;legacy_block,
S3046001_S_GN-SB-CI-01,S3046001_S_GN-SB-LE-01,0.07082705,brand_unit;legacy_block;semantic_topk,0.55272985
S3046001_S_GN-SB-CI-01,S3046001_S_GN-SB-LE-04,0.24933359,brand_unit;legacy_block,
S3046001_S_GN-SB-CI-01,S3046001_S_GN-SB-MA-01,0.00628894,brand_unit;legacy_block;semantic_topk,0.50962901
S3046001_S_GN-SB-CI-01,S3046001_S_GN-SB-MA-04,0.02847713,brand_unit;legacy_block,
S3046001_S_GN-SB-CI-01,S3046001_S_GN-SB-NE-01,0.03324556,brand_unit;legacy_block;semantic_topk,0.51628417
S3046001_S_GN-SB-CI-01,S3046001_S_GN-SB-NE-04,0.12438317,brand_unit;legacy_block,
S3046001_S_GN-SB-CI-01,S3046001_S_GN-SB-NO-05,0.06215073,brand_unit;legacy_block,
S3046001_S_GN-SB-CI-01,S3046001_S_GN-SB-OO-01,0.04057014,brand_unit;legacy_block;semantic_topk,0.56183493
S3046001_S_GN-SB-CI-01,S3046001_S_GN-SB-OO-04,0.05126209,brand_unit;legacy_block,
S3046001_S_GN-SB-CI-01,S3046001_S_GN-SB-PF-05,0.05903980,brand_unit;legacy_block,
S3046001_S_GN-SB-CI-01,S3046001_S_GN-SB-PL-01,0.00684613,brand_unit;legacy_block;semantic_topk,0.48117283
S3046001_S_GN-SB-CI-01,S3046001_S_GN-SB-PL-04,0.02109712,brand_unit;legacy_block,
S3046001_S_GN-SB-CI-01,S3046001_S_GN-SB-PO-01,0.03324556,brand_unit;legacy_block;semantic_topk,0.47690198
S3046001_S_GN-SB-CI-01,S3046001_S_GN-SB-PP-05,0.68057901,brand_unit;legacy_block,
S3046001_S_GN-SB-CI-01,S3046001_S_GN-SB-RO-01,0.02704400,brand_unit;legacy_block;semantic_topk,0.46345142
S3046001_S_GN-SB-CI-01,S3046001_S_GN-SB-RO-04,0.07892536,brand_unit;legacy_block,
S3046001_S_GN-SB-CI-01,S3046001_S_GN-SB-RS-01,0.08178351,brand_unit;legacy_block;semantic_topk,0.47505799
S3046001_S_GN-SB-CI-01,S3046001_S_GN-SB-RS-04,0.24933359,brand_unit;legacy_block,
S3046001_S_GN-SB-CI-01,S3046001_S_GN-SB-SB-01,0.05515082,brand_unit;legacy_block;semantic_topk,0.44959751
S3046001_S_GN-SB-CI-01,S3046001_S_GN-SB-SB-04,0.08238270,brand_unit;legacy_block,
S3046001_S_GN-SB-CI-01,S3046001_S_GN-SB-SJ-01,0.00793578,brand_unit;legacy_block;semantic_topk,0.45393327
S3046001_S_GN-SB-CI-01,S3046001_S_GN-SB-SJ-04,0.02847713,brand_unit;legacy_block,
S3046001_S_GN-SB-CI-01,S3046001_S_GN-SB-SS-01,0.64747698,brand_unit;legacy_block,
S3046001_S_GN-SB-CI-01,S3046001_S_GN-SB-SS-04,0.77561628,brand_unit;legacy_block,
S3046001_S_GN-SB-CI-01,S3046001_S_GN-SB-SW-04,0.72101752,brand_unit;legacy_block,
S3046001_S_GN-SB-CI-01,S3046001_S_GN-SB-TA-01,0.03669429,brand_unit;legacy_block,
S3046001_S_GN-SB-CI-01,S3046001_S_GN-SB-TA-04,0.07635406,brand_unit;legacy_block,
S3046001_S_GN-SB-CI-01,S3046001_S_GN-SB-TM-01,0.60759548,brand_unit;legacy_block,
S3046001_S_GN-SB-CI-01,S3046001_S_GN-SB-TM-04,0.56769527,brand_unit;legacy_block,
S3046001_S_GN-SB-CI-01,S3046001_S_GN-SB-TT-01,0.09055581,brand_unit;legacy_block,
S3046001_S_GN-SB-CI-01,S3046001_S_GN-SB-TT-04,0.20702273,brand_unit;legacy_block,
S3046001_S_GN-SB-CI-01,S3046001_S_GN-SB-TU-01,0.01533058,brand_unit;legacy_block;semantic_topk,0.45995611
S3046001_S_GN-SB-CI-01,S3046001_S_GN-SB-TU-04,0.15922052,brand_unit;legacy_block,
S3046001_S_GN-SB-CI-01,S3046001_S_GN-SB-WP-01,0.00863761,brand_unit;legacy_block;semantic_topk,0.44191450
S3046001_S_GN-SB-CI-01,S3046001_S_GN-SB-WP-04,0.02761469,brand_unit;legacy_block,
S3046001_S_GN-SB-CI-01,S3046001_S_GN10667,0.30421015,brand_unit;legacy_block,
S3046001_S_GN-SB-CI-04,S3046001_S_GN-SB-CM-01,0.12769371,brand_unit;legacy_block,
S3046001_S_GN-SB-CI-04,S3046001_S_GN-SB-CM-04,0.00937784,brand_unit;legacy_block;semantic_topk,0.63737857
S3046001_S_GN-SB-CI-04,S3046001_S_GN-SB-CM-10,0.12172717,brand_unit;legacy_block,
S3046001_S_GN-SB-CI-04,S3046001_S_GN-SB-CN-01,0.88347777,brand_unit;legacy_block,
S3046001_S_GN-SB-CI-04,S3046001_S_GN-SB-CN-04,0.07459067,brand_unit;legacy_block,
S3046001_S_GN-SB-CI-04,S3046001_S_GN-SB-CO-01,0.08238270,brand_unit;legacy_block,
S3046001_S_GN-SB-CI-04,S3046001_S_GN-SB-CR-01,1.00000000,brand_unit;legacy_block,
S3046001_S_GN-SB-CI-04,S3046001_S_GN-SB-CR-04,0.79534316,brand_unit;legacy_block;semantic_topk,0.70114279
S3046001_S_GN-SB-CI-04,S3046001_S_GN-SB-CR-10,0.99960558,brand_unit;legacy_block,
S3046001_S_GN-SB-CI-04,S3046001_S_GN-SB-CS-05,0.33491254,brand_unit;legacy_block,
S3046001_S_GN-SB-CI-04,S3046001_S_GN-SB-DA-01,0.11239104,brand_unit;legacy_block,
S3046001_S_GN-SB-CI-04,S3046001_S_GN-SB-DM-01,0.05819684,brand_unit;legacy_block,
S3046001_S_GN-SB-CI-04,S3046001_S_GN-SB-DM-04,0.00850151,brand_unit;legacy_block;semantic_topk,0.65526199
S3046001_S_GN-SB-CI-04,S3046001_S_GN-SB-FL-01,0.02093369,brand_unit;legacy_block,
S3046001_S_GN-SB-CI-04,S3046001_S_GN-SB-FL-04,0.03772970,brand_unit;legacy_block,
S3046001_S_GN-SB-CI-04,S3046001_S_GN-SB-GE-05,0.28440512,brand_unit;legacy_block,
S3046001_S_GN-SB-CI-04,S3046001_S_GN-SB-GL-01,0.07298845,brand_unit;legacy_block,
S3046001_S_GN-SB-CI-04,S3046001_S_GN-SB-GL-04,0.00372097,brand_unit;legacy_block;semantic_topk,0.60641617
S3046001_S_GN-SB-CI-04,S3046001_S_GN-SB-GM-01,0.03872438,brand_unit;legacy_block,
S3046001_S_GN-SB-CI-04,S3046001_S_GN-SB-GM-04,0.01370711,brand_unit;legacy_block;semantic_topk,0.61279458
S3046001_S_GN-SB-CI-04,S3046001_S_GN-SB-GR-01,0.04381183,brand_unit;legacy_block,
S3046001_S_GN-SB-CI-04,S3046001_S_GN-SB-GR-04,0.00688612,brand_unit;legacy_block;semantic_topk,0.71431506
S3046001_S_GN-SB-CI-04,S3046001_S_GN-SB-KE-01,0.01628949,brand_unit;legacy_block,
S3046001_S_GN-SB-CI-04,S3046001_S_GN-SB-LA-01,0.08495938,brand_unit;legacy_block,
S3046001_S_GN-SB-CI-04,S3046001_S_GN-SB-LA-04,0.02895849,brand_unit;legacy_block;semantic_topk,0.57638216
S3046001_S_GN-SB-CI-04,S3046001_S_GN-SB-LE-01,0.12624526,brand_unit;legacy_block,
S3046001_S_GN-SB-CI-04,S3046001_S_GN-SB-LE-04,0.02121452,brand_unit;legacy_block;semantic_topk,0.73256892
S3046001_S_GN-SB-CI-04,S3046001_S_GN-SB-MA-01,0.01677168,brand_unit;legacy_block,
S3046001_S_GN-SB-CI-04,S3046001_S_GN-SB-MA-04,0.00247855,brand_unit;legacy_block;semantic_topk,0.63237327
S3046001_S_GN-SB-CI-04,S3046001_S_GN-SB-NE-01,0.05819684,brand_unit;legacy_block,
S3046001_S_GN-SB-CI-04,S3046001_S_GN-SB-NE-04,0.00850151,brand_unit;legacy_block;semantic_topk,0.69994974
S3046001_S_GN-SB-CI-04,S3046001_S_GN-SB-NO-05,0.35901021,brand_unit;legacy_block,
S3046001_S_GN-SB-CI-04,S3046001_S_GN-SB-OO-01,0.05126209,brand_unit;legacy_block,
S3046001_S_GN-SB-CI-04,S3046001_S_GN-SB-OO-04,0.00897528,brand_unit;legacy_block;semantic_topk,0.72560924
S3046001_S_GN-SB-CI-04,S3046001_S_GN-SB-PF-05,0.17670502,brand_unit;legacy_block,
S3046001_S_GN-SB-CI-04,S3046001_S_GN-SB-PL-01,0.02301549,brand_unit;legacy_block,
S3046001_S_GN-SB-CI-04,S3046001_S_GN-SB-PL-04,0.03636838,brand_unit;legacy_block;semantic_topk,0.48479098
S3046001_S_GN-SB-CI-04,S3046001_S_GN-SB-PO-01,0.69608248,brand_unit;legacy_block,
S3046001_S_GN-SB-CI-04,S3046001_S_GN-SB-PP-05,0.70112966,brand_unit;legacy_block,
S3046001_S_GN-SB-CI-04,S3046001_S_GN-SB-RO-01,0.62508019,brand_unit;legacy_block,
S3046001_S_GN-SB-CI-04,S3046001_S_GN-SB-RO-04,0.00992082,brand_unit;legacy_block;semantic_topk,0.69138306
S3046001_S_GN-SB-CI-04,S3046001_S_GN-SB-RS-01,0.84265329,brand_unit;legacy_block,
S3046001_S_GN-SB-CI-04,S3046001_S_GN-SB-RS-04,0.02204670,brand_unit;legacy_block;semantic_topk,0.71586072
S3046001_S_GN-SB-CI-04,S3046001_S_GN-SB-SB-01,0.64803369,brand_unit;legacy_block,
S3046001_S_GN-SB-CI-04,S3046001_S_GN-SB-SB-04,0.01038950,brand_unit;legacy_block;semantic_topk,0.70597744
S3046001_S_GN-SB-CI-04,S3046001_S_GN-SB-SJ-01,0.36541999,brand_unit;legacy_block,
S3046001_S_GN-SB-CI-04,S3046001_S_GN-SB-SJ-04,0.00445482,brand_unit;legacy_block;semantic_topk,0.62659562
S3046001_S_GN-SB-CI-04,S3046001_S_GN-SB-SS-01,0.04750830,brand_unit;legacy_block,
S3046001_S_GN-SB-CI-04,S3046001_S_GN-SB-SS-04,0.02391870,brand_unit;legacy_block,
S3046001_S_GN-SB-CI-04,S3046001_S_GN-SB-SW-04,0.84940093,brand_unit;legacy_block,
S3046001_S_GN-SB-CI-04,S3046001_S_GN-SB-TA-01,0.05819684,brand_unit;legacy_block,
S3046001_S_GN-SB-CI-04,S3046001_S_GN-SB-TA-04,0.00850151,brand_unit;legacy_block;semantic_topk,0.69495565
S3046001_S_GN-SB-CI-04,S3046001_S_GN-SB-TM-01,0.02093369,brand_unit;legacy_block,
S3046001_S_GN-SB-CI-04,S3046001_S_GN-SB-TM-04,0.04728092,brand_unit;legacy_block,
S3046001_S_GN-SB-CI-04,S3046001_S_GN-SB-TT-01,0.16328538,brand_unit;legacy_block,
S3046001_S_GN-SB-CI-04,S3046001_S_GN-SB-TT-04,0.01447228,brand_unit;legacy_block;semantic_topk,0.63332576
S3046001_S_GN-SB-CI-04,S3046001_S_GN-SB-TU-01,0.32749200,brand_unit;legacy_block,
S3046001_S_GN-SB-CI-04,S3046001_S_GN-SB-TU-04,0.01447228,brand_unit;legacy_block;semantic_topk,0.70814162
S3046001_S_GN-SB-CI-04,S3046001_S_GN-SB-WP-01,0.01975708,brand_unit;legacy_block,
S3046001_S_GN-SB-CI-04,S3046001_S_GN-SB-WP-04,0.00253868,brand_unit;legacy_block;semantic_topk,0.59530026
S3046001_S_GN-SB-CI-04,S3046001_S_GN10667,0.43708100,brand_unit;legacy_block,
S3046001_S_GN-SB-CM-01,S3046001_S_GN-SB-CM-04,1.00000000,brand_unit;legacy_block,
S3046001_S_GN-SB-CM-01,S3046001_S_GN-SB-CM-10,1.00000000,brand_unit;legacy_block,
S3046001_S_GN-SB-CM-01,S3046001_S_GN-SB-CN-01,0.44196355,brand_unit;legacy_block,
S3046001_S_GN-SB-CM-01,S3046001_S_GN-SB-CN-04,0.54402090,brand_unit;legacy_block,
S3046001_S_GN-SB-CM-01,S3046001_S_GN-SB-CO-01,,brand_unit;legacy_block;semantic_topk,0.57966787
S3046001_S_GN-SB-CM-01,S3046001_S_GN-SB-CR-01,0.02706574,brand_unit;legacy_block,
S3046001_S_GN-SB-CM-01,S3046001_S_GN-SB-CR-04,0.10049656,brand_unit;legacy_block,
S3046001_S_GN-SB-CM-01,S3046001_S_GN-SB-CR-10,0.58103978,brand_unit;legacy_block,
S3046001_S_GN-SB-CM-01,S3046001_S_GN-SB-CS-05,0.07435810,brand_unit;legacy_block,
S3046001_S_GN-SB-CM-01,S3046001_S_GN-SB-DA-01,,brand_unit;legacy_block;semantic_topk,0.51449507
S3046001_S_GN-SB-CM-01,S3046001_S_GN-SB-DM-01,,brand_unit;legacy_block;semantic_topk,0.54633814
S3046001_S_GN-SB-CM-01,S3046001_S_GN-SB-DM-04,,brand_unit;legacy_block,
S3046001_S_GN-SB-CM-01,S3046001_S_GN-SB-FL-01,,brand_unit;legacy_block,
S3046001_S_GN-SB-CM-01,S3046001_S_GN-SB-FL-04,,brand_unit;legacy_block,
S3046001_S_GN-SB-CM-01,S3046001_S_GN-SB-GE-05,0.14411408,brand_unit;legacy_block,
S3046001_S_GN-SB-CM-01,S3046001_S_GN-SB-GL-01,,brand_unit;legacy_block;semantic_topk,0.45780516
S3046001_S_GN-SB-CM-01,S3046001_S_GN-SB-GL-04,,brand_unit;legacy_block,
S3046001_S_GN-SB-CM-01,S3046001_S_GN-SB-GM-01,0.00894730,brand_unit;legacy_block;semantic_topk,0.48806289
S3046001_S_GN-SB-CM-01,S3046001_S_GN-SB-GM-04,0.05196797,brand_unit;legacy_block,
S3046001_S_GN-SB-CM-01,S3046001_S_GN-SB-GR-01,,brand_unit;legacy_block;semantic_topk,0.49468392
S3046001_S_GN-SB-CM-01,S3046001_S_GN-SB-GR-04,,brand_unit;legacy_block,
S3046001_S_GN-SB-CM-01,S3046001_S_GN-SB-KE-01,0.00952411,brand_unit;legacy_block,
S3046001_S_GN-SB-CM-01,S3046001_S_GN-SB-LA-01,,brand_unit;legacy_block,
S3046001_S_GN-SB-CM-01,S3046001_S_GN-SB-LA-04,,brand_unit;legacy_block,
S3046001_S_GN-SB-CM-01,S3046001_S_GN-SB-LE-01,,brand_unit;legacy_block;semantic_topk,0.50005728
S3046001_S_GN-SB-CM-01,S3046001_S_GN-SB-LE-04,,brand_unit;legacy_block,
S3046001_S_GN-SB-CM-01,S3046001_S_GN-SB-MA-01,0.00235114,brand_unit;legacy_block;semantic_topk,0.50146580
S3046001_S_GN-SB-CM-01,S3046001_S_GN-SB-MA-04,0.02628118,brand_unit;legacy_block,
S3046001_S_GN-SB-CM-01,S3046001_S_GN-SB-NE-01,,brand_unit;legacy_block;semantic_topk,0.49384391
S3046001_S_GN-SB-CM-01,S3046001_S_GN-SB-NE-04,,brand_unit;legacy_block,
S3046001_S_GN-SB-CM-01,S3046001_S_GN-SB-NO-05,0.02233906,brand_unit;legacy_block,
S3046001_S_GN-SB-CM-01,S3046001_S_GN-SB-OO-01,,brand_unit;legacy_block;semantic_topk,0.50898832
S3046001_S_GN-SB-CM-01,S3046001_S_GN-SB-OO-04,,brand_unit;legacy_block,
S3046001_S_GN-SB-CM-01,S3046001_S_GN-SB-PF-05,0.05668458,brand_unit;legacy_block,
S3046001_S_GN-SB-CM-01,S3046001_S_GN-SB-PL-01,,brand_unit;legacy_block,
S3046001_S_GN-SB-CM-01,S3046001_S_GN-SB-PL-04,,brand_unit;legacy_block,
S3046001_S_GN-SB-CM-01,S3046001_S_GN-SB-PO-01,,brand_unit;legacy_block;semantic_topk,0.46297872
S3046001_S_GN-SB-CM-01,S3046001_S_GN-SB-PP-05,0.43213338,brand_unit;legacy_block,
S3046001_S_GN-SB-CM-01,S3046001_S_GN-SB-RO-01,,brand_unit;legacy_block;semantic_topk,0.44524980
S3046001_S_GN-SB-CM-01,S3046001_S_GN-SB-RO-04,,brand_unit;legacy_block,
S3046001_S_GN-SB-CM-01,S3046001_S_GN-SB-RS-01,,brand_unit;legacy_block;semantic_topk,0.45170251
S3046001_S_GN-SB-CM-01,S3046001_S_GN-SB-RS-04,,brand_unit;legacy_block,
S3046001_S_GN-SB-CM-01,S3046001_S_GN-SB-SB-01,,brand_unit;legacy_block;semantic_topk,0.43968225
S3046001_S_GN-SB-CM-01,S3046001_S_GN-SB-SB-04,0.11563070,brand_unit;legacy_block,
S3046001_S_GN-SB-CM-01,S3046001_S_GN-SB-SJ-01,0.00872552,brand_unit;legacy_block;semantic_topk,0.43609262
S3046001_S_GN-SB-CM-01,S3046001_S_GN-SB-SJ-04,0.03251453,brand_unit;legacy_block,
S3046001_S_GN-SB-CM-01,S3046001_S_GN-SB-SS-01,0.62938788,brand_unit;legacy_block,
S3046001_S_GN-SB-CM-01,S3046001_S_GN-SB-SS-04,0.06361947,brand_unit;legacy_block,
S3046001_S_GN-SB-CM-01,S3046001_S_GN-SB-SW-04,0.66819725,brand_unit;legacy_block,
S3046001_S_GN-SB-CM-01,S3046001_S_GN-SB-TA-01,,brand_unit;legacy_block;semantic_topk,0.47760949
S3046001_S_GN-SB-CM-01,S3046001_S_GN-SB-TA-04,,brand_unit;legacy_block,
S3046001_S_GN-SB-CM-01,S3046001_S_GN-SB-TM-01,0.42383858,brand_unit;legacy_block,
S3046001_S_GN-SB-CM-01,S3046001_S_GN-SB-TM-04,0.50567387,brand_unit;legacy_block,
S3046001_S_GN-SB-CM-01,S3046001_S_GN-SB-TT-01,,brand_unit;legacy_block,
S3046001_S_GN-SB-CM-01,S3046001_S_GN-SB-TT-04,,brand_unit;legacy_block,
S3046001_S_GN-SB-CM-01,S3046001_S_GN-SB-TU-01,0.00508950,brand_unit;legacy_block;semantic_topk,0.44932446
S3046001_S_GN-SB-CM-01,S3046001_S_GN-SB-TU-04,0.20644542,brand_unit;legacy_block,
S3046001_S_GN-SB-CM-01,S3046001_S_GN-SB-WP-01,0.00721305,brand_unit;legacy_block,
S3046001_S_GN-SB-CM-01,S3046001_S_GN-SB-WP-04,0.03620582,brand_unit;legacy_block,
S3046001_S_GN-SB-CM-01,S3046001_S_GN10667,0.36212907,brand_unit;legacy_block,
S3046001_S_GN-SB-CM-04,S3046001_S_GN-SB-CM-10,1.00000000,brand_unit;legacy_block,
S3046001_S_GN-SB-CM-04,S3046001_S_GN-SB-CN-01,0.89348799,brand_unit;legacy_block,
S3046001_S_GN-SB-CM-04,S3046001_S_GN-SB-CN-04,0.03821670,brand_unit;legacy_block,
S3046001_S_GN-SB-CM-04,S3046001_S_GN-SB-CO-01,,brand_unit;legacy_block,
S3046001_S_GN-SB-CM-04,S3046001_S_GN-SB-CR-01,,brand_unit;legacy_block,
S3046001_S_GN-SB-CM-04,S3046001_S_GN-SB-CR-04,,brand_unit;legacy_block;semantic_topk,0.61889726
S3046001_S_GN-SB-CM-04,S3046001_S_GN-SB-CR-10,0.02668700,brand_unit;legacy_block,
S3046001_S_GN-SB-CM-04,S3046001_S_GN-SB-CS-05,0.33491254,brand_unit;legacy_block,
S3046001_S_GN-SB-CM-04,S3046001_S_GN-SB-DA-01,,brand_unit;legacy_block,
S3046001_S_GN-SB-CM-04,S3046001_S_GN-SB-DM-01,,brand_unit;legacy_block,
S3046001_S_GN-SB-CM-04,S3046001_S_GN-SB-DM-04,,brand_unit;legacy_block;semantic_topk,0.74158210
S3046001_S_GN-SB-CM-04,S3046001_S_GN-SB-FL-01,,brand_unit;legacy_block,
S3046001_S_GN-SB-CM-04,S3046001_S_GN-SB-FL-04,,brand_unit;legacy_block,
S3046001_S_GN-SB-CM-04,S3046001_S_GN-SB-GE-05,0.28440512,brand_unit;legacy_block,
S3046001_S_GN-SB-CM-04,S3046001_S_GN-SB-GL-01,,brand_unit;legacy_block,
S3046001_S_GN-SB-CM-04,S3046001_S_GN-SB-GL-04,,brand_unit;legacy_block,
S3046001_S_GN-SB-CM-04,S3046001_S_GN-SB-GM-01,0.03118425,brand_unit;legacy_block,
S3046001_S_GN-SB-CM-04,S3046001_S_GN-SB-GM-04,0.09287346,brand_unit;legacy_block;semantic_topk,0.65543473
S3046001_S_GN-SB-CM-04,S3046001_S_GN-SB-GR-01,,brand_unit;legacy_block,
S3046001_S_GN-SB-CM-04,S3046001_S_GN-SB-GR-04,,brand_unit;legacy_block;semantic_topk,0.66743743
S3046001_S_GN-SB-CM-04,S3046001_S_GN-SB-KE-01,0.01171653,brand_unit;legacy_block,
S3046001_S_GN-SB-CM-04,S3046001_S_GN-SB-LA-01,,brand_unit;legacy_block,
S3046001_S_GN-SB-CM-04,S3046001_S_GN-SB-LA-04,,brand_unit;legacy_block;semantic_topk,0.59451175
S3046001_S_GN-SB-CM-04,S3046001_S_GN-SB-LE-01,,brand_unit;legacy_block,
S3046001_S_GN-SB-CM-04,S3046001_S_GN-SB-LE-04,,brand_unit;legacy_block;semantic_topk,0.67380893
S3046001_S_GN-SB-CM-04,S3046001_S_GN-SB-MA-01,0.01776203,brand_unit;legacy_block,
S3046001_S_GN-SB-CM-04,S3046001_S_GN-SB-MA-04,0.03868859,brand_unit;legacy_block,
S3046001_S_GN-SB-CM-04,S3046001_S_GN-SB-NE-01,,brand_unit;legacy_block,
S3046001_S_GN-SB-CM-04,S3046001_S_GN-SB-NE-04,,brand_unit;legacy_block;semantic_topk,0.66873592
S3046001_S_GN-SB-CM-04,S3046001_S_GN-SB-NO-05,0.35901021,brand_unit;legacy_block,
S3046001_S_GN-SB-CM-04,S3046001_S_GN-SB-OO-01,,brand_unit;legacy_block,
S3046001_S_GN-SB-CM-04,S3046001_S_GN-SB-OO-04,,brand_unit;legacy_block;semantic_topk,0.67562073
S3046001_S_GN-SB-CM-04,S3046001_S_GN-SB-PF-05,0.18574391,brand_unit;legacy_block,
S3046001_S_GN-SB-CM-04,S3046001_S_GN-SB-PL-01,,brand_unit;legacy_block,
S3046001_S_GN-SB-CM-04,S3046001_S_GN-SB-PL-04,,brand_unit;legacy_block,
S3046001_S_GN-SB-CM-04,S3046001_S_GN-SB-PO-01,,brand_unit;legacy_block,
S3046001_S_GN-SB-CM-04,S3046001_S_GN-SB-PP-05,0.61734754,brand_unit;legacy_block,
S3046001_S_GN-SB-CM-04,S3046001_S_GN-SB-RO-01,,brand_unit;legacy_block,
S3046001_S_GN-SB-CM-04,S3046001_S_GN-SB-RO-04,,brand_unit;legacy_block;semantic_topk,0.64910555
S3046001_S_GN-SB-CM-04,S3046001_S_GN-SB-RS-01,,brand_unit;legacy_block,
S3046001_S_GN-SB-CM-04,S3046001_S_GN-SB-RS-04,,brand_unit;legacy_block;semantic_topk,0.66704023
S3046001_S_GN-SB-CM-04,S3046001_S_GN-SB-SB-01,,brand_unit;legacy_block,
S3046001_S_GN-SB-CM-04,S3046001_S_GN-SB-SB-04,,brand_unit;legacy_block;semantic_topk,0.65696877
S3046001_S_GN-SB-CM-04,S3046001_S_GN-SB-SJ-01,0.40912279,brand_unit;legacy_block,
S3046001_S_GN-SB-CM-04,S3046001_S_GN-SB-SJ-04,0.06869228,brand_unit;legacy_block,
S3046001_S_GN-SB-CM-04,S3046001_S_GN-SB-SS-01,0.04974601,brand_unit;legacy_block,
S3046001_S_GN-SB-CM-04,S3046001_S_GN-SB-SS-04,0.03748145,brand_unit;legacy_block,
S3046001_S_GN-SB-CM-04,S3046001_S_GN-SB-SW-04,0.70309101,brand_unit;legacy_block,
S3046001_S_GN-SB-CM-04,S3046001_S_GN-SB-TA-01,,brand_unit;legacy_block,
S3046001_S_GN-SB-CM-04,S3046001_S_GN-SB-TA-04,,brand_unit;legacy_block;semantic_topk,0.68225491
S3046001_S_GN-SB-CM-04,S3046001_S_GN-SB-TM-01,,brand_unit;legacy_block,
S3046001_S_GN-SB-CM-04,S3046001_S_GN-SB-TM-04,,brand_unit;legacy_block,
S3046001_S_GN-SB-CM-04,S3046001_S_GN-SB-TT-01,,brand_unit;legacy_block,
S3046001_S_GN-SB-CM-04,S3046001_S_GN-SB-TT-04,,brand_unit;legacy_block,
S3046001_S_GN-SB-CM-04,S3046001_S_GN-SB-TU-01,0.29798306,brand_unit;legacy_block,
S3046001_S_GN-SB-CM-04,S3046001_S_GN-SB-TU-04,,brand_unit;legacy_block;semantic_topk,0.67551136
S3046001_S_GN-SB-CM-04,S3046001_S_GN-SB-WP-01,0.02363744,brand_unit;legacy_block,
S3046001_S_GN-SB-CM-04,S3046001_S_GN-SB-WP-04,0.08681290,brand_unit;legacy_block;semantic_topk,0.56128788
S3046001_S_GN-SB-CM-04,S3046001_S_GN10667,0.37175022,brand_unit;legacy_block,
S3046001_S_GN-SB-CM-10,S3046001_S_GN-SB-CN-01,0.42759044,brand_unit;legacy_block,
S3046001_S_GN-SB-CM-10,S3046001_S_GN-SB-CN-04,0.18141211,brand_unit;legacy_block,
S3046001_S_GN-SB-CM-10,S3046001_S_GN-SB-CO-01,,brand_unit;legacy_block,
S3046001_S_GN-SB-CM-10,S3046001_S_GN-SB-CR-01,,brand_unit;legacy_block,
S3046001_S_GN-SB-CM-10,S3046001_S_GN-SB-CR-04,,brand_unit;legacy_block,
S3046001_S_GN-SB-CM-10,S3046001_S_GN-SB-CR-10,0.01763010,brand_unit;legacy_block;semantic_topk,0.45096862
S3046001_S_GN-SB-CM-10,S3046001_S_GN-SB-CS-05,0.00728194,brand_unit;legacy_block,
S3046001_S_GN-SB-CM-10,S3046001_S_GN-SB-DA-01,,brand_unit;legacy_block,
S3046001_S_GN-SB-CM-10,S3046001_S_GN-SB-DM-01,,brand_unit;legacy_block,
S3046001_S_GN-SB-CM-10,S3046001_S_GN-SB-DM-04,,brand_unit;legacy_block,
S3046001_S_GN-SB-CM-10,S3046001_S_GN-SB-FL-01,,brand_unit;legacy_block,
S3046001_S_GN-SB-CM-10,S3046001_S_GN-SB-FL-04,,brand_unit;legacy_block;semantic_topk,0.49358422
S3046001_S_GN-SB-CM-10,S3046001_S_GN-SB-GE-05,0.00728194,brand_unit;legacy_block,
S3046001_S_GN-SB-CM-10,S3046001_S_GN-SB-GL-01,,brand_unit;legacy_block,
S3046001_S_GN-SB-CM-10,S3046001_S_GN-SB-GL-04,,brand_unit;legacy_block,
S3046001_S_GN-SB-CM-10,S3046001_S_GN-SB-GM-01,0.79151742,brand_unit;legacy_block,
S3046001_S_GN-SB-CM-10,S3046001_S_GN-SB-GM-04,0.88347777,brand_unit;legacy_block,
S3046001_S_GN-SB-CM-10,S3046001_S_GN-SB-GR-01,,brand_unit;legacy_block,
S3046001_S_GN-SB-CM-10,S3046001_S_GN-SB-GR-04,,brand_unit;legacy_block,
S3046001_S_GN-SB-CM-10,S3046001_S_GN-SB-KE-01,0.52420275,brand_unit;legacy_block,
S3046001_S_GN-SB-CM-10,S3046001_S_GN-SB-LA-01,,brand_unit;legacy_block,
S3046001_S_GN-SB-CM-10,S3046001_S_GN-SB-LA-04,,brand_unit;legacy_block,
S3046001_S_GN-SB-CM-10,S3046001_S_GN-SB-LE-01,,brand_unit;legacy_block,
S3046001_S_GN-SB-CM-10,S3046001_S_GN-SB-LE-04,,brand_unit;legacy_block,
S3046001_S_GN-SB-CM-10,S3046001_S_GN-SB-MA-01,0.39209442,brand_unit;legacy_block,
S3046001_S_GN-SB-CM-10,S3046001_S_GN-SB-MA-04,0.26324783,brand_unit;legacy_block,
S3046001_S_GN-SB-CM-10,S3046001_S_GN-SB-NE-01,,brand_unit;legacy_block,
S3046001_S_GN-SB-CM-10,S3046001_S_GN-SB-NE-04,,brand_unit;legacy_block,
S3046001_S_GN-SB-CM-10,S3046001_S_GN-SB-NO-05,0.00864153,brand_unit;legacy_block,
S3046001_S_GN-SB-CM-10,S3046001_S_GN-SB-OO-01,,brand_unit;legacy_block,
S3046001_S_GN-SB-CM-10,S3046001_S_GN-SB-OO-04,,brand_unit;legacy_block,
S3046001_S_GN-SB-CM-10,S3046001_S_GN-SB-PF-05,0.82029234,brand_unit;legacy_block,
S3046001_S_GN-SB-CM-10,S3046001_S_GN-SB-PL-01,,brand_unit;legacy_block,
S3046001_S_GN-SB-CM-10,S3046001_S_GN-SB-PL-04,,brand_unit;legacy_block,
S3046001_S_GN-SB-CM-10,S3046001_S_GN-SB-PO-01,,brand_unit;legacy_block,
S3046001_S_GN-SB-CM-10,S3046001_S_GN-SB-PP-05,0.10315133,brand_unit;legacy_block,
S3046001_S_GN-SB-CM-10,S3046001_S_GN-SB-RO-01,,brand_unit;legacy_block,
S3046001_S_GN-SB-CM-10,S3046001_S_GN-SB-RO-04,,brand_unit;legacy_block,
S3046001_S_GN-SB-CM-10,S3046001_S_GN-SB-RS-01,,brand_unit;legacy_block,
S3046001_S_GN-SB-CM-10,S3046001_S_GN-SB-RS-04,,brand_unit;legacy_block,
S3046001_S_GN-SB-CM-10,S3046001_S_GN-SB-SB-01,,brand_unit;legacy_block,
S3046001_S_GN-SB-CM-10,S3046001_S_GN-SB-SB-04,,brand_unit;legacy_block,
S3046001_S_GN-SB-CM-10,S3046001_S_GN-SB-SJ-01,0.24609355,brand_unit;legacy_block,
S3046001_S_GN-SB-CM-10,S3046001_S_GN-SB-SJ-04,0.79370577,brand_unit;legacy_block,
S3046001_S_GN-SB-CM-10,S3046001_S_GN-SB-SS-01,0.47138649,brand_unit;legacy_block,
S3046001_S_GN-SB-CM-10,S3046001_S_GN-SB-SS-04,0.35700090,brand_unit;legacy_block,
S3046001_S_GN-SB-CM-10,S3046001_S_GN-SB-SW-04,0.00742905,brand_unit;legacy_block;semantic_topk,0.57198012
S3046001_S_GN-SB-CM-10,S3046001_S_GN-SB-TA-01,,brand_unit;legacy_block,
S3046001_S_GN-SB-CM-10,S3046001_S_GN-SB-TA-04,,brand_unit;legacy_block,
S3046001_S_GN-SB-CM-10,S3046001_S_GN-SB-TM-01,,brand_unit;legacy_block,
S3046001_S_GN-SB-CM-10,S3046001_S_GN-SB-TM-04,,brand_unit;legacy_block;semantic_topk,0.50986362
S3046001_S_GN-SB-CM-10,S3046001_S_GN-SB-TT-01,,brand_unit;legacy_block,
S3046001_S_GN-SB-CM-10,S3046001_S_GN-SB-TT-04,,brand_unit;legacy_block,
S3046001_S_GN-SB-CM-10,S3046001_S_GN-SB-TU-01,0.24880149,brand_unit;legacy_block,
S3046001_S_GN-SB-CM-10,S3046001_S_GN-SB-TU-04,,brand_unit;legacy_block,
S3046001_S_GN-SB-CM-10,S3046001_S_GN-SB-WP-01,0.63808468,brand_unit;legacy_block,
S3046001_S_GN-SB-CM-10,S3046001_S_GN-SB-WP-04,0.16229533,brand_unit;legacy_block,
S3046001_S_GN-SB-CM-10,S3046001_S_GN10667,0.02422294,brand_unit;legacy_block,
S3046001_S_GN-SB-CN-01,S3046001_S_GN-SB-CN-04,1.00000000,brand_unit;legacy_block;semantic_topk,0.74587929
S3046001_S_GN-SB-CN-01,S3046001_S_GN-SB-CO-01,0.45597270,brand_unit;legacy_block,
S3046001_S_GN-SB-CN-01,S3046001_S_GN-SB-CR-01,0.01960523,brand_unit;legacy_block,
S3046001_S_GN-SB-CN-01,S3046001_S_GN-SB-CR-04,0.10448884,brand_unit;legacy_block,
S3046001_S_GN-SB-CN-01,S3046001_S_GN-SB-CR-10,0.04529521,brand_unit;legacy_block,
S3046001_S_GN-SB-CN-01,S3046001_S_GN-SB-CS-05,0.00709172,brand_unit;legacy_block,
S3046001_S_GN-SB-CN-01,S3046001_S_GN-SB-DA-01,0.41741198,brand_unit;legacy_block,
S3046001_S_GN-SB-CN-01,S3046001_S_GN-SB-DM-01,0.43229839,brand_unit;legacy_block,
S3046001_S_GN-SB-CN-01,S3046001_S_GN-SB-DM-04,0.88852542,brand_unit;legacy_block,
S3046001_S_GN-SB-CN-01,S3046001_S_GN-SB-FL-01,0.02147070,brand_unit;legacy_block;semantic_topk,0.40030015
S3046001_S_GN-SB-CN-01,S3046001_S_GN-SB-FL-04,0.50595839,brand_unit;legacy_block,
S3046001_S_GN-SB-CN-01,S3046001_S_GN-SB-GE-05,,brand_unit;legacy_block,
S3046001_S_GN-SB-CN-01,S3046001_S_GN-SB-GL-01,0.04111635,brand_unit;legacy_block,
S3046001_S_GN-SB-CN-01,S3046001_S_GN-SB-GL-04,,brand_unit;legacy_block,
S3046001_S_GN-SB-CN-01,S3046001_S_GN-SB-GM-01,0.05179442,brand_unit;legacy_block,
S3046001_S_GN-SB-CN-01,S3046001_S_GN-SB-GM-04,0.90106107,brand_unit;legacy_block,
S3046001_S_GN-SB-CN-01,S3046001_S_GN-SB-GR-01,0.45597270,brand_unit;legacy_block,
S3046001_S_GN-SB-CN-01,S3046001_S_GN-SB-GR-04,0.09456099,brand_unit;legacy_block,
S3046001_S_GN-SB-CN-01,S3046001_S_GN-SB-KE-01,0.36257133,brand_unit;legacy_block,
S3046001_S_GN-SB-CN-01,S3046001_S_GN-SB-LA-01,0.01386689,brand_unit;legacy_block,
S3046001_S_GN-SB-CN-01,S3046001_S_GN-SB-LA-04,0.03539895,brand_unit;legacy_block,
S3046001_S_GN-SB-CN-01,S3046001_S_GN-SB-LE-01,,brand_unit;legacy_block,
S3046001_S_GN-SB-CN-01,S3046001_S_GN-SB-LE-04,,brand_unit;legacy_block,
S3046001_S_GN-SB-CN-01,S3046001_S_GN-SB-MA-01,0.20104976,brand_unit;legacy_block,
S3046001_S_GN-SB-CN-01,S3046001_S_GN-SB-MA-04,0.82210806,brand_unit;legacy_block,
S3046001_S_GN-SB-CN-01,S3046001_S_GN-SB-NE-01,0.43229839,brand_unit;legacy_block,
S3046001_S_GN-SB-CN-01,S3046001_S_GN-SB-NE-04,0.14724027,brand_unit;legacy_block,
S3046001_S_GN-SB-CN-01,S3046001_S_GN-SB-NO-05,0.00597449,brand_unit;legacy_block,
S3046001_S_GN-SB-CN-01,S3046001_S_GN-SB-OO-01,0.45597270,brand_unit;legacy_block,
S3046001_S_GN-SB-CN-01,S3046001_S_GN-SB-OO-04,0.09456099,brand_unit;legacy_block,
S3046001_S_GN-SB-CN-01,S3046001_S_GN-SB-PF-05,0.06589165,brand_unit;legacy_block,
S3046001_S_GN-SB-CN-01,S3046001_S_GN-SB-PL-01,,brand_unit;legacy_block,
S3046001_S_GN-SB-CN-01,S3046001_S_GN-SB-PL-04,,brand_unit;legacy_block,
S3046001_S_GN-SB-CN-01,S3046001_S_GN-SB-PO-01,0.45522964,brand_unit;legacy_block,
S3046001_S_GN-SB-CN-01,S3046001_S_GN-SB-PP-05,0.01539206,brand_unit;legacy_block,
S3046001_S_GN-SB-CN-01,S3046001_S_GN-SB-RO-01,0.45522964,brand_unit;legacy_block,
S3046001_S_GN-SB-CN-01,S3046001_S_GN-SB-RO-04,0.03539895,brand_unit;legacy_block,
S3046001_S_GN-SB-CN-01,S3046001_S_GN-SB-RS-01,0.41741198,brand_unit;legacy_block,
S3046001_S_GN-SB-CN-01,S3046001_S_GN-SB-RS-04,0.89165488,brand_unit;legacy_block,
S3046001_S_GN-SB-CN-01,S3046001_S_GN-SB-SB-01,0.45597270,brand_unit;legacy_block,
S3046001_S_GN-SB-CN-01,S3046001_S_GN-SB-SB-04,0.89348799,brand_unit;legacy_block,
S3046001_S_GN-SB-CN-01,S3046001_S_GN-SB-SJ-01,0.20056898,brand_unit;legacy_block,
S3046001_S_GN-SB-CN-01,S3046001_S_GN-SB-SJ-04,0.79370577,brand_unit;legacy_block,
S3046001_S_GN-SB-CN-01,S3046001_S_GN-SB-SS-01,0.50161716,brand_unit;legacy_block,
S3046001_S_GN-SB-CN-01,S3046001_S_GN-SB-SS-04,0.55527651,brand_unit;legacy_block,
S3046001_S_GN-SB-CN-01,S3046001_S_GN-SB-SW-04,0.19045422,brand_unit;legacy_block,
S3046001_S_GN-SB-CN-01,S3046001_S_GN-SB-TA-01,0.43229839,brand_unit;legacy_block,
S3046001_S_GN-SB-CN-01,S3046001_S_GN-SB-TA-04,0.89740188,brand_unit;legacy_block,
S3046001_S_GN-SB-CN-01,S3046001_S_GN-SB-TM-01,0.01853033,brand_unit;legacy_block,
S3046001_S_GN-SB-CN-01,S3046001_S_GN-SB-TM-04,0.62460553,brand_unit;legacy_block,
S3046001_S_GN-SB-CN-01,S3046001_S_GN-SB-TT-01,0.00420618,brand_unit;legacy_block,
S3046001_S_GN-SB-CN-01,S3046001_S_GN-SB-TT-04,0.02940618,brand_unit;legacy_block,
S3046001_S_GN-SB-CN-01,S3046001_S_GN-SB-TU-01,0.20056898,brand_unit;legacy_block,
S3046001_S_GN-SB-CN-01,S3046001_S_GN-SB-TU-04,0.89165488,brand_unit;legacy_block,
S3046001_S_GN-SB-CN-01,S3046001_S_GN-SB-WP-01,0.04257316,brand_unit;legacy_block,
S3046001_S_GN-SB-CN-01,S3046001_S_GN-SB-WP-04,0.09034192,brand_unit;legacy_block,
S3046001_S_GN-SB-CN-01,S3046001_S_GN10667,,brand_unit;legacy_block,
S3046001_S_GN-SB-CN-04,S3046001_S_GN-SB-CO-01,0.56769527,brand_unit;legacy_block,
S3046001_S_GN-SB-CN-04,S3046001_S_GN-SB-CR-01,0.01386689,brand_unit;legacy_block,
S3046001_S_GN-SB-CN-04,S3046001_S_GN-SB-CR-04,0.05926946,brand_unit;legacy_block,
S3046001_S_GN-SB-CN-04,S3046001_S_GN-SB-CR-10,0.03422280,brand_unit;legacy_block,
S3046001_S_GN-SB-CN-04,S3046001_S_GN-SB-CS-05,0.00709172,brand_unit;legacy_block,
S3046001_S_GN-SB-CN-04,S3046001_S_GN-SB-DA-01,0.50567387,brand_unit;legacy_block,
S3046001_S_GN-SB-CN-04,S3046001_S_GN-SB-DM-01,0.54402090,brand_unit;legacy_block,
S3046001_S_GN-SB-CN-04,S3046001_S_GN-SB-DM-04,0.73487998,brand_unit;legacy_block,
S3046001_S_GN-SB-CN-04,S3046001_S_GN-SB-FL-01,0.03242400,brand_unit;legacy_block,
S3046001_S_GN-SB-CN-04,S3046001_S_GN-SB-FL-04,0.06672793,brand_unit;legacy_block,
S3046001_S_GN-SB-CN-04,S3046001_S_GN-SB-GE-05,,brand_unit;legacy_block,
S3046001_S_GN-SB-CN-04,S3046001_S_GN-SB-GL-01,0.56769527,brand_unit;legacy_block,
S3046001_S_GN-SB-CN-04,S3046001_S_GN-SB-GL-04,,brand_unit;legacy_block,
S3046001_S_GN-SB-CN-04,S3046001_S_GN-SB-GM-01,0.03935591,brand_unit;legacy_block,
S3046001_S_GN-SB-CN-04,S3046001_S_GN-SB-GM-04,0.08360993,brand_unit;legacy_block,
S3046001_S_GN-SB-CN-04,S3046001_S_GN-SB-GR-01,0.54476396,brand_unit;legacy_block,
S3046001_S_GN-SB-CN-04,S3046001_S_GN-SB-GR-04,0.01377032,brand_unit;legacy_block,
S3046001_S_GN-SB-CN-04,S3046001_S_GN-SB-KE-01,0.01322787,brand_unit;legacy_block,
S3046001_S_GN-SB-CN-04,S3046001_S_GN-SB-LA-01,0.00584178,brand_unit;legacy_block,
S3046001_S_GN-SB-CN-04,S3046001_S_GN-SB-LA-04,0.01161326,brand_unit;legacy_block,
S3046001_S_GN-SB-CN-04,S3046001_S_GN-SB-LE-01,,brand_unit;legacy_block,
S3046001_S_GN-SB-CN-04,S3046001_S_GN-SB-LE-04,,brand_unit;legacy_block,
S3046001_S_GN-SB-CN-04,S3046001_S_GN-SB-MA-01,0.27202749,brand_unit;legacy_block,
S3046001_S_GN-SB-CN-04,S3046001_S_GN-SB-MA-04,0.42522180,brand_unit;legacy_block,
S3046001_S_GN-SB-CN-04,S3046001_S_GN-SB-NE-01,0.52089362,brand_unit;legacy_block,
S3046001_S_GN-SB-CN-04,S3046001_S_GN-SB-NE-04,0.03978347,brand_unit;legacy_block,
S3046001_S_GN-SB-CN-04,S3046001_S_GN-SB-NO-05,0.00597449,brand_unit;legacy_block,
S3046001_S_GN-SB-CN-04,S3046001_S_GN-SB-OO-01,0.54476396,brand_unit;legacy_block,
S3046001_S_GN-SB-CN-04,S3046001_S_GN-SB-OO-04,0.01377032,brand_unit;legacy_block,
S3046001_S_GN-SB-CN-04,S3046001_S_GN-SB-PF-05,0.76979409,brand_unit;legacy_block,
S3046001_S_GN-SB-CN-04,S3046001_S_GN-SB-PL-01,,brand_unit;legacy_block,
S3046001_S_GN-SB-CN-04,S3046001_S_GN-SB-PL-04,,brand_unit;legacy_block,
S3046001_S_GN-SB-CN-04,S3046001_S_GN-SB-PO-01,0.01496569,brand_unit;legacy_block,
S3046001_S_GN-SB-CN-04,S3046001_S_GN-SB-PP-05,0.04259317,brand_unit;legacy_block,
S3046001_S_GN-SB-CN-04,S3046001_S_GN-SB-RO-01,0.02352324,brand_unit;legacy_block,
S3046001_S_GN-SB-CN-04,S3046001_S_GN-SB-RO-04,0.01377032,brand_unit;legacy_block,
S3046001_S_GN-SB-CN-04,S3046001_S_GN-SB-RS-01,0.52887134,brand_unit;legacy_block,
S3046001_S_GN-SB-CN-04,S3046001_S_GN-SB-RS-04,0.03752018,brand_unit;legacy_block,
S3046001_S_GN-SB-CN-04,S3046001_S_GN-SB-SB-01,0.56769527,brand_unit;legacy_block,
S3046001_S_GN-SB-CN-04,S3046001_S_GN-SB-SB-04,0.72665469,brand_unit;legacy_block,
S3046001_S_GN-SB-CN-04,S3046001_S_GN-SB-SJ-01,0.26373622,brand_unit;legacy_block,
S3046001_S_GN-SB-CN-04,S3046001_S_GN-SB-SJ-04,0.01605875,brand_unit;legacy_block,
S3046001_S_GN-SB-CN-04,S3046001_S_GN-SB-SS-01,0.50892448,brand_unit;legacy_block,
S3046001_S_GN-SB-CN-04,S3046001_S_GN-SB-SS-04,0.39218805,brand_unit;legacy_block,
S3046001_S_GN-SB-CN-04,S3046001_S_GN-SB-SW-04,0.01126055,brand_unit;legacy_block;semantic_topk,0.42318138
S3046001_S_GN-SB-CN-04,S3046001_S_GN-SB-TA-01,0.54402090,brand_unit;legacy_block,
S3046001_S_GN-SB-CN-04,S3046001_S_GN-SB-TA-04,0.73487998,brand_unit;legacy_block,
S3046001_S_GN-SB-CN-04,S3046001_S_GN-SB-TM-01,0.02802655,brand_unit;legacy_block,
S3046001_S_GN-SB-CN-04,S3046001_S_GN-SB-TM-04,0.05663091,brand_unit;legacy_block,
S3046001_S_GN-SB-CN-04,S3046001_S_GN-SB-TT-01,0.00420925,brand_unit;legacy_block,
S3046001_S_GN-SB-CN-04,S3046001_S_GN-SB-TT-04,0.01139585,brand_unit;legacy_block,
S3046001_S_GN-SB-CN-04,S3046001_S_GN-SB-TU-01,0.00231860,brand_unit;legacy_block,
S3046001_S_GN-SB-CN-04,S3046001_S_GN-SB-TU-04,0.72284098,brand_unit;legacy_block,
S3046001_S_GN-SB-CN-04,S3046001_S_GN-SB-WP-01,0.04249421,brand_unit;legacy_block,
S3046001_S_GN-SB-CN-04,S3046001_S_GN-SB-WP-04,0.02124783,brand_unit;legacy_block,
S3046001_S_GN-SB-CN-04,S3046001_S_GN10667,,brand_unit;legacy_block,
S3046001_S_GN-SB-CO-01,S3046001_S_GN-SB-CR-01,0.02075867,brand_unit;legacy_block;semantic_topk,0.47602963
S3046001_S_GN-SB-CO-01,S3046001_S_GN-SB-CR-04,0.10049656,brand_unit;legacy_block,
S3046001_S_GN-SB-CO-01,S3046001_S_GN-SB-CR-10,0.59302331,brand_unit;legacy_block,
S3046001_S_GN-SB-CO-01,S3046001_S_GN-SB-CS-05,0.00877381,brand_unit;legacy_block,
S3046001_S_GN-SB-CO-01,S3046001_S_GN-SB-DA-01,,brand_unit;legacy_block;semantic_topk,0.60957837
S3046001_S_GN-SB-CO-01,S3046001_S_GN-SB-DM-01,,brand_unit;legacy_block;semantic_topk,0.51599276
S3046001_S_GN-SB-CO-01,S3046001_S_GN-SB-DM-04,,brand_unit;legacy_block,
S3046001_S_GN-SB-CO-01,S3046001_S_GN-SB-FL-01,,brand_unit;legacy_block,
S3046001_S_GN-SB-CO-01,S3046001_S_GN-SB-FL-04,,brand_unit;legacy_block,
S3046001_S_GN-SB-CO-01,S3046001_S_GN-SB-GE-05,0.11603402,brand_unit;legacy_block,
S3046001_S_GN-SB-CO-01,S3046001_S_GN-SB-GL-01,,brand_unit;legacy_block;semantic_topk,0.50683594
S3046001_S_GN-SB-CO-01,S3046001_S_GN-SB-GL-04,,brand_unit;legacy_block,
S3046001_S_GN-SB-CO-01,S3046001_S_GN-SB-GM-01,,brand_unit;legacy_block;semantic_topk,0.48327142
S3046001_S_GN-SB-CO-01,S3046001_S_GN-SB-GM-04,,brand_unit;legacy_block,
S3046001_S_GN-SB-CO-01,S3046001_S_GN-SB-GR-01,,brand_unit;legacy_block;semantic_topk,0.57553428
S3046001_S_GN-SB-CO-01,S3046001_S_GN-SB-GR-04,,brand_unit;legacy_block,
S3046001_S_GN-SB-CO-01,S3046001_S_GN-SB-KE-01,0.00863761,brand_unit;legacy_block,
S3046001_S_GN-SB-CO-01,S3046001_S_GN-SB-LA-01,,brand_unit;legacy_block;semantic_topk,0.48468196
S3046001_S_GN-SB-CO-01,S3046001_S_GN-SB-LA-04,,brand_unit;legacy_block,
S3046001_S_GN-SB-CO-01,S3046001_S_GN-SB-LE-01,,brand_unit;legacy_block;semantic_topk,0.57556659
S3046001_S_GN-SB-CO-01,S3046001_S_GN-SB-LE-04,,brand_unit;legacy_block,
S3046001_S_GN-SB-CO-01,S3046001_S_GN-SB-MA-01,,brand_unit;legacy_block;semantic_topk,0.53258884
S3046001_S_GN-SB-CO-01,S3046001_S_GN-SB-MA-04,,brand_unit;legacy_block,
S3046001_S_GN-SB-CO-01,S3046001_S_GN-SB-NE-01,,brand_unit;legacy_block;semantic_topk,0.54498750
S3046001_S_GN-SB-CO-01,S3046001_S_GN-SB-NE-04,,brand_unit;legacy_block,
S3046001_S_GN-SB-CO-01,S3046001_S_GN-SB-NO-05,0.03113114,brand_unit;legacy_block,
S3046001_S_GN-SB-CO-01,S3046001_S_GN-SB-OO-01,,brand_unit;legacy_block;semantic_topk,0.63024926
S3046001_S_GN-SB-CO-01,S3046001_S_GN-SB-OO-04,,brand_unit;legacy_block,
S3046001_S_GN-SB-CO-01,S3046001_S_GN-SB-PF-05,0.02509963,brand_unit;legacy_block,
S3046001_S_GN-SB-CO-01,S3046001_S_GN-SB-PL-01,,brand_unit;legacy_block;semantic_topk,0.49204767
S3046001_S_GN-SB-CO-01,S3046001_S_GN-SB-PL-04,,brand_unit;legacy_block,
S3046001_S_GN-SB-CO-01,S3046001_S_GN-SB-PO-01,,brand_unit;legacy_block;semantic_topk,0.50323224
S3046001_S_GN-SB-CO-01,S3046001_S_GN-SB-PP-05,0.36724296,brand_unit;legacy_block,
S3046001_S_GN-SB-CO-01,S3046001_S_GN-SB-RO-01,,brand_unit;legacy_block;semantic_topk,0.48907328
S3046001_S_GN-SB-CO-01,S3046001_S_GN-SB-RO-04,,brand_unit;legacy_block,
S3046001_S_GN-SB-CO-01,S3046001_S_GN-SB-RS-01,,brand_unit;legacy_block;semantic_topk,0.49686486
S3046001_S_GN-SB-CO-01,S3046001_S_GN-SB-RS-04,,brand_unit;legacy_block,
S3046001_S_GN-SB-CO-01,S3046001_S_GN-SB-SB-01,,brand_unit;legacy_block;semantic_topk,0.50849885
S3046001_S_GN-SB-CO-01,S3046001_S_GN-SB-SB-04,0.07340127,brand_unit;legacy_block,
S3046001_S_GN-SB-CO-01,S3046001_S_GN-SB-SJ-01,0.00250254,brand_unit;legacy_block;semantic_topk,0.47393280
S3046001_S_GN-SB-CO-01,S3046001_S_GN-SB-SJ-04,0.03884000,brand_unit;legacy_block,
S3046001_S_GN-SB-CO-01,S3046001_S_GN-SB-SS-01,0.64747698,brand_unit;legacy_block,
S3046001_S_GN-SB-CO-01,S3046001_S_GN-SB-SS-04,0.06361947,brand_unit;legacy_block,
S3046001_S_GN-SB-CO-01,S3046001_S_GN-SB-SW-04,0.67556460,brand_unit;legacy_block,
S3046001_S_GN-SB-CO-01,S3046001_S_GN-SB-TA-01,,brand_unit;legacy_block;semantic_topk,0.52312446
S3046001_S_GN-SB-CO-01,S3046001_S_GN-SB-TA-04,,brand_unit;legacy_block,
S3046001_S_GN-SB-CO-01,S3046001_S_GN-SB-TM-01,0.60759548,brand_unit;legacy_block,
S3046001_S_GN-SB-CO-01,S3046001_S_GN-SB-TM-04,0.54476396,brand_unit;legacy_block,
S3046001_S_GN-SB-CO-01,S3046001_S_GN-SB-TT-01,,brand_unit;legacy_block,
S3046001_S_GN-SB-CO-01,S3046001_S_GN-SB-TT-04,,brand_unit;legacy_block,
S3046001_S_GN-SB-CO-01,S3046001_S_GN-SB-TU-01,0.00297412,brand_unit;legacy_block;semantic_topk,0.47320089
S3046001_S_GN-SB-CO-01,S3046001_S_GN-SB-TU-04,0.08662591,brand_unit;legacy_block,
S3046001_S_GN-SB-CO-01,S3046001_S_GN-SB-WP-01,0.00321634,brand_unit;legacy_block;semantic_topk,0.47899270
S3046001_S_GN-SB-CO-01,S3046001_S_GN-SB-WP-04,0.05257521,brand_unit;legacy_block,
S3046001_S_GN-SB-CO-01,S3046001_S_GN10667,0.36212907,brand_unit;legacy_block,
S3046001_S_GN-SB-CR-01,S3046001_S_GN-SB-CR-04,1.00000000,brand_unit;legacy_block;semantic_topk,0.48701534
S3046001_S_GN-SB-CR-01,S3046001_S_GN-SB-CR-10,0.99413356,brand_unit;legacy_block,
S3046001_S_GN-SB-CR-01,S3046001_S_GN-SB-CS-05,0.32682888,brand_unit;legacy_block,
S3046001_S_GN-SB-CR-01,S3046001_S_GN-SB-DA-01,0.00806069,brand_unit;legacy_block;semantic_topk,0.58819664
S3046001_S_GN-SB-CR-01,S3046001_S_GN-SB-DM-01,,brand_unit;legacy_block;semantic_topk,0.48563164
S3046001_S_GN-SB-CR-01,S3046001_S_GN-SB-DM-04,,brand_unit;legacy_block,
S3046001_S_GN-SB-CR-01,S3046001_S_GN-SB-FL-01,,brand_unit;legacy_block,
S3046001_S_GN-SB-CR-01,S3046001_S_GN-SB-FL-04,,brand_unit;legacy_block,
S3046001_S_GN-SB-CR-01,S3046001_S_GN-SB-GE-05,0.00466515,brand_unit;legacy_block,
S3046001_S_GN-SB-CR-01,S3046001_S_GN-SB-GL-01,0.03202219,brand_unit;legacy_block;semantic_topk,0.54222178
S3046001_S_GN-SB-CR-01,S3046001_S_GN-SB-GL-04,,brand_unit;legacy_block,
S3046001_S_GN-SB-CR-01,S3046001_S_GN-SB-GM-01,0.03101104,brand_unit;legacy_block;semantic_topk,0.47574967
S3046001_S_GN-SB-CR-01,S3046001_S_GN-SB-GM-04,0.07930221,brand_unit;legacy_block,
S3046001_S_GN-SB-CR-01,S3046001_S_GN-SB-GR-01,,brand_unit;legacy_block;semantic_topk,0.55416954
S3046001_S_GN-SB-CR-01,S3046001_S_GN-SB-GR-04,,brand_unit;legacy_block,
S3046001_S_GN-SB-CR-01,S3046001_S_GN-SB-KE-01,0.05172304,brand_unit;legacy_block;semantic_topk,0.45499372
S3046001_S_GN-SB-CR-01,S3046001_S_GN-SB-LA-01,,brand_unit;legacy_block,
S3046001_S_GN-SB-CR-01,S3046001_S_GN-SB-LA-04,,brand_unit;legacy_block,
S3046001_S_GN-SB-CR-01,S3046001_S_GN-SB-LE-01,,brand_unit;legacy_block;semantic_topk,0.58074337
S3046001_S_GN-SB-CR-01,S3046001_S_GN-SB-LE-04,,brand_unit;legacy_block,
S3046001_S_GN-SB-CR-01,S3046001_S_GN-SB-MA-01,0.00881204,brand_unit;legacy_block;semantic_topk,0.55742377
S3046001_S_GN-SB-CR-01,S3046001_S_GN-SB-MA-04,0.01806907,brand_unit;legacy_block,
S3046001_S_GN-SB-CR-01,S3046001_S_GN-SB-NE-01,,brand_unit;legacy_block;semantic_topk,0.57688034
S3046001_S_GN-SB-CR-01,S3046001_S_GN-SB-NE-04,,brand_unit;legacy_block,
S3046001_S_GN-SB-CR-01,S3046001_S_GN-SB-NO-05,0.32682888,brand_unit;legacy_block,
S3046001_S_GN-SB-CR-01,S3046001_S_GN-SB-OO-01,,brand_unit;legacy_block;semantic_topk,0.58585602
S3046001_S_GN-SB-CR-01,S3046001_S_GN-SB-OO-04,,brand_unit;legacy_block,
S3046001_S_GN-SB-CR-01,S3046001_S_GN-SB-PF-05,0.16107989,brand_unit;legacy_block,
S3046001_S_GN-SB-CR-01,S3046001_S_GN-SB-PL-01,,brand_unit;legacy_block;semantic_topk,0.58605117
S3046001_S_GN-SB-CR-01,S3046001_S_GN-SB-PL-04,,brand_unit;legacy_block,
S3046001_S_GN-SB-CR-01,S3046001_S_GN-SB-PO-01,0.15546471,brand_unit;legacy_block,
S3046001_S_GN-SB-CR-01,S3046001_S_GN-SB-PP-05,0.59865507,brand_unit;legacy_block,
S3046001_S_GN-SB-CR-01,S3046001_S_GN-SB-RO-01,,brand_unit;legacy_block,
S3046001_S_GN-SB-CR-01,S3046001_S_GN-SB-RO-04,,brand_unit;legacy_block,
S3046001_S_GN-SB-CR-01,S3046001_S_GN-SB-RS-01,,brand_unit;legacy_block,
S3046001_S_GN-SB-CR-01,S3046001_S_GN-SB-RS-04,,brand_unit;legacy_block,
S3046001_S_GN-SB-CR-01,S3046001_S_GN-SB-SB-01,,brand_unit;legacy_block,
S3046001_S_GN-SB-CR-01,S3046001_S_GN-SB-SB-04,,brand_unit;legacy_block,
S3046001_S_GN-SB-CR-01,S3046001_S_GN-SB-SJ-01,0.05255303,brand_unit;legacy_block,
S3046001_S_GN-SB-CR-01,S3046001_S_GN-SB-SJ-04,0.02847713,brand_unit;legacy_block,
S3046001_S_GN-SB-CR-01,S3046001_S_GN-SB-SS-01,0.01878608,brand_unit;legacy_block,
S3046001_S_GN-SB-CR-01,S3046001_S_GN-SB-SS-04,0.00832718,brand_unit;legacy_block,
S3046001_S_GN-SB-CR-01,S3046001_S_GN-SB-SW-04,0.71444403,brand_unit;legacy_block,
S3046001_S_GN-SB-CR-01,S3046001_S_GN-SB-TA-01,,brand_unit;legacy_block;semantic_topk,0.52547109
S3046001_S_GN-SB-CR-01,S3046001_S_GN-SB-TA-04,,brand_unit;legacy_block,
S3046001_S_GN-SB-CR-01,S3046001_S_GN-SB-TM-01,,brand_unit;legacy_block,
S3046001_S_GN-SB-CR-01,S3046001_S_GN-SB-TM-04,,brand_unit;legacy_block,
S3046001_S_GN-SB-CR-01,S3046001_S_GN-SB-TT-01,,brand_unit;legacy_block,
S3046001_S_GN-SB-CR-01,S3046001_S_GN-SB-TT-04,,brand_unit;legacy_block,
S3046001_S_GN-SB-CR-01,S3046001_S_GN-SB-TU-01,0.17088791,brand_unit;legacy_block,
S3046001_S_GN-SB-CR-01,S3046001_S_GN-SB-TU-04,,brand_unit;legacy_block,
S3046001_S_GN-SB-CR-01,S3046001_S_GN-SB-WP-01,0.01766613,brand_unit;legacy_block,
S3046001_S_GN-SB-CR-01,S3046001_S_GN-SB-WP-04,0.01563702,brand_unit;legacy_block,
S3046001_S_GN-SB-CR-01,S3046001_S_GN10667,0.09352500,brand_unit;legacy_block,
S3046001_S_GN-SB-CR-04,S3046001_S_GN-SB-CR-10,0.99464246,brand_unit;legacy_block,
S3046001_S_GN-SB-CR-04,S3046001_S_GN-SB-CS-05,0.33491254,brand_unit;legacy_block,
S3046001_S_GN-SB-CR-04,S3046001_S_GN-SB-DA-01,0.04503741,brand_unit;legacy_block,
S3046001_S_GN-SB-CR-04,S3046001_S_GN-SB-DM-01,,brand_unit;legacy_block,
S3046001_S_GN-SB-CR-04,S3046001_S_GN-SB-DM-04,,brand_unit;legacy_block;semantic_topk,0.64022827
S3046001_S_GN-SB-CR-04,S3046001_S_GN-SB-FL-01,,brand_unit;legacy_block,
S3046001_S_GN-SB-CR-04,S3046001_S_GN-SB-FL-04,,brand_unit;legacy_block,
S3046001_S_GN-SB-CR-04,S3046001_S_GN-SB-GE-05,0.17864652,brand_unit;legacy_block,
S3046001_S_GN-SB-CR-04,S3046001_S_GN-SB-GL-01,0.08367069,brand_unit;legacy_block,
S3046001_S_GN-SB-CR-04,S3046001_S_GN-SB-GL-04,,brand_unit;legacy_block;semantic_topk,0.61706740
S3046001_S_GN-SB-CR-04,S3046001_S_GN-SB-GM-01,0.05241245,brand_unit;legacy_block,
S3046001_S_GN-SB-CR-04,S3046001_S_GN-SB-GM-04,0.12646040,brand_unit;legacy_block,
S3046001_S_GN-SB-CR-04,S3046001_S_GN-SB-GR-01,,brand_unit;legacy_block,
S3046001_S_GN-SB-CR-04,S3046001_S_GN-SB-GR-04,,brand_unit;legacy_block;semantic_topk,0.66232240
S3046001_S_GN-SB-CR-04,S3046001_S_GN-SB-KE-01,0.01171653,brand_unit;legacy_block,
S3046001_S_GN-SB-CR-04,S3046001_S_GN-SB-LA-01,,brand_unit;legacy_block,
S3046001_S_GN-SB-CR-04,S3046001_S_GN-SB-LA-04,,brand_unit;legacy_block,
S3046001_S_GN-SB-CR-04,S3046001_S_GN-SB-LE-01,,brand_unit;legacy_block,
S3046001_S_GN-SB-CR-04,S3046001_S_GN-SB-LE-04,,brand_unit;legacy_block;semantic_topk,0.65461814
S3046001_S_GN-SB-CR-04,S3046001_S_GN-SB-MA-01,0.01776203,brand_unit;legacy_block,
S3046001_S_GN-SB-CR-04,S3046001_S_GN-SB-MA-04,0.03160423,brand_unit;legacy_block;semantic_topk,0.63694060
S3046001_S_GN-SB-CR-04,S3046001_S_GN-SB-NE-01,,brand_unit;legacy_block,
S3046001_S_GN-SB-CR-04,S3046001_S_GN-SB-NE-04,,brand_unit;legacy_block;semantic_topk,0.66460001
S3046001_S_GN-SB-CR-04,S3046001_S_GN-SB-NO-05,0.33491254,brand_unit;legacy_block,
S3046001_S_GN-SB-CR-04,S3046001_S_GN-SB-OO-01,,brand_unit;legacy_block,
S3046001_S_GN-SB-CR-04,S3046001_S_GN-SB-OO-04,,brand_unit;legacy_block;semantic_topk,0.67085552
S3046001_S_GN-SB-CR-04,S3046001_S_GN-SB-PF-05,0.19777473,brand_unit;legacy_block,
S3046001_S_GN-SB-CR-04,S3046001_S_GN-SB-PL-01,,brand_unit;legacy_block,
S3046001_S_GN-SB-CR-04,S3046001_S_GN-SB-PL-04,,brand_unit;legacy_block,
S3046001_S_GN-SB-CR-04,S3046001_S_GN-SB-PO-01,0.66553355,brand_unit;legacy_block,
S3046001_S_GN-SB-CR-04,S3046001_S_GN-SB-PP-05,0.61760259,brand_unit;legacy_block,
S3046001_S_GN-SB-CR-04,S3046001_S_GN-SB-RO-01,,brand_unit;legacy_block,
S3046001_S_GN-SB-CR-04,S3046001_S_GN-SB-RO-04,,brand_unit;legacy_block;semantic_topk,0.64669454
S3046001_S_GN-SB-CR-04,S3046001_S_GN-SB-RS-01,,brand_unit;legacy_block,
S3046001_S_GN-SB-CR-04,S3046001_S_GN-SB-RS-04,,brand_unit;legacy_block;semantic_topk,0.66473687
S3046001_S_GN-SB-CR-04,S3046001_S_GN-SB-SB-01,,brand_unit;legacy_block,
S3046001_S_GN-SB-CR-04,S3046001_S_GN-SB-SB-04,,brand_unit;legacy_block;semantic_topk,0.65209717
S3046001_S_GN-SB-CR-04,S3046001_S_GN-SB-SJ-01,0.40912279,brand_unit;legacy_block,
S3046001_S_GN-SB-CR-04,S3046001_S_GN-SB-SJ-04,0.06869228,brand_unit;legacy_block;semantic_topk,0.62421566
S3046001_S_GN-SB-CR-04,S3046001_S_GN-SB-SS-01,0.04974601,brand_unit;legacy_block,
S3046001_S_GN-SB-CR-04,S3046001_S_GN-SB-SS-04,0.03748145,brand_unit;legacy_block,
S3046001_S_GN-SB-CR-04,S3046001_S_GN-SB-SW-04,0.71436638,brand_unit;legacy_block,
S3046001_S_GN-SB-CR-04,S3046001_S_GN-SB-TA-01,,brand_unit;legacy_block,
S3046001_S_GN-SB-CR-04,S3046001_S_GN-SB-TA-04,,brand_unit;legacy_block;semantic_topk,0.69968861
S3046001_S_GN-SB-CR-04,S3046001_S_GN-SB-TM-01,,brand_unit;legacy_block,
S3046001_S_GN-SB-CR-04,S3046001_S_GN-SB-TM-04,,brand_unit;legacy_block,
S3046001_S_GN-SB-CR-04,S3046001_S_GN-SB-TT-01,,brand_unit;legacy_block,
S3046001_S_GN-SB-CR-04,S3046001_S_GN-SB-TT-04,,brand_unit;legacy_block,
S3046001_S_GN-SB-CR-04,S3046001_S_GN-SB-TU-01,0.29798306,brand_unit;legacy_block,
S3046001_S_GN-SB-CR-04,S3046001_S_GN-SB-TU-04,,brand_unit;legacy_block;semantic_topk,0.67123049
S3046001_S_GN-SB-CR-04,S3046001_S_GN-SB-WP-01,0.02363744,brand_unit;legacy_block,
S3046001_S_GN-SB-CR-04,S3046001_S_GN-SB-WP-04,0.09944156,brand_unit;legacy_block,
S3046001_S_GN-SB-CR-04,S3046001_S_GN10667,0.38178650,brand_unit;legacy_block,
S3046001_S_GN-SB-CR-10,S3046001_S_GN-SB-CS-05,0.00261383,brand_unit;legacy_block,
S3046001_S_GN-SB-CR-10,S3046001_S_GN-SB-DA-01,,brand_unit;legacy_block,
S3046001_S_GN-SB-CR-10,S3046001_S_GN-SB-DM-01,0.59057097,brand_unit;legacy_block,
S3046001_S_GN-SB-CR-10,S3046001_S_GN-SB-DM-04,0.04341700,brand_unit;legacy_block,
S3046001_S_GN-SB-CR-10,S3046001_S_GN-SB-FL-01,,brand_unit;legacy_block;semantic_topk,0.45174146
S3046001_S_GN-SB-CR-10,S3046001_S_GN-SB-FL-04,,brand_unit;legacy_block,
S3046001_S_GN-SB-CR-10,S3046001_S_GN-SB-GE-05,0.00287619,brand_unit;legacy_block,
S3046001_S_GN-SB-CR-10,S3046001_S_GN-SB-GL-01,0.61920558,brand_unit;legacy_block,
S3046001_S_GN-SB-CR-10,S3046001_S_GN-SB-GL-04,,brand_unit;legacy_block,
S3046001_S_GN-SB-CR-10,S3046001_S_GN-SB-GM-01,,brand_unit;legacy_block,
S3046001_S_GN-SB-CR-10,S3046001_S_GN-SB-GM-04,,brand_unit;legacy_block,
S3046001_S_GN-SB-CR-10,S3046001_S_GN-SB-GR-01,0.60473907,brand_unit;legacy_block,
S3046001_S_GN-SB-CR-10,S3046001_S_GN-SB-GR-04,0.07572521,brand_unit;legacy_block,
S3046001_S_GN-SB-CR-10,S3046001_S_GN-SB-KE-01,0.27864655,brand_unit;legacy_block,
S3046001_S_GN-SB-CR-10,S3046001_S_GN-SB-LA-01,,brand_unit;legacy_block,
S3046001_S_GN-SB-CR-10,S3046001_S_GN-SB-LA-04,,brand_unit;legacy_block,
S3046001_S_GN-SB-CR-10,S3046001_S_GN-SB-LE-01,,brand_unit;legacy_block,
S3046001_S_GN-SB-CR-10,S3046001_S_GN-SB-LE-04,,brand_unit;legacy_block,
S3046001_S_GN-SB-CR-10,S3046001_S_GN-SB-MA-01,0.33183309,brand_unit;legacy_block,
S3046001_S_GN-SB-CR-10,S3046001_S_GN-SB-MA-04,0.88583236,brand_unit;legacy_block,
S3046001_S_GN-SB-CR-10,S3046001_S_GN-SB-NE-01,0.58103978,brand_unit;legacy_block,
S3046001_S_GN-SB-CR-10,S3046001_S_GN-SB-NE-04,0.04341700,brand_unit;legacy_block,
S3046001_S_GN-SB-CR-10,S3046001_S_GN-SB-NO-05,0.00261383,brand_unit;legacy_block,
S3046001_S_GN-SB-CR-10,S3046001_S_GN-SB-OO-01,,brand_unit;legacy_block,
S3046001_S_GN-SB-CR-10,S3046001_S_GN-SB-OO-04,,brand_unit;legacy_block,
S3046001_S_GN-SB-CR-10,S3046001_S_GN-SB-PF-05,0.08480392,brand_unit;legacy_block,
S3046001_S_GN-SB-CR-10,S3046001_S_GN-SB-PL-01,,brand_unit;legacy_block,
S3046001_S_GN-SB-CR-10,S3046001_S_GN-SB-PL-04,,brand_unit;legacy_block,
S3046001_S_GN-SB-CR-10,S3046001_S_GN-SB-PO-01,0.60347386,brand_unit;legacy_block,
S3046001_S_GN-SB-CR-10,S3046001_S_GN-SB-PP-05,0.01008027,brand_unit;legacy_block,
S3046001_S_GN-SB-CR-10,S3046001_S_GN-SB-RO-01,0.57843687,brand_unit;legacy_block,
S3046001_S_GN-SB-CR-10,S3046001_S_GN-SB-RO-04,0.02655718,brand_unit;legacy_block,
S3046001_S_GN-SB-CR-10,S3046001_S_GN-SB-RS-01,,brand_unit;legacy_block,
S3046001_S_GN-SB-CR-10,S3046001_S_GN-SB-RS-04,,brand_unit;legacy_block,
S3046001_S_GN-SB-CR-10,S3046001_S_GN-SB-SB-01,0.61524063,brand_unit;legacy_block,
S3046001_S_GN-SB-CR-10,S3046001_S_GN-SB-SB-04,0.10318899,brand_unit;legacy_block,
S3046001_S_GN-SB-CR-10,S3046001_S_GN-SB-SJ-01,0.32433162,brand_unit;legacy_block,
S3046001_S_GN-SB-CR-10,S3046001_S_GN-SB-SJ-04,0.01154611,brand_unit;legacy_block,
S3046001_S_GN-SB-CR-10,S3046001_S_GN-SB-SS-01,0.75433801,brand_unit;legacy_block,
S3046001_S_GN-SB-CR-10,S3046001_S_GN-SB-SS-04,0.31135406,brand_unit;legacy_block,
S3046001_S_GN-SB-CR-10,S3046001_S_GN-SB-SW-04,0.03182929,brand_unit;legacy_block;semantic_topk,0.40448654
S3046001_S_GN-SB-CR-10,S3046001_S_GN-SB-TA-01,0.61158764,brand_unit;legacy_block,
S3046001_S_GN-SB-CR-10,S3046001_S_GN-SB-TA-04,0.88636691,brand_unit;legacy_block,
S3046001_S_GN-SB-CR-10,S3046001_S_GN-SB-TM-01,0.02652667,brand_unit;legacy_block;semantic_topk,0.46807817
S3046001_S_GN-SB-CR-10,S3046001_S_GN-SB-TM-04,0.02020473,brand_unit;legacy_block;semantic_topk,0.40818426
S3046001_S_GN-SB-CR-10,S3046001_S_GN-SB-TT-01,0.58103978,brand_unit;legacy_block,
S3046001_S_GN-SB-CR-10,S3046001_S_GN-SB-TT-04,0.03678915,brand_unit;legacy_block,
S3046001_S_GN-SB-CR-10,S3046001_S_GN-SB-TU-01,0.32667716,brand_unit;legacy_block,
S3046001_S_GN-SB-CR-10,S3046001_S_GN-SB-TU-04,0.11439042,brand_unit;legacy_block,
S3046001_S_GN-SB-CR-10,S3046001_S_GN-SB-WP-01,0.00447442,brand_unit;legacy_block,
S3046001_S_GN-SB-CR-10,S3046001_S_GN-SB-WP-04,0.04047742,brand_unit;legacy_block,
S3046001_S_GN-SB-CR-10,S3046001_S_GN10667,0.03350818,brand_unit;legacy_block,
S3046001_S_GN-SB-CS-05,S3046001_S_GN-SB-DA-01,0.13453329,brand_unit;legacy_block,
S3046001_S_GN-SB-CS-05,S3046001_S_GN-SB-DM-01,0.13453329,brand_unit;legacy_block,
S3046001_S_GN-SB-CS-05,S3046001_S_GN-SB-DM-04,0.32682888,brand_unit;legacy_block,
S3046001_S_GN-SB-CS-05,S3046001_S_GN-SB-FL-01,0.00952665,brand_unit;legacy_block,
S3046001_S_GN-SB-CS-05,S3046001_S_GN-SB-FL-04,0.02721380,brand_unit;legacy_block,
S3046001_S_GN-SB-CS-05,S3046001_S_GN-SB-GE-05,0.03383243,brand_unit;legacy_block,
S3046001_S_GN-SB-CS-05,S3046001_S_GN-SB-GL-01,0.13453329,brand_unit;legacy_block,
S3046001_S_GN-SB-CS-05,S3046001_S_GN-SB-GL-04,0.45075506,brand_unit;legacy_block,
S3046001_S_GN-SB-CS-05,S3046001_S_GN-SB-GM-01,0.17181017,brand_unit;legacy_block,
S3046001_S_GN-SB-CS-05,S3046001_S_GN-SB-GM-04,0.45075506,brand_unit;legacy_block,
S3046001_S_GN-SB-CS-05,S3046001_S_GN-SB-GR-01,0.13453329,brand_unit;legacy_block,
S3046001_S_GN-SB-CS-05,S3046001_S_GN-SB-GR-04,0.35901021,brand_unit;legacy_block,
S3046001_S_GN-SB-CS-05,S3046001_S_GN-SB-KE-01,0.54494867,brand_unit;legacy_block,
S3046001_S_GN-SB-CS-05,S3046001_S_GN-SB-LA-01,0.12262069,brand_unit;legacy_block,
S3046001_S_GN-SB-CS-05,S3046001_S_GN-SB-LA-04,0.33491254,brand_unit;legacy_block,
S3046001_S_GN-SB-CS-05,S3046001_S_GN-SB-LE-01,0.13453329,brand_unit;legacy_block,
S3046001_S_GN-SB-CS-05,S3046001_S_GN-SB-LE-04,0.32682888,brand_unit;legacy_block,
S3046001_S_GN-SB-CS-05,S3046001_S_GN-SB-MA-01,0.13453329,brand_unit;legacy_block,
S3046001_S_GN-SB-CS-05,S3046001_S_GN-SB-MA-04,0.45075506,brand_unit;legacy_block,
S3046001_S_GN-SB-CS-05,S3046001_S_GN-SB-NE-01,0.13453329,brand_unit;legacy_block,
S3046001_S_GN-SB-CS-05,S3046001_S_GN-SB-NE-04,0.32682888,brand_unit;legacy_block,
S3046001_S_GN-SB-CS-05,S3046001_S_GN-SB-NO-05,0.05522132,brand_unit;legacy_block;semantic_topk,0.48946956
S3046001_S_GN-SB-CS-05,S3046001_S_GN-SB-OO-01,0.13453329,brand_unit;legacy_block,
S3046001_S_GN-SB-CS-05,S3046001_S_GN-SB-OO-04,0.35901021,brand_unit;legacy_block,
S3046001_S_GN-SB-CS-05,S3046001_S_GN-SB-PF-05,0.58291874,brand_unit;legacy_block,
S3046001_S_GN-SB-CS-05,S3046001_S_GN-SB-PL-01,0.18748039,brand_unit;legacy_block,
S3046001_S_GN-SB-CS-05,S3046001_S_GN-SB-PL-04,0.41246344,brand_unit;legacy_block,
S3046001_S_GN-SB-CS-05,S3046001_S_GN-SB-PO-01,0.00200438,brand_unit;legacy_block;semantic_topk,0.56746846
S3046001_S_GN-SB-CS-05,S3046001_S_GN-SB-PP-05,0.58291874,brand_unit;legacy_block,
S3046001_S_GN-SB-CS-05,S3046001_S_GN-SB-RO-01,0.00212750,brand_unit;legacy_block;semantic_topk,0.54519480
S3046001_S_GN-SB-CS-05,S3046001_S_GN-SB-RO-04,0.33491254,brand_unit;legacy_block,
S3046001_S_GN-SB-CS-05,S3046001_S_GN-SB-RS-01,0.00200438,brand_unit;legacy_block;semantic_topk,0.56167769
S3046001_S_GN-SB-CS-05,S3046001_S_GN-SB-RS-04,0.32682888,brand_unit;legacy_block,
S3046001_S_GN-SB-CS-05,S3046001_S_GN-SB-SB-01,0.00212750,brand_unit;legacy_block;semantic_topk,0.56309611
S3046001_S_GN-SB-CS-05,S3046001_S_GN-SB-SB-04,0.33491254,brand_unit;legacy_block,
S3046001_S_GN-SB-CS-05,S3046001_S_GN-SB-SJ-01,0.01393463,brand_unit;legacy_block;semantic_topk,0.54271430
S3046001_S_GN-SB-CS-05,S3046001_S_GN-SB-SJ-04,0.51937931,brand_unit;legacy_block,
S3046001_S_GN-SB-CS-05,S3046001_S_GN-SB-SS-01,0.02615492,brand_unit;legacy_block,
S3046001_S_GN-SB-CS-05,S3046001_S_GN-SB-SS-04,0.02736077,brand_unit;legacy_block,
S3046001_S_GN-SB-CS-05,S3046001_S_GN-SB-SW-04,0.70413030,brand_unit;legacy_block,
S3046001_S_GN-SB-CS-05,S3046001_S_GN-SB-TA-01,0.13453329,brand_unit;legacy_block,
S3046001_S_GN-SB-CS-05,S3046001_S_GN-SB-TA-04,0.32682888,brand_unit;legacy_block,
S3046001_S_GN-SB-CS-05,S3046001_S_GN-SB-TM-01,0.00840710,brand_unit;legacy_block,
S3046001_S_GN-SB-CS-05,S3046001_S_GN-SB-TM-04,0.02276471,brand_unit;legacy_block,
S3046001_S_GN-SB-CS-05,S3046001_S_GN-SB-TT-01,0.13453329,brand_unit;legacy_block,
S3046001_S_GN-SB-CS-05,S3046001_S_GN-SB-TT-04,0.30386730,brand_unit;legacy_block,
S3046001_S_GN-SB-CS-05,S3046001_S_GN-SB-TU-01,0.02548222,brand_unit;legacy_block;semantic_topk,0.47336307
S3046001_S_GN-SB-CS-05,S3046001_S_GN-SB-TU-04,0.32682888,brand_unit;legacy_block,
S3046001_S_GN-SB-CS-05,S3046001_S_GN-SB-WP-01,0.11054224,brand_unit;legacy_block,
S3046001_S_GN-SB-CS-05,S3046001_S_GN-SB-WP-04,0.62713136,brand_unit;legacy_block,
S3046001_S_GN-SB-CS-05,S3046001_S_GN10667,0.54223794,brand_unit;legacy_block,
S3046001_S_GN-SB-DA-01,S3046001_S_GN-SB-DM-01,,brand_unit;legacy_block;semantic_topk,0.59678096
S3046001_S_GN-SB-DA-01,S3046001_S_GN-SB-DM-04,,brand_unit;legacy_block,
S3046001_S_GN-SB-DA-01,S3046001_S_GN-SB-FL-01,,brand_unit;legacy_block,
S3046001_S_GN-SB-DA-01,S3046001_S_GN-SB-FL-04,,brand_unit;legacy_block,
S3046001_S_GN-SB-DA-01,S3046001_S_GN-SB-GE-05,,brand_unit;legacy_block,
S3046001_S_GN-SB-DA-01,S3046001_S_GN-SB-GL-01,,brand_unit;legacy_block;semantic_topk,0.63102722
S3046001_S_GN-SB-DA-01,S3046001_S_GN-SB-GL-04,,brand_unit;legacy_block,
S3046001_S_GN-SB-DA-01,S3046001_S_GN-SB-GM-01,,brand_unit;legacy_block;semantic_topk,0.57087004
S3046001_S_GN-SB-DA-01,S3046001_S_GN-SB-GM-04,,brand_unit;legacy_block,
S3046001_S_GN-SB-DA-01,S3046001_S_GN-SB-GR-01,,brand_unit;legacy_block;semantic_topk,0.69310260
S3046001_S_GN-SB-DA-01,S3046001_S_GN-SB-GR-04,,brand_unit;legacy_block,
S3046001_S_GN-SB-DA-01,S3046001_S_GN-SB-KE-01,0.00755017,brand_unit;legacy_block;semantic_topk,0.48030552
S3046001_S_GN-SB-DA-01,S3046001_S_GN-SB-LA-01,,brand_unit;legacy_block;semantic_topk,0.54446024
S3046001_S_GN-SB-DA-01,S3046001_S_GN-SB-LA-04,,brand_unit;legacy_block,
S3046001_S_GN-SB-DA-01,S3046001_S_GN-SB-LE-01,,brand_unit;legacy_block;semantic_topk,0.70310885
S3046001_S_GN-SB-DA-01,S3046001_S_GN-SB-LE-04,,brand_unit;legacy_block,
S3046001_S_GN-SB-DA-01,S3046001_S_GN-SB-MA-01,,brand_unit;legacy_block;semantic_topk,0.65752417
S3046001_S_GN-SB-DA-01,S3046001_S_GN-SB-MA-04,,brand_unit;legacy_block,
S3046001_S_GN-SB-DA-01,S3046001_S_GN-SB-NE-01,,brand_unit;legacy_block;semantic_topk,0.68717146
S3046001_S_GN-SB-DA-01,S3046001_S_GN-SB-NE-04,,brand_unit;legacy_block,
S3046001_S_GN-SB-DA-01,S3046001_S_GN-SB-NO-05,0.13453329,brand_unit;legacy_block,
S3046001_S_GN-SB-DA-01,S3046001_S_GN-SB-OO-01,,brand_unit;legacy_block;semantic_topk,0.73040348
S3046001_S_GN-SB-DA-01,S3046001_S_GN-SB-OO-04,,brand_unit;legacy_block,
S3046001_S_GN-SB-DA-01,S3046001_S_GN-SB-PF-05,0.01108579,brand_unit;legacy_block;semantic_topk,0.40849122
S3046001_S_GN-SB-DA-01,S3046001_S_GN-SB-PL-01,,brand_unit;legacy_block;semantic_topk,0.60896653
S3046001_S_GN-SB-DA-01,S3046001_S_GN-SB-PL-04,,brand_unit;legacy_block,
S3046001_S_GN-SB-DA-01,S3046001_S_GN-SB-PO-01,,brand_unit;legacy_block,
S3046001_S_GN-SB-DA-01,S3046001_S_GN-SB-PP-05,0.65911109,brand_unit;legacy_block,
S3046001_S_GN-SB-DA-01,S3046001_S_GN-SB-RO-01,,brand_unit;legacy_block,
S3046001_S_GN-SB-DA-01,S3046001_S_GN-SB-RO-04,,brand_unit;legacy_block,
S3046001_S_GN-SB-DA-01,S3046001_S_GN-SB-RS-01,,brand_unit;legacy_block,
S3046001_S_GN-SB-DA-01,S3046001_S_GN-SB-RS-04,,brand_unit;legacy_block,
S3046001_S_GN-SB-DA-01,S3046001_S_GN-SB-SB-01,,brand_unit;legacy_block,
S3046001_S_GN-SB-DA-01,S3046001_S_GN-SB-SB-04,,brand_unit;legacy_block,
S3046001_S_GN-SB-DA-01,S3046001_S_GN-SB-SJ-01,0.02042659,brand_unit;legacy_block,
S3046001_S_GN-SB-DA-01,S3046001_S_GN-SB-SJ-04,0.01398795,brand_unit;legacy_block,
S3046001_S_GN-SB-DA-01,S3046001_S_GN-SB-SS-01,0.62938788,brand_unit;legacy_block,
S3046001_S_GN-SB-DA-01,S3046001_S_GN-SB-SS-04,0.77561628,brand_unit;legacy_block,
S3046001_S_GN-SB-DA-01,S3046001_S_GN-SB-SW-04,0.76260286,brand_unit;legacy_block,
S3046001_S_GN-SB-DA-01,S3046001_S_GN-SB-TA-01,,brand_unit;legacy_block;semantic_topk,0.62180829
S3046001_S_GN-SB-DA-01,S3046001_S_GN-SB-TA-04,,brand_unit;legacy_block,
S3046001_S_GN-SB-DA-01,S3046001_S_GN-SB-TM-01,0.44537621,brand_unit;legacy_block,
S3046001_S_GN-SB-DA-01,S3046001_S_GN-SB-TM-04,0.53734132,brand_unit;legacy_block,
S3046001_S_GN-SB-DA-01,S3046001_S_GN-SB-TT-01,,brand_unit;legacy_block;semantic_topk,0.50854981
S3046001_S_GN-SB-DA-01,S3046001_S_GN-SB-TT-04,,brand_unit;legacy_block,
S3046001_S_GN-SB-DA-01,S3046001_S_GN-SB-TU-01,0.01257403,brand_unit;legacy_block,
S3046001_S_GN-SB-DA-01,S3046001_S_GN-SB-TU-04,0.16150454,brand_unit;legacy_block,
S3046001_S_GN-SB-DA-01,S3046001_S_GN-SB-WP-01,,brand_unit;legacy_block;semantic_topk,0.46759307
S3046001_S_GN-SB-DA-01,S3046001_S_GN-SB-WP-04,0.01137181,brand_unit;legacy_block,
S3046001_S_GN-SB-DA-01,S3046001_S_GN10667,,brand_unit;legacy_block,
S3046001_S_GN-SB-DM-01,S3046001_S_GN-SB-DM-04,1.00000000,brand_unit;legacy_block;semantic_topk,0.55755466
S3046001_S_GN-SB-DM-01,S3046001_S_GN-SB-FL-01,,brand_unit;legacy_block,
S3046001_S_GN-SB-DM-01,S3046001_S_GN-SB-FL-04,,brand_unit;legacy_block,
S3046001_S_GN-SB-DM-01,S3046001_S_GN-SB-GE-05,0.13363474,brand_unit;legacy_block,
S3046001_S_GN-SB-DM-01,S3046001_S_GN-SB-GL-01,,brand_unit;legacy_block;semantic_topk,0.53743887
S3046001_S_GN-SB-DM-01,S3046001_S_GN-SB-GL-04,,brand_unit;legacy_block,
S3046001_S_GN-SB-DM-01,S3046001_S_GN-SB-GM-01,,brand_unit;legacy_block;semantic_topk,0.68357980
S3046001_S_GN-SB-DM-01,S3046001_S_GN-SB-GM-04,,brand_unit;legacy_block,
S3046001_S_GN-SB-DM-01,S3046001_S_GN-SB-GR-01,,brand_unit;legacy_block;semantic_topk,0.57170069
S3046001_S_GN-SB-DM-01,S3046001_S_GN-SB-GR-04,,brand_unit;legacy_block,
S3046001_S_GN-SB-DM-01,S3046001_S_GN-SB-KE-01,0.00514209,brand_unit;legacy_block;semantic_topk,0.52257621
S3046001_S_GN-SB-DM-01,S3046001_S_GN-SB-LA-01,,brand_unit;legacy_block;semantic_topk,0.54781491
S3046001_S_GN-SB-DM-01,S3046001_S_GN-SB-LA-04,,brand_unit;legacy_block,
S3046001_S_GN-SB-DM-01,S3046001_S_GN-SB-LE-01,,brand_unit;legacy_block;semantic_topk,0.58776510
S3046001_S_GN-SB-DM-01,S3046001_S_GN-SB-LE-04,,brand_unit;legacy_block,
S3046001_S_GN-SB-DM-01,S3046001_S_GN-SB-MA-01,0.00086937,brand_unit;legacy_block;semantic_topk,0.58866435
S3046001_S_GN-SB-DM-01,S3046001_S_GN-SB-MA-04,0.01126497,brand_unit;legacy_block,
S3046001_S_GN-SB-DM-01,S3046001_S_GN-SB-NE-01,,brand_unit;legacy_block;semantic_topk,0.57117242
S3046001_S_GN-SB-DM-01,S3046001_S_GN-SB-NE-04,,brand_unit;legacy_block,
S3046001_S_GN-SB-DM-01,S3046001_S_GN-SB-NO-05,0.13453329,brand_unit;legacy_block,
S3046001_S_GN-SB-DM-01,S3046001_S_GN-SB-OO-01,,brand_unit;legacy_block;semantic_topk,0.59689164
S3046001_S_GN-SB-DM-01,S3046001_S_GN-SB-OO-04,,brand_unit;legacy_block,
S3046001_S_GN-SB-DM-01,S3046001_S_GN-SB-PF-05,0.01889916,brand_unit;legacy_block,
S3046001_S_GN-SB-DM-01,S3046001_S_GN-SB-PL-01,,brand_unit;legacy_block;semantic_topk,0.52049541
S3046001_S_GN-SB-DM-01,S3046001_S_GN-SB-PL-04,,brand_unit;legacy_block,
S3046001_S_GN-SB-DM-01,S3046001_S_GN-SB-PO-01,,brand_unit;legacy_block,
S3046001_S_GN-SB-DM-01,S3046001_S_GN-SB-PP-05,0.40623816,brand_unit;legacy_block,
S3046001_S_GN-SB-DM-01,S3046001_S_GN-SB-RO-01,,brand_unit;legacy_block,
S3046001_S_GN-SB-DM-01,S3046001_S_GN-SB-RO-04,,brand_unit;legacy_block,
S3046001_S_GN-SB-DM-01,S3046001_S_GN-SB-RS-01,,brand_unit;legacy_block,
S3046001_S_GN-SB-DM-01,S3046001_S_GN-SB-RS-04,,brand_unit;legacy_block,
S3046001_S_GN-SB-DM-01,S3046001_S_GN-SB-SB-01,,brand_unit;legacy_block,
S3046001_S_GN-SB-DM-01,S3046001_S_GN-SB-SB-04,,brand_unit;legacy_block,
S3046001_S_GN-SB-DM-01,S3046001_S_GN-SB-SJ-01,0.02042659,brand_unit;legacy_block,
S3046001_S_GN-SB-DM-01,S3046001_S_GN-SB-SJ-04,0.01398795,brand_unit;legacy_block,
S3046001_S_GN-SB-DM-01,S3046001_S_GN-SB-SS-01,0.02061785,brand_unit;legacy_block,
S3046001_S_GN-SB-DM-01,S3046001_S_GN-SB-SS-04,0.01483363,brand_unit;legacy_block,
S3046001_S_GN-SB-DM-01,S3046001_S_GN-SB-SW-04,0.60169204,brand_unit;legacy_block,
S3046001_S_GN-SB-DM-01,S3046001_S_GN-SB-TA-01,,brand_unit;legacy_block;semantic_topk,0.56043190
S3046001_S_GN-SB-DM-01,S3046001_S_GN-SB-TA-04,,brand_unit;legacy_block,
S3046001_S_GN-SB-DM-01,S3046001_S_GN-SB-TM-01,,brand_unit;legacy_block,
S3046001_S_GN-SB-DM-01,S3046001_S_GN-SB-TM-04,,brand_unit;legacy_block,
S3046001_S_GN-SB-DM-01,S3046001_S_GN-SB-TT-01,,brand_unit;legacy_block;semantic_topk,0.45002002
S3046001_S_GN-SB-DM-01,S3046001_S_GN-SB-TT-04,,brand_unit;legacy_block,
S3046001_S_GN-SB-DM-01,S3046001_S_GN-SB-TU-01,0.01197351,brand_unit;legacy_block,
S3046001_S_GN-SB-DM-01,S3046001_S_GN-SB-TU-04,,brand_unit;legacy_block,
S3046001_S_GN-SB-DM-01,S3046001_S_GN-SB-WP-01,0.00421027,brand_unit;legacy_block;semantic_topk,0.44407022
S3046001_S_GN-SB-DM-01,S3046001_S_GN-SB-WP-04,0.01561005,brand_unit;legacy_block,
S3046001_S_GN-SB-DM-01,S3046001_S_GN10667,0.36212907,brand_unit;legacy_block,
S3046001_S_GN-SB-DM-04,S3046001_S_GN-SB-FL-01,,brand_unit;legacy_block,
S3046001_S_GN-SB-DM-04,S3046001_S_GN-SB-FL-04,,brand_unit;legacy_block,
S3046001_S_GN-SB-DM-04,S3046001_S_GN-SB-GE-05,0.26587911,brand_unit;legacy_block,
S3046001_S_GN-SB-DM-04,S3046001_S_GN-SB-GL-01,,brand_unit;legacy_block,
S3046001_S_GN-SB-DM-04,S3046001_S_GN-SB-GL-04,,brand_unit;legacy_block;semantic_topk,0.62243170
S3046001_S_GN-SB-DM-04,S3046001_S_GN-SB-GM-01,,brand_unit;legacy_block,
S3046001_S_GN-SB-DM-04,S3046001_S_GN-SB-GM-04,,brand_unit;legacy_block;semantic_topk,0.72906655
S3046001_S_GN-SB-DM-04,S3046001_S_GN-SB-GR-01,,brand_unit;legacy_block,
S3046001_S_GN-SB-DM-04,S3046001_S_GN-SB-GR-04,,brand_unit;legacy_block;semantic_topk,0.68628973
S3046001_S_GN-SB-DM-04,S3046001_S_GN-SB-KE-01,0.01171653,brand_unit;legacy_block;semantic_topk,0.46175790
S3046001_S_GN-SB-DM-04,S3046001_S_GN-SB-LA-01,,brand_unit;legacy_block,
S3046001_S_GN-SB-DM-04,S3046001_S_GN-SB-LA-04,,brand_unit;legacy_block;semantic_topk,0.61234200
S3046001_S_GN-SB-DM-04,S3046001_S_GN-SB-LE-01,,brand_unit;legacy_block,
S3046001_S_GN-SB-DM-04,S3046001_S_GN-SB-LE-04,,brand_unit;legacy_block;semantic_topk,0.68452859
S3046001_S_GN-SB-DM-04,S3046001_S_GN-SB-MA-01,0.01628949,brand_unit;legacy_block,
S3046001_S_GN-SB-DM-04,S3046001_S_GN-SB-MA-04,0.03432685,brand_unit;legacy_block;semantic_topk,0.63661951
S3046001_S_GN-SB-DM-04,S3046001_S_GN-SB-NE-01,,brand_unit;legacy_block,
S3046001_S_GN-SB-DM-04,S3046001_S_GN-SB-NE-04,,brand_unit;legacy_block;semantic_topk,0.68752527
S3046001_S_GN-SB-DM-04,S3046001_S_GN-SB-NO-05,0.32682888,brand_unit;legacy_block,
S3046001_S_GN-SB-DM-04,S3046001_S_GN-SB-OO-01,,brand_unit;legacy_block,
S3046001_S_GN-SB-DM-04,S3046001_S_GN-SB-OO-04,,brand_unit;legacy_block;semantic_topk,0.69458401
S3046001_S_GN-SB-DM-04,S3046001_S_GN-SB-PF-05,0.06244708,brand_unit;legacy_block,
S3046001_S_GN-SB-DM-04,S3046001_S_GN-SB-PL-01,,brand_unit;legacy_block,
S3046001_S_GN-SB-DM-04,S3046001_S_GN-SB-PL-04,,brand_unit;legacy_block,
S3046001_S_GN-SB-DM-04,S3046001_S_GN-SB-PO-01,,brand_unit;legacy_block,
S3046001_S_GN-SB-DM-04,S3046001_S_GN-SB-PP-05,0.69342258,brand_unit;legacy_block,
S3046001_S_GN-SB-DM-04,S3046001_S_GN-SB-RO-01,,brand_unit;legacy_block,
S3046001_S_GN-SB-DM-04,S3046001_S_GN-SB-RO-04,,brand_unit;legacy_block;semantic_topk,0.66736585
S3046001_S_GN-SB-DM-04,S3046001_S_GN-SB-RS-01,,brand_unit;legacy_block,
S3046001_S_GN-SB-DM-04,S3046001_S_GN-SB-RS-04,,brand_unit;legacy_block;semantic_topk,0.68575859
S3046001_S_GN-SB-DM-04,S3046001_S_GN-SB-SB-01,,brand_unit;legacy_block,
S3046001_S_GN-SB-DM-04,S3046001_S_GN-SB-SB-04,,brand_unit;legacy_block;semantic_topk,0.68197805
S3046001_S_GN-SB-DM-04,S3046001_S_GN-SB-SJ-01,0.40912279,brand_unit;legacy_block,
S3046001_S_GN-SB-DM-04,S3046001_S_GN-SB-SJ-04,0.03868859,brand_unit;legacy_block;semantic_topk,0.62825203
S3046001_S_GN-SB-DM-04,S3046001_S_GN-SB-SS-01,0.04536914,brand_unit;legacy_block,
S3046001_S_GN-SB-DM-04,S3046001_S_GN-SB-SS-04,0.02662056,brand_unit;legacy_block,
S3046001_S_GN-SB-DM-04,S3046001_S_GN-SB-SW-04,0.77494350,brand_unit;legacy_block,
S3046001_S_GN-SB-DM-04,S3046001_S_GN-SB-TA-01,,brand_unit;legacy_block,
S3046001_S_GN-SB-DM-04,S3046001_S_GN-SB-TA-04,,brand_unit;legacy_block;semantic_topk,0.70037401
S3046001_S_GN-SB-DM-04,S3046001_S_GN-SB-TM-01,,brand_unit;legacy_block,
S3046001_S_GN-SB-DM-04,S3046001_S_GN-SB-TM-04,,brand_unit;legacy_block,
S3046001_S_GN-SB-DM-04,S3046001_S_GN-SB-TT-01,,brand_unit;legacy_block,
S3046001_S_GN-SB-DM-04,S3046001_S_GN-SB-TT-04,,brand_unit;legacy_block;semantic_topk,0.59768999
S3046001_S_GN-SB-DM-04,S3046001_S_GN-SB-TU-01,0.47477828,brand_unit;legacy_block,
S3046001_S_GN-SB-DM-04,S3046001_S_GN-SB-TU-04,,brand_unit;legacy_block;semantic_topk,0.70463872
S3046001_S_GN-SB-DM-04,S3046001_S_GN-SB-WP-01,0.01440938,brand_unit;legacy_block,
S3046001_S_GN-SB-DM-04,S3046001_S_GN-SB-WP-04,0.09018514,brand_unit;legacy_block;semantic_topk,0.57003850
S3046001_S_GN-SB-DM-04,S3046001_S_GN10667,0.13515848,brand_unit;legacy_block,
S3046001_S_GN-SB-FL-01,S3046001_S_GN-SB-FL-04,1.00000000,brand_unit;legacy_block;semantic_topk,0.58986765
S3046001_S_GN-SB-FL-01,S3046001_S_GN-SB-GE-05,0.01001142,brand_unit;legacy_block,
S3046001_S_GN-SB-FL-01,S3046001_S_GN-SB-GL-01,,brand_unit;legacy_block,
S3046001_S_GN-SB-FL-01,S3046001_S_GN-SB-GL-04,,brand_unit;legacy_block,
S3046001_S_GN-SB-FL-01,S3046001_S_GN-SB-GM-01,,brand_unit;legacy_block,
S3046001_S_GN-SB-FL-01,S3046001_S_GN-SB-GM-04,,brand_unit;legacy_block,
S3046001_S_GN-SB-FL-01,S3046001_S_GN-SB-GR-01,,brand_unit;legacy_block,
S3046001_S_GN-SB-FL-01,S3046001_S_GN-SB-GR-04,,brand_unit;legacy_block,
S3046001_S_GN-SB-FL-01,S3046001_S_GN-SB-KE-01,0.48752242,brand_unit;legacy_block,
S3046001_S_GN-SB-FL-01,S3046001_S_GN-SB-LA-01,0.99778600,brand_unit;legacy_block,
S3046001_S_GN-SB-FL-01,S3046001_S_GN-SB-LA-04,0.99909662,brand_unit;legacy_block,
S3046001_S_GN-SB-FL-01,S3046001_S_GN-SB-LE-01,,brand_unit;legacy_block,
S3046001_S_GN-SB-FL-01,S3046001_S_GN-SB-LE-04,,brand_unit;legacy_block,
S3046001_S_GN-SB-FL-01,S3046001_S_GN-SB-MA-01,,brand_unit;legacy_block,
S3046001_S_GN-SB-FL-01,S3046001_S_GN-SB-MA-04,,brand_unit;legacy_block,
S3046001_S_GN-SB-FL-01,S3046001_S_GN-SB-NE-01,,brand_unit;legacy_block,
S3046001_S_GN-SB-FL-01,S3046001_S_GN-SB-NE-04,,brand_unit;legacy_block,
S3046001_S_GN-SB-FL-01,S3046001_S_GN-SB-NO-05,0.00952665,brand_unit;legacy_block,
S3046001_S_GN-SB-FL-01,S3046001_S_GN-SB-OO-01,,brand_unit;legacy_block,
S3046001_S_GN-SB-FL-01,S3046001_S_GN-SB-OO-04,,brand_unit;legacy_block,
S3046001_S_GN-SB-FL-01,S3046001_S_GN-SB-PF-05,0.01822337,brand_unit;legacy_block,
S3046001_S_GN-SB-FL-01,S3046001_S_GN-SB-PL-01,0.97623616,brand_unit;legacy_block,
S3046001_S_GN-SB-FL-01,S3046001_S_GN-SB-PL-04,,brand_unit;legacy_block,
S3046001_S_GN-SB-FL-01,S3046001_S_GN-SB-PO-01,,brand_unit;legacy_block,
S3046001_S_GN-SB-FL-01,S3046001_S_GN-SB-PP-05,0.02058316,brand_unit;legacy_block,
S3046001_S_GN-SB-FL-01,S3046001_S_GN-SB-RO-01,,brand_unit;legacy_block,
S3046001_S_GN-SB-FL-01,S3046001_S_GN-SB-RO-04,,brand_unit;legacy_block,
S3046001_S_GN-SB-FL-01,S3046001_S_GN-SB-RS-01,,brand_unit;legacy_block,
S3046001_S_GN-SB-FL-01,S3046001_S_GN-SB-RS-04,,brand_unit;legacy_block,
S3046001_S_GN-SB-FL-01,S3046001_S_GN-SB-SB-01,,brand_unit;legacy_block,
S3046001_S_GN-SB-FL-01,S3046001_S_GN-SB-SB-04,,brand_unit;legacy_block,
S3046001_S_GN-SB-FL-01,S3046001_S_GN-SB-SJ-01,0.00225249,brand_unit;legacy_block,
S3046001_S_GN-SB-FL-01,S3046001_S_GN-SB-SJ-04,0.04307831,brand_unit;legacy_block,
S3046001_S_GN-SB-FL-01,S3046001_S_GN-SB-SS-01,0.06229184,brand_unit;legacy_block,
S3046001_S_GN-SB-FL-01,S3046001_S_GN-SB-SS-04,0.21140776,brand_unit;legacy_block,
S3046001_S_GN-SB-FL-01,S3046001_S_GN-SB-SW-04,0.18604749,brand_unit;legacy_block,
S3046001_S_GN-SB-FL-01,S3046001_S_GN-SB-TA-01,,brand_unit;legacy_block,
S3046001_S_GN-SB-FL-01,S3046001_S_GN-SB-TA-04,,brand_unit;legacy_block,
S3046001_S_GN-SB-FL-01,S3046001_S_GN-SB-TM-01,,brand_unit;legacy_block;semantic_topk,0.63805985
S3046001_S_GN-SB-FL-01,S3046001_S_GN-SB-TM-04,,brand_unit;legacy_block,
S3046001_S_GN-SB-FL-01,S3046001_S_GN-SB-TT-01,,brand_unit;legacy_block,
S3046001_S_GN-SB-FL-01,S3046001_S_GN-SB-TT-04,,brand_unit;legacy_block,
S3046001_S_GN-SB-FL-01,S3046001_S_GN-SB-TU-01,0.00489548,brand_unit;legacy_block,
S3046001_S_GN-SB-FL-01,S3046001_S_GN-SB-TU-04,,brand_unit;legacy_block,
S3046001_S_GN-SB-FL-01,S3046001_S_GN-SB-WP-01,0.00548878,brand_unit;legacy_block,
S3046001_S_GN-SB-FL-01,S3046001_S_GN-SB-WP-04,0.03693549,brand_unit;legacy_block,
S3046001_S_GN-SB-FL-01,S3046001_S_GN10667,0.01131743,brand_unit;legacy_block,
S3046001_S_GN-SB-FL-04,S3046001_S_GN-SB-GE-05,0.04084396,brand_unit;legacy_block,
S3046001_S_GN-SB-FL-04,S3046001_S_GN-SB-GL-01,,brand_unit;legacy_block,
S3046001_S_GN-SB-FL-04,S3046001_S_GN-SB-GL-04,,brand_unit;legacy_block,
S3046001_S_GN-SB-FL-04,S3046001_S_GN-SB-GM-01,,brand_unit;legacy_block,
S3046001_S_GN-SB-FL-04,S3046001_S_GN-SB-GM-04,,brand_unit;legacy_block,
S3046001_S_GN-SB-FL-04,S3046001_S_GN-SB-GR-01,,brand_unit;legacy_block,
S3046001_S_GN-SB-FL-04,S3046001_S_GN-SB-GR-04,,brand_unit;legacy_block,
S3046001_S_GN-SB-FL-04,S3046001_S_GN-SB-KE-01,0.44815746,brand_unit;legacy_block,
S3046001_S_GN-SB-FL-04,S3046001_S_GN-SB-LA-01,0.99670772,brand_unit;legacy_block,
S3046001_S_GN-SB-FL-04,S3046001_S_GN-SB-LA-04,0.99886532,brand_unit;legacy_block,
S3046001_S_GN-SB-FL-04,S3046001_S_GN-SB-LE-01,,brand_unit;legacy_block,
S3046001_S_GN-SB-FL-04,S3046001_S_GN-SB-LE-04,,brand_unit;legacy_block,
S3046001_S_GN-SB-FL-04,S3046001_S_GN-SB-MA-01,,brand_unit;legacy_block,
S3046001_S_GN-SB-FL-04,S3046001_S_GN-SB-MA-04,,brand_unit;legacy_block,
S3046001_S_GN-SB-FL-04,S3046001_S_GN-SB-NE-01,,brand_unit;legacy_block,
S3046001_S_GN-SB-FL-04,S3046001_S_GN-SB-NE-04,,brand_unit;legacy_block,
S3046001_S_GN-SB-FL-04,S3046001_S_GN-SB-NO-05,0.03217420,brand_unit;legacy_block,
S3046001_S_GN-SB-FL-04,S3046001_S_GN-SB-OO-01,,brand_unit;legacy_block,
S3046001_S_GN-SB-FL-04,S3046001_S_GN-SB-OO-04,,brand_unit;legacy_block,
S3046001_S_GN-SB-FL-04,S3046001_S_GN-SB-PF-05,0.86288742,brand_unit;legacy_block,
S3046001_S_GN-SB-FL-04,S3046001_S_GN-SB-PL-01,0.97755892,brand_unit;legacy_block,
S3046001_S_GN-SB-FL-04,S3046001_S_GN-SB-PL-04,,brand_unit;legacy_block,
S3046001_S_GN-SB-FL-04,S3046001_S_GN-SB-PO-01,,brand_unit;legacy_block,
S3046001_S_GN-SB-FL-04,S3046001_S_GN-SB-PP-05,0.20338388,brand_unit;legacy_block,
S3046001_S_GN-SB-FL-04,S3046001_S_GN-SB-RO-01,,brand_unit;legacy_block,
S3046001_S_GN-SB-FL-04,S3046001_S_GN-SB-RO-04,,brand_unit;legacy_block,
S3046001_S_GN-SB-FL-04,S3046001_S_GN-SB-RS-01,,brand_unit;legacy_block,
S3046001_S_GN-SB-FL-04,S3046001_S_GN-SB-RS-04,,brand_unit;legacy_block,
S3046001_S_GN-SB-FL-04,S3046001_S_GN-SB-SB-01,,brand_unit;legacy_block,
S3046001_S_GN-SB-FL-04,S3046001_S_GN-SB-SB-04,,brand_unit;legacy_block,
S3046001_S_GN-SB-FL-04,S3046001_S_GN-SB-SJ-01,0.26373622,brand_unit;legacy_block,
S3046001_S_GN-SB-FL-04,S3046001_S_GN-SB-SJ-04,0.53885104,brand_unit;legacy_block,
S3046001_S_GN-SB-FL-04,S3046001_S_GN-SB-SS-01,0.50892448,brand_unit;legacy_block,
S3046001_S_GN-SB-FL-04,S3046001_S_GN-SB-SS-04,0.06229184,brand_unit;legacy_block,
S3046001_S_GN-SB-FL-04,S3046001_S_GN-SB-SW-04,0.01333640,brand_unit;legacy_block;semantic_topk,0.71945798
S3046001_S_GN-SB-FL-04,S3046001_S_GN-SB-TA-01,,brand_unit;legacy_block,
S3046001_S_GN-SB-FL-04,S3046001_S_GN-SB-TA-04,,brand_unit;legacy_block,
S3046001_S_GN-SB-FL-04,S3046001_S_GN-SB-TM-01,,brand_unit;legacy_block,
S3046001_S_GN-SB-FL-04,S3046001_S_GN-SB-TM-04,,brand_unit;legacy_block;semantic_topk,0.71682310
S3046001_S_GN-SB-FL-04,S3046001_S_GN-SB-TT-01,,brand_unit;legacy_block,
S3046001_S_GN-SB-FL-04,S3046001_S_GN-SB-TT-04,,brand_unit;legacy_block,
S3046001_S_GN-SB-FL-04,S3046001_S_GN-SB-TU-01,0.26373622,brand_unit;legacy_block,
S3046001_S_GN-SB-FL-04,S3046001_S_GN-SB-TU-04,,brand_unit;legacy_block,
S3046001_S_GN-SB-FL-04,S3046001_S_GN-SB-WP-01,0.58814597,brand_unit;legacy_block,
S3046001_S_GN-SB-FL-04,S3046001_S_GN-SB-WP-04,0.07298232,brand_unit;legacy_block,
S3046001_S_GN-SB-FL-04,S3046001_S_GN10667,0.01991310,brand_unit;legacy_block,
S3046001_S_GN-SB-GE-05,S3046001_S_GN-SB-GL-01,0.11349699,brand_unit;legacy_block,
S3046001_S_GN-SB-GE-05,S3046001_S_GN-SB-GL-04,,brand_unit;legacy_block,
S3046001_S_GN-SB-GE-05,S3046001_S_GN-SB-GM-01,0.00706912,brand_unit;legacy_block,
S3046001_S_GN-SB-GE-05,S3046001_S_GN-SB-GM-04,0.29468617,brand_unit;legacy_block,
S3046001_S_GN-SB-GE-05,S3046001_S_GN-SB-GR-01,0.11349699,brand_unit;legacy_block,
S3046001_S_GN-SB-GE-05,S3046001_S_GN-SB-GR-04,0.28440512,brand_unit;legacy_block,
S3046001_S_GN-SB-GE-05,S3046001_S_GN-SB-KE-01,0.01261509,brand_unit;legacy_block,
S3046001_S_GN-SB-GE-05,S3046001_S_GN-SB-LA-01,0.11349699,brand_unit;legacy_block,
S3046001_S_GN-SB-GE-05,S3046001_S_GN-SB-LA-04,0.28440512,brand_unit;legacy_block,
S3046001_S_GN-SB-GE-05,S3046001_S_GN-SB-LE-01,,brand_unit;legacy_block,
S3046001_S_GN-SB-GE-05,S3046001_S_GN-SB-LE-04,,brand_unit;legacy_block,
S3046001_S_GN-SB-GE-05,S3046001_S_GN-SB-MA-01,,brand_unit;legacy_block,
S3046001_S_GN-SB-GE-05,S3046001_S_GN-SB-MA-04,,brand_unit;legacy_block,
S3046001_S_GN-SB-GE-05,S3046001_S_GN-SB-NE-01,0.12915178,brand_unit;legacy_block,
S3046001_S_GN-SB-GE-05,S3046001_S_GN-SB-NE-04,0.28440512,brand_unit;legacy_block,
S3046001_S_GN-SB-GE-05,S3046001_S_GN-SB-NO-05,0.19279956,brand_unit;legacy_block,
S3046001_S_GN-SB-GE-05,S3046001_S_GN-SB-OO-01,,brand_unit;legacy_block,
S3046001_S_GN-SB-GE-05,S3046001_S_GN-SB-OO-04,,brand_unit;legacy_block,
S3046001_S_GN-SB-GE-05,S3046001_S_GN-SB-PF-05,0.18002903,brand_unit;legacy_block,
S3046001_S_GN-SB-GE-05,S3046001_S_GN-SB-PL-01,,brand_unit;legacy_block,
S3046001_S_GN-SB-GE-05,S3046001_S_GN-SB-PL-04,,brand_unit;legacy_block,
S3046001_S_GN-SB-GE-05,S3046001_S_GN-SB-PO-01,0.08486371,brand_unit;legacy_block,
S3046001_S_GN-SB-GE-05,S3046001_S_GN-SB-PP-05,0.03383243,brand_unit;legacy_block,
S3046001_S_GN-SB-GE-05,S3046001_S_GN-SB-RO-01,0.15773936,brand_unit;legacy_block,
S3046001_S_GN-SB-GE-05,S3046001_S_GN-SB-RO-04,0.28440512,brand_unit;legacy_block,
S3046001_S_GN-SB-GE-05,S3046001_S_GN-SB-RS-01,,brand_unit;legacy_block,
S3046001_S_GN-SB-GE-05,S3046001_S_GN-SB-RS-04,,brand_unit;legacy_block,
S3046001_S_GN-SB-GE-05,S3046001_S_GN-SB-SB-01,,brand_unit;legacy_block,
S3046001_S_GN-SB-GE-05,S3046001_S_GN-SB-SB-04,0.28440512,brand_unit;legacy_block,
S3046001_S_GN-SB-GE-05,S3046001_S_GN-SB-SJ-01,0.15773936,brand_unit;legacy_block,
S3046001_S_GN-SB-GE-05,S3046001_S_GN-SB-SJ-04,0.28440512,brand_unit;legacy_block,
S3046001_S_GN-SB-GE-05,S3046001_S_GN-SB-SS-01,0.01293185,brand_unit;legacy_block,
S3046001_S_GN-SB-GE-05,S3046001_S_GN-SB-SS-04,0.00545879,brand_unit;legacy_block,
S3046001_S_GN-SB-GE-05,S3046001_S_GN-SB-SW-04,0.03908577,brand_unit;legacy_block,
S3046001_S_GN-SB-GE-05,S3046001_S_GN-SB-TA-01,0.13655257,brand_unit;legacy_block,
S3046001_S_GN-SB-GE-05,S3046001_S_GN-SB-TA-04,0.26587911,brand_unit;legacy_block,
S3046001_S_GN-SB-GE-05,S3046001_S_GN-SB-TM-01,,brand_unit;legacy_block,
S3046001_S_GN-SB-GE-05,S3046001_S_GN-SB-TM-04,,brand_unit;legacy_block,
S3046001_S_GN-SB-GE-05,S3046001_S_GN-SB-TT-01,0.13363474,brand_unit;legacy_block,
S3046001_S_GN-SB-GE-05,S3046001_S_GN-SB-TT-04,0.28440512,brand_unit;legacy_block,
S3046001_S_GN-SB-GE-05,S3046001_S_GN-SB-TU-01,0.17495332,brand_unit;legacy_block,
S3046001_S_GN-SB-GE-05,S3046001_S_GN-SB-TU-04,,brand_unit;legacy_block,
S3046001_S_GN-SB-GE-05,S3046001_S_GN-SB-WP-01,,brand_unit;legacy_block,
S3046001_S_GN-SB-GE-05,S3046001_S_GN-SB-WP-04,0.00549947,brand_unit;legacy_block,
S3046001_S_GN-SB-GE-05,S3046001_S_GN10667,0.39337393,brand_unit;legacy_block,
S3046001_S_GN-SB-GL-01,S3046001_S_GN-SB-GL-04,,brand_unit;legacy_block;semantic_topk,0.46159145
S3046001_S_GN-SB-GL-01,S3046001_S_GN-SB-GM-01,,brand_unit;legacy_block;semantic_topk,0.50899351
S3046001_S_GN-SB-GL-01,S3046001_S_GN-SB-GM-04,,brand_unit;legacy_block,
S3046001_S_GN-SB-GL-01,S3046001_S_GN-SB-GR-01,,brand_unit;legacy_block;semantic_topk,0.58760256
S3046001_S_GN-SB-GL-01,S3046001_S_GN-SB-GR-04,,brand_unit;legacy_block,
S3046001_S_GN-SB-GL-01,S3046001_S_GN-SB-KE-01,0.00986415,brand_unit;legacy_block,
S3046001_S_GN-SB-GL-01,S3046001_S_GN-SB-LA-01,,brand_unit;legacy_block;semantic_topk,0.47258592
S3046001_S_GN-SB-GL-01,S3046001_S_GN-SB-LA-04,,brand_unit;legacy_block,
S3046001_S_GN-SB-GL-01,S3046001_S_GN-SB-LE-01,,brand_unit;legacy_block;semantic_topk,0.61219412
S3046001_S_GN-SB-GL-01,S3046001_S_GN-SB-LE-04,,brand_unit;legacy_block,
S3046001_S_GN-SB-GL-01,S3046001_S_GN-SB-MA-01,,brand_unit;legacy_block;semantic_topk,0.60118419
S3046001_S_GN-SB-GL-01,S3046001_S_GN-SB-MA-04,,brand_unit;legacy_block,
S3046001_S_GN-SB-GL-01,S3046001_S_GN-SB-NE-01,,brand_unit;legacy_block;semantic_topk,0.59455079
S3046001_S_GN-SB-GL-01,S3046001_S_GN-SB-NE-04,,brand_unit;legacy_block,
S3046001_S_GN-SB-GL-01,S3046001_S_GN-SB-NO-05,0.13453329,brand_unit;legacy_block,
S3046001_S_GN-SB-GL-01,S3046001_S_GN-SB-OO-01,,brand_unit;legacy_block;semantic_topk,0.62012541
S3046001_S_GN-SB-GL-01,S3046001_S_GN-SB-OO-04,,brand_unit;legacy_block,
S3046001_S_GN-SB-GL-01,S3046001_S_GN-SB-PF-05,0.03060808,brand_unit;legacy_block,
S3046001_S_GN-SB-GL-01,S3046001_S_GN-SB-PL-01,,brand_unit;legacy_block;semantic_topk,0.57774657
S3046001_S_GN-SB-GL-01,S3046001_S_GN-SB-PL-04,,brand_unit;legacy_block,
S3046001_S_GN-SB-GL-01,S3046001_S_GN-SB-PO-01,,brand_unit;legacy_block,
S3046001_S_GN-SB-GL-01,S3046001_S_GN-SB-PP-05,0.35161611,brand_unit;legacy_block,
S3046001_S_GN-SB-GL-01,S3046001_S_GN-SB-RO-01,,brand_unit;legacy_block,
S3046001_S_GN-SB-GL-01,S3046001_S_GN-SB-RO-04,,brand_unit;legacy_block,
S3046001_S_GN-SB-GL-01,S3046001_S_GN-SB-RS-01,,brand_unit;legacy_block,
S3046001_S_GN-SB-GL-01,S3046001_S_GN-SB-RS-04,,brand_unit;legacy_block,
S3046001_S_GN-SB-GL-01,S3046001_S_GN-SB-SB-01,,brand_unit;legacy_block,
S3046001_S_GN-SB-GL-01,S3046001_S_GN-SB-SB-04,0.08148351,brand_unit;legacy_block,
S3046001_S_GN-SB-GL-01,S3046001_S_GN-SB-SJ-01,0.01571642,brand_unit;legacy_block,
S3046001_S_GN-SB-GL-01,S3046001_S_GN-SB-SJ-04,0.02369197,brand_unit;legacy_block,
S3046001_S_GN-SB-GL-01,S3046001_S_GN-SB-SS-01,0.68085589,brand_unit;legacy_block,
S3046001_S_GN-SB-GL-01,S3046001_S_GN-SB-SS-04,0.04741162,brand_unit;legacy_block,
S3046001_S_GN-SB-GL-01,S3046001_S_GN-SB-SW-04,0.75349684,brand_unit;legacy_block,
S3046001_S_GN-SB-GL-01,S3046001_S_GN-SB-TA-01,,brand_unit;legacy_block;semantic_topk,0.55989045
S3046001_S_GN-SB-GL-01,S3046001_S_GN-SB-TA-04,,brand_unit;legacy_block,
S3046001_S_GN-SB-GL-01,S3046001_S_GN-SB-TM-01,0.74275580,brand_unit;legacy_block,
S3046001_S_GN-SB-GL-01,S3046001_S_GN-SB-TM-04,0.67494413,brand_unit;legacy_block,
S3046001_S_GN-SB-GL-01,S3046001_S_GN-SB-TT-01,,brand_unit;legacy_block;semantic_topk,0.45372626
S3046001_S_GN-SB-GL-01,S3046001_S_GN-SB-TT-04,,brand_unit;legacy_block,
S3046001_S_GN-SB-GL-01,S3046001_S_GN-SB-TU-01,0.01571642,brand_unit;legacy_block,
S3046001_S_GN-SB-GL-01,S3046001_S_GN-SB-TU-04,0.07100675,brand_unit;legacy_block,
S3046001_S_GN-SB-GL-01,S3046001_S_GN-SB-WP-01,0.00476147,brand_unit;legacy_block,
S3046001_S_GN-SB-GL-01,S3046001_S_GN-SB-WP-04,0.06836745,brand_unit;legacy_block,
S3046001_S_GN-SB-GL-01,S3046001_S_GN10667,0.21408203,brand_unit;legacy_block,
S3046001_S_GN-SB-GL-04,S3046001_S_GN-SB-GM-01,,brand_unit;legacy_block,
S3046001_S_GN-SB-GL-04,S3046001_S_GN-SB-GM-04,,brand_unit;legacy_block,
S3046001_S_GN-SB-GL-04,S3046001_S_GN-SB-GR-01,,brand_unit;legacy_block,
S3046001_S_GN-SB-GL-04,S3046001_S_GN-SB-GR-04,,brand_unit;legacy_block;semantic_topk,0.63465273
S3046001_S_GN-SB-GL-04,S3046001_S_GN-SB-KE-01,0.03013748,brand_unit;legacy_block,
S3046001_S_GN-SB-GL-04,S3046001_S_GN-SB-LA-01,,brand_unit;legacy_block,
S3046001_S_GN-SB-GL-04,S3046001_S_GN-SB-LA-04,,brand_unit;legacy_block,
S3046001_S_GN-SB-GL-04,S3046001_S_GN-SB-LE-01,0.17335854,brand_unit;legacy_block,
S3046001_S_GN-SB-GL-04,S3046001_S_GN-SB-LE-04,0.11957466,brand_unit;legacy_block;semantic_topk,0.69455522
S3046001_S_GN-SB-GL-04,S3046001_S_GN-SB-MA-01,,brand_unit;legacy_block,
S3046001_S_GN-SB-GL-04,S3046001_S_GN-SB-MA-04,,brand_unit;legacy_block;semantic_topk,0.60628808
S3046001_S_GN-SB-GL-04,S3046001_S_GN-SB-NE-01,,brand_unit;legacy_block,
S3046001_S_GN-SB-GL-04,S3046001_S_GN-SB-NE-04,,brand_unit;legacy_block;semantic_topk,0.64442843
S3046001_S_GN-SB-GL-04,S3046001_S_GN-SB-NO-05,0.45075506,brand_unit;legacy_block,
S3046001_S_GN-SB-GL-04,S3046001_S_GN-SB-OO-01,,brand_unit;legacy_block,
S3046001_S_GN-SB-GL-04,S3046001_S_GN-SB-OO-04,,brand_unit;legacy_block;semantic_topk,0.64278197
S3046001_S_GN-SB-GL-04,S3046001_S_GN-SB-PF-05,0.30457793,brand_unit;legacy_block,
S3046001_S_GN-SB-GL-04,S3046001_S_GN-SB-PL-01,,brand_unit;legacy_block,
S3046001_S_GN-SB-GL-04,S3046001_S_GN-SB-PL-04,0.04714232,brand_unit;legacy_block,
S3046001_S_GN-SB-GL-04,S3046001_S_GN-SB-PO-01,,brand_unit;legacy_block,
S3046001_S_GN-SB-GL-04,S3046001_S_GN-SB-PP-05,0.39646842,brand_unit;legacy_block,
S3046001_S_GN-SB-GL-04,S3046001_S_GN-SB-RO-01,,brand_unit;legacy_block,
S3046001_S_GN-SB-GL-04,S3046001_S_GN-SB-RO-04,,brand_unit;legacy_block;semantic_topk,0.61743641
S3046001_S_GN-SB-GL-04,S3046001_S_GN-SB-RS-01,,brand_unit;legacy_block,
S3046001_S_GN-SB-GL-04,S3046001_S_GN-SB-RS-04,,brand_unit;legacy_block;semantic_topk,0.63462901
S3046001_S_GN-SB-GL-04,S3046001_S_GN-SB-SB-01,,brand_unit;legacy_block,
S3046001_S_GN-SB-GL-04,S3046001_S_GN-SB-SB-04,,brand_unit;legacy_block;semantic_topk,0.63129836
S3046001_S_GN-SB-GL-04,S3046001_S_GN-SB-SJ-01,0.25525637,brand_unit;legacy_block,
S3046001_S_GN-SB-GL-04,S3046001_S_GN-SB-SJ-04,0.11953214,brand_unit;legacy_block,
S3046001_S_GN-SB-GL-04,S3046001_S_GN-SB-SS-01,0.05223377,brand_unit;legacy_block,
S3046001_S_GN-SB-GL-04,S3046001_S_GN-SB-SS-04,0.03238677,brand_unit;legacy_block,
S3046001_S_GN-SB-GL-04,S3046001_S_GN-SB-SW-04,0.42830702,brand_unit;legacy_block,
S3046001_S_GN-SB-GL-04,S3046001_S_GN-SB-TA-01,,brand_unit;legacy_block,
S3046001_S_GN-SB-GL-04,S3046001_S_GN-SB-TA-04,,brand_unit;legacy_block;semantic_topk,0.67040443
S3046001_S_GN-SB-GL-04,S3046001_S_GN-SB-TM-01,,brand_unit;legacy_block,
S3046001_S_GN-SB-GL-04,S3046001_S_GN-SB-TM-04,,brand_unit;legacy_block,
S3046001_S_GN-SB-GL-04,S3046001_S_GN-SB-TT-01,,brand_unit;legacy_block,
S3046001_S_GN-SB-GL-04,S3046001_S_GN-SB-TT-04,,brand_unit;legacy_block,
S3046001_S_GN-SB-GL-04,S3046001_S_GN-SB-TU-01,0.17086228,brand_unit;legacy_block,
S3046001_S_GN-SB-GL-04,S3046001_S_GN-SB-TU-04,,brand_unit;legacy_block;semantic_topk,0.64224374
S3046001_S_GN-SB-GL-04,S3046001_S_GN-SB-WP-01,,brand_unit;legacy_block,
S3046001_S_GN-SB-GL-04,S3046001_S_GN-SB-WP-04,0.12189644,brand_unit;legacy_block,
S3046001_S_GN-SB-GL-04,S3046001_S_GN10667,,brand_unit;legacy_block,
S3046001_S_GN-SB-GM-01,S3046001_S_GN-SB-GM-04,1.00000000,brand_unit;legacy_block;semantic_topk,0.60325825
S3046001_S_GN-SB-GM-01,S3046001_S_GN-SB-GR-01,0.00649265,brand_unit;legacy_block;semantic_topk,0.53008783
S3046001_S_GN-SB-GM-01,S3046001_S_GN-SB-GR-04,0.03118425,brand_unit;legacy_block,
S3046001_S_GN-SB-GM-01,S3046001_S_GN-SB-KE-01,0.01291646,brand_unit;legacy_block;semantic_topk,0.51346183
S3046001_S_GN-SB-GM-01,S3046001_S_GN-SB-LA-01,,brand_unit;legacy_block;semantic_topk,0.52374864
S3046001_S_GN-SB-GM-01,S3046001_S_GN-SB-LA-04,,brand_unit;legacy_block,
S3046001_S_GN-SB-GM-01,S3046001_S_GN-SB-LE-01,,brand_unit;legacy_block;semantic_topk,0.56222713
S3046001_S_GN-SB-GM-01,S3046001_S_GN-SB-LE-04,,brand_unit;legacy_block,
S3046001_S_GN-SB-GM-01,S3046001_S_GN-SB-MA-01,,brand_unit;legacy_block;semantic_topk,0.56297368
S3046001_S_GN-SB-GM-01,S3046001_S_GN-SB-MA-04,,brand_unit;legacy_block,
S3046001_S_GN-SB-GM-01,S3046001_S_GN-SB-NE-01,0.00609635,brand_unit;legacy_block;semantic_topk,0.54630840
S3046001_S_GN-SB-GM-01,S3046001_S_GN-SB-NE-04,0.03742464,brand_unit;legacy_block,
S3046001_S_GN-SB-GM-01,S3046001_S_GN-SB-NO-05,0.18748039,brand_unit;legacy_block,
S3046001_S_GN-SB-GM-01,S3046001_S_GN-SB-OO-01,0.00649265,brand_unit;legacy_block;semantic_topk,0.56443238
S3046001_S_GN-SB-GM-01,S3046001_S_GN-SB-OO-04,0.03118425,brand_unit;legacy_block,
S3046001_S_GN-SB-GM-01,S3046001_S_GN-SB-PF-05,0.04076451,brand_unit;legacy_block,
S3046001_S_GN-SB-GM-01,S3046001_S_GN-SB-PL-01,,brand_unit;legacy_block;semantic_topk,0.49788067
S3046001_S_GN-SB-GM-01,S3046001_S_GN-SB-PL-04,,brand_unit;legacy_block,
S3046001_S_GN-SB-GM-01,S3046001_S_GN-SB-PO-01,0.05764258,brand_unit;legacy_block,
S3046001_S_GN-SB-GM-01,S3046001_S_GN-SB-PP-05,0.42054918,brand_unit;legacy_block,
S3046001_S_GN-SB-GM-01,S3046001_S_GN-SB-RO-01,0.05764258,brand_unit;legacy_block,
S3046001_S_GN-SB-GM-01,S3046001_S_GN-SB-RO-04,0.03118425,brand_unit;legacy_block,
S3046001_S_GN-SB-GM-01,S3046001_S_GN-SB-RS-01,,brand_unit;legacy_block,
S3046001_S_GN-SB-GM-01,S3046001_S_GN-SB-RS-04,,brand_unit;legacy_block,
S3046001_S_GN-SB-GM-01,S3046001_S_GN-SB-SB-01,0.06118345,brand_unit;legacy_block,
S3046001_S_GN-SB-GM-01,S3046001_S_GN-SB-SB-04,0.03118425,brand_unit;legacy_block,
S3046001_S_GN-SB-GM-01,S3046001_S_GN-SB-SJ-01,0.01846434,brand_unit;legacy_block,
S3046001_S_GN-SB-GM-01,S3046001_S_GN-SB-SJ-04,0.02858916,brand_unit;legacy_block,
S3046001_S_GN-SB-GM-01,S3046001_S_GN-SB-SS-01,0.69647097,brand_unit;legacy_block,
S3046001_S_GN-SB-GM-01,S3046001_S_GN-SB-SS-04,0.05081198,brand_unit;legacy_block,
S3046001_S_GN-SB-GM-01,S3046001_S_GN-SB-SW-04,0.83617027,brand_unit;legacy_block,
S3046001_S_GN-SB-GM-01,S3046001_S_GN-SB-TA-01,0.00609635,brand_unit;legacy_block;semantic_topk,0.52815831
S3046001_S_GN-SB-GM-01,S3046001_S_GN-SB-TA-04,0.03742464,brand_unit;legacy_block,
S3046001_S_GN-SB-GM-01,S3046001_S_GN-SB-TM-01,0.79434459,brand_unit;legacy_block,
S3046001_S_GN-SB-GM-01,S3046001_S_GN-SB-TM-04,0.79525370,brand_unit;legacy_block,
S3046001_S_GN-SB-GM-01,S3046001_S_GN-SB-TT-01,0.01128236,brand_unit;legacy_block,
S3046001_S_GN-SB-GM-01,S3046001_S_GN-SB-TT-04,0.06262629,brand_unit;legacy_block,
S3046001_S_GN-SB-GM-01,S3046001_S_GN-SB-TU-01,0.02127383,brand_unit;legacy_block,
S3046001_S_GN-SB-GM-01,S3046001_S_GN-SB-TU-04,0.03742464,brand_unit;legacy_block,
S3046001_S_GN-SB-GM-01,S3046001_S_GN-SB-WP-01,0.00372881,brand_unit;legacy_block,
S3046001_S_GN-SB-GM-01,S3046001_S_GN-SB-WP-04,0.05331455,brand_unit;legacy_block,
S3046001_S_GN-SB-GM-01,S3046001_S_GN10667,,brand_unit;legacy_block,
S3046001_S_GN-SB-GM-04,S3046001_S_GN-SB-GR-01,0.03984376,brand_unit;legacy_block,
S3046001_S_GN-SB-GM-04,S3046001_S_GN-SB-GR-04,0.09287346,brand_unit;legacy_block;semantic_topk,0.64067882
S3046001_S_GN-SB-GM-04,S3046001_S_GN-SB-KE-01,0.01776203,brand_unit;legacy_block,
S3046001_S_GN-SB-GM-04,S3046001_S_GN-SB-LA-01,,brand_unit;legacy_block,
S3046001_S_GN-SB-GM-04,S3046001_S_GN-SB-LA-04,,brand_unit;legacy_block;semantic_topk,0.58855879
S3046001_S_GN-SB-GM-04,S3046001_S_GN-SB-LE-01,,brand_unit;legacy_block,
S3046001_S_GN-SB-GM-04,S3046001_S_GN-SB-LE-04,,brand_unit;legacy_block;semantic_topk,0.64971292
S3046001_S_GN-SB-GM-04,S3046001_S_GN-SB-MA-01,,brand_unit;legacy_block,
S3046001_S_GN-SB-GM-04,S3046001_S_GN-SB-MA-04,,brand_unit;legacy_block,
S3046001_S_GN-SB-GM-04,S3046001_S_GN-SB-NE-01,0.03091393,brand_unit;legacy_block,
S3046001_S_GN-SB-GM-04,S3046001_S_GN-SB-NE-04,0.10032743,brand_unit;legacy_block;semantic_topk,0.65256816
S3046001_S_GN-SB-GM-04,S3046001_S_GN-SB-NO-05,0.47720730,brand_unit;legacy_block,
S3046001_S_GN-SB-GM-04,S3046001_S_GN-SB-OO-01,0.03984376,brand_unit;legacy_block,
S3046001_S_GN-SB-GM-04,S3046001_S_GN-SB-OO-04,0.09287346,brand_unit;legacy_block;semantic_topk,0.65924865
S3046001_S_GN-SB-GM-04,S3046001_S_GN-SB-PF-05,0.20647180,brand_unit;legacy_block,
S3046001_S_GN-SB-GM-04,S3046001_S_GN-SB-PL-01,,brand_unit;legacy_block,
S3046001_S_GN-SB-GM-04,S3046001_S_GN-SB-PL-04,,brand_unit;legacy_block;semantic_topk,0.42714208
S3046001_S_GN-SB-GM-04,S3046001_S_GN-SB-PO-01,0.55263811,brand_unit;legacy_block,
S3046001_S_GN-SB-GM-04,S3046001_S_GN-SB-PP-05,0.66738250,brand_unit;legacy_block,
S3046001_S_GN-SB-GM-04,S3046001_S_GN-SB-RO-01,0.49937118,brand_unit;legacy_block,
S3046001_S_GN-SB-GM-04,S3046001_S_GN-SB-RO-04,0.09287346,brand_unit;legacy_block;semantic_topk,0.63941830
S3046001_S_GN-SB-GM-04,S3046001_S_GN-SB-RS-01,,brand_unit;legacy_block,
S3046001_S_GN-SB-GM-04,S3046001_S_GN-SB-RS-04,,brand_unit;legacy_block;semantic_topk,0.65086854
S3046001_S_GN-SB-GM-04,S3046001_S_GN-SB-SB-01,0.63647590,brand_unit;legacy_block,
S3046001_S_GN-SB-GM-04,S3046001_S_GN-SB-SB-04,0.09287346,brand_unit;legacy_block;semantic_topk,0.64723682
S3046001_S_GN-SB-GM-04,S3046001_S_GN-SB-SJ-01,0.25525637,brand_unit;legacy_block,
S3046001_S_GN-SB-GM-04,S3046001_S_GN-SB-SJ-04,0.09221847,brand_unit;legacy_block,
S3046001_S_GN-SB-GM-04,S3046001_S_GN-SB-SS-01,0.06718341,brand_unit;legacy_block,
S3046001_S_GN-SB-GM-04,S3046001_S_GN-SB-SS-04,0.02812146,brand_unit;legacy_block,
S3046001_S_GN-SB-GM-04,S3046001_S_GN-SB-SW-04,0.73178390,brand_unit;legacy_block,
S3046001_S_GN-SB-GM-04,S3046001_S_GN-SB-TA-01,0.02719579,brand_unit;legacy_block,
S3046001_S_GN-SB-GM-04,S3046001_S_GN-SB-TA-04,0.10032743,brand_unit;legacy_block;semantic_topk,0.66450113
S3046001_S_GN-SB-GM-04,S3046001_S_GN-SB-TM-01,0.05275140,brand_unit;legacy_block,
S3046001_S_GN-SB-GM-04,S3046001_S_GN-SB-TM-04,0.06442053,brand_unit;legacy_block,
S3046001_S_GN-SB-GM-04,S3046001_S_GN-SB-TT-01,0.05196797,brand_unit;legacy_block,
S3046001_S_GN-SB-GM-04,S3046001_S_GN-SB-TT-04,0.17404927,brand_unit;legacy_block,
S3046001_S_GN-SB-GM-04,S3046001_S_GN-SB-TU-01,0.17086228,brand_unit;legacy_block,
S3046001_S_GN-SB-GM-04,S3046001_S_GN-SB-TU-04,0.10032743,brand_unit;legacy_block;semantic_topk,0.66979474
S3046001_S_GN-SB-GM-04,S3046001_S_GN-SB-WP-01,0.03019524,brand_unit;legacy_block,
S3046001_S_GN-SB-GM-04,S3046001_S_GN-SB-WP-04,0.12189644,brand_unit;legacy_block,
S3046001_S_GN-SB-GM-04,S3046001_S_GN10667,,brand_unit;legacy_block,
S3046001_S_GN-SB-GR-01,S3046001_S_GN-SB-GR-04,1.00000000,brand_unit;legacy_block;semantic_topk,0.57730460
S3046001_S_GN-SB-GR-01,S3046001_S_GN-SB-KE-01,0.00863761,brand_unit;legacy_block;semantic_topk,0.45190305
S3046001_S_GN-SB-GR-01,S3046001_S_GN-SB-LA-01,,brand_unit;legacy_block;semantic_topk,0.51380020
S3046001_S_GN-SB-GR-01,S3046001_S_GN-SB-LA-04,,brand_unit;legacy_block,
S3046001_S_GN-SB-GR-01,S3046001_S_GN-SB-LE-01,,brand_unit;legacy_block;semantic_topk,0.66471791
S3046001_S_GN-SB-GR-01,S3046001_S_GN-SB-LE-04,,brand_unit;legacy_block,
S3046001_S_GN-SB-GR-01,S3046001_S_GN-SB-MA-01,0.00072878,brand_unit;legacy_block;semantic_topk,0.60280275
S3046001_S_GN-SB-GR-01,S3046001_S_GN-SB-MA-04,0.01500582,brand_unit;legacy_block,
S3046001_S_GN-SB-GR-01,S3046001_S_GN-SB-NE-01,,brand_unit;legacy_block;semantic_topk,0.63256854
S3046001_S_GN-SB-GR-01,S3046001_S_GN-SB-NE-04,,brand_unit;legacy_block,
S3046001_S_GN-SB-GR-01,S3046001_S_GN-SB-NO-05,0.13453329,brand_unit;legacy_block,
S3046001_S_GN-SB-GR-01,S3046001_S_GN-SB-OO-01,,brand_unit;legacy_block;semantic_topk,0.69088465
S3046001_S_GN-SB-GR-01,S3046001_S_GN-SB-OO-04,,brand_unit;legacy_block,
S3046001_S_GN-SB-GR-01,S3046001_S_GN-SB-PF-05,0.02104428,brand_unit;legacy_block,
S3046001_S_GN-SB-GR-01,S3046001_S_GN-SB-PL-01,,brand_unit;legacy_block;semantic_topk,0.56683683
S3046001_S_GN-SB-GR-01,S3046001_S_GN-SB-PL-04,,brand_unit;legacy_block,
S3046001_S_GN-SB-GR-01,S3046001_S_GN-SB-PO-01,,brand_unit;legacy_block,
S3046001_S_GN-SB-GR-01,S3046001_S_GN-SB-PP-05,0.31395167,brand_unit;legacy_block,
S3046001_S_GN-SB-GR-01,S3046001_S_GN-SB-RO-01,,brand_unit;legacy_block,
S3046001_S_GN-SB-GR-01,S3046001_S_GN-SB-RO-04,,brand_unit;legacy_block,
S3046001_S_GN-SB-GR-01,S3046001_S_GN-SB-RS-01,,brand_unit;legacy_block,
S3046001_S_GN-SB-GR-01,S3046001_S_GN-SB-RS-04,,brand_unit;legacy_block,
S3046001_S_GN-SB-GR-01,S3046001_S_GN-SB-SB-01,,brand_unit;legacy_block,
S3046001_S_GN-SB-GR-01,S3046001_S_GN-SB-SB-04,,brand_unit;legacy_block,
S3046001_S_GN-SB-GR-01,S3046001_S_GN-SB-SJ-01,0.01511370,brand_unit;legacy_block,
S3046001_S_GN-SB-GR-01,S3046001_S_GN-SB-SJ-04,0.02847713,brand_unit;legacy_block,
S3046001_S_GN-SB-GR-01,S3046001_S_GN-SB-SS-01,0.44191694,brand_unit;legacy_block,
S3046001_S_GN-SB-GR-01,S3046001_S_GN-SB-SS-04,0.06361947,brand_unit;legacy_block,
S3046001_S_GN-SB-GR-01,S3046001_S_GN-SB-SW-04,0.63351918,brand_unit;legacy_block,
S3046001_S_GN-SB-GR-01,S3046001_S_GN-SB-TA-01,,brand_unit;legacy_block;semantic_topk,0.59567195
S3046001_S_GN-SB-GR-01,S3046001_S_GN-SB-TA-04,,brand_unit;legacy_block,
S3046001_S_GN-SB-GR-01,S3046001_S_GN-SB-TM-01,,brand_unit;legacy_block,
S3046001_S_GN-SB-GR-01,S3046001_S_GN-SB-TM-04,,brand_unit;legacy_block,
S3046001_S_GN-SB-GR-01,S3046001_S_GN-SB-TT-01,,brand_unit;legacy_block;semantic_topk,0.47973287
S3046001_S_GN-SB-GR-01,S3046001_S_GN-SB-TT-04,,brand_unit;legacy_block,
S3046001_S_GN-SB-GR-01,S3046001_S_GN-SB-TU-01,0.00700714,brand_unit;legacy_block,
S3046001_S_GN-SB-GR-01,S3046001_S_GN-SB-TU-04,,brand_unit;legacy_block,
S3046001_S_GN-SB-GR-01,S3046001_S_GN-SB-WP-01,0.00406187,brand_unit;legacy_block;semantic_topk,0.43503380
S3046001_S_GN-SB-GR-01,S3046001_S_GN-SB-WP-04,0.02648817,brand_unit;legacy_block,
S3046001_S_GN-SB-GR-01,S3046001_S_GN10667,0.11292559,brand_unit;legacy_block,
S3046001_S_GN-SB-GR-04,S3046001_S_GN-SB-KE-01,0.01171653,brand_unit;legacy_block,
S3046001_S_GN-SB-GR-04,S3046001_S_GN-SB-LA-01,,brand_unit;legacy_block,
S3046001_S_GN-SB-GR-04,S3046001_S_GN-SB-LA-04,,brand_unit;legacy_block;semantic_topk,0.59794432
S3046001_S_GN-SB-GR-04,S3046001_S_GN-SB-LE-01,,brand_unit;legacy_block,
S3046001_S_GN-SB-GR-04,S3046001_S_GN-SB-LE-04,,brand_unit;legacy_block;semantic_topk,0.74997783
S3046001_S_GN-SB-GR-04,S3046001_S_GN-SB-MA-01,0.01776203,brand_unit;legacy_block,
S3046001_S_GN-SB-GR-04,S3046001_S_GN-SB-MA-04,0.03160423,brand_unit;legacy_block;semantic_topk,0.66081661
S3046001_S_GN-SB-GR-04,S3046001_S_GN-SB-NE-01,,brand_unit;legacy_block,
S3046001_S_GN-SB-GR-04,S3046001_S_GN-SB-NE-04,,brand_unit;legacy_block;semantic_topk,0.73057997
S3046001_S_GN-SB-GR-04,S3046001_S_GN-SB-NO-05,0.35901021,brand_unit;legacy_block,
S3046001_S_GN-SB-GR-04,S3046001_S_GN-SB-OO-01,,brand_unit;legacy_block,
S3046001_S_GN-SB-GR-04,S3046001_S_GN-SB-OO-04,,brand_unit;legacy_block;semantic_topk,0.75710118
S3046001_S_GN-SB-GR-04,S3046001_S_GN-SB-PF-05,0.19323382,brand_unit;legacy_block,
S3046001_S_GN-SB-GR-04,S3046001_S_GN-SB-PL-01,,brand_unit;legacy_block,
S3046001_S_GN-SB-GR-04,S3046001_S_GN-SB-PL-04,,brand_unit;legacy_block;semantic_topk,0.43550107
S3046001_S_GN-SB-GR-04,S3046001_S_GN-SB-PO-01,,brand_unit;legacy_block,
S3046001_S_GN-SB-GR-04,S3046001_S_GN-SB-PP-05,0.61076111,brand_unit;legacy_block,
S3046001_S_GN-SB-GR-04,S3046001_S_GN-SB-RO-01,,brand_unit;legacy_block,
S3046001_S_GN-SB-GR-04,S3046001_S_GN-SB-RO-04,,brand_unit;legacy_block;semantic_topk,0.72693074
S3046001_S_GN-SB-GR-04,S3046001_S_GN-SB-RS-01,,brand_unit;legacy_block,
S3046001_S_GN-SB-GR-04,S3046001_S_GN-SB-RS-04,,brand_unit;legacy_block;semantic_topk,0.73830670
S3046001_S_GN-SB-GR-04,S3046001_S_GN-SB-SB-01,,brand_unit;legacy_block,
S3046001_S_GN-SB-GR-04,S3046001_S_GN-SB-SB-04,,brand_unit;legacy_block;semantic_topk,0.74863696
S3046001_S_GN-SB-GR-04,S3046001_S_GN-SB-SJ-01,0.40912279,brand_unit;legacy_block,
S3046001_S_GN-SB-GR-04,S3046001_S_GN-SB-SJ-04,0.05643641,brand_unit;legacy_block;semantic_topk,0.65992463
S3046001_S_GN-SB-GR-04,S3046001_S_GN-SB-SS-01,0.04974601,brand_unit;legacy_block,
S3046001_S_GN-SB-GR-04,S3046001_S_GN-SB-SS-04,0.03584600,brand_unit;legacy_block,
S3046001_S_GN-SB-GR-04,S3046001_S_GN-SB-SW-04,0.70843883,brand_unit;legacy_block,
S3046001_S_GN-SB-GR-04,S3046001_S_GN-SB-TA-01,,brand_unit;legacy_block,
S3046001_S_GN-SB-GR-04,S3046001_S_GN-SB-TA-04,,brand_unit;legacy_block;semantic_topk,0.72609389
S3046001_S_GN-SB-GR-04,S3046001_S_GN-SB-TM-01,,brand_unit;legacy_block,
S3046001_S_GN-SB-GR-04,S3046001_S_GN-SB-TM-04,,brand_unit;legacy_block,
S3046001_S_GN-SB-GR-04,S3046001_S_GN-SB-TT-01,,brand_unit;legacy_block,
S3046001_S_GN-SB-GR-04,S3046001_S_GN-SB-TT-04,,brand_unit;legacy_block;semantic_topk,0.66645527
S3046001_S_GN-SB-GR-04,S3046001_S_GN-SB-TU-01,0.29798306,brand_unit;legacy_block,
S3046001_S_GN-SB-GR-04,S3046001_S_GN-SB-TU-04,,brand_unit;legacy_block;semantic_topk,0.73991793
S3046001_S_GN-SB-GR-04,S3046001_S_GN-SB-WP-01,0.02363744,brand_unit;legacy_block,
S3046001_S_GN-SB-GR-04,S3046001_S_GN-SB-WP-04,0.05798235,brand_unit;legacy_block;semantic_topk,0.62110758
S3046001_S_GN-SB-GR-04,S3046001_S_GN10667,0.18252810,brand_unit;legacy_block,
S3046001_S_GN-SB-KE-01,S3046001_S_GN-SB-LA-01,0.00863761,brand_unit;legacy_block;semantic_topk,0.46003377
S3046001_S_GN-SB-KE-01,S3046001_S_GN-SB-LA-04,0.01996548,brand_unit;legacy_block,
S3046001_S_GN-SB-KE-01,S3046001_S_GN-SB-LE-01,0.00835642,brand_unit;legacy_block;semantic_topk,0.47318229
S3046001_S_GN-SB-KE-01,S3046001_S_GN-SB-LE-04,0.01171653,brand_unit;legacy_block,
S3046001_S_GN-SB-KE-01,S3046001_S_GN-SB-MA-01,0.00782029,brand_unit;legacy_block;semantic_topk,0.48119983
S3046001_S_GN-SB-KE-01,S3046001_S_GN-SB-MA-04,0.01776203,brand_unit;legacy_block,
S3046001_S_GN-SB-KE-01,S3046001_S_GN-SB-NE-01,0.00952411,brand_unit;legacy_block;semantic_topk,0.46175158
S3046001_S_GN-SB-KE-01,S3046001_S_GN-SB-NE-04,0.01171653,brand_unit;legacy_block,
S3046001_S_GN-SB-KE-01,S3046001_S_GN-SB-NO-05,0.54494867,brand_unit;legacy_block,
S3046001_S_GN-SB-KE-01,S3046001_S_GN-SB-OO-01,0.00684613,brand_unit;legacy_block;semantic_topk,0.48203546
S3046001_S_GN-SB-KE-01,S3046001_S_GN-SB-OO-04,0.01171653,brand_unit;legacy_block,
S3046001_S_GN-SB-KE-01,S3046001_S_GN-SB-PF-05,0.41514080,brand_unit;legacy_block,
S3046001_S_GN-SB-KE-01,S3046001_S_GN-SB-PL-01,0.01627039,brand_unit;legacy_block,
S3046001_S_GN-SB-KE-01,S3046001_S_GN-SB-PL-04,0.07741491,brand_unit;legacy_block,
S3046001_S_GN-SB-KE-01,S3046001_S_GN-SB-PO-01,0.02227202,brand_unit;legacy_block,
S3046001_S_GN-SB-KE-01,S3046001_S_GN-SB-PP-05,0.51846534,brand_unit;legacy_block,
S3046001_S_GN-SB-KE-01,S3046001_S_GN-SB-RO-01,0.02022319,brand_unit;legacy_block,
S3046001_S_GN-SB-KE-01,S3046001_S_GN-SB-RO-04,0.01171653,brand_unit;legacy_block,
S3046001_S_GN-SB-KE-01,S3046001_S_GN-SB-RS-01,0.04784819,brand_unit;legacy_block,
S3046001_S_GN-SB-KE-01,S3046001_S_GN-SB-RS-04,0.01171653,brand_unit;legacy_block,
S3046001_S_GN-SB-KE-01,S3046001_S_GN-SB-SB-01,0.04636626,brand_unit;legacy_block,
S3046001_S_GN-SB-KE-01,S3046001_S_GN-SB-SB-04,0.01171653,brand_unit;legacy_block,
S3046001_S_GN-SB-KE-01,S3046001_S_GN-SB-SJ-01,0.17335249,brand_unit;legacy_block,
S3046001_S_GN-SB-KE-01,S3046001_S_GN-SB-SJ-04,0.07299203,brand_unit;legacy_block,
S3046001_S_GN-SB-KE-01,S3046001_S_GN-SB-SS-01,0.52120515,brand_unit;legacy_block,
S3046001_S_GN-SB-KE-01,S3046001_S_GN-SB-SS-04,0.08196196,brand_unit;legacy_block,
S3046001_S_GN-SB-KE-01,S3046001_S_GN-SB-SW-04,0.71117021,brand_unit;legacy_block,
S3046001_S_GN-SB-KE-01,S3046001_S_GN-SB-TA-01,0.00244369,brand_unit;legacy_block;semantic_topk,0.61356854
S3046001_S_GN-SB-KE-01,S3046001_S_GN-SB-TA-04,0.01171653,brand_unit;legacy_block;semantic_topk,0.45978090
S3046001_S_GN-SB-KE-01,S3046001_S_GN-SB-TM-01,0.48752242,brand_unit;legacy_block,
S3046001_S_GN-SB-KE-01,S3046001_S_GN-SB-TM-04,0.52420275,brand_unit;legacy_block,
S3046001_S_GN-SB-KE-01,S3046001_S_GN-SB-TT-01,0.00755017,brand_unit;legacy_block;semantic_topk,0.50646490
S3046001_S_GN-SB-KE-01,S3046001_S_GN-SB-TT-04,0.01996548,brand_unit;legacy_block,
S3046001_S_GN-SB-KE-01,S3046001_S_GN-SB-TU-01,0.09804370,brand_unit;legacy_block,
S3046001_S_GN-SB-KE-01,S3046001_S_GN-SB-TU-04,0.01171653,brand_unit;legacy_block,
S3046001_S_GN-SB-KE-01,S3046001_S_GN-SB-WP-01,0.00821198,brand_unit;legacy_block;semantic_topk,0.49151859
S3046001_S_GN-SB-KE-01,S3046001_S_GN-SB-WP-04,0.11512186,brand_unit;legacy_block,
S3046001_S_GN-SB-KE-01,S3046001_S_GN10667,0.17340472,brand_unit;legacy_block,
S3046001_S_GN-SB-LA-01,S3046001_S_GN-SB-LA-04,1.00000000,brand_unit;legacy_block;semantic_topk,0.54559785
S3046001_S_GN-SB-LA-01,S3046001_S_GN-SB-LE-01,,brand_unit;legacy_block;semantic_topk,0.53906000
S3046001_S_GN-SB-LA-01,S3046001_S_GN-SB-LE-04,,brand_unit;legacy_block,
S3046001_S_GN-SB-LA-01,S3046001_S_GN-SB-MA-01,,brand_unit;legacy_block;semantic_topk,0.51268786
S3046001_S_GN-SB-LA-01,S3046001_S_GN-SB-MA-04,,brand_unit;legacy_block,
S3046001_S_GN-SB-LA-01,S3046001_S_GN-SB-NE-01,,brand_unit;legacy_block;semantic_topk,0.50223970
S3046001_S_GN-SB-LA-01,S3046001_S_GN-SB-NE-04,,brand_unit;legacy_block,
S3046001_S_GN-SB-LA-01,S3046001_S_GN-SB-NO-05,0.12262069,brand_unit;legacy_block,
S3046001_S_GN-SB-LA-01,S3046001_S_GN-SB-OO-01,,brand_unit;legacy_block;semantic_topk,0.54418784
S3046001_S_GN-SB-LA-01,S3046001_S_GN-SB-OO-04,,brand_unit;legacy_block,
S3046001_S_GN-SB-LA-01,S3046001_S_GN-SB-PF-05,0.02744994,brand_unit;legacy_block,
S3046001_S_GN-SB-LA-01,S3046001_S_GN-SB-PL-01,0.06348827,brand_unit;legacy_block;semantic_topk,0.56695741
S3046001_S_GN-SB-LA-01,S3046001_S_GN-SB-PL-04,,brand_unit;legacy_block,
S3046001_S_GN-SB-LA-01,S3046001_S_GN-SB-PO-01,,brand_unit;legacy_block,
S3046001_S_GN-SB-LA-01,S3046001_S_GN-SB-PP-05,0.35050061,brand_unit;legacy_block,
S3046001_S_GN-SB-LA-01,S3046001_S_GN-SB-RO-01,,brand_unit;legacy_block,
S3046001_S_GN-SB-LA-01,S3046001_S_GN-SB-RO-04,,brand_unit;legacy_block,
S3046001_S_GN-SB-LA-01,S3046001_S_GN-SB-RS-01,,brand_unit;legacy_block,
S3046001_S_GN-SB-LA-01,S3046001_S_GN-SB-RS-04,,brand_unit;legacy_block,
S3046001_S_GN-SB-LA-01,S3046001_S_GN-SB-SB-01,,brand_unit;legacy_block,
S3046001_S_GN-SB-LA-01,S3046001_S_GN-SB-SB-04,,brand_unit;legacy_block,
S3046001_S_GN-SB-LA-01,S3046001_S_GN-SB-SJ-01,0.05568878,brand_unit;legacy_block,
S3046001_S_GN-SB-LA-01,S3046001_S_GN-SB-SJ-04,0.03884000,brand_unit;legacy_block,
S3046001_S_GN-SB-LA-01,S3046001_S_GN-SB-SS-01,0.00793704,brand_unit;legacy_block,
S3046001_S_GN-SB-LA-01,S3046001_S_GN-SB-SS-04,0.01483363,brand_unit;legacy_block,
S3046001_S_GN-SB-LA-01,S3046001_S_GN-SB-SW-04,0.65478165,brand_unit;legacy_block,
S3046001_S_GN-SB-LA-01,S3046001_S_GN-SB-TA-01,,brand_unit;legacy_block;semantic_topk,0.48443627
S3046001_S_GN-SB-LA-01,S3046001_S_GN-SB-TA-04,,brand_unit;legacy_block,
S3046001_S_GN-SB-LA-01,S3046001_S_GN-SB-TM-01,,brand_unit;legacy_block,
S3046001_S_GN-SB-LA-01,S3046001_S_GN-SB-TM-04,,brand_unit;legacy_block,
S3046001_S_GN-SB-LA-01,S3046001_S_GN-SB-TT-01,,brand_unit;legacy_block;semantic_topk,0.63984287
S3046001_S_GN-SB-LA-01,S3046001_S_GN-SB-TT-04,,brand_unit;legacy_block;semantic_topk,0.47146723
S3046001_S_GN-SB-LA-01,S3046001_S_GN-SB-TU-01,0.02975618,brand_unit;legacy_block,
S3046001_S_GN-SB-LA-01,S3046001_S_GN-SB-TU-04,,brand_unit;legacy_block,
S3046001_S_GN-SB-LA-01,S3046001_S_GN-SB-WP-01,0.00695956,brand_unit;legacy_block,
S3046001_S_GN-SB-LA-01,S3046001_S_GN-SB-WP-04,0.06138111,brand_unit;legacy_block,
S3046001_S_GN-SB-LA-01,S3046001_S_GN10667,0.36212907,brand_unit;legacy_block,
S3046001_S_GN-SB-LA-04,S3046001_S_GN-SB-LE-01,,brand_unit;legacy_block,
S3046001_S_GN-SB-LA-04,S3046001_S_GN-SB-LE-04,,brand_unit;legacy_block;semantic_topk,0.61442477
S3046001_S_GN-SB-LA-04,S3046001_S_GN-SB-MA-01,,brand_unit;legacy_block,
S3046001_S_GN-SB-LA-04,S3046001_S_GN-SB-MA-04,,brand_unit;legacy_block,
S3046001_S_GN-SB-LA-04,S3046001_S_GN-SB-NE-01,,brand_unit;legacy_block,
S3046001_S_GN-SB-LA-04,S3046001_S_GN-SB-NE-04,,brand_unit;legacy_block;semantic_topk,0.59458423
S3046001_S_GN-SB-LA-04,S3046001_S_GN-SB-NO-05,0.33491254,brand_unit;legacy_block,
S3046001_S_GN-SB-LA-04,S3046001_S_GN-SB-OO-01,,brand_unit;legacy_block,
S3046001_S_GN-SB-LA-04,S3046001_S_GN-SB-OO-04,,brand_unit;legacy_block;semantic_topk,0.60923004
S3046001_S_GN-SB-LA-04,S3046001_S_GN-SB-PF-05,0.45876753,brand_unit;legacy_block,
S3046001_S_GN-SB-LA-04,S3046001_S_GN-SB-PL-01,0.68732970,brand_unit;legacy_block,
S3046001_S_GN-SB-LA-04,S3046001_S_GN-SB-PL-04,,brand_unit;legacy_block,
S3046001_S_GN-SB-LA-04,S3046001_S_GN-SB-PO-01,,brand_unit;legacy_block,
S3046001_S_GN-SB-LA-04,S3046001_S_GN-SB-PP-05,0.64916758,brand_unit;legacy_block,
S3046001_S_GN-SB-LA-04,S3046001_S_GN-SB-RO-01,,brand_unit;legacy_block,
S3046001_S_GN-SB-LA-04,S3046001_S_GN-SB-RO-04,,brand_unit;legacy_block;semantic_topk,0.61049378
S3046001_S_GN-SB-LA-04,S3046001_S_GN-SB-RS-01,,brand_unit;legacy_block,
S3046001_S_GN-SB-LA-04,S3046001_S_GN-SB-RS-04,,brand_unit;legacy_block;semantic_topk,0.62220550
S3046001_S_GN-SB-LA-04,S3046001_S_GN-SB-SB-01,,brand_unit;legacy_block,
S3046001_S_GN-SB-LA-04,S3046001_S_GN-SB-SB-04,,brand_unit;legacy_block;semantic_topk,0.61111569
S3046001_S_GN-SB-LA-04,S3046001_S_GN-SB-SJ-01,0.40912279,brand_unit;legacy_block,
S3046001_S_GN-SB-LA-04,S3046001_S_GN-SB-SJ-04,0.10154685,brand_unit;legacy_block;semantic_topk,0.57934880
S3046001_S_GN-SB-LA-04,S3046001_S_GN-SB-SS-01,0.04750830,brand_unit;legacy_block,
S3046001_S_GN-SB-LA-04,S3046001_S_GN-SB-SS-04,0.03577466,brand_unit;legacy_block,
S3046001_S_GN-SB-LA-04,S3046001_S_GN-SB-SW-04,0.73088905,brand_unit;legacy_block,
S3046001_S_GN-SB-LA-04,S3046001_S_GN-SB-TA-01,,brand_unit;legacy_block,
S3046001_S_GN-SB-LA-04,S3046001_S_GN-SB-TA-04,,brand_unit;legacy_block;semantic_topk,0.60248244
S3046001_S_GN-SB-LA-04,S3046001_S_GN-SB-TM-01,,brand_unit;legacy_block,
S3046001_S_GN-SB-LA-04,S3046001_S_GN-SB-TM-04,,brand_unit;legacy_block,
S3046001_S_GN-SB-LA-04,S3046001_S_GN-SB-TT-01,,brand_unit;legacy_block;semantic_topk,0.45360506
S3046001_S_GN-SB-LA-04,S3046001_S_GN-SB-TT-04,,brand_unit;legacy_block;semantic_topk,0.75887382
S3046001_S_GN-SB-LA-04,S3046001_S_GN-SB-TU-01,0.33695622,brand_unit;legacy_block,
S3046001_S_GN-SB-LA-04,S3046001_S_GN-SB-TU-04,,brand_unit;legacy_block;semantic_topk,0.60784340
S3046001_S_GN-SB-LA-04,S3046001_S_GN-SB-WP-01,0.05395115,brand_unit;legacy_block,
S3046001_S_GN-SB-LA-04,S3046001_S_GN-SB-WP-04,0.11711130,brand_unit;legacy_block,
S3046001_S_GN-SB-LA-04,S3046001_S_GN10667,0.56276360,brand_unit;legacy_block,
S3046001_S_GN-SB-LE-01,S3046001_S_GN-SB-LE-04,1.00000000,brand_unit;legacy_block;semantic_topk,0.55072987
S3046001_S_GN-SB-LE-01,S3046001_S_GN-SB-MA-01,,brand_unit;legacy_block;semantic_topk,0.64747691
S3046001_S_GN-SB-LE-01,S3046001_S_GN-SB-MA-04,,brand_unit;legacy_block,
S3046001_S_GN-SB-LE-01,S3046001_S_GN-SB-NE-01,,brand_unit;legacy_block;semantic_topk,0.65108198
S3046001_S_GN-SB-LE-01,S3046001_S_GN-SB-NE-04,,brand_unit;legacy_block,
S3046001_S_GN-SB-LE-01,S3046001_S_GN-SB-NO-05,0.13453329,brand_unit;legacy_block,
S3046001_S_GN-SB-LE-01,S3046001_S_GN-SB-OO-01,,brand_unit;legacy_block;semantic_topk,0.70100844
S3046001_S_GN-SB-LE-01,S3046001_S_GN-SB-OO-04,,brand_unit;legacy_block,
S3046001_S_GN-SB-LE-01,S3046001_S_GN-SB-PF-05,0.01108579,brand_unit;legacy_block;semantic_topk,0.41210786
S3046001_S_GN-SB-LE-01,S3046001_S_GN-SB-PL-01,0.01372917,brand_unit;legacy_block;semantic_topk,0.73114729
S3046001_S_GN-SB-LE-01,S3046001_S_GN-SB-PL-04,0.65117460,brand_unit;legacy_block;semantic_topk,0.47768572
S3046001_S_GN-SB-LE-01,S3046001_S_GN-SB-PO-01,,brand_unit;legacy_block,
S3046001_S_GN-SB-LE-01,S3046001_S_GN-SB-PP-05,0.65911109,brand_unit;legacy_block,
S3046001_S_GN-SB-LE-01,S3046001_S_GN-SB-RO-01,,brand_unit;legacy_block,
S3046001_S_GN-SB-LE-01,S3046001_S_GN-SB-RO-04,,brand_unit;legacy_block,
S3046001_S_GN-SB-LE-01,S3046001_S_GN-SB-RS-01,,brand_unit;legacy_block,
S3046001_S_GN-SB-LE-01,S3046001_S_GN-SB-RS-04,,brand_unit;legacy_block,
S3046001_S_GN-SB-LE-01,S3046001_S_GN-SB-SB-01,,brand_unit;legacy_block,
S3046001_S_GN-SB-LE-01,S3046001_S_GN-SB-SB-04,,brand_unit;legacy_block,
S3046001_S_GN-SB-LE-01,S3046001_S_GN-SB-SJ-01,0.02042659,brand_unit;legacy_block,
S3046001_S_GN-SB-LE-01,S3046001_S_GN-SB-SJ-04,0.01398795,brand_unit;legacy_block,
S3046001_S_GN-SB-LE-01,S3046001_S_GN-SB-SS-01,0.00734311,brand_unit;legacy_block,
S3046001_S_GN-SB-LE-01,S3046001_S_GN-SB-SS-04,0.01483363,brand_unit;legacy_block,
S3046001_S_GN-SB-LE-01,S3046001_S_GN-SB-SW-04,0.76260286,brand_unit;legacy_block,
S3046001_S_GN-SB-LE-01,S3046001_S_GN-SB-TA-01,,brand_unit;legacy_block;semantic_topk,0.61240041
S3046001_S_GN-SB-LE-01,S3046001_S_GN-SB-TA-04,,brand_unit;legacy_block,
S3046001_S_GN-SB-LE-01,S3046001_S_GN-SB-TM-01,,brand_unit;legacy_block,
S3046001_S_GN-SB-LE-01,S3046001_S_GN-SB-TM-04,,brand_unit;legacy_block,
S3046001_S_GN-SB-LE-01,S3046001_S_GN-SB-TT-01,,brand_unit;legacy_block;semantic_topk,0.50638032
S3046001_S_GN-SB-LE-01,S3046001_S_GN-SB-TT-04,,brand_unit;legacy_block,
S3046001_S_GN-SB-LE-01,S3046001_S_GN-SB-TU-01,0.01257403,brand_unit;legacy_block,
S3046001_S_GN-SB-LE-01,S3046001_S_GN-SB-TU-04,,brand_unit;legacy_block,
S3046001_S_GN-SB-LE-01,S3046001_S_GN-SB-WP-01,,brand_unit;legacy_block;semantic_topk,0.46011177
S3046001_S_GN-SB-LE-01,S3046001_S_GN-SB-WP-04,0.01137181,brand_unit;legacy_block,
S3046001_S_GN-SB-LE-01,S3046001_S_GN10667,,brand_unit;legacy_block,
S3046001_S_GN-SB-LE-04,S3046001_S_GN-SB-MA-01,,brand_unit;legacy_block,
S3046001_S_GN-SB-LE-04,S3046001_S_GN-SB-MA-04,,brand_unit;legacy_block;semantic_topk,0.66660482
S3046001_S_GN-SB-LE-04,S3046001_S_GN-SB-NE-01,,brand_unit;legacy_block,
S3046001_S_GN-SB-LE-04,S3046001_S_GN-SB-NE-04,,brand_unit;legacy_block;semantic_topk,0.74488771
S3046001_S_GN-SB-LE-04,S3046001_S_GN-SB-NO-05,0.32682888,brand_unit;legacy_block,
S3046001_S_GN-SB-LE-04,S3046001_S_GN-SB-OO-01,,brand_unit;legacy_block,
S3046001_S_GN-SB-LE-04,S3046001_S_GN-SB-OO-04,,brand_unit;legacy_block;semantic_topk,0.77183551
S3046001_S_GN-SB-LE-04,S3046001_S_GN-SB-PF-05,0.13561870,brand_unit;legacy_block,
S3046001_S_GN-SB-LE-04,S3046001_S_GN-SB-PL-01,0.17913049,brand_unit;legacy_block,
S3046001_S_GN-SB-LE-04,S3046001_S_GN-SB-PL-04,0.63458530,brand_unit;legacy_block;semantic_topk,0.47880006
S3046001_S_GN-SB-LE-04,S3046001_S_GN-SB-PO-01,,brand_unit;legacy_block,
S3046001_S_GN-SB-LE-04,S3046001_S_GN-SB-PP-05,0.82623493,brand_unit;legacy_block,
S3046001_S_GN-SB-LE-04,S3046001_S_GN-SB-RO-01,,brand_unit;legacy_block,
S3046001_S_GN-SB-LE-04,S3046001_S_GN-SB-RO-04,,brand_unit;legacy_block;semantic_topk,0.75689405
S3046001_S_GN-SB-LE-04,S3046001_S_GN-SB-RS-01,,brand_unit;legacy_block,
S3046001_S_GN-SB-LE-04,S3046001_S_GN-SB-RS-04,,brand_unit;legacy_block;semantic_topk,0.77105814
S3046001_S_GN-SB-LE-04,S3046001_S_GN-SB-SB-01,,brand_unit;legacy_block,
S3046001_S_GN-SB-LE-04,S3046001_S_GN-SB-SB-04,,brand_unit;legacy_block;semantic_topk,0.75844580
S3046001_S_GN-SB-LE-04,S3046001_S_GN-SB-SJ-01,0.40912279,brand_unit;legacy_block,
S3046001_S_GN-SB-LE-04,S3046001_S_GN-SB-SJ-04,0.03160423,brand_unit;legacy_block;semantic_topk,0.66454470
S3046001_S_GN-SB-LE-04,S3046001_S_GN-SB-SS-01,0.04536914,brand_unit;legacy_block,
S3046001_S_GN-SB-LE-04,S3046001_S_GN-SB-SS-04,0.02662056,brand_unit;legacy_block,
S3046001_S_GN-SB-LE-04,S3046001_S_GN-SB-SW-04,0.88951835,brand_unit;legacy_block,
S3046001_S_GN-SB-LE-04,S3046001_S_GN-SB-TA-01,,brand_unit;legacy_block,
S3046001_S_GN-SB-LE-04,S3046001_S_GN-SB-TA-04,,brand_unit;legacy_block;semantic_topk,0.73252338
S3046001_S_GN-SB-LE-04,S3046001_S_GN-SB-TM-01,,brand_unit;legacy_block,
S3046001_S_GN-SB-LE-04,S3046001_S_GN-SB-TM-04,,brand_unit;legacy_block,
S3046001_S_GN-SB-LE-04,S3046001_S_GN-SB-TT-01,,brand_unit;legacy_block,
S3046001_S_GN-SB-LE-04,S3046001_S_GN-SB-TT-04,,brand_unit;legacy_block;semantic_topk,0.67493743
S3046001_S_GN-SB-LE-04,S3046001_S_GN-SB-TU-01,0.54650269,brand_unit;legacy_block,
S3046001_S_GN-SB-LE-04,S3046001_S_GN-SB-TU-04,,brand_unit;legacy_block;semantic_topk,0.75542188
S3046001_S_GN-SB-LE-04,S3046001_S_GN-SB-WP-01,,brand_unit;legacy_block,
S3046001_S_GN-SB-LE-04,S3046001_S_GN-SB-WP-04,0.04288451,brand_unit;legacy_block;semantic_topk,0.63318479
S3046001_S_GN-SB-LE-04,S3046001_S_GN10667,,brand_unit;legacy_block,
S3046001_S_GN-SB-MA-01,S3046001_S_GN-SB-MA-04,1.00000000,brand_unit;legacy_block;semantic_topk,0.50226682
S3046001_S_GN-SB-MA-01,S3046001_S_GN-SB-NE-01,0.00075829,brand_unit;legacy_block;semantic_topk,0.62061608
S3046001_S_GN-SB-MA-01,S3046001_S_GN-SB-NE-04,0.01628949,brand_unit;legacy_block,
S3046001_S_GN-SB-MA-01,S3046001_S_GN-SB-NO-05,0.13453329,brand_unit;legacy_block,
S3046001_S_GN-SB-MA-01,S3046001_S_GN-SB-OO-01,0.00048496,brand_unit;legacy_block;semantic_topk,0.66983300
S3046001_S_GN-SB-MA-01,S3046001_S_GN-SB-OO-04,0.01776203,brand_unit;legacy_block,
S3046001_S_GN-SB-MA-01,S3046001_S_GN-SB-PF-05,0.00637963,brand_unit;legacy_block,
S3046001_S_GN-SB-MA-01,S3046001_S_GN-SB-PL-01,,brand_unit;legacy_block;semantic_topk,0.57337373
S3046001_S_GN-SB-MA-01,S3046001_S_GN-SB-PL-04,,brand_unit;legacy_block;semantic_topk,0.42520568
S3046001_S_GN-SB-MA-01,S3046001_S_GN-SB-PO-01,0.00509257,brand_unit;legacy_block,
S3046001_S_GN-SB-MA-01,S3046001_S_GN-SB-PP-05,0.13453329,brand_unit;legacy_block,
S3046001_S_GN-SB-MA-01,S3046001_S_GN-SB-RO-01,0.00509257,brand_unit;legacy_block,
S3046001_S_GN-SB-MA-01,S3046001_S_GN-SB-RO-04,0.01776203,brand_unit;legacy_block,
S3046001_S_GN-SB-MA-01,S3046001_S_GN-SB-RS-01,,brand_unit;legacy_block,
S3046001_S_GN-SB-MA-01,S3046001_S_GN-SB-RS-04,,brand_unit;legacy_block,
S3046001_S_GN-SB-MA-01,S3046001_S_GN-SB-SB-01,,brand_unit;legacy_block,
S3046001_S_GN-SB-MA-01,S3046001_S_GN-SB-SB-04,0.01776203,brand_unit;legacy_block,
S3046001_S_GN-SB-MA-01,S3046001_S_GN-SB-SJ-01,0.00700714,brand_unit;legacy_block,
S3046001_S_GN-SB-MA-01,S3046001_S_GN-SB-SJ-04,0.01392526,brand_unit;legacy_block,
S3046001_S_GN-SB-MA-01,S3046001_S_GN-SB-SS-01,0.37487609,brand_unit;legacy_block,
S3046001_S_GN-SB-MA-01,S3046001_S_GN-SB-SS-04,0.05786646,brand_unit;legacy_block,
S3046001_S_GN-SB-MA-01,S3046001_S_GN-SB-SW-04,0.53268251,brand_unit;legacy_block,
S3046001_S_GN-SB-MA-01,S3046001_S_GN-SB-TA-01,0.00050460,brand_unit;legacy_block;semantic_topk,0.63597995
S3046001_S_GN-SB-MA-01,S3046001_S_GN-SB-TA-04,0.01430433,brand_unit;legacy_block,
S3046001_S_GN-SB-MA-01,S3046001_S_GN-SB-TM-01,0.46435105,brand_unit;legacy_block,
S3046001_S_GN-SB-MA-01,S3046001_S_GN-SB-TM-04,0.36228405,brand_unit;legacy_block,
S3046001_S_GN-SB-MA-01,S3046001_S_GN-SB-TT-01,0.00235114,brand_unit;legacy_block;semantic_topk,0.49546456
S3046001_S_GN-SB-MA-01,S3046001_S_GN-SB-TT-04,0.02766788,brand_unit;legacy_block,
S3046001_S_GN-SB-MA-01,S3046001_S_GN-SB-TU-01,0.00509257,brand_unit;legacy_block,
S3046001_S_GN-SB-MA-01,S3046001_S_GN-SB-TU-04,0.01628949,brand_unit;legacy_block,
S3046001_S_GN-SB-MA-01,S3046001_S_GN-SB-WP-01,,brand_unit;legacy_block;semantic_topk,0.42981920
S3046001_S_GN-SB-MA-01,S3046001_S_GN-SB-WP-04,0.06836745,brand_unit;legacy_block,
S3046001_S_GN-SB-MA-01,S3046001_S_GN10667,,brand_unit;legacy_block,
S3046001_S_GN-SB-MA-04,S3046001_S_GN-SB-NE-01,0.01126497,brand_unit;legacy_block,
S3046001_S_GN-SB-MA-04,S3046001_S_GN-SB-NE-04,0.03432685,brand_unit;legacy_block;semantic_topk,0.67305601
S3046001_S_GN-SB-MA-04,S3046001_S_GN-SB-NO-05,0.47720730,brand_unit;legacy_block,
S3046001_S_GN-SB-MA-04,S3046001_S_GN-SB-OO-01,0.01392526,brand_unit;legacy_block,
S3046001_S_GN-SB-MA-04,S3046001_S_GN-SB-OO-04,0.03160423,brand_unit;legacy_block;semantic_topk,0.67998785
S3046001_S_GN-SB-MA-04,S3046001_S_GN-SB-PF-05,0.09960319,brand_unit;legacy_block,
S3046001_S_GN-SB-MA-04,S3046001_S_GN-SB-PL-01,,brand_unit;legacy_block,
S3046001_S_GN-SB-MA-04,S3046001_S_GN-SB-PL-04,,brand_unit;legacy_block;semantic_topk,0.42356575
S3046001_S_GN-SB-MA-04,S3046001_S_GN-SB-PO-01,0.29798306,brand_unit;legacy_block,
S3046001_S_GN-SB-MA-04,S3046001_S_GN-SB-PP-05,0.39646842,brand_unit;legacy_block,
S3046001_S_GN-SB-MA-04,S3046001_S_GN-SB-RO-01,0.25525637,brand_unit;legacy_block,
S3046001_S_GN-SB-MA-04,S3046001_S_GN-SB-RO-04,0.03160423,brand_unit;legacy_block;semantic_topk,0.65329498
S3046001_S_GN-SB-MA-04,S3046001_S_GN-SB-RS-01,,brand_unit;legacy_block,
S3046001_S_GN-SB-MA-04,S3046001_S_GN-SB-RS-04,,brand_unit;legacy_block;semantic_topk,0.67135274
S3046001_S_GN-SB-MA-04,S3046001_S_GN-SB-SB-01,,brand_unit;legacy_block,
S3046001_S_GN-SB-MA-04,S3046001_S_GN-SB-SB-04,0.03160423,brand_unit;legacy_block;semantic_topk,0.66770166
S3046001_S_GN-SB-MA-04,S3046001_S_GN-SB-SJ-01,0.25525637,brand_unit;legacy_block,
S3046001_S_GN-SB-MA-04,S3046001_S_GN-SB-SJ-04,0.09276406,brand_unit;legacy_block;semantic_topk,0.63004601
S3046001_S_GN-SB-MA-04,S3046001_S_GN-SB-SS-01,0.05223377,brand_unit;legacy_block,
S3046001_S_GN-SB-MA-04,S3046001_S_GN-SB-SS-04,0.04989814,brand_unit;legacy_block,
S3046001_S_GN-SB-MA-04,S3046001_S_GN-SB-SW-04,0.40572193,brand_unit;legacy_block,
S3046001_S_GN-SB-MA-04,S3046001_S_GN-SB-TA-01,0.01126497,brand_unit;legacy_block,
S3046001_S_GN-SB-MA-04,S3046001_S_GN-SB-TA-04,0.03028419,brand_unit;legacy_block;semantic_topk,0.75438333
S3046001_S_GN-SB-MA-04,S3046001_S_GN-SB-TM-01,0.80926529,brand_unit;legacy_block,
S3046001_S_GN-SB-MA-04,S3046001_S_GN-SB-TM-04,0.03935638,brand_unit;legacy_block,
S3046001_S_GN-SB-MA-04,S3046001_S_GN-SB-TT-01,0.02628118,brand_unit;legacy_block,
S3046001_S_GN-SB-MA-04,S3046001_S_GN-SB-TT-04,0.04785791,brand_unit;legacy_block,
S3046001_S_GN-SB-MA-04,S3046001_S_GN-SB-TU-01,0.17086228,brand_unit;legacy_block,
S3046001_S_GN-SB-MA-04,S3046001_S_GN-SB-TU-04,0.03432685,brand_unit;legacy_block;semantic_topk,0.68194729
S3046001_S_GN-SB-MA-04,S3046001_S_GN-SB-WP-01,,brand_unit;legacy_block,
S3046001_S_GN-SB-MA-04,S3046001_S_GN-SB-WP-04,0.10188833,brand_unit;legacy_block,
S3046001_S_GN-SB-MA-04,S3046001_S_GN10667,,brand_unit;legacy_block,
S3046001_S_GN-SB-NE-01,S3046001_S_GN-SB-NE-04,1.00000000,brand_unit;legacy_block,
S3046001_S_GN-SB-NE-01,S3046001_S_GN-SB-NO-05,0.13453329,brand_unit;legacy_block,
S3046001_S_GN-SB-NE-01,S3046001_S_GN-SB-OO-01,,brand_unit;legacy_block;semantic_topk,0.67710900
S3046001_S_GN-SB-NE-01,S3046001_S_GN-SB-OO-04,,brand_unit;legacy_block,
S3046001_S_GN-SB-NE-01,S3046001_S_GN-SB-PF-05,0.01889916,brand_unit;legacy_block,
S3046001_S_GN-SB-NE-01,S3046001_S_GN-SB-PL-01,,brand_unit;legacy_block;semantic_topk,0.56726414
S3046001_S_GN-SB-NE-01,S3046001_S_GN-SB-PL-04,,brand_unit;legacy_block,
S3046001_S_GN-SB-NE-01,S3046001_S_GN-SB-PO-01,,brand_unit;legacy_block,
S3046001_S_GN-SB-NE-01,S3046001_S_GN-SB-PP-05,0.43213338,brand_unit;legacy_block,
S3046001_S_GN-SB-NE-01,S3046001_S_GN-SB-RO-01,,brand_unit;legacy_block,
S3046001_S_GN-SB-NE-01,S3046001_S_GN-SB-RO-04,,brand_unit;legacy_block,
S3046001_S_GN-SB-NE-01,S3046001_S_GN-SB-RS-01,,brand_unit;legacy_block,
S3046001_S_GN-SB-NE-01,S3046001_S_GN-SB-RS-04,,brand_unit;legacy_block,
S3046001_S_GN-SB-NE-01,S3046001_S_GN-SB-SB-01,,brand_unit;legacy_block,
S3046001_S_GN-SB-NE-01,S3046001_S_GN-SB-SB-04,,brand_unit;legacy_block,
S3046001_S_GN-SB-NE-01,S3046001_S_GN-SB-SJ-01,0.02042659,brand_unit;legacy_block,
S3046001_S_GN-SB-NE-01,S3046001_S_GN-SB-SJ-04,0.01398795,brand_unit;legacy_block,
S3046001_S_GN-SB-NE-01,S3046001_S_GN-SB-SS-01,0.00734311,brand_unit;legacy_block,
S3046001_S_GN-SB-NE-01,S3046001_S_GN-SB-SS-04,0.01251212,brand_unit;legacy_block,
S3046001_S_GN-SB-NE-01,S3046001_S_GN-SB-SW-04,0.58847430,brand_unit;legacy_block,
S3046001_S_GN-SB-NE-01,S3046001_S_GN-SB-TA-01,,brand_unit;legacy_block;semantic_topk,0.59681249
S3046001_S_GN-SB-NE-01,S3046001_S_GN-SB-TA-04,,brand_unit;legacy_block,
S3046001_S_GN-SB-NE-01,S3046001_S_GN-SB-TM-01,,brand_unit;legacy_block,
S3046001_S_GN-SB-NE-01,S3046001_S_GN-SB-TM-04,,brand_unit;legacy_block,
S3046001_S_GN-SB-NE-01,S3046001_S_GN-SB-TT-01,,brand_unit;legacy_block;semantic_topk,0.47381297
S3046001_S_GN-SB-NE-01,S3046001_S_GN-SB-TT-04,,brand_unit;legacy_block,
S3046001_S_GN-SB-NE-01,S3046001_S_GN-SB-TU-01,0.01197351,brand_unit;legacy_block,
S3046001_S_GN-SB-NE-01,S3046001_S_GN-SB-TU-04,,brand_unit;legacy_block,
S3046001_S_GN-SB-NE-01,S3046001_S_GN-SB-WP-01,0.00421027,brand_unit;legacy_block;semantic_topk,0.42847821
S3046001_S_GN-SB-NE-01,S3046001_S_GN-SB-WP-04,0.01561005,brand_unit;legacy_block,
S3046001_S_GN-SB-NE-01,S3046001_S_GN10667,0.11292559,brand_unit;legacy_block,
S3046001_S_GN-SB-NE-04,S3046001_S_GN-SB-NO-05,0.30386730,brand_unit;legacy_block,
S3046001_S_GN-SB-NE-04,S3046001_S_GN-SB-OO-01,,brand_unit;legacy_block,
S3046001_S_GN-SB-NE-04,S3046001_S_GN-SB-OO-04,,brand_unit;legacy_block;semantic_topk,0.75184804
S3046001_S_GN-SB-NE-04,S3046001_S_GN-SB-PF-05,0.13561870,brand_unit;legacy_block,
S3046001_S_GN-SB-NE-04,S3046001_S_GN-SB-PL-01,,brand_unit;legacy_block,
S3046001_S_GN-SB-NE-04,S3046001_S_GN-SB-PL-04,,brand_unit;legacy_block;semantic_topk,0.42185593
S3046001_S_GN-SB-NE-04,S3046001_S_GN-SB-PO-01,,brand_unit;legacy_block,
S3046001_S_GN-SB-NE-04,S3046001_S_GN-SB-PP-05,0.67035318,brand_unit;legacy_block,
S3046001_S_GN-SB-NE-04,S3046001_S_GN-SB-RO-01,,brand_unit;legacy_block,
S3046001_S_GN-SB-NE-04,S3046001_S_GN-SB-RO-04,,brand_unit;legacy_block;semantic_topk,0.72198427
S3046001_S_GN-SB-NE-04,S3046001_S_GN-SB-RS-01,,brand_unit;legacy_block,
S3046001_S_GN-SB-NE-04,S3046001_S_GN-SB-RS-04,,brand_unit;legacy_block;semantic_topk,0.74233133
S3046001_S_GN-SB-NE-04,S3046001_S_GN-SB-SB-01,,brand_unit;legacy_block,
S3046001_S_GN-SB-NE-04,S3046001_S_GN-SB-SB-04,,brand_unit;legacy_block;semantic_topk,0.73866785
S3046001_S_GN-SB-NE-04,S3046001_S_GN-SB-SJ-01,0.40912279,brand_unit;legacy_block,
S3046001_S_GN-SB-NE-04,S3046001_S_GN-SB-SJ-04,0.03160423,brand_unit;legacy_block;semantic_topk,0.66660482
S3046001_S_GN-SB-NE-04,S3046001_S_GN-SB-SS-01,0.04536914,brand_unit;legacy_block,
S3046001_S_GN-SB-NE-04,S3046001_S_GN-SB-SS-04,0.02662056,brand_unit;legacy_block,
S3046001_S_GN-SB-NE-04,S3046001_S_GN-SB-SW-04,0.76800256,brand_unit;legacy_block,
S3046001_S_GN-SB-NE-04,S3046001_S_GN-SB-TA-01,,brand_unit;legacy_block,
S3046001_S_GN-SB-NE-04,S3046001_S_GN-SB-TA-04,,brand_unit;legacy_block;semantic_topk,0.73952091
S3046001_S_GN-SB-NE-04,S3046001_S_GN-SB-TM-01,,brand_unit;legacy_block,
S3046001_S_GN-SB-NE-04,S3046001_S_GN-SB-TM-04,,brand_unit;legacy_block,
S3046001_S_GN-SB-NE-04,S3046001_S_GN-SB-TT-01,,brand_unit;legacy_block,
S3046001_S_GN-SB-NE-04,S3046001_S_GN-SB-TT-04,,brand_unit;legacy_block;semantic_topk,0.66201788
S3046001_S_GN-SB-NE-04,S3046001_S_GN-SB-TU-01,0.47477828,brand_unit;legacy_block,
S3046001_S_GN-SB-NE-04,S3046001_S_GN-SB-TU-04,,brand_unit;legacy_block;semantic_topk,0.75251400
S3046001_S_GN-SB-NE-04,S3046001_S_GN-SB-WP-01,0.01440938,brand_unit;legacy_block,
S3046001_S_GN-SB-NE-04,S3046001_S_GN-SB-WP-04,0.05236073,brand_unit;legacy_block;semantic_topk,0.61684394
S3046001_S_GN-SB-NE-04,S3046001_S_GN10667,0.15131313,brand_unit;legacy_block,
S3046001_S_GN-SB-NO-05,S3046001_S_GN-SB-OO-01,0.13453329,brand_unit;legacy_block,
S3046001_S_GN-SB-NO-05,S3046001_S_GN-SB-OO-04,0.35901021,brand_unit;legacy_block,
S3046001_S_GN-SB-NO-05,S3046001_S_GN-SB-PF-05,0.47151894,brand_unit;legacy_block,
S3046001_S_GN-SB-NO-05,S3046001_S_GN-SB-PL-01,0.18748039,brand_unit;legacy_block,
S3046001_S_GN-SB-NO-05,S3046001_S_GN-SB-PL-04,0.41246344,brand_unit;legacy_block,
S3046001_S_GN-SB-NO-05,S3046001_S_GN-SB-PO-01,0.00372250,brand_unit;legacy_block;semantic_topk,0.46014917
S3046001_S_GN-SB-NO-05,S3046001_S_GN-SB-PP-05,0.25172569,brand_unit;legacy_block,
S3046001_S_GN-SB-NO-05,S3046001_S_GN-SB-RO-01,0.00395073,brand_unit;legacy_block;semantic_topk,0.44430929
S3046001_S_GN-SB-NO-05,S3046001_S_GN-SB-RO-04,0.35901021,brand_unit;legacy_block,
S3046001_S_GN-SB-NO-05,S3046001_S_GN-SB-RS-01,0.00372250,brand_unit;legacy_block;semantic_topk,0.45252290
S3046001_S_GN-SB-NO-05,S3046001_S_GN-SB-RS-04,0.32682888,brand_unit;legacy_block,
S3046001_S_GN-SB-NO-05,S3046001_S_GN-SB-SB-01,0.00395073,brand_unit;legacy_block;semantic_topk,0.42051092
S3046001_S_GN-SB-NO-05,S3046001_S_GN-SB-SB-04,0.33491254,brand_unit;legacy_block,
S3046001_S_GN-SB-NO-05,S3046001_S_GN-SB-SJ-01,0.02561659,brand_unit;legacy_block;semantic_topk,0.43392277
S3046001_S_GN-SB-NO-05,S3046001_S_GN-SB-SJ-04,0.51937931,brand_unit;legacy_block,
S3046001_S_GN-SB-NO-05,S3046001_S_GN-SB-SS-01,0.01395205,brand_unit;legacy_block,
S3046001_S_GN-SB-NO-05,S3046001_S_GN-SB-SS-04,0.02615492,brand_unit;legacy_block,
S3046001_S_GN-SB-NO-05,S3046001_S_GN-SB-SW-04,0.50657073,brand_unit;legacy_block,
S3046001_S_GN-SB-NO-05,S3046001_S_GN-SB-TA-01,0.13453329,brand_unit;legacy_block,
S3046001_S_GN-SB-NO-05,S3046001_S_GN-SB-TA-04,0.32682888,brand_unit;legacy_block,
S3046001_S_GN-SB-NO-05,S3046001_S_GN-SB-TM-01,0.00840710,brand_unit;legacy_block,
S3046001_S_GN-SB-NO-05,S3046001_S_GN-SB-TM-04,0.00906598,brand_unit;legacy_block,
S3046001_S_GN-SB-NO-05,S3046001_S_GN-SB-TT-01,0.12262069,brand_unit;legacy_block,
S3046001_S_GN-SB-NO-05,S3046001_S_GN-SB-TT-04,0.30386730,brand_unit;legacy_block,
S3046001_S_GN-SB-NO-05,S3046001_S_GN-SB-TU-01,0.04444053,brand_unit;legacy_block,
S3046001_S_GN-SB-NO-05,S3046001_S_GN-SB-TU-04,0.32682888,brand_unit;legacy_block,
S3046001_S_GN-SB-NO-05,S3046001_S_GN-SB-WP-01,0.17777971,brand_unit;legacy_block,
S3046001_S_GN-SB-NO-05,S3046001_S_GN-SB-WP-04,0.65630643,brand_unit;legacy_block,
S3046001_S_GN-SB-NO-05,S3046001_S_GN10667,0.55197120,brand_unit;legacy_block,
S3046001_S_GN-SB-OO-01,S3046001_S_GN-SB-OO-04,1.00000000,brand_unit;legacy_block;semantic_topk,0.54648417
S3046001_S_GN-SB-OO-01,S3046001_S_GN-SB-PF-05,0.01075106,brand_unit;legacy_block;semantic_topk,0.41018876
S3046001_S_GN-SB-OO-01,S3046001_S_GN-SB-PL-01,,brand_unit;legacy_block;semantic_topk,0.59316468
S3046001_S_GN-SB-OO-01,S3046001_S_GN-SB-PL-04,,brand_unit;legacy_block,
S3046001_S_GN-SB-OO-01,S3046001_S_GN-SB-PO-01,,brand_unit;legacy_block,
S3046001_S_GN-SB-OO-01,S3046001_S_GN-SB-PP-05,0.37508733,brand_unit;legacy_block,
S3046001_S_GN-SB-OO-01,S3046001_S_GN-SB-RO-01,,brand_unit;legacy_block,
S3046001_S_GN-SB-OO-01,S3046001_S_GN-SB-RO-04,,brand_unit;legacy_block,
S3046001_S_GN-SB-OO-01,S3046001_S_GN-SB-RS-01,,brand_unit;legacy_block,
S3046001_S_GN-SB-OO-01,S3046001_S_GN-SB-RS-04,,brand_unit;legacy_block,
S3046001_S_GN-SB-OO-01,S3046001_S_GN-SB-SB-01,,brand_unit;legacy_block,
S3046001_S_GN-SB-OO-01,S3046001_S_GN-SB-SB-04,,brand_unit;legacy_block,
S3046001_S_GN-SB-OO-01,S3046001_S_GN-SB-SJ-01,0.00673613,brand_unit;legacy_block,
S3046001_S_GN-SB-OO-01,S3046001_S_GN-SB-SJ-04,0.01677168,brand_unit;legacy_block,
S3046001_S_GN-SB-OO-01,S3046001_S_GN-SB-SS-01,0.02226138,brand_unit;legacy_block,
S3046001_S_GN-SB-OO-01,S3046001_S_GN-SB-SS-04,0.01483363,brand_unit;legacy_block,
S3046001_S_GN-SB-OO-01,S3046001_S_GN-SB-SW-04,0.68288721,brand_unit;legacy_block,
S3046001_S_GN-SB-OO-01,S3046001_S_GN-SB-TA-01,,brand_unit;legacy_block;semantic_topk,0.65121120
S3046001_S_GN-SB-OO-01,S3046001_S_GN-SB-TA-04,,brand_unit;legacy_block,
S3046001_S_GN-SB-OO-01,S3046001_S_GN-SB-TM-01,,brand_unit;legacy_block,
S3046001_S_GN-SB-OO-01,S3046001_S_GN-SB-TM-04,,brand_unit;legacy_block,
S3046001_S_GN-SB-OO-01,S3046001_S_GN-SB-TT-01,,brand_unit;legacy_block;semantic_topk,0.50855613
S3046001_S_GN-SB-OO-01,S3046001_S_GN-SB-TT-04,,brand_unit;legacy_block,
S3046001_S_GN-SB-OO-01,S3046001_S_GN-SB-TU-01,0.00609099,brand_unit;legacy_block,
S3046001_S_GN-SB-OO-01,S3046001_S_GN-SB-TU-04,,brand_unit;legacy_block,
S3046001_S_GN-SB-OO-01,S3046001_S_GN-SB-WP-01,,brand_unit;legacy_block;semantic_topk,0.48358428
S3046001_S_GN-SB-OO-01,S3046001_S_GN-SB-WP-04,0.01670788,brand_unit;legacy_block,
S3046001_S_GN-SB-OO-01,S3046001_S_GN10667,,brand_unit;legacy_block,
S3046001_S_GN-SB-OO-04,S3046001_S_GN-SB-PF-05,0.16133345,brand_unit;legacy_block,
S3046001_S_GN-SB-OO-04,S3046001_S_GN-SB-PL-01,,brand_unit;legacy_block,
S3046001_S_GN-SB-OO-04,S3046001_S_GN-SB-PL-04,,brand_unit;legacy_block;semantic_topk,0.43749446
S3046001_S_GN-SB-OO-04,S3046001_S_GN-SB-PO-01,,brand_unit;legacy_block,
S3046001_S_GN-SB-OO-04,S3046001_S_GN-SB-PP-05,0.64916758,brand_unit;legacy_block,
S3046001_S_GN-SB-OO-04,S3046001_S_GN-SB-RO-01,,brand_unit;legacy_block,
S3046001_S_GN-SB-OO-04,S3046001_S_GN-SB-RO-04,,brand_unit;legacy_block;semantic_topk,0.74811655
S3046001_S_GN-SB-OO-04,S3046001_S_GN-SB-RS-01,,brand_unit;legacy_block,
S3046001_S_GN-SB-OO-04,S3046001_S_GN-SB-RS-04,,brand_unit;legacy_block;semantic_topk,0.76930743
S3046001_S_GN-SB-OO-04,S3046001_S_GN-SB-SB-01,,brand_unit;legacy_block,
S3046001_S_GN-SB-OO-04,S3046001_S_GN-SB-SB-04,,brand_unit;legacy_block;semantic_topk,0.76561368
S3046001_S_GN-SB-OO-04,S3046001_S_GN-SB-SJ-01,0.40912279,brand_unit;legacy_block,
S3046001_S_GN-SB-OO-04,S3046001_S_GN-SB-SJ-04,0.05643641,brand_unit;legacy_block;semantic_topk,0.67909187
S3046001_S_GN-SB-OO-04,S3046001_S_GN-SB-SS-01,0.04750830,brand_unit;legacy_block,
S3046001_S_GN-SB-OO-04,S3046001_S_GN-SB-SS-04,0.03577466,brand_unit;legacy_block,
S3046001_S_GN-SB-OO-04,S3046001_S_GN-SB-SW-04,0.74876858,brand_unit;legacy_block,
S3046001_S_GN-SB-OO-04,S3046001_S_GN-SB-TA-01,,brand_unit;legacy_block,
S3046001_S_GN-SB-OO-04,S3046001_S_GN-SB-TA-04,,brand_unit;legacy_block;semantic_topk,0.78881013
S3046001_S_GN-SB-OO-04,S3046001_S_GN-SB-TM-01,,brand_unit;legacy_block,
S3046001_S_GN-SB-OO-04,S3046001_S_GN-SB-TM-04,,brand_unit;legacy_block,
S3046001_S_GN-SB-OO-04,S3046001_S_GN-SB-TT-01,,brand_unit;legacy_block,
S3046001_S_GN-SB-OO-04,S3046001_S_GN-SB-TT-04,,brand_unit;legacy_block;semantic_topk,0.68019086
S3046001_S_GN-SB-OO-04,S3046001_S_GN-SB-TU-01,0.33695622,brand_unit;legacy_block,
S3046001_S_GN-SB-OO-04,S3046001_S_GN-SB-TU-04,,brand_unit;legacy_block;semantic_topk,0.76244766
S3046001_S_GN-SB-OO-04,S3046001_S_GN-SB-WP-01,,brand_unit;legacy_block,
S3046001_S_GN-SB-OO-04,S3046001_S_GN-SB-WP-04,0.04120086,brand_unit;legacy_block;semantic_topk,0.63920712
S3046001_S_GN-SB-OO-04,S3046001_S_GN10667,,brand_unit;legacy_block,
S3046001_S_GN-SB-PF-05,S3046001_S_GN-SB-PL-01,0.01074763,brand_unit;legacy_block,
S3046001_S_GN-SB-PF-05,S3046001_S_GN-SB-PL-04,0.43846244,brand_unit;legacy_block,
S3046001_S_GN-SB-PF-05,S3046001_S_GN-SB-PO-01,0.32649171,brand_unit;legacy_block,
S3046001_S_GN-SB-PF-05,S3046001_S_GN-SB-PP-05,0.15801225,brand_unit;legacy_block;semantic_topk,0.46963155
S3046001_S_GN-SB-PF-05,S3046001_S_GN-SB-RO-01,0.35355851,brand_unit;legacy_block,
S3046001_S_GN-SB-PF-05,S3046001_S_GN-SB-RO-04,0.16663507,brand_unit;legacy_block,
S3046001_S_GN-SB-PF-05,S3046001_S_GN-SB-RS-01,0.32649171,brand_unit;legacy_block,
S3046001_S_GN-SB-PF-05,S3046001_S_GN-SB-RS-04,0.13561870,brand_unit;legacy_block,
S3046001_S_GN-SB-PF-05,S3046001_S_GN-SB-SB-01,0.32610377,brand_unit;legacy_block,
S3046001_S_GN-SB-PF-05,S3046001_S_GN-SB-SB-04,0.16133345,brand_unit;legacy_block,
S3046001_S_GN-SB-PF-05,S3046001_S_GN-SB-SJ-01,0.33048657,brand_unit;legacy_block,
S3046001_S_GN-SB-PF-05,S3046001_S_GN-SB-SJ-04,0.21471680,brand_unit;legacy_block,
S3046001_S_GN-SB-PF-05,S3046001_S_GN-SB-SS-01,0.02688331,brand_unit;legacy_block,
S3046001_S_GN-SB-PF-05,S3046001_S_GN-SB-SS-04,0.03178544,brand_unit;legacy_block,
S3046001_S_GN-SB-PF-05,S3046001_S_GN-SB-SW-04,0.83402403,brand_unit;legacy_block,
S3046001_S_GN-SB-PF-05,S3046001_S_GN-SB-TA-01,0.02365113,brand_unit;legacy_block,
S3046001_S_GN-SB-PF-05,S3046001_S_GN-SB-TA-04,0.06244708,brand_unit;legacy_block,
S3046001_S_GN-SB-PF-05,S3046001_S_GN-SB-TM-01,0.06179239,brand_unit;legacy_block,
S3046001_S_GN-SB-PF-05,S3046001_S_GN-SB-TM-04,0.81802999,brand_unit;legacy_block,
S3046001_S_GN-SB-PF-05,S3046001_S_GN-SB-TT-01,0.32649171,brand_unit;legacy_block,
S3046001_S_GN-SB-PF-05,S3046001_S_GN-SB-TT-04,0.59030487,brand_unit;legacy_block,
S3046001_S_GN-SB-PF-05,S3046001_S_GN-SB-TU-01,0.35906867,brand_unit;legacy_block,
S3046001_S_GN-SB-PF-05,S3046001_S_GN-SB-TU-04,0.13561870,brand_unit;legacy_block,
S3046001_S_GN-SB-PF-05,S3046001_S_GN-SB-WP-01,0.19386695,brand_unit;legacy_block,
S3046001_S_GN-SB-PF-05,S3046001_S_GN-SB-WP-04,0.59177798,brand_unit;legacy_block,
S3046001_S_GN-SB-PF-05,S3046001_S_GN10667,0.67898408,brand_unit;legacy_block,
S3046001_S_GN-SB-PL-01,S3046001_S_GN-SB-PL-04,0.08914857,brand_unit;legacy_block;semantic_topk,0.42119613
S3046001_S_GN-SB-PL-01,S3046001_S_GN-SB-PO-01,,brand_unit;legacy_block,
S3046001_S_GN-SB-PL-01,S3046001_S_GN-SB-PP-05,0.15146803,brand_unit;legacy_block,
S3046001_S_GN-SB-PL-01,S3046001_S_GN-SB-RO-01,,brand_unit;legacy_block,
S3046001_S_GN-SB-PL-01,S3046001_S_GN-SB-RO-04,,brand_unit;legacy_block,
S3046001_S_GN-SB-PL-01,S3046001_S_GN-SB-RS-01,,brand_unit;legacy_block,
S3046001_S_GN-SB-PL-01,S3046001_S_GN-SB-RS-04,,brand_unit;legacy_block,
S3046001_S_GN-SB-PL-01,S3046001_S_GN-SB-SB-01,,brand_unit;legacy_block,
S3046001_S_GN-SB-PL-01,S3046001_S_GN-SB-SB-04,,brand_unit;legacy_block,
S3046001_S_GN-SB-PL-01,S3046001_S_GN-SB-SJ-01,0.01846434,brand_unit;legacy_block,
S3046001_S_GN-SB-PL-01,S3046001_S_GN-SB-SJ-04,0.02858916,brand_unit;legacy_block,
S3046001_S_GN-SB-PL-01,S3046001_S_GN-SB-SS-01,0.00406686,brand_unit;legacy_block,
S3046001_S_GN-SB-PL-01,S3046001_S_GN-SB-SS-04,0.01498561,brand_unit;legacy_block,
S3046001_S_GN-SB-PL-01,S3046001_S_GN-SB-SW-04,0.56256085,brand_unit;legacy_block,
S3046001_S_GN-SB-PL-01,S3046001_S_GN-SB-TA-01,,brand_unit;legacy_block;semantic_topk,0.54231173
S3046001_S_GN-SB-PL-01,S3046001_S_GN-SB-TA-04,,brand_unit;legacy_block,
S3046001_S_GN-SB-PL-01,S3046001_S_GN-SB-TM-01,,brand_unit;legacy_block,
S3046001_S_GN-SB-PL-01,S3046001_S_GN-SB-TM-04,,brand_unit;legacy_block,
S3046001_S_GN-SB-PL-01,S3046001_S_GN-SB-TT-01,,brand_unit;legacy_block;semantic_topk,0.44766665
S3046001_S_GN-SB-PL-01,S3046001_S_GN-SB-TT-04,,brand_unit;legacy_block,
S3046001_S_GN-SB-PL-01,S3046001_S_GN-SB-TU-01,0.02127383,brand_unit;legacy_block,
S3046001_S_GN-SB-PL-01,S3046001_S_GN-SB-TU-04,,brand_unit;legacy_block,
S3046001_S_GN-SB-PL-01,S3046001_S_GN-SB-WP-01,,brand_unit;legacy_block,
S3046001_S_GN-SB-PL-01,S3046001_S_GN-SB-WP-04,0.10469926,brand_unit;legacy_block,
S3046001_S_GN-SB-PL-01,S3046001_S_GN10667,,brand_unit;legacy_block,
S3046001_S_GN-SB-PL-04,S3046001_S_GN-SB-PO-01,,brand_unit;legacy_block,
S3046001_S_GN-SB-PL-04,S3046001_S_GN-SB-PP-05,0.33983335,brand_unit;legacy_block,
S3046001_S_GN-SB-PL-04,S3046001_S_GN-SB-RO-01,,brand_unit;legacy_block,
S3046001_S_GN-SB-PL-04,S3046001_S_GN-SB-RO-04,,brand_unit;legacy_block,
S3046001_S_GN-SB-PL-04,S3046001_S_GN-SB-RS-01,,brand_unit;legacy_block,
S3046001_S_GN-SB-PL-04,S3046001_S_GN-SB-RS-04,,brand_unit;legacy_block;semantic_topk,0.42651397
S3046001_S_GN-SB-PL-04,S3046001_S_GN-SB-SB-01,,brand_unit;legacy_block,
S3046001_S_GN-SB-PL-04,S3046001_S_GN-SB-SB-04,,brand_unit;legacy_block;semantic_topk,0.42968050
S3046001_S_GN-SB-PL-04,S3046001_S_GN-SB-SJ-01,0.13013501,brand_unit;legacy_block,
S3046001_S_GN-SB-PL-04,S3046001_S_GN-SB-SJ-04,0.01141808,brand_unit;legacy_block;semantic_topk,0.44949472
S3046001_S_GN-SB-PL-04,S3046001_S_GN-SB-SS-01,0.04767616,brand_unit;legacy_block,
S3046001_S_GN-SB-PL-04,S3046001_S_GN-SB-SS-04,0.04284136,brand_unit;legacy_block,
S3046001_S_GN-SB-PL-04,S3046001_S_GN-SB-SW-04,0.70023908,brand_unit;legacy_block,
S3046001_S_GN-SB-PL-04,S3046001_S_GN-SB-TA-01,,brand_unit;legacy_block,
S3046001_S_GN-SB-PL-04,S3046001_S_GN-SB-TA-04,,brand_unit;legacy_block;semantic_topk,0.44587988
S3046001_S_GN-SB-PL-04,S3046001_S_GN-SB-TM-01,,brand_unit;legacy_block,
S3046001_S_GN-SB-PL-04,S3046001_S_GN-SB-TM-04,,brand_unit;legacy_block,
S3046001_S_GN-SB-PL-04,S3046001_S_GN-SB-TT-01,,brand_unit;legacy_block,
S3046001_S_GN-SB-PL-04,S3046001_S_GN-SB-TT-04,,brand_unit;legacy_block,
S3046001_S_GN-SB-PL-04,S3046001_S_GN-SB-TU-01,0.12492292,brand_unit;legacy_block,
S3046001_S_GN-SB-PL-04,S3046001_S_GN-SB-TU-04,,brand_unit;legacy_block;semantic_topk,0.43032542
S3046001_S_GN-SB-PL-04,S3046001_S_GN-SB-WP-01,,brand_unit;legacy_block,
S3046001_S_GN-SB-PL-04,S3046001_S_GN-SB-WP-04,0.02544652,brand_unit;legacy_block,
S3046001_S_GN-SB-PL-04,S3046001_S_GN10667,,brand_unit;legacy_block,
S3046001_S_GN-SB-PO-01,S3046001_S_GN-SB-PP-05,0.43213338,brand_unit;legacy_block,
S3046001_S_GN-SB-PO-01,S3046001_S_GN-SB-RO-01,,brand_unit;legacy_block;semantic_topk,0.76148605
S3046001_S_GN-SB-PO-01,S3046001_S_GN-SB-RO-04,,brand_unit;legacy_block,
S3046001_S_GN-SB-PO-01,S3046001_S_GN-SB-RS-01,,brand_unit;legacy_block;semantic_topk,0.78467524
S3046001_S_GN-SB-PO-01,S3046001_S_GN-SB-RS-04,,brand_unit;legacy_block,
S3046001_S_GN-SB-PO-01,S3046001_S_GN-SB-SB-01,,brand_unit;legacy_block;semantic_topk,0.76186466
S3046001_S_GN-SB-PO-01,S3046001_S_GN-SB-SB-04,0.69957998,brand_unit;legacy_block,
S3046001_S_GN-SB-PO-01,S3046001_S_GN-SB-SJ-01,0.00138571,brand_unit;legacy_block;semantic_topk,0.74527973
S3046001_S_GN-SB-PO-01,S3046001_S_GN-SB-SJ-04,0.36541999,brand_unit;legacy_block,
S3046001_S_GN-SB-PO-01,S3046001_S_GN-SB-SS-01,0.62938788,brand_unit;legacy_block,
S3046001_S_GN-SB-PO-01,S3046001_S_GN-SB-SS-04,0.04108906,brand_unit;legacy_block,
S3046001_S_GN-SB-PO-01,S3046001_S_GN-SB-SW-04,0.57091193,brand_unit;legacy_block,
S3046001_S_GN-SB-PO-01,S3046001_S_GN-SB-TA-01,,brand_unit;legacy_block;semantic_topk,0.41445515
S3046001_S_GN-SB-PO-01,S3046001_S_GN-SB-TA-04,,brand_unit;legacy_block,
S3046001_S_GN-SB-PO-01,S3046001_S_GN-SB-TM-01,0.45202953,brand_unit;legacy_block,
S3046001_S_GN-SB-PO-01,S3046001_S_GN-SB-TM-04,0.54402090,brand_unit;legacy_block,
S3046001_S_GN-SB-PO-01,S3046001_S_GN-SB-TT-01,,brand_unit;legacy_block,
S3046001_S_GN-SB-PO-01,S3046001_S_GN-SB-TT-04,,brand_unit;legacy_block,
S3046001_S_GN-SB-PO-01,S3046001_S_GN-SB-TU-01,0.00100811,brand_unit;legacy_block;semantic_topk,0.65051055
S3046001_S_GN-SB-PO-01,S3046001_S_GN-SB-TU-04,0.80277537,brand_unit;legacy_block,
S3046001_S_GN-SB-PO-01,S3046001_S_GN-SB-WP-01,0.00421027,brand_unit;legacy_block;semantic_topk,0.42049757
S3046001_S_GN-SB-PO-01,S3046001_S_GN-SB-WP-04,0.14782298,brand_unit;legacy_block,
S3046001_S_GN-SB-PO-01,S3046001_S_GN10667,0.32455438,brand_unit;legacy_block,
S3046001_S_GN-SB-PP-05,S3046001_S_GN-SB-RO-01,0.37029277,brand_unit;legacy_block,
S3046001_S_GN-SB-PP-05,S3046001_S_GN-SB-RO-04,0.63068089,brand_unit;legacy_block,
S3046001_S_GN-SB-PP-05,S3046001_S_GN-SB-RS-01,0.65911109,brand_unit;legacy_block,
S3046001_S_GN-SB-PP-05,S3046001_S_GN-SB-RS-04,0.82623493,brand_unit;legacy_block,
S3046001_S_GN-SB-PP-05,S3046001_S_GN-SB-SB-01,0.33976078,brand_unit;legacy_block,
S3046001_S_GN-SB-PP-05,S3046001_S_GN-SB-SB-04,0.64147513,brand_unit;legacy_block,
S3046001_S_GN-SB-PP-05,S3046001_S_GN-SB-SJ-01,0.33048657,brand_unit;legacy_block,
S3046001_S_GN-SB-PP-05,S3046001_S_GN-SB-SJ-04,0.51937931,brand_unit;legacy_block,
S3046001_S_GN-SB-PP-05,S3046001_S_GN-SB-SS-01,0.02564627,brand_unit;legacy_block,
S3046001_S_GN-SB-PP-05,S3046001_S_GN-SB-SS-04,0.06852478,brand_unit;legacy_block,
S3046001_S_GN-SB-PP-05,S3046001_S_GN-SB-SW-04,0.91090016,brand_unit;legacy_block,
S3046001_S_GN-SB-PP-05,S3046001_S_GN-SB-TA-01,0.43213338,brand_unit;legacy_block,
S3046001_S_GN-SB-PP-05,S3046001_S_GN-SB-TA-04,0.69342258,brand_unit;legacy_block,
S3046001_S_GN-SB-PP-05,S3046001_S_GN-SB-TM-01,0.02261983,brand_unit;legacy_block,
S3046001_S_GN-SB-PP-05,S3046001_S_GN-SB-TM-04,0.66940103,brand_unit;legacy_block,
S3046001_S_GN-SB-PP-05,S3046001_S_GN-SB-TT-01,0.49776988,brand_unit;legacy_block,
S3046001_S_GN-SB-PP-05,S3046001_S_GN-SB-TT-04,0.73052845,brand_unit;legacy_block,
S3046001_S_GN-SB-PP-05,S3046001_S_GN-SB-TU-01,0.46792779,brand_unit;legacy_block,
S3046001_S_GN-SB-PP-05,S3046001_S_GN-SB-TU-04,0.75095119,brand_unit;legacy_block,
S3046001_S_GN-SB-PP-05,S3046001_S_GN-SB-WP-01,0.13689058,brand_unit;legacy_block,
S3046001_S_GN-SB-PP-05,S3046001_S_GN-SB-WP-04,0.47886383,brand_unit;legacy_block,
S3046001_S_GN-SB-PP-05,S3046001_S_GN10667,0.62535456,brand_unit;legacy_block,
S3046001_S_GN-SB-RO-01,S3046001_S_GN-SB-RO-04,1.00000000,brand_unit;legacy_block,
S3046001_S_GN-SB-RO-01,S3046001_S_GN-SB-RS-01,,brand_unit;legacy_block;semantic_topk,0.78388780
S3046001_S_GN-SB-RO-01,S3046001_S_GN-SB-RS-04,,brand_unit;legacy_block,
S3046001_S_GN-SB-RO-01,S3046001_S_GN-SB-SB-01,,brand_unit;legacy_block;semantic_topk,0.72240651
S3046001_S_GN-SB-RO-01,S3046001_S_GN-SB-SB-04,,brand_unit;legacy_block,
S3046001_S_GN-SB-RO-01,S3046001_S_GN-SB-SJ-01,0.00138571,brand_unit;legacy_block;semantic_topk,0.71717894
S3046001_S_GN-SB-RO-01,S3046001_S_GN-SB-SJ-04,0.36541999,brand_unit;legacy_block,
S3046001_S_GN-SB-RO-01,S3046001_S_GN-SB-SS-01,0.03484311,brand_unit;legacy_block,
S3046001_S_GN-SB-RO-01,S3046001_S_GN-SB-SS-04,0.04108906,brand_unit;legacy_block,
S3046001_S_GN-SB-RO-01,S3046001_S_GN-SB-SW-04,0.50001672,brand_unit;legacy_block,
S3046001_S_GN-SB-RO-01,S3046001_S_GN-SB-TA-01,,brand_unit;legacy_block;semantic_topk,0.40650725
S3046001_S_GN-SB-RO-01,S3046001_S_GN-SB-TA-04,,brand_unit;legacy_block,
S3046001_S_GN-SB-RO-01,S3046001_S_GN-SB-TM-01,,brand_unit;legacy_block,
S3046001_S_GN-SB-RO-01,S3046001_S_GN-SB-TM-04,,brand_unit;legacy_block,
S3046001_S_GN-SB-RO-01,S3046001_S_GN-SB-TT-01,,brand_unit;legacy_block,
S3046001_S_GN-SB-RO-01,S3046001_S_GN-SB-TT-04,,brand_unit;legacy_block,
S3046001_S_GN-SB-RO-01,S3046001_S_GN-SB-TU-01,0.00052353,brand_unit;legacy_block;semantic_topk,0.62948978
S3046001_S_GN-SB-RO-01,S3046001_S_GN-SB-TU-04,,brand_unit;legacy_block,
S3046001_S_GN-SB-RO-01,S3046001_S_GN-SB-WP-01,0.00488967,brand_unit;legacy_block;semantic_topk,0.41172954
S3046001_S_GN-SB-RO-01,S3046001_S_GN-SB-WP-04,0.21381404,brand_unit;legacy_block,
S3046001_S_GN-SB-RO-01,S3046001_S_GN10667,0.32455438,brand_unit;legacy_block,
S3046001_S_GN-SB-RO-04,S3046001_S_GN-SB-RS-01,,brand_unit;legacy_block,
S3046001_S_GN-SB-RO-04,S3046001_S_GN-SB-RS-04,,brand_unit;legacy_block;semantic_topk,0.75455266
S3046001_S_GN-SB-RO-04,S3046001_S_GN-SB-SB-01,,brand_unit;legacy_block,
S3046001_S_GN-SB-RO-04,S3046001_S_GN-SB-SB-04,,brand_unit;legacy_block;semantic_topk,0.73513466
S3046001_S_GN-SB-RO-04,S3046001_S_GN-SB-SJ-01,0.40912279,brand_unit;legacy_block,
S3046001_S_GN-SB-RO-04,S3046001_S_GN-SB-SJ-04,0.05643641,brand_unit;legacy_block;semantic_topk,0.65272057
S3046001_S_GN-SB-RO-04,S3046001_S_GN-SB-SS-01,0.04974601,brand_unit;legacy_block,
S3046001_S_GN-SB-RO-04,S3046001_S_GN-SB-SS-04,0.03748145,brand_unit;legacy_block,
S3046001_S_GN-SB-RO-04,S3046001_S_GN-SB-SW-04,0.71481683,brand_unit;legacy_block,
S3046001_S_GN-SB-RO-04,S3046001_S_GN-SB-TA-01,,brand_unit;legacy_block,
S3046001_S_GN-SB-RO-04,S3046001_S_GN-SB-TA-04,,brand_unit;legacy_block;semantic_topk,0.71084213
S3046001_S_GN-SB-RO-04,S3046001_S_GN-SB-TM-01,,brand_unit;legacy_block,
S3046001_S_GN-SB-RO-04,S3046001_S_GN-SB-TM-04,,brand_unit;legacy_block,
S3046001_S_GN-SB-RO-04,S3046001_S_GN-SB-TT-01,,brand_unit;legacy_block,
S3046001_S_GN-SB-RO-04,S3046001_S_GN-SB-TT-04,,brand_unit;legacy_block;semantic_topk,0.66144496
S3046001_S_GN-SB-RO-04,S3046001_S_GN-SB-TU-01,0.31424329,brand_unit;legacy_block,
S3046001_S_GN-SB-RO-04,S3046001_S_GN-SB-TU-04,,brand_unit;legacy_block;semantic_topk,0.73219091
S3046001_S_GN-SB-RO-04,S3046001_S_GN-SB-WP-01,0.02363744,brand_unit;legacy_block,
S3046001_S_GN-SB-RO-04,S3046001_S_GN-SB-WP-04,0.05032461,brand_unit;legacy_block;semantic_topk,0.61901414
S3046001_S_GN-SB-RO-04,S3046001_S_GN10667,0.38178650,brand_unit;legacy_block,
S3046001_S_GN-SB-RS-01,S3046001_S_GN-SB-RS-04,1.00000000,brand_unit;legacy_block,
S3046001_S_GN-SB-RS-01,S3046001_S_GN-SB-SB-01,,brand_unit;legacy_block;semantic_topk,0.75646710
S3046001_S_GN-SB-RS-01,S3046001_S_GN-SB-SB-04,,brand_unit;legacy_block,
S3046001_S_GN-SB-RS-01,S3046001_S_GN-SB-SJ-01,0.00138571,brand_unit;legacy_block;semantic_topk,0.73194021
S3046001_S_GN-SB-RS-01,S3046001_S_GN-SB-SJ-04,0.36541999,brand_unit;legacy_block,
S3046001_S_GN-SB-RS-01,S3046001_S_GN-SB-SS-01,0.03230137,brand_unit;legacy_block,
S3046001_S_GN-SB-RS-01,S3046001_S_GN-SB-SS-04,0.01483363,brand_unit;legacy_block,
S3046001_S_GN-SB-RS-01,S3046001_S_GN-SB-SW-04,0.76260286,brand_unit;legacy_block,
S3046001_S_GN-SB-RS-01,S3046001_S_GN-SB-TA-01,,brand_unit;legacy_block;semantic_topk,0.41079554
S3046001_S_GN-SB-RS-01,S3046001_S_GN-SB-TA-04,,brand_unit;legacy_block,
S3046001_S_GN-SB-RS-01,S3046001_S_GN-SB-TM-01,,brand_unit;legacy_block,
S3046001_S_GN-SB-RS-01,S3046001_S_GN-SB-TM-04,,brand_unit;legacy_block,
S3046001_S_GN-SB-RS-01,S3046001_S_GN-SB-TT-01,,brand_unit;legacy_block,
S3046001_S_GN-SB-RS-01,S3046001_S_GN-SB-TT-04,,brand_unit;legacy_block,
S3046001_S_GN-SB-RS-01,S3046001_S_GN-SB-TU-01,0.00187449,brand_unit;legacy_block;semantic_topk,0.65031892
S3046001_S_GN-SB-RS-01,S3046001_S_GN-SB-TU-04,,brand_unit;legacy_block,
S3046001_S_GN-SB-RS-01,S3046001_S_GN-SB-WP-01,,brand_unit;legacy_block;semantic_topk,0.41829610
S3046001_S_GN-SB-RS-01,S3046001_S_GN-SB-WP-04,0.16173265,brand_unit;legacy_block,
S3046001_S_GN-SB-RS-01,S3046001_S_GN10667,,brand_unit;legacy_block,
S3046001_S_GN-SB-RS-04,S3046001_S_GN-SB-SB-01,,brand_unit;legacy_block,
S3046001_S_GN-SB-RS-04,S3046001_S_GN-SB-SB-04,,brand_unit;legacy_block;semantic_topk,0.75592870
S3046001_S_GN-SB-RS-04,S3046001_S_GN-SB-SJ-01,0.40912279,brand_unit;legacy_block,
S3046001_S_GN-SB-RS-04,S3046001_S_GN-SB-SJ-04,0.03160423,brand_unit;legacy_block;semantic_topk,0.67291641
S3046001_S_GN-SB-RS-04,S3046001_S_GN-SB-SS-01,0.04536914,brand_unit;legacy_block,
S3046001_S_GN-SB-RS-04,S3046001_S_GN-SB-SS-04,0.02662056,brand_unit;legacy_block,
S3046001_S_GN-SB-RS-04,S3046001_S_GN-SB-SW-04,0.89332024,brand_unit;legacy_block,
S3046001_S_GN-SB-RS-04,S3046001_S_GN-SB-TA-01,,brand_unit;legacy_block,
S3046001_S_GN-SB-RS-04,S3046001_S_GN-SB-TA-04,,brand_unit;legacy_block;semantic_topk,0.72955066
S3046001_S_GN-SB-RS-04,S3046001_S_GN-SB-TM-01,,brand_unit;legacy_block,
S3046001_S_GN-SB-RS-04,S3046001_S_GN-SB-TM-04,,brand_unit;legacy_block,
S3046001_S_GN-SB-RS-04,S3046001_S_GN-SB-TT-01,,brand_unit;legacy_block,
S3046001_S_GN-SB-RS-04,S3046001_S_GN-SB-TT-04,,brand_unit;legacy_block;semantic_topk,0.68630844
S3046001_S_GN-SB-RS-04,S3046001_S_GN-SB-TU-01,0.54650269,brand_unit;legacy_block,
S3046001_S_GN-SB-RS-04,S3046001_S_GN-SB-TU-04,,brand_unit;legacy_block;semantic_topk,0.75279450
S3046001_S_GN-SB-RS-04,S3046001_S_GN-SB-WP-01,,brand_unit;legacy_block,
S3046001_S_GN-SB-RS-04,S3046001_S_GN-SB-WP-04,0.04288451,brand_unit;legacy_block;semantic_topk,0.63112408
S3046001_S_GN-SB-RS-04,S3046001_S_GN10667,,brand_unit;legacy_block,
S3046001_S_GN-SB-SB-01,S3046001_S_GN-SB-SB-04,1.00000000,brand_unit;legacy_block,
S3046001_S_GN-SB-SB-01,S3046001_S_GN-SB-SJ-01,0.00040656,brand_unit;legacy_block;semantic_topk,0.72268093
S3046001_S_GN-SB-SB-01,S3046001_S_GN-SB-SJ-04,0.36436436,brand_unit;legacy_block,
S3046001_S_GN-SB-SB-01,S3046001_S_GN-SB-SS-01,0.06492067,brand_unit;legacy_block,
S3046001_S_GN-SB-SB-01,S3046001_S_GN-SB-SS-04,0.04108906,brand_unit;legacy_block,
S3046001_S_GN-SB-SB-01,S3046001_S_GN-SB-SW-04,0.62360020,brand_unit;legacy_block,
S3046001_S_GN-SB-SB-01,S3046001_S_GN-SB-TA-01,,brand_unit;legacy_block;semantic_topk,0.42686948
S3046001_S_GN-SB-SB-01,S3046001_S_GN-SB-TA-04,,brand_unit;legacy_block,
S3046001_S_GN-SB-SB-01,S3046001_S_GN-SB-TM-01,,brand_unit;legacy_block,
S3046001_S_GN-SB-SB-01,S3046001_S_GN-SB-TM-04,,brand_unit;legacy_block,
S3046001_S_GN-SB-SB-01,S3046001_S_GN-SB-TT-01,,brand_unit;legacy_block,
S3046001_S_GN-SB-SB-01,S3046001_S_GN-SB-TT-04,,brand_unit;legacy_block,
S3046001_S_GN-SB-SB-01,S3046001_S_GN-SB-TU-01,0.00075829,brand_unit;legacy_block;semantic_topk,0.62269819
S3046001_S_GN-SB-SB-01,S3046001_S_GN-SB-TU-04,,brand_unit;legacy_block,
S3046001_S_GN-SB-SB-01,S3046001_S_GN-SB-WP-01,0.01120056,brand_unit;legacy_block;semantic_topk,0.44833580
S3046001_S_GN-SB-SB-01,S3046001_S_GN-SB-WP-04,0.26256957,brand_unit;legacy_block,
S3046001_S_GN-SB-SB-01,S3046001_S_GN10667,,brand_unit;legacy_block,
S3046001_S_GN-SB-SB-04,S3046001_S_GN-SB-SJ-01,0.40912279,brand_unit;legacy_block,
S3046001_S_GN-SB-SB-04,S3046001_S_GN-SB-SJ-04,0.05643641,brand_unit;legacy_block;semantic_topk,0.66394001
S3046001_S_GN-SB-SB-04,S3046001_S_GN-SB-SS-01,0.04750830,brand_unit;legacy_block,
S3046001_S_GN-SB-SB-04,S3046001_S_GN-SB-SS-04,0.03577466,brand_unit;legacy_block,
S3046001_S_GN-SB-SB-04,S3046001_S_GN-SB-SW-04,0.73088905,brand_unit;legacy_block,
S3046001_S_GN-SB-SB-04,S3046001_S_GN-SB-TA-01,,brand_unit;legacy_block,
S3046001_S_GN-SB-SB-04,S3046001_S_GN-SB-TA-04,,brand_unit;legacy_block;semantic_topk,0.73832130
S3046001_S_GN-SB-SB-04,S3046001_S_GN-SB-TM-01,,brand_unit;legacy_block,
S3046001_S_GN-SB-SB-04,S3046001_S_GN-SB-TM-04,,brand_unit;legacy_block,
S3046001_S_GN-SB-SB-04,S3046001_S_GN-SB-TT-01,,brand_unit;legacy_block,
S3046001_S_GN-SB-SB-04,S3046001_S_GN-SB-TT-04,,brand_unit;legacy_block;semantic_topk,0.66830832
S3046001_S_GN-SB-SB-04,S3046001_S_GN-SB-TU-01,0.33695622,brand_unit;legacy_block,
S3046001_S_GN-SB-SB-04,S3046001_S_GN-SB-TU-04,,brand_unit;legacy_block;semantic_topk,0.74904990
S3046001_S_GN-SB-SB-04,S3046001_S_GN-SB-WP-01,0.02363744,brand_unit;legacy_block,
S3046001_S_GN-SB-SB-04,S3046001_S_GN-SB-WP-04,0.04120086,brand_unit;legacy_block;semantic_topk,0.63945484
S3046001_S_GN-SB-SB-04,S3046001_S_GN10667,0.38178650,brand_unit;legacy_block,
S3046001_S_GN-SB-SJ-01,S3046001_S_GN-SB-SJ-04,0.55272554,brand_unit;legacy_block,
S3046001_S_GN-SB-SJ-01,S3046001_S_GN-SB-SS-01,0.03216471,brand_unit;legacy_block,
S3046001_S_GN-SB-SJ-01,S3046001_S_GN-SB-SS-04,0.05330548,brand_unit;legacy_block,
S3046001_S_GN-SB-SJ-01,S3046001_S_GN-SB-SW-04,0.42812277,brand_unit;legacy_block,
S3046001_S_GN-SB-SJ-01,S3046001_S_GN-SB-TA-01,0.01490042,brand_unit;legacy_block,
S3046001_S_GN-SB-SJ-01,S3046001_S_GN-SB-TA-04,0.40912279,brand_unit;legacy_block,
S3046001_S_GN-SB-SJ-01,S3046001_S_GN-SB-TM-01,0.19850672,brand_unit;legacy_block,
S3046001_S_GN-SB-SJ-01,S3046001_S_GN-SB-TM-04,0.26373622,brand_unit;legacy_block,
S3046001_S_GN-SB-SJ-01,S3046001_S_GN-SB-TT-01,0.02042659,brand_unit;legacy_block,
S3046001_S_GN-SB-SJ-01,S3046001_S_GN-SB-TT-04,0.40912279,brand_unit;legacy_block,
S3046001_S_GN-SB-SJ-01,S3046001_S_GN-SB-TU-01,0.00481076,brand_unit;legacy_block;semantic_topk,0.61601698
S3046001_S_GN-SB-SJ-01,S3046001_S_GN-SB-TU-04,0.40912279,brand_unit;legacy_block,
S3046001_S_GN-SB-SJ-01,S3046001_S_GN-SB-WP-01,0.00837293,brand_unit;legacy_block;semantic_topk,0.40339580
S3046001_S_GN-SB-SJ-01,S3046001_S_GN-SB-WP-04,0.40772282,brand_unit;legacy_block,
S3046001_S_GN-SB-SJ-01,S3046001_S_GN10667,0.32455438,brand_unit;legacy_block,
S3046001_S_GN-SB-SJ-04,S3046001_S_GN-SB-SS-01,0.07317788,brand_unit;legacy_block,
S3046001_S_GN-SB-SJ-04,S3046001_S_GN-SB-SS-04,0.07113482,brand_unit;legacy_block,
S3046001_S_GN-SB-SJ-04,S3046001_S_GN-SB-SW-04,0.53516329,brand_unit;legacy_block,
S3046001_S_GN-SB-SJ-04,S3046001_S_GN-SB-TA-01,0.01398795,brand_unit;legacy_block,
S3046001_S_GN-SB-SJ-04,S3046001_S_GN-SB-TA-04,0.03160423,brand_unit;legacy_block;semantic_topk,0.69250864
S3046001_S_GN-SB-SJ-04,S3046001_S_GN-SB-TM-01,0.00995939,brand_unit;legacy_block,
S3046001_S_GN-SB-SJ-04,S3046001_S_GN-SB-TM-04,0.02070753,brand_unit;legacy_block,
S3046001_S_GN-SB-SJ-04,S3046001_S_GN-SB-TT-01,0.03251453,brand_unit;legacy_block,
S3046001_S_GN-SB-SJ-04,S3046001_S_GN-SB-TT-04,0.04411110,brand_unit;legacy_block;semantic_topk,0.59438872
S3046001_S_GN-SB-SJ-04,S3046001_S_GN-SB-TU-01,0.42446632,brand_unit;legacy_block,
S3046001_S_GN-SB-SJ-04,S3046001_S_GN-SB-TU-04,0.03160423,brand_unit;legacy_block;semantic_topk,0.67476332
S3046001_S_GN-SB-SJ-04,S3046001_S_GN-SB-WP-01,0.02761516,brand_unit;legacy_block,
S3046001_S_GN-SB-SJ-04,S3046001_S_GN-SB-WP-04,0.27369278,brand_unit;legacy_block,
S3046001_S_GN-SB-SJ-04,S3046001_S_GN10667,0.44762437,brand_unit;legacy_block,
S3046001_S_GN-SB-SS-01,S3046001_S_GN-SB-SS-04,1.00000000,brand_unit;legacy_block;semantic_topk,0.78647274
S3046001_S_GN-SB-SS-01,S3046001_S_GN-SB-SW-04,0.70273236,brand_unit;legacy_block,
S3046001_S_GN-SB-SS-01,S3046001_S_GN-SB-TA-01,0.62938788,brand_unit;legacy_block,
S3046001_S_GN-SB-SS-01,S3046001_S_GN-SB-TA-04,0.04536914,brand_unit;legacy_block,
S3046001_S_GN-SB-SS-01,S3046001_S_GN-SB-TM-01,0.07958906,brand_unit;legacy_block,
S3046001_S_GN-SB-SS-01,S3046001_S_GN-SB-TM-04,0.50892448,brand_unit;legacy_block,
S3046001_S_GN-SB-SS-01,S3046001_S_GN-SB-TT-01,0.00734311,brand_unit;legacy_block,
S3046001_S_GN-SB-SS-01,S3046001_S_GN-SB-TT-04,0.01964290,brand_unit;legacy_block,
S3046001_S_GN-SB-SS-01,S3046001_S_GN-SB-TU-01,0.00869828,brand_unit;legacy_block,
S3046001_S_GN-SB-SS-01,S3046001_S_GN-SB-TU-04,0.04536914,brand_unit;legacy_block,
S3046001_S_GN-SB-SS-01,S3046001_S_GN-SB-WP-01,0.00646336,brand_unit;legacy_block,
S3046001_S_GN-SB-SS-01,S3046001_S_GN-SB-WP-04,0.06946952,brand_unit;legacy_block,
S3046001_S_GN-SB-SS-01,S3046001_S_GN10667,0.02418640,brand_unit;legacy_block,
S3046001_S_GN-SB-SS-04,S3046001_S_GN-SB-SW-04,0.25677140,brand_unit;legacy_block,
S3046001_S_GN-SB-SS-04,S3046001_S_GN-SB-TA-01,0.77561628,brand_unit;legacy_block,
S3046001_S_GN-SB-SS-04,S3046001_S_GN-SB-TA-04,0.02662056,brand_unit;legacy_block,
S3046001_S_GN-SB-SS-04,S3046001_S_GN-SB-TM-01,0.19247365,brand_unit;legacy_block,
S3046001_S_GN-SB-SS-04,S3046001_S_GN-SB-TM-04,0.06462701,brand_unit;legacy_block,
S3046001_S_GN-SB-SS-04,S3046001_S_GN-SB-TT-01,0.01251212,brand_unit;legacy_block,
S3046001_S_GN-SB-SS-04,S3046001_S_GN-SB-TT-04,0.01139862,brand_unit;legacy_block,
S3046001_S_GN-SB-SS-04,S3046001_S_GN-SB-TU-01,0.02486028,brand_unit;legacy_block,
S3046001_S_GN-SB-SS-04,S3046001_S_GN-SB-TU-04,0.02662056,brand_unit;legacy_block,
S3046001_S_GN-SB-SS-04,S3046001_S_GN-SB-WP-01,0.02154579,brand_unit;legacy_block,
S3046001_S_GN-SB-SS-04,S3046001_S_GN-SB-WP-04,0.03073931,brand_unit;legacy_block,
S3046001_S_GN-SB-SS-04,S3046001_S_GN10667,0.03103764,brand_unit;legacy_block,
S3046001_S_GN-SB-SW-04,S3046001_S_GN-SB-TA-01,0.66819725,brand_unit;legacy_block,
S3046001_S_GN-SB-SW-04,S3046001_S_GN-SB-TA-04,0.83901381,brand_unit;legacy_block,
S3046001_S_GN-SB-SW-04,S3046001_S_GN-SB-TM-01,0.05615187,brand_unit;legacy_block,
S3046001_S_GN-SB-SW-04,S3046001_S_GN-SB-TM-04,0.01490807,brand_unit;legacy_block;semantic_topk,0.73226607
S3046001_S_GN-SB-SW-04,S3046001_S_GN-SB-TT-01,0.64848312,brand_unit;legacy_block,
S3046001_S_GN-SB-SW-04,S3046001_S_GN-SB-TT-04,0.83436421,brand_unit;legacy_block,
S3046001_S_GN-SB-SW-04,S3046001_S_GN-SB-TU-01,0.47070800,brand_unit;legacy_block,
S3046001_S_GN-SB-SW-04,S3046001_S_GN-SB-TU-04,0.82112104,brand_unit;legacy_block,
S3046001_S_GN-SB-SW-04,S3046001_S_GN-SB-WP-01,0.58613175,brand_unit;legacy_block,
S3046001_S_GN-SB-SW-04,S3046001_S_GN-SB-WP-04,0.62128287,brand_unit;legacy_block,
S3046001_S_GN-SB-SW-04,S3046001_S_GN10667,0.02865424,brand_unit;legacy_block,
S3046001_S_GN-SB-TA-01,S3046001_S_GN-SB-TA-04,1.00000000,brand_unit;legacy_block;semantic_topk,0.57883281
S3046001_S_GN-SB-TA-01,S3046001_S_GN-SB-TM-01,,brand_unit;legacy_block,
S3046001_S_GN-SB-TA-01,S3046001_S_GN-SB-TM-04,,brand_unit;legacy_block,
S3046001_S_GN-SB-TA-01,S3046001_S_GN-SB-TT-01,,brand_unit;legacy_block;semantic_topk,0.61726099
S3046001_S_GN-SB-TA-01,S3046001_S_GN-SB-TT-04,,brand_unit;legacy_block,
S3046001_S_GN-SB-TA-01,S3046001_S_GN-SB-TU-01,0.00508950,brand_unit;legacy_block;semantic_topk,0.40782088
S3046001_S_GN-SB-TA-01,S3046001_S_GN-SB-TU-04,,brand_unit;legacy_block,
S3046001_S_GN-SB-TA-01,S3046001_S_GN-SB-WP-01,0.00123355,brand_unit;legacy_block;semantic_topk,0.59460926
S3046001_S_GN-SB-TA-01,S3046001_S_GN-SB-WP-04,0.01137181,brand_unit;legacy_block,
S3046001_S_GN-SB-TA-01,S3046001_S_GN10667,0.05099681,brand_unit;legacy_block,
S3046001_S_GN-SB-TA-04,S3046001_S_GN-SB-TM-01,,brand_unit;legacy_block,
S3046001_S_GN-SB-TA-04,S3046001_S_GN-SB-TM-04,,brand_unit;legacy_block,
S3046001_S_GN-SB-TA-04,S3046001_S_GN-SB-TT-01,,brand_unit;legacy_block,
S3046001_S_GN-SB-TA-04,S3046001_S_GN-SB-TT-04,,brand_unit;legacy_block;semantic_topk,0.65150952
S3046001_S_GN-SB-TA-04,S3046001_S_GN-SB-TU-01,0.47477828,brand_unit;legacy_block,
S3046001_S_GN-SB-TA-04,S3046001_S_GN-SB-TU-04,,brand_unit;legacy_block;semantic_topk,0.74233657
S3046001_S_GN-SB-TA-04,S3046001_S_GN-SB-WP-01,0.00843623,brand_unit;legacy_block,
S3046001_S_GN-SB-TA-04,S3046001_S_GN-SB-WP-04,0.05236073,brand_unit;legacy_block;semantic_topk,0.62760997
S3046001_S_GN-SB-TA-04,S3046001_S_GN10667,0.13515848,brand_unit;legacy_block,
S3046001_S_GN-SB-TM-01,S3046001_S_GN-SB-TM-04,1.00000000,brand_unit;legacy_block;semantic_topk,0.54056078
S3046001_S_GN-SB-TM-01,S3046001_S_GN-SB-TT-01,,brand_unit;legacy_block,
S3046001_S_GN-SB-TM-01,S3046001_S_GN-SB-TT-04,,brand_unit;legacy_block,
S3046001_S_GN-SB-TM-01,S3046001_S_GN-SB-TU-01,0.19850672,brand_unit;legacy_block,
S3046001_S_GN-SB-TM-01,S3046001_S_GN-SB-TU-04,1.00000000,brand_unit;legacy_block,
S3046001_S_GN-SB-TM-01,S3046001_S_GN-SB-WP-01,0.00885476,brand_unit;legacy_block,
S3046001_S_GN-SB-TM-01,S3046001_S_GN-SB-WP-04,0.01737760,brand_unit;legacy_block,
S3046001_S_GN-SB-TM-01,S3046001_S_GN10667,,brand_unit;legacy_block,
S3046001_S_GN-SB-TM-04,S3046001_S_GN-SB-TT-01,,brand_unit;legacy_block,
S3046001_S_GN-SB-TM-04,S3046001_S_GN-SB-TT-04,,brand_unit;legacy_block,
S3046001_S_GN-SB-TM-04,S3046001_S_GN-SB-TU-01,0.26373622,brand_unit;legacy_block,
S3046001_S_GN-SB-TM-04,S3046001_S_GN-SB-TU-04,0.99876093,brand_unit;legacy_block,
S3046001_S_GN-SB-TM-04,S3046001_S_GN-SB-WP-01,0.25627172,brand_unit;legacy_block,
S3046001_S_GN-SB-TM-04,S3046001_S_GN-SB-WP-04,0.02213067,brand_unit;legacy_block,
S3046001_S_GN-SB-TM-04,S3046001_S_GN10667,,brand_unit;legacy_block,
S3046001_S_GN-SB-TT-01,S3046001_S_GN-SB-TT-04,1.00000000,brand_unit;legacy_block;semantic_topk,0.51280504
S3046001_S_GN-SB-TT-01,S3046001_S_GN-SB-TU-01,0.01197351,brand_unit;legacy_block,
S3046001_S_GN-SB-TT-01,S3046001_S_GN-SB-TU-04,,brand_unit;legacy_block,
S3046001_S_GN-SB-TT-01,S3046001_S_GN-SB-WP-01,0.00226754,brand_unit;legacy_block;semantic_topk,0.51770616
S3046001_S_GN-SB-TT-01,S3046001_S_GN-SB-WP-04,0.08472993,brand_unit;legacy_block,
S3046001_S_GN-SB-TT-01,S3046001_S_GN10667,0.36212907,brand_unit;legacy_block,
S3046001_S_GN-SB-TT-04,S3046001_S_GN-SB-TU-01,0.47477828,brand_unit;legacy_block,
S3046001_S_GN-SB-TT-04,S3046001_S_GN-SB-TU-04,,brand_unit;legacy_block;semantic_topk,0.67324883
S3046001_S_GN-SB-TT-04,S3046001_S_GN-SB-WP-01,0.16166595,brand_unit;legacy_block,
S3046001_S_GN-SB-TT-04,S3046001_S_GN-SB-WP-04,0.09018514,brand_unit;legacy_block;semantic_topk,0.55803663
S3046001_S_GN-SB-TT-04,S3046001_S_GN10667,0.48470794,brand_unit;legacy_block,
S3046001_S_GN-SB-TU-01,S3046001_S_GN-SB-TU-04,0.47477828,brand_unit;legacy_block,
S3046001_S_GN-SB-TU-01,S3046001_S_GN-SB-WP-01,0.00694811,brand_unit;legacy_block;semantic_topk,0.40720502
S3046001_S_GN-SB-TU-01,S3046001_S_GN-SB-WP-04,0.33220384,brand_unit;legacy_block,
S3046001_S_GN-SB-TU-01,S3046001_S_GN10667,0.30940477,brand_unit;legacy_block,
S3046001_S_GN-SB-TU-04,S3046001_S_GN-SB-WP-01,0.01975708,brand_unit;legacy_block,
S3046001_S_GN-SB-TU-04,S3046001_S_GN-SB-WP-04,0.04288451,brand_unit;legacy_block;semantic_topk,0.63083589
S3046001_S_GN-SB-TU-04,S3046001_S_GN10667,,brand_unit;legacy_block,
S3046001_S_GN-SB-WP-01,S3046001_S_GN-SB-WP-04,0.65222282,brand_unit;legacy_block;semantic_topk,0.52991265
S3046001_S_GN-SB-WP-01,S3046001_S_GN10667,,brand_unit;legacy_block,
S3046001_S_GN-SB-WP-04,S3046001_S_GN10667,0.86680188,brand_unit;legacy_block,
S3046001_S_GN10483,S3046001_S_GN10490,,brand_unit;legacy_block;semantic_topk,0.83828324
S6041001_S_SADOER-72355,S6041002_S_SADOER-72355,1.00000000,brand_unit;legacy_block;packfree_exact;semantic_topk,1.00000072
S6041001_S_SADOER-72379,S6041002_S_SADOER-72379,1.00000000,brand_unit;legacy_block;packfree_exact;semantic_topk,0.99999934
S6046001_S_HMNBSSLEGCH,S6046001_S_HMNBSSLEGEU,0.12467783,brand_unit;legacy_block;semantic_topk,0.83222497
S6088001_S_0014334557812_3,S6088001_S_0035479134989_3,0.11624222,brand_unit;legacy_block;semantic_topk,0.70102715
S6088001_S_9334518002807_3,S6088001_S_9334518002838_3,,brand_unit;legacy_block,
S6088001_S_9334518002807_3,S6088001_S_9334518002845_3,,brand_unit;legacy_block,
S6088001_S_9334518002838_3,S6088001_S_9334518002845_3,,brand_unit;legacy_block;semantic_topk,0.40698409
S6114001_S_ALEPIA-001,S6114001_S_ALEPIA-002,0.99331232,brand_unit;legacy_block;semantic_topk,0.70572656
S6114001_S_ALEPIA-001,S6114001_S_ALEPIA-005,0.99212243,brand_unit;legacy_block;semantic_topk,0.69320220
S6114001_S_ALEPIA-001,S6114001_S_ALEPIA-107,0.54064958,brand_unit;legacy_block;semantic_topk,0.40814537
S6114001_S_ALEPIA-002,S6114001_S_ALEPIA-005,0.98904335,brand_unit;legacy_block;semantic_topk,0.71975827
S6114001_S_ALEPIA-002,S6114001_S_ALEPIA-107,0.26046936,brand_unit;legacy_block,
S6114001_S_ALEPIA-003,S6114001_S_ALEPIA-006,0.02704119,brand_unit;legacy_block;semantic_topk,0.45998093
S6114001_S_ALEPIA-003,S6114001_S_ALEPIA-007,0.04660796,brand_unit;legacy_block;semantic_topk,0.42896363
S6114001_S_ALEPIA-005,S6114001_S_ALEPIA-107,0.26731340,brand_unit;legacy_block,
S6114001_S_ALEPIA-006,S6114001_S_ALEPIA-007,0.58131682,brand_unit;legacy_block;semantic_topk,0.77957457
S6114001_S_ALEPIA-011,S6114001_S_ALEPIA-012,0.98817065,brand_unit;legacy_block;semantic_topk,0.91970176
S6114001_S_ALEPIA-011,S6114001_S_ALEPIA-015,,brand_unit;legacy_block,
S6114001_S_ALEPIA-011,S6114001_S_ALEPIA-016,,brand_unit;legacy_block,
S6114001_S_ALEPIA-011,S6114001_S_ALEPIA-017,,brand_unit;legacy_block,
S6114001_S_ALEPIA-011,S6114001_S_ALEPIA-018,,brand_unit;legacy_block,
S6114001_S_ALEPIA-011,S6114001_S_ALEPIA-019,,brand_unit;legacy_block,
S6114001_S_ALEPIA-011,S6114001_S_ALEPIA-020,,brand_unit;legacy_block,
S6114001_S_ALEPIA-011,S6114001_S_ALEPIA-021,,brand_unit;legacy_block,
S6114001_S_ALEPIA-011,S6114001_S_ALEPIA-022,,brand_unit;legacy_block,
S6114001_S_ALEPIA-011,S6114001_S_ALEPIA-023,,brand_unit;legacy_block,
S6114001_S_ALEPIA-011,S6114001_S_ALEPIA-024,,brand_unit;legacy_block,
S6114001_S_ALEPIA-011,S6114001_S_ALEPIA-108,,brand_unit;legacy_block,
S6114001_S_ALEPIA-011,S6114001_S_ALEPIA-109,0.97660101,brand_unit;legacy_block,
S6114001_S_ALEPIA-011,S6114001_S_ALEPIA-110,,brand_unit;legacy_block,
S6114001_S_ALEPIA-011,S6114001_S_ALEPIA-111,0.02347615,brand_unit;legacy_block,
S6114001_S_ALEPIA-011,S6114001_S_ALEPIA-112,0.02347615,brand_unit;legacy_block,
S6114001_S_ALEPIA-011,S6114001_S_ALEPIA-113,0.02347615,brand_unit;legacy_block,
S6114001_S_ALEPIA-012,S6114001_S_ALEPIA-015,,brand_unit;legacy_block,
S6114001_S_ALEPIA-012,S6114001_S_ALEPIA-016,,brand_unit;legacy_block,
S6114001_S_ALEPIA-012,S6114001_S_ALEPIA-017,,brand_unit;legacy_block,
S6114001_S_ALEPIA-012,S6114001_S_ALEPIA-018,,brand_unit;legacy_block,
S6114001_S_ALEPIA-012,S6114001_S_ALEPIA-019,,brand_unit;legacy_block,
S6114001_S_ALEPIA-012,S6114001_S_ALEPIA-020,,brand_unit;legacy_block;semantic_topk,0.40785223
S6114001_S_ALEPIA-012,S6114001_S_ALEPIA-021,,brand_unit;legacy_block;semantic_topk,0.40870935
S6114001_S_ALEPIA-012,S6114001_S_ALEPIA-022,,brand_unit;legacy_block;semantic_topk,0.40605175
S6114001_S_ALEPIA-012,S6114001_S_ALEPIA-023,,brand_unit;legacy_block;semantic_topk,0.41585311
S6114001_S_ALEPIA-012,S6114001_S_ALEPIA-024,,brand_unit;legacy_block;semantic_topk,0.40678060
S6114001_S_ALEPIA-012,S6114001_S_ALEPIA-108,,brand_unit;legacy_block,
S6114001_S_ALEPIA-012,S6114001_S_ALEPIA-109,0.97531446,brand_unit;legacy_block,
S6114001_S_ALEPIA-012,S6114001_S_ALEPIA-110,,brand_unit;legacy_block,
S6114001_S_ALEPIA-012,S6114001_S_ALEPIA-111,0.02258178,brand_unit;legacy_block,
S6114001_S_ALEPIA-012,S6114001_S_ALEPIA-112,0.01984944,brand_unit;legacy_block,
S6114001_S_ALEPIA-012,S6114001_S_ALEPIA-113,0.01984944,brand_unit;legacy_block,
S6114001_S_ALEPIA-015,S6114001_S_ALEPIA-016,,brand_unit;legacy_block;semantic_topk,0.92718089
S6114001_S_ALEPIA-015,S6114001_S_ALEPIA-017,,brand_unit;legacy_block;semantic_topk,0.92413199
S6114001_S_ALEPIA-015,S6114001_S_ALEPIA-018,,brand_unit;legacy_block;semantic_topk,0.91939312
S6114001_S_ALEPIA-015,S6114001_S_ALEPIA-019,,brand_unit;legacy_block;semantic_topk,0.92117786
S6114001_S_ALEPIA-015,S6114001_S_ALEPIA-020,0.98509265,brand_unit;legacy_block;semantic_topk,0.92737871
S6114001_S_ALEPIA-015,S6114001_S_ALEPIA-021,,brand_unit;legacy_block;semantic_topk,0.89484859
S6114001_S_ALEPIA-015,S6114001_S_ALEPIA-022,,brand_unit;legacy_block;semantic_topk,0.89013875
S6114001_S_ALEPIA-015,S6114001_S_ALEPIA-023,,brand_unit;legacy_block;semantic_topk,0.89088964
S6114001_S_ALEPIA-015,S6114001_S_ALEPIA-024,,brand_unit;legacy_block;semantic_topk,0.89039713
S6114001_S_ALEPIA-015,S6114001_S_ALEPIA-108,0.44569364,brand_unit;legacy_block,
S6114001_S_ALEPIA-015,S6114001_S_ALEPIA-109,,brand_unit;legacy_block,
S6114001_S_ALEPIA-015,S6114001_S_ALEPIA-110,0.44569364,brand_unit;legacy_block,
S6114001_S_ALEPIA-015,S6114001_S_ALEPIA-111,0.17646175,brand_unit;legacy_block,
S6114001_S_ALEPIA-015,S6114001_S_ALEPIA-112,0.03053488,brand_unit;legacy_block,
S6114001_S_ALEPIA-015,S6114001_S_ALEPIA-113,0.03053488,brand_unit;legacy_block,
S6114001_S_ALEPIA-016,S6114001_S_ALEPIA-017,,brand_unit;legacy_block;semantic_topk,0.92481583
S6114001_S_ALEPIA-016,S6114001_S_ALEPIA-018,,brand_unit;legacy_block;semantic_topk,0.92007029
S6114001_S_ALEPIA-016,S6114001_S_ALEPIA-019,,brand_unit;legacy_block;semantic_topk,0.92183191
S6114001_S_ALEPIA-016,S6114001_S_ALEPIA-020,,brand_unit;legacy_block;semantic_topk,0.89362919
S6114001_S_ALEPIA-016,S6114001_S_ALEPIA-021,0.98814869,brand_unit;legacy_block;semantic_topk,0.92604792
S6114001_S_ALEPIA-016,S6114001_S_ALEPIA-022,,brand_unit;legacy_block;semantic_topk,0.88334620
S6114001_S_ALEPIA-016,S6114001_S_ALEPIA-023,,brand_unit;legacy_block;semantic_topk,0.89154619
S6114001_S_ALEPIA-016,S6114001_S_ALEPIA-024,,brand_unit;legacy_block;semantic_topk,0.88362867
S6114001_S_ALEPIA-016,S6114001_S_ALEPIA-108,0.44569364,brand_unit;legacy_block,
S6114001_S_ALEPIA-016,S6114001_S_ALEPIA-109,,brand_unit;legacy_block,
S6114001_S_ALEPIA-016,S6114001_S_ALEPIA-110,0.49205718,brand_unit;legacy_block,
S6114001_S_ALEPIA-016,S6114001_S_ALEPIA-111,0.17646175,brand_unit;legacy_block,
S6114001_S_ALEPIA-016,S6114001_S_ALEPIA-112,0.02686668,brand_unit;legacy_block,
S6114001_S_ALEPIA-016,S6114001_S_ALEPIA-113,0.02686668,brand_unit;legacy_block,
S6114001_S_ALEPIA-017,S6114001_S_ALEPIA-018,,brand_unit;legacy_block;semantic_topk,0.91704398
S6114001_S_ALEPIA-017,S6114001_S_ALEPIA-019,,brand_unit;legacy_block;semantic_topk,0.94081205
S6114001_S_ALEPIA-017,S6114001_S_ALEPIA-020,,brand_unit;legacy_block;semantic_topk,0.89069057
S6114001_S_ALEPIA-017,S6114001_S_ALEPIA-021,,brand_unit;legacy_block;semantic_topk,0.89256227
S6114001_S_ALEPIA-017,S6114001_S_ALEPIA-022,0.97881849,brand_unit;legacy_block;semantic_topk,0.92543977
S6114001_S_ALEPIA-017,S6114001_S_ALEPIA-023,,brand_unit;legacy_block;semantic_topk,0.88861394
S6114001_S_ALEPIA-017,S6114001_S_ALEPIA-024,,brand_unit;legacy_block;semantic_topk,0.88812709
S6114001_S_ALEPIA-017,S6114001_S_ALEPIA-108,0.49050846,brand_unit;legacy_block,
S6114001_S_ALEPIA-017,S6114001_S_ALEPIA-109,,brand_unit;legacy_block,
S6114001_S_ALEPIA-017,S6114001_S_ALEPIA-110,0.49287229,brand_unit;legacy_block,
S6114001_S_ALEPIA-017,S6114001_S_ALEPIA-111,0.19947075,brand_unit;legacy_block,
S6114001_S_ALEPIA-017,S6114001_S_ALEPIA-112,0.03533270,brand_unit;legacy_block,
S6114001_S_ALEPIA-017,S6114001_S_ALEPIA-113,0.03053488,brand_unit;legacy_block,
S6114001_S_ALEPIA-018,S6114001_S_ALEPIA-019,,brand_unit;legacy_block;semantic_topk,0.91411263
S6114001_S_ALEPIA-018,S6114001_S_ALEPIA-020,,brand_unit;legacy_block;semantic_topk,0.88612318
S6114001_S_ALEPIA-018,S6114001_S_ALEPIA-021,,brand_unit;legacy_block;semantic_topk,0.88798547
S6114001_S_ALEPIA-018,S6114001_S_ALEPIA-022,,brand_unit;legacy_block;semantic_topk,0.88331175
S6114001_S_ALEPIA-018,S6114001_S_ALEPIA-023,0.98759524,brand_unit;legacy_block;semantic_topk,0.92332226
S6114001_S_ALEPIA-018,S6114001_S_ALEPIA-024,,brand_unit;legacy_block;semantic_topk,0.88356787
S6114001_S_ALEPIA-018,S6114001_S_ALEPIA-108,0.29354609,brand_unit;legacy_block,
S6114001_S_ALEPIA-018,S6114001_S_ALEPIA-109,,brand_unit;legacy_block,
S6114001_S_ALEPIA-018,S6114001_S_ALEPIA-110,0.49205718,brand_unit;legacy_block,
S6114001_S_ALEPIA-018,S6114001_S_ALEPIA-111,0.17646175,brand_unit;legacy_block,
S6114001_S_ALEPIA-018,S6114001_S_ALEPIA-112,0.03413685,brand_unit;legacy_block,
S6114001_S_ALEPIA-018,S6114001_S_ALEPIA-113,0.03053488,brand_unit;legacy_block,
S6114001_S_ALEPIA-019,S6114001_S_ALEPIA-020,,brand_unit;legacy_block;semantic_topk,0.88784307
S6114001_S_ALEPIA-019,S6114001_S_ALEPIA-021,,brand_unit;legacy_block;semantic_topk,0.88970929
S6114001_S_ALEPIA-019,S6114001_S_ALEPIA-022,,brand_unit;legacy_block;semantic_topk,0.88503152
S6114001_S_ALEPIA-019,S6114001_S_ALEPIA-023,,brand_unit;legacy_block;semantic_topk,0.88577342
S6114001_S_ALEPIA-019,S6114001_S_ALEPIA-024,0.98230997,brand_unit;legacy_block;semantic_topk,0.92409915
S6114001_S_ALEPIA-019,S6114001_S_ALEPIA-108,0.49889372,brand_unit;legacy_block,
S6114001_S_ALEPIA-019,S6114001_S_ALEPIA-109,,brand_unit;legacy_block,
S6114001_S_ALEPIA-019,S6114001_S_ALEPIA-110,0.49287229,brand_unit;legacy_block,
S6114001_S_ALEPIA-019,S6114001_S_ALEPIA-111,0.19947075,brand_unit;legacy_block,
S6114001_S_ALEPIA-019,S6114001_S_ALEPIA-112,0.03533270,brand_unit;legacy_block,
S6114001_S_ALEPIA-019,S6114001_S_ALEPIA-113,0.03053488,brand_unit;legacy_block,
S6114001_S_ALEPIA-020,S6114001_S_ALEPIA-021,,brand_unit;legacy_block;semantic_topk,0.93278438
S6114001_S_ALEPIA-020,S6114001_S_ALEPIA-022,,brand_unit;legacy_block;semantic_topk,0.92793912
S6114001_S_ALEPIA-020,S6114001_S_ALEPIA-023,,brand_unit;legacy_block;semantic_topk,0.92865849
S6114001_S_ALEPIA-020,S6114001_S_ALEPIA-024,,brand_unit;legacy_block;semantic_topk,0.92771262
S6114001_S_ALEPIA-020,S6114001_S_ALEPIA-108,0.58494343,brand_unit;legacy_block,
S6114001_S_ALEPIA-020,S6114001_S_ALEPIA-109,,brand_unit;legacy_block,
S6114001_S_ALEPIA-020,S6114001_S_ALEPIA-110,0.82702712,brand_unit;legacy_block,
S6114001_S_ALEPIA-020,S6114001_S_ALEPIA-111,0.40427387,brand_unit;legacy_block,
S6114001_S_ALEPIA-020,S6114001_S_ALEPIA-112,0.25964277,brand_unit;legacy_block,
S6114001_S_ALEPIA-020,S6114001_S_ALEPIA-113,0.25964277,brand_unit;legacy_block,
S6114001_S_ALEPIA-021,S6114001_S_ALEPIA-022,,brand_unit;legacy_block;semantic_topk,0.92988926
S6114001_S_ALEPIA-021,S6114001_S_ALEPIA-023,,brand_unit;legacy_block;semantic_topk,0.93061012
S6114001_S_ALEPIA-021,S6114001_S_ALEPIA-024,,brand_unit;legacy_block;semantic_topk,0.92966235
S6114001_S_ALEPIA-021,S6114001_S_ALEPIA-108,0.54805605,brand_unit;legacy_block,
S6114001_S_ALEPIA-021,S6114001_S_ALEPIA-109,,brand_unit;legacy_block,
S6114001_S_ALEPIA-021,S6114001_S_ALEPIA-110,0.82921791,brand_unit;legacy_block,
S6114001_S_ALEPIA-021,S6114001_S_ALEPIA-111,0.40427387,brand_unit;legacy_block,
S6114001_S_ALEPIA-021,S6114001_S_ALEPIA-112,0.25964277,brand_unit;legacy_block,
S6114001_S_ALEPIA-021,S6114001_S_ALEPIA-113,0.25151107,brand_unit;legacy_block,
S6114001_S_ALEPIA-022,S6114001_S_ALEPIA-023,,brand_unit;legacy_block;semantic_topk,0.92577589
S6114001_S_ALEPIA-022,S6114001_S_ALEPIA-024,,brand_unit;legacy_block;semantic_topk,0.94623339
S6114001_S_ALEPIA-022,S6114001_S_ALEPIA-108,0.59455221,brand_unit;legacy_block,
S6114001_S_ALEPIA-022,S6114001_S_ALEPIA-109,,brand_unit;legacy_block,
S6114001_S_ALEPIA-022,S6114001_S_ALEPIA-110,0.74324320,brand_unit;legacy_block,
S6114001_S_ALEPIA-022,S6114001_S_ALEPIA-111,0.36732855,brand_unit;legacy_block,
S6114001_S_ALEPIA-022,S6114001_S_ALEPIA-112,0.23079420,brand_unit;legacy_block,
S6114001_S_ALEPIA-022,S6114001_S_ALEPIA-113,0.24153885,brand_unit;legacy_block,
S6114001_S_ALEPIA-023,S6114001_S_ALEPIA-024,,brand_unit;legacy_block;semantic_topk,0.92554975
S6114001_S_ALEPIA-023,S6114001_S_ALEPIA-108,0.58494343,brand_unit;legacy_block,
S6114001_S_ALEPIA-023,S6114001_S_ALEPIA-109,,brand_unit;legacy_block,
S6114001_S_ALEPIA-023,S6114001_S_ALEPIA-110,0.82702712,brand_unit;legacy_block,
S6114001_S_ALEPIA-023,S6114001_S_ALEPIA-111,0.40427387,brand_unit;legacy_block,
S6114001_S_ALEPIA-023,S6114001_S_ALEPIA-112,0.25964277,brand_unit;legacy_block,
S6114001_S_ALEPIA-023,S6114001_S_ALEPIA-113,0.25964277,brand_unit;legacy_block,
S6114001_S_ALEPIA-024,S6114001_S_ALEPIA-108,0.58873267,brand_unit;legacy_block,
S6114001_S_ALEPIA-024,S6114001_S_ALEPIA-109,,brand_unit;legacy_block,
S6114001_S_ALEPIA-024,S6114001_S_ALEPIA-110,0.58494343,brand_unit;legacy_block,
S6114001_S_ALEPIA-024,S6114001_S_ALEPIA-111,0.28389511,brand_unit;legacy_block,
S6114001_S_ALEPIA-024,S6114001_S_ALEPIA-112,0.17003780,brand_unit;legacy_block,
S6114001_S_ALEPIA-024,S6114001_S_ALEPIA-113,0.24153885,brand_unit;legacy_block,
S6114001_S_ALEPIA-048,S6114001_S_ALEPIA-049,0.02698210,brand_unit;legacy_block,
S6114001_S_ALEPIA-048,S6114001_S_ALEPIA-050,0.08005966,brand_unit;legacy_block,
S6114001_S_ALEPIA-048,S6114001_S_ALEPIA-051,0.00790737,brand_unit;legacy_block;semantic_topk,0.44584566
S6114001_S_ALEPIA-048,S6114001_S_ALEPIA-052,0.03261213,brand_unit;legacy_block,
S6114001_S_ALEPIA-048,S6114001_S_ALEPIA-053,0.00937842,brand_unit;legacy_block;semantic_topk,0.44090983
S6114001_S_ALEPIA-048,S6114001_S_ALEPIA-054,0.01254166,brand_unit;legacy_block,
S6114001_S_ALEPIA-048,S6114001_S_ALEPIA-055,0.01282866,brand_unit;legacy_block,
S6114001_S_ALEPIA-049,S6114001_S_ALEPIA-050,0.20157409,brand_unit;legacy_block,
S6114001_S_ALEPIA-049,S6114001_S_ALEPIA-051,0.04730428,brand_unit;legacy_block,
S6114001_S_ALEPIA-049,S6114001_S_ALEPIA-052,0.17334522,brand_unit;legacy_block,
S6114001_S_ALEPIA-049,S6114001_S_ALEPIA-053,0.01238446,brand_unit;legacy_block,
S6114001_S_ALEPIA-049,S6114001_S_ALEPIA-054,0.05262440,brand_unit;legacy_block,
S6114001_S_ALEPIA-049,S6114001_S_ALEPIA-055,0.01731139,brand_unit;legacy_block,
S6114001_S_ALEPIA-050,S6114001_S_ALEPIA-051,0.00917787,brand_unit;legacy_block;semantic_topk,0.41520259
S6114001_S_ALEPIA-050,S6114001_S_ALEPIA-052,0.09222098,brand_unit;legacy_block,
S6114001_S_ALEPIA-050,S6114001_S_ALEPIA-053,0.01119055,brand_unit;legacy_block;semantic_topk,0.40526208
S6114001_S_ALEPIA-050,S6114001_S_ALEPIA-054,0.01254166,brand_unit;legacy_block,
S6114001_S_ALEPIA-050,S6114001_S_ALEPIA-055,0.03484336,brand_unit;legacy_block,
S6114001_S_ALEPIA-051,S6114001_S_ALEPIA-052,0.00805374,brand_unit;legacy_block;semantic_topk,0.44426820
S6114001_S_ALEPIA-051,S6114001_S_ALEPIA-053,0.00392034,brand_unit;legacy_block;semantic_topk,0.49549061
S6114001_S_ALEPIA-051,S6114001_S_ALEPIA-054,0.02327275,brand_unit;legacy_block;semantic_topk,0.41333738
S6114001_S_ALEPIA-051,S6114001_S_ALEPIA-055,0.00933843,brand_unit;legacy_block,
S6114001_S_ALEPIA-052,S6114001_S_ALEPIA-053,0.01194450,brand_unit;legacy_block;semantic_topk,0.41088709
S6114001_S_ALEPIA-052,S6114001_S_ALEPIA-054,,brand_unit;legacy_block,
S6114001_S_ALEPIA-052,S6114001_S_ALEPIA-055,0.34214603,brand_unit;legacy_block;semantic_topk,0.41141006
S6114001_S_ALEPIA-053,S6114001_S_ALEPIA-054,,brand_unit;legacy_block;semantic_topk,0.40309605
S6114001_S_ALEPIA-053,S6114001_S_ALEPIA-055,0.01034870,brand_unit;legacy_block;semantic_topk,0.40202621
S6114001_S_ALEPIA-054,S6114001_S_ALEPIA-055,,brand_unit;legacy_block,
S6114001_S_ALEPIA-108,S6114001_S_ALEPIA-109,,brand_unit;legacy_block;semantic_topk,0.95283204
S6114001_S_ALEPIA-108,S6114001_S_ALEPIA-110,,brand_unit;legacy_block;semantic_topk,0.94587427
S6114001_S_ALEPIA-108,S6114001_S_ALEPIA-111,0.00067874,brand_unit;legacy_block;semantic_topk,0.86861110
S6114001_S_ALEPIA-108,S6114001_S_ALEPIA-112,0.15921366,brand_unit;legacy_block,
S6114001_S_ALEPIA-108,S6114001_S_ALEPIA-113,0.15921366,brand_unit;legacy_block,
S6114001_S_ALEPIA-109,S6114001_S_ALEPIA-110,,brand_unit;legacy_block;semantic_topk,0.94903046
S6114001_S_ALEPIA-109,S6114001_S_ALEPIA-111,0.00091500,brand_unit;legacy_block;semantic_topk,0.87172717
S6114001_S_ALEPIA-109,S6114001_S_ALEPIA-112,0.19255714,brand_unit;legacy_block,
S6114001_S_ALEPIA-109,S6114001_S_ALEPIA-113,0.19255714,brand_unit;legacy_block,
S6114001_S_ALEPIA-110,S6114001_S_ALEPIA-111,0.00113703,brand_unit;legacy_block;semantic_topk,0.86583114
S6114001_S_ALEPIA-110,S6114001_S_ALEPIA-112,0.21348491,brand_unit;legacy_block,
S6114001_S_ALEPIA-110,S6114001_S_ALEPIA-113,0.21348491,brand_unit;legacy_block,
S6114001_S_ALEPIA-111,S6114001_S_ALEPIA-112,0.90341857,brand_unit;legacy_block,
S6114001_S_ALEPIA-111,S6114001_S_ALEPIA-113,0.94220343,brand_unit;legacy_block,
S6114001_S_ALEPIA-112,S6114001_S_ALEPIA-113,0.14086592,brand_unit;legacy_block;semantic_topk,0.90545231
S6258001_S_GOS2011X2,S6258001_S_GOS2028X2,,brand_unit;legacy_block,
S6258001_S_GOS2011X2,S6258001_S_GOS2042X2,,brand_unit;legacy_block;semantic_topk,0.94406909
S6258001_S_GOS2011X2,S6258001_S_GOS2059X2,,brand_unit;legacy_block,
S6258001_S_GOS2011X2,S6375001_S_9349254004053,0.99635981,brand_unit,
S6258001_S_GOS2011X2,S6375001_S_9349254006286,,brand_unit,
S6258001_S_GOS2028X2,S6258001_S_GOS2042X2,0.39933961,brand_unit;legacy_block,
S6258001_S_GOS2028X2,S6258001_S_GOS2059X2,,brand_unit;legacy_block;semantic_topk,0.44156167
S6258001_S_GOS2028X2,S6375001_S_9349254004053,0.44727128,brand_unit;semantic_topk,0.47782230
S6258001_S_GOS2028X2,S6375001_S_9349254006286,,brand_unit,
S6258001_S_GOS2042X2,S6258001_S_GOS2059X2,0.90944884,brand_unit;legacy_block,
S6258001_S_GOS2042X2,S6375001_S_9349254004053,0.99744514,brand_unit,
S6258001_S_GOS2042X2,S6375001_S_9349254006286,0.00301247,brand_unit,
S6258001_S_GOS2059X2,S6375001_S_9349254004053,0.98980340,brand_unit,
S6258001_S_GOS2059X2,S6375001_S_9349254006286,0.00727362,brand_unit,
S6286003_S_ds_164,S6286003_S_ds_166,0.00629232,brand_unit;legacy_block,
S6286003_S_ds_164,S6286003_S_ds_167,0.00446174,brand_unit;legacy_block,
S6286003_S_ds_166,S6286003_S_ds_167,0.15774786,brand_unit;legacy_block;semantic_topk,0.63735247
S6324001_S_nj-aleppo12,S6324001_S_nj-aleppo40,0.98495575,brand_unit;legacy_block;semantic_topk,0.82321721
S6375001_S_4066447452778,S6375001_S_4066447674880,0.70540432,brand_unit;legacy_block;semantic_topk,0.85587204
S6375001_S_9329401000107,S6375001_S_9329401000107-01,1.00000000,brand_unit;semantic_topk,0.63353628
S6375001_S_9329401000107,S6375001_S_9329401000169,,brand_unit;legacy_block;semantic_topk,0.73772532
S6375001_S_9329401000107,S6375001_S_9329401000169-01,,brand_unit;semantic_topk,0.53933960
S6375001_S_9329401000107,S6375001_S_9329401000183,,brand_unit;legacy_block;semantic_topk,0.73832428
S6375001_S_9329401000107,S6375001_S_9329401000183-01,,brand_unit;semantic_topk,0.56708217
S6375001_S_9329401000107,S6375001_S_9329401000435,0.04197078,brand_unit;legacy_block;semantic_topk,0.67896920
S6375001_S_9329401000107,S6375001_S_9329401000435-01,0.64948332,brand_unit;semantic_topk,0.54232955
S6375001_S_9329401000107,S6375001_S_9329401000800,,brand_unit;legacy_block;semantic_topk,0.75515646
S6375001_S_9329401000107,S6375001_S_9329401000800-01,,brand_unit;semantic_topk,0.54079849
S6375001_S_9329401000107,S6375001_S_9329401000817,,brand_unit;legacy_block;semantic_topk,0.74298412
S6375001_S_9329401000107,S6375001_S_9329401000817-01,,brand_unit;semantic_topk,0.53256887
S6375001_S_9329401000107-01,S6375001_S_9329401000169,,brand_unit;semantic_topk,0.58248967
S6375001_S_9329401000107-01,S6375001_S_9329401000169-01,,brand_unit;legacy_block;semantic_topk,0.72867900
S6375001_S_9329401000107-01,S6375001_S_9329401000183,,brand_unit;semantic_topk,0.56236136
S6375001_S_9329401000107-01,S6375001_S_9329401000183-01,,brand_unit;legacy_block;semantic_topk,0.61567634
S6375001_S_9329401000107-01,S6375001_S_9329401000435,0.51527309,brand_unit;semantic_topk,0.53609729
S6375001_S_9329401000107-01,S6375001_S_9329401000435-01,0.27329633,brand_unit;legacy_block;semantic_topk,0.70238125
S6375001_S_9329401000107-01,S6375001_S_9329401000800,,brand_unit;semantic_topk,0.59606123
S6375001_S_9329401000107-01,S6375001_S_9329401000800-01,,brand_unit;legacy_block;semantic_topk,0.73065001
S6375001_S_9329401000107-01,S6375001_S_9329401000817,,brand_unit;semantic_topk,0.58615512
S6375001_S_9329401000107-01,S6375001_S_9329401000817-01,,brand_unit;legacy_block;semantic_topk,0.71953142
S6375001_S_9329401000169,S6375001_S_9329401000169-01,1.00000000,brand_unit;semantic_topk,0.58928245
S6375001_S_9329401000169,S6375001_S_9329401000183,,brand_unit;legacy_block;semantic_topk,0.70932442
S6375001_S_9329401000169,S6375001_S_9329401000183-01,,brand_unit;semantic_topk,0.55606544
S6375001_S_9329401000169,S6375001_S_9329401000435,,brand_unit;legacy_block;semantic_topk,0.65230060
S6375001_S_9329401000169,S6375001_S_9329401000435-01,,brand_unit,
S6375001_S_9329401000169,S6375001_S_9329401000800,,brand_unit;legacy_block;semantic_topk,0.72549510
S6375001_S_9329401000169,S6375001_S_9329401000800-01,,brand_unit;semantic_topk,0.51955700
S6375001_S_9329401000169,S6375001_S_9329401000817,,brand_unit;legacy_block;semantic_topk,0.71380115
S6375001_S_9329401000169,S6375001_S_9329401000817-01,,brand_unit;semantic_topk,0.51165062
S6375001_S_9329401000169-01,S6375001_S_9329401000183,,brand_unit;semantic_topk,0.50029749
S6375001_S_9329401000169-01,S6375001_S_9329401000183-01,,brand_unit;legacy_block;semantic_topk,0.54755163
S6375001_S_9329401000169-01,S6375001_S_9329401000435,,brand_unit,
S6375001_S_9329401000169-01,S6375001_S_9329401000435-01,,brand_unit;legacy_block;semantic_topk,0.63136286
S6375001_S_9329401000169-01,S6375001_S_9329401000800,,brand_unit;semantic_topk,0.53022987
S6375001_S_9329401000169-01,S6375001_S_9329401000800-01,,brand_unit;legacy_block;semantic_topk,0.76087272
S6375001_S_9329401000169-01,S6375001_S_9329401000817,,brand_unit;semantic_topk,0.52142096
S6375001_S_9329401000169-01,S6375001_S_9329401000817-01,,brand_unit;legacy_block;semantic_topk,0.74929404
S6375001_S_9329401000183,S6375001_S_9329401000183-01,1.00000000,brand_unit;semantic_topk,0.74439508
S6375001_S_9329401000183,S6375001_S_9329401000435,0.03377048,brand_unit;legacy_block;semantic_topk,0.65282995
S6375001_S_9329401000183,S6375001_S_9329401000435-01,0.75722806,brand_unit,
S6375001_S_9329401000183,S6375001_S_9329401000800,,brand_unit;legacy_block;semantic_topk,0.72608459
S6375001_S_9329401000183,S6375001_S_9329401000800-01,,brand_unit;semantic_topk,0.50165087
S6375001_S_9329401000183,S6375001_S_9329401000817,,brand_unit;legacy_block;semantic_topk,0.71438080
S6375001_S_9329401000183,S6375001_S_9329401000817-01,,brand_unit,
S6375001_S_9329401000183-01,S6375001_S_9329401000435,0.42466807,brand_unit;semantic_topk,0.51829427
S6375001_S_9329401000183-01,S6375001_S_9329401000435-01,0.49829798,brand_unit;legacy_block;semantic_topk,0.55847037
S6375001_S_9329401000183-01,S6375001_S_9329401000800,,brand_unit;semantic_topk,0.56905425
S6375001_S_9329401000183-01,S6375001_S_9329401000800-01,,brand_unit;legacy_block;semantic_topk,0.54903269
S6375001_S_9329401000183-01,S6375001_S_9329401000817,,brand_unit;semantic_topk,0.55964816
S6375001_S_9329401000183-01,S6375001_S_9329401000817-01,,brand_unit;legacy_block;semantic_topk,0.54067779
S6375001_S_9329401000435,S6375001_S_9329401000435-01,1.00000000,brand_unit;semantic_topk,0.69244331
S6375001_S_9329401000435,S6375001_S_9329401000800,,brand_unit;legacy_block;semantic_topk,0.66771311
S6375001_S_9329401000435,S6375001_S_9329401000800-01,,brand_unit,
S6375001_S_9329401000435,S6375001_S_9329401000817,0.03377048,brand_unit;legacy_block;semantic_topk,0.65695047
S6375001_S_9329401000435,S6375001_S_9329401000817-01,0.56316301,brand_unit,
S6375001_S_9329401000435-01,S6375001_S_9329401000800,,brand_unit;semantic_topk,0.53318232
S6375001_S_9329401000435-01,S6375001_S_9329401000800-01,,brand_unit;legacy_block;semantic_topk,0.62611365
S6375001_S_9329401000435-01,S6375001_S_9329401000817,0.66422225,brand_unit;semantic_topk,0.52434433
S6375001_S_9329401000435-01,S6375001_S_9329401000817-01,0.31742386,brand_unit;legacy_block;semantic_topk,0.61658567
S6375001_S_9329401000800,S6375001_S_9329401000800-01,1.00000000,brand_unit;semantic_topk,0.58846718
S6375001_S_9329401000800,S6375001_S_9329401000817,,brand_unit;legacy_block;semantic_topk,0.73066425
S6375001_S_9329401000800,S6375001_S_9329401000817-01,,brand_unit;semantic_topk,0.52357346
S6375001_S_9329401000800-01,S6375001_S_9329401000817,,brand_unit;semantic_topk,0.52283138
S6375001_S_9329401000800-01,S6375001_S_9329401000817-01,,brand_unit;legacy_block;semantic_topk,0.75132066
S6375001_S_9329401000817,S6375001_S_9329401000817-01,1.00000000,brand_unit;semantic_topk,0.58976448
S6375001_S_9349254004053,S6375001_S_9349254006286,0.09033187,brand_unit;legacy_block,
S6478001_S_478562_4976631478562,S6478006_S_478562_4976631478562,1.00000000,brand_unit;exact_ean;legacy_block;packfree_exact;semantic_topk,0.71016234
S6478001_S_781890_3253581781890,S6478006_S_781890_3253581781890,1.00000000,brand_unit;exact_ean;legacy_block;packfree_exact;semantic_topk,1.00000048
S6478006_S_478272_4976631478272,S6478006_S_481166_4976631481166,0.99586428,brand_unit;legacy_block;semantic_topk,0.96063960
U0043001_S_YANZSOAP-001-01,U0043001_S_YANZSOAP-002-01,0.00669445,brand_unit;legacy_block;semantic_topk,0.60087287
U0043001_S_YANZSOAP-001-01,U0043001_S_YANZSOAP-003,0.03073992,brand_unit;legacy_block;semantic_topk,0.50635022
U0043001_S_YANZSOAP-001-01,U0043001_S_YANZSOAP-004,0.01971728,brand_unit;legacy_block;semantic_topk,0.54214883
U0043001_S_YANZSOAP-001-01,U0043001_S_YANZSOAP-005,,brand_unit;legacy_block;semantic_topk,0.48830751
U0043001_S_YANZSOAP-001-01,U0043001_S_YANZSOAP-008-01,0.84508735,brand_unit;legacy_block,
U0043001_S_YANZSOAP-001-01,U0043001_S_YANZSOAP-009-01,0.89279211,brand_unit;legacy_block,
U0043001_S_YANZSOAP-002-01,U0043001_S_YANZSOAP-003,0.07041717,brand_unit;legacy_block;semantic_topk,0.63525021
U0043001_S_YANZSOAP-002-01,U0043001_S_YANZSOAP-004,0.07041717,brand_unit;legacy_block;semantic_topk,0.64804131
U0043001_S_YANZSOAP-002-01,U0043001_S_YANZSOAP-005,0.10165169,brand_unit;legacy_block;semantic_topk,0.57807046
U0043001_S_YANZSOAP-002-01,U0043001_S_YANZSOAP-008-01,0.77731701,brand_unit;legacy_block,
U0043001_S_YANZSOAP-002-01,U0043001_S_YANZSOAP-009-01,0.95245843,brand_unit;legacy_block,
U0043001_S_YANZSOAP-003,U0043001_S_YANZSOAP-004,0.18831698,brand_unit;legacy_block;semantic_topk,0.67787725
U0043001_S_YANZSOAP-003,U0043001_S_YANZSOAP-005,0.11100297,brand_unit;legacy_block;semantic_topk,0.57782948
U0043001_S_YANZSOAP-003,U0043001_S_YANZSOAP-008-01,0.73085727,brand_unit;legacy_block,
U0043001_S_YANZSOAP-003,U0043001_S_YANZSOAP-009-01,0.90535725,brand_unit;legacy_block,
U0043001_S_YANZSOAP-004,U0043001_S_YANZSOAP-005,0.17124111,brand_unit;legacy_block;semantic_topk,0.57839918
U0043001_S_YANZSOAP-004,U0043001_S_YANZSOAP-008-01,0.71372075,brand_unit;legacy_block,
U0043001_S_YANZSOAP-004,U0043001_S_YANZSOAP-009-01,0.90966057,brand_unit;legacy_block,
U0043001_S_YANZSOAP-005,U0043001_S_YANZSOAP-008-01,0.81955530,brand_unit;legacy_block,
U0043001_S_YANZSOAP-005,U0043001_S_YANZSOAP-009-01,0.94710113,brand_unit;legacy_block,
U0043001_S_YANZSOAP-008-01,U0043001_S_YANZSOAP-009-01,0.97194660,brand_unit;legacy_block;semantic_topk,0.64768040
U0049001_S_BLANCHI_LuckyBag_3,U0049001_S_BLANCHI_handmade_soap_Grapefruit,0.82499323,brand_unit;legacy_block,
U0208001_S_4712589152266,U0208001_S_4712589152273,,brand_unit;legacy_block;semantic_topk,0.94271857
U0208001_S_4712589152266,U0208001_S_4712589152327,,brand_unit;legacy_block;semantic_topk,0.94115722
U0208001_S_4712589152273,U0208001_S_4712589152327,,brand_unit;legacy_block;semantic_topk,0.93354559
